id_jucator,nume,email,id_oras,nivel_declarat,rating_elo,data_inscriere
1,Razvan Serban,razvan.serban@gmail.com,1,4,1810,2026-07-06
2,Anca Stan,anca.stan@outlook.com,10,4,1616,2026-05-16
3,Tudor Balan,tudor.balan@gmail.com,6,3,1594,2026-06-16
4,Daniel Filip,daniel.filip@gmail.com,1,2,1440,2026-07-19
5,Daniel Petrescu,daniel.petrescu@yahoo.com,10,2,1378,2026-04-11
6,Adrian Serban,adrian.serban@gmail.com,6,3,1622,2026-03-29
7,Andrei Pop,andrei.pop@gmail.com,2,2,1458,2026-05-30
8,Marius Voicu,marius.voicu@outlook.com,3,3,1528,2026-06-23
9,Roxana Cristea,roxana.cristea@gmail.com,7,2,1264,2026-04-05
10,Roxana Cristea,roxana.cristea2@yahoo.com,3,5,1888,2026-04-17
11,Tudor Ionescu,tudor.ionescu@yahoo.com,8,2,1448,2026-06-11
12,Sorin Cojocaru,sorin.cojocaru@yahoo.com,7,3,1523,2026-06-18
13,Sorin Voicu,sorin.voicu@gmail.com,10,4,1639,2026-04-10
14,Mihaela Gheorghe,mihaela.gheorghe@outlook.com,5,5,1836,2026-03-24
15,Laura Radu,laura.radu@outlook.com,4,1,1132,2026-05-15
16,Florin Grigore,florin.grigore@outlook.com,7,2,1389,2026-05-23
17,Georgiana Marin,georgiana.marin@yahoo.com,2,4,1747,2026-05-15
18,Cristian Grigore,cristian.grigore@gmail.com,2,3,1690,2026-07-21
19,Cristina Pop,cristina.pop@gmail.com,3,4,1670,2026-05-14
20,Georgiana Sandu,georgiana.sandu@gmail.com,7,2,1385,2026-02-21
21,Dragos Diaconu,dragos.diaconu@gmail.com,1,2,1405,2026-07-15
22,Stefan Enache,stefan.enache@gmail.com,9,2,1222,2026-05-23
23,Radu Nistor,radu.nistor@outlook.com,2,3,1490,2026-07-24
24,Cristina Vasile,cristina.vasile@gmail.com,3,2,1441,2026-07-10
25,Gabriel Ionescu,gabriel.ionescu@outlook.com,2,4,1693,2026-07-17
26,Roxana Dumitru,roxana.dumitru@yahoo.com,3,2,1196,2026-05-10
27,Vlad Grigore,vlad.grigore@outlook.com,3,2,1136,2026-03-27
28,Andrei Iancu,andrei.iancu@yahoo.com,4,4,1855,2026-01-30
29,Andrei Voicu,andrei.voicu@yahoo.com,3,2,1221,2026-06-13
30,Ionut Olaru,ionut.olaru@outlook.com,7,3,1559,2026-03-27
31,Bogdan Popa,bogdan.popa@yahoo.com,1,4,1621,2026-07-23
32,Sebastian Lupu,sebastian.lupu@yahoo.com,1,2,1433,2026-07-20
33,Tudor Balan,tudor.balan@yahoo.com,1,4,1631,2026-04-18
34,Cristina Manole,cristina.manole@gmail.com,6,2,1274,2026-04-15
35,Paul Serban,paul.serban@yahoo.com,9,2,1402,2026-07-08
36,Robert Grigore,robert.grigore@gmail.com,7,2,1421,2026-06-24
37,Tudor Marin,tudor.marin@gmail.com,2,3,1483,2026-07-02
38,Daniel Nistor,daniel.nistor@outlook.com,4,4,1684,2026-07-09
39,Bogdan Cristea,bogdan.cristea@gmail.com,3,1,1078,2026-04-26
40,Robert Diaconu,robert.diaconu@yahoo.com,2,5,1925,2026-04-04
41,Robert Matei,robert.matei@gmail.com,2,2,1271,2026-05-25
42,Bogdan Popescu,bogdan.popescu@outlook.com,9,3,1469,2026-07-18
43,Vlad Munteanu,vlad.munteanu@outlook.com,7,4,1698,2026-06-21
44,Cristian Dobre,cristian.dobre@outlook.com,6,2,1248,2026-03-09
45,Dragos Stoica,dragos.stoica@yahoo.com,5,1,1109,2026-07-02
46,Daniel Olaru,daniel.olaru@gmail.com,1,2,1354,2026-07-11
47,Sebastian Olaru,sebastian.olaru@gmail.com,2,2,1246,2026-07-02
48,Alexandru Filip,alexandru.filip@outlook.com,3,1,997,2026-07-05
49,Razvan Pop,razvan.pop@gmail.com,2,3,1525,2026-05-23
50,Sebastian Gheorghe,sebastian.gheorghe@gmail.com,9,2,1347,2026-03-11
51,Tudor Voicu,tudor.voicu@gmail.com,8,1,1430,2026-06-01
52,Daniel Vasile,daniel.vasile@yahoo.com,9,5,1886,2026-06-29
53,Octavian Sandu,octavian.sandu@outlook.com,10,3,1602,2026-05-24
54,Mihaela Constantin,mihaela.constantin@gmail.com,6,4,1629,2026-05-31
55,Mihai Manole,mihai.manole@outlook.com,4,3,1593,2026-06-16
56,Cristian Ionescu,cristian.ionescu@outlook.com,2,2,1380,2026-05-25
57,Robert Tudor,robert.tudor@yahoo.com,6,3,1507,2026-05-24
58,Razvan Stan,razvan.stan@yahoo.com,8,2,1437,2026-07-22
59,Paul Toma,paul.toma@yahoo.com,8,1,1215,2026-07-02
60,Florin Popescu,florin.popescu@outlook.com,6,3,1431,2026-07-02
61,Razvan Toma,razvan.toma@outlook.com,7,3,1530,2026-04-15
62,Victor Neagu,victor.neagu@yahoo.com,2,4,1598,2026-07-17
63,Catalin Diaconu,catalin.diaconu@yahoo.com,1,3,1582,2026-03-31
64,Diana Balan,diana.balan@yahoo.com,5,5,1879,2026-07-13
65,Roxana Munteanu,roxana.munteanu@gmail.com,6,3,1530,2026-06-04
66,Andreea Balan,andreea.balan@yahoo.com,7,2,1306,2026-06-26
67,Dragos Olaru,dragos.olaru@gmail.com,8,2,1321,2026-02-09
68,Ionut Pintea,ionut.pintea@yahoo.com,4,2,1405,2026-06-16
69,Alexandru Petrescu,alexandru.petrescu@outlook.com,3,2,1355,2026-05-26
70,Stefan Radu,stefan.radu@yahoo.com,6,5,1593,2026-04-03
71,Daniel Popescu,daniel.popescu@outlook.com,5,2,1395,2026-06-09
72,Adrian Nistor,adrian.nistor@outlook.com,8,4,1720,2026-07-14
73,Razvan Pop,razvan.pop@outlook.com,7,4,1757,2026-04-08
74,Catalin Stoica,catalin.stoica@yahoo.com,6,3,1586,2026-05-24
75,Robert Sandu,robert.sandu@outlook.com,2,5,1754,2026-05-14
76,Paul Vasile,paul.vasile@gmail.com,8,4,1764,2026-02-15
77,Catalin Dobre,catalin.dobre@outlook.com,9,4,1676,2026-03-19
78,Alexandru Ionescu,alexandru.ionescu@gmail.com,5,3,1685,2026-06-23
79,Cristian Popescu,cristian.popescu@outlook.com,3,3,1506,2026-06-07
80,Radu Diaconu,radu.diaconu@outlook.com,3,4,1770,2026-05-16
81,Adrian Ionescu,adrian.ionescu@yahoo.com,4,2,1136,2026-06-17
82,Razvan Vasile,razvan.vasile@yahoo.com,4,4,1461,2026-03-26
83,Sebastian Tudor,sebastian.tudor@gmail.com,3,3,1433,2026-06-06
84,Catalin Lupu,catalin.lupu@outlook.com,9,2,1404,2026-05-27
85,Simona Sandu,simona.sandu@gmail.com,10,3,1568,2026-03-16
86,Andrei Sandu,andrei.sandu@outlook.com,5,2,1402,2026-06-17
87,Adrian Rusu,adrian.rusu@gmail.com,4,2,1187,2026-05-09
88,Ionut Matei,ionut.matei@yahoo.com,9,2,1283,2026-06-22
89,Paul Iancu,paul.iancu@yahoo.com,6,4,1715,2026-06-02
90,Marius Voicu,marius.voicu2@yahoo.com,2,4,1669,2026-06-12
91,Daniel Olaru,daniel.olaru@outlook.com,1,2,1320,2026-03-04
92,Razvan Diaconu,razvan.diaconu@yahoo.com,5,2,1501,2026-03-27
93,Stefan Toma,stefan.toma@gmail.com,2,2,1273,2026-06-21
94,Adrian Vasile,adrian.vasile@yahoo.com,2,3,1492,2026-06-17
95,Bogdan Ionescu,bogdan.ionescu@yahoo.com,9,2,1323,2026-07-21
96,Razvan Anghel,razvan.anghel@gmail.com,1,3,1552,2026-07-10
97,Simona Enache,simona.enache@yahoo.com,1,2,1381,2026-07-10
98,Oana Olaru,oana.olaru@yahoo.com,7,2,1638,2026-02-27
99,Radu Matei,radu.matei@yahoo.com,5,3,1510,2026-04-17
100,Sebastian Radu,sebastian.radu@outlook.com,10,2,1219,2026-06-05
101,Andrei Balan,andrei.balan@outlook.com,4,2,1451,2026-06-05
102,Robert Marin,robert.marin@yahoo.com,2,3,1579,2026-06-09
103,Octavian Rusu,octavian.rusu@gmail.com,6,3,1578,2026-03-27
104,Diana Filip,diana.filip@outlook.com,7,5,1824,2026-04-11
105,Mihaela Vasile,mihaela.vasile@gmail.com,5,2,1276,2026-05-08
106,Ionut Barbu,ionut.barbu@gmail.com,1,3,1536,2026-07-19
107,Cristian Filip,cristian.filip@gmail.com,5,4,1768,2026-05-03
108,Bogdan Manole,bogdan.manole@gmail.com,8,3,1327,2026-06-14
109,Octavian Radu,octavian.radu@gmail.com,1,5,1925,2026-03-03
110,Mihai Grigore,mihai.grigore@gmail.com,7,2,1455,2026-05-29
111,Andrei Dobre,andrei.dobre@yahoo.com,9,5,1792,2026-07-08
112,Sorin Neagu,sorin.neagu@outlook.com,9,2,1329,2026-07-16
113,Radu Lupu,radu.lupu@outlook.com,10,3,1293,2026-06-10
114,Roxana Balan,roxana.balan@gmail.com,8,3,1528,2026-03-24
115,Radu Cojocaru,radu.cojocaru@yahoo.com,3,2,1575,2026-06-10
116,Maria Lupu,maria.lupu@yahoo.com,1,5,1822,2026-05-18
117,Oana Stoica,oana.stoica@yahoo.com,4,1,1041,2026-05-06
118,Octavian Diaconu,octavian.diaconu@yahoo.com,8,5,2114,2026-07-06
119,Dragos Popa,dragos.popa@outlook.com,1,3,1498,2026-04-07
120,Larisa Anghel,larisa.anghel@outlook.com,9,3,1726,2026-05-30
121,Paul Voicu,paul.voicu@yahoo.com,7,3,1546,2026-05-13
122,Paul Grigore,paul.grigore@yahoo.com,4,2,1308,2026-05-25
123,Adrian Sandu,adrian.sandu@outlook.com,2,2,1191,2026-03-20
124,Marius Barbu,marius.barbu@gmail.com,4,5,1670,2026-07-14
125,Stefan Stan,stefan.stan@outlook.com,2,2,1424,2026-04-11
126,Sebastian Munteanu,sebastian.munteanu@yahoo.com,1,5,1862,2026-07-10
127,Victor Matei,victor.matei@outlook.com,4,3,1539,2026-05-08
128,Paul Stoica,paul.stoica@yahoo.com,5,2,1405,2026-04-02
129,Vlad Matei,vlad.matei@gmail.com,3,4,1727,2026-06-21
130,Gabriel Balan,gabriel.balan@outlook.com,3,4,1603,2026-07-04
131,Radu Toma,radu.toma@gmail.com,2,1,1064,2026-06-15
132,Alexandru Dobre,alexandru.dobre@outlook.com,2,3,1551,2026-07-11
133,Oana Anghel,oana.anghel@outlook.com,5,2,1257,2026-06-13
134,Stefan Vasile,stefan.vasile@yahoo.com,5,4,1686,2026-05-30
135,Octavian Ionescu,octavian.ionescu@yahoo.com,2,2,1389,2026-06-12
136,Sebastian Ionescu,sebastian.ionescu@outlook.com,1,2,1122,2026-07-11
137,Mihai Munteanu,mihai.munteanu@outlook.com,9,4,1630,2026-06-08
138,Octavian Pintea,octavian.pintea@yahoo.com,3,4,1720,2026-05-02
139,Sebastian Cojocaru,sebastian.cojocaru@yahoo.com,1,3,1618,2026-06-12
140,Vlad Filip,vlad.filip@yahoo.com,5,4,1674,2026-07-03
141,Stefan Cristea,stefan.cristea@outlook.com,4,3,1455,2026-04-17
142,Daniel Voicu,daniel.voicu@outlook.com,4,4,1655,2026-05-24
143,Catalin Cojocaru,catalin.cojocaru@outlook.com,8,2,1317,2026-06-18
144,Radu Ilie,radu.ilie@outlook.com,1,2,1315,2026-04-16
145,Ionut Anghel,ionut.anghel@gmail.com,2,2,1389,2026-04-24
146,Andreea Ilie,andreea.ilie@outlook.com,7,4,1745,2026-07-01
147,Tudor Popescu,tudor.popescu@yahoo.com,10,2,1291,2026-05-16
148,Catalin Ionescu,catalin.ionescu@yahoo.com,5,4,1777,2026-07-16
149,Dragos Munteanu,dragos.munteanu@gmail.com,6,4,1654,2026-03-19
150,Sorin Pop,sorin.pop@gmail.com,4,3,1637,2026-06-23
151,Sorin Pintea,sorin.pintea@outlook.com,4,2,1412,2026-07-21
152,Florin Rusu,florin.rusu@gmail.com,4,3,1449,2026-06-11
153,Diana Gheorghe,diana.gheorghe@gmail.com,10,1,999,2026-04-24
154,Ionut Munteanu,ionut.munteanu@outlook.com,4,1,1296,2026-03-28
155,Oana Voicu,oana.voicu@gmail.com,4,4,1679,2026-06-27
156,Paul Dobre,paul.dobre@outlook.com,2,2,1149,2026-06-02
157,Laura Popescu,laura.popescu@outlook.com,9,2,1459,2026-06-19
158,Dragos Ilie,dragos.ilie@gmail.com,7,4,1611,2026-03-29
159,Anca Pintea,anca.pintea@yahoo.com,1,4,1886,2026-02-24
160,Larisa Bucur,larisa.bucur@outlook.com,4,5,1955,2026-04-01
161,Octavian Tudor,octavian.tudor@outlook.com,3,3,1411,2026-04-29
162,Radu Cristea,radu.cristea@gmail.com,6,3,1539,2026-05-23
163,Adrian Bucur,adrian.bucur@yahoo.com,7,3,1490,2026-05-19
164,Cristian Balan,cristian.balan@outlook.com,10,2,1445,2026-07-21
165,Bogdan Marin,bogdan.marin@yahoo.com,6,3,1491,2026-05-07
166,Victor Cristea,victor.cristea@gmail.com,1,2,1238,2026-07-09
167,Cristian Lupu,cristian.lupu@outlook.com,1,4,1686,2026-06-30
168,Octavian Petrescu,octavian.petrescu@outlook.com,7,3,1462,2026-05-16
169,Octavian Popa,octavian.popa@outlook.com,2,4,1764,2026-07-22
170,Gabriel Voicu,gabriel.voicu@outlook.com,2,3,1547,2026-05-07
171,Sorin Stan,sorin.stan@yahoo.com,3,4,1673,2026-02-10
172,Stefan Popa,stefan.popa@gmail.com,8,3,1594,2026-04-07
173,Marius Vasile,marius.vasile@outlook.com,9,2,1306,2026-06-01
174,Daniel Stan,daniel.stan@yahoo.com,2,4,1794,2026-03-20
175,Radu Filip,radu.filip@outlook.com,4,2,1176,2026-06-16
176,Ionut Tudor,ionut.tudor@gmail.com,2,4,1565,2026-05-07
177,Alexandru Neagu,alexandru.neagu@gmail.com,10,2,1512,2026-05-27
178,Paul Marin,paul.marin@outlook.com,9,2,1339,2026-04-07
179,Sorin Filip,sorin.filip@gmail.com,10,2,1348,2026-05-25
180,Oana Serban,oana.serban@yahoo.com,10,3,1449,2026-07-17
181,Cristian Anghel,cristian.anghel@yahoo.com,4,2,1397,2026-04-21
182,Raluca Iancu,raluca.iancu@outlook.com,1,2,1338,2026-06-01
183,Catalin Olaru,catalin.olaru@yahoo.com,2,4,1742,2026-04-02
184,Bogdan Filip,bogdan.filip@yahoo.com,1,3,1370,2026-05-29
185,Gabriel Pop,gabriel.pop@yahoo.com,2,4,1675,2026-07-03
186,Tudor Ionescu,tudor.ionescu@gmail.com,6,4,1599,2026-02-07
187,Maria Iancu,maria.iancu@gmail.com,2,2,1398,2026-06-19
188,Ionut Ilie,ionut.ilie@gmail.com,5,3,1514,2026-04-03
189,Octavian Neagu,octavian.neagu@gmail.com,1,3,1727,2026-05-04
190,Octavian Manole,octavian.manole@outlook.com,10,2,1282,2026-03-25
191,Radu Constantin,radu.constantin@outlook.com,4,4,1819,2026-04-08
192,Gabriel Serban,gabriel.serban@yahoo.com,6,2,1255,2026-04-02
193,Radu Serban,radu.serban@yahoo.com,2,1,1229,2026-06-03
194,Robert Voicu,robert.voicu@outlook.com,3,4,1748,2026-06-23
195,Paul Moldovan,paul.moldovan@gmail.com,2,1,1225,2026-07-05
196,Marius Enache,marius.enache@outlook.com,2,4,1750,2026-05-18
197,Marius Sandu,marius.sandu@gmail.com,10,3,1496,2026-02-17
198,Cristian Enache,cristian.enache@outlook.com,1,4,1597,2026-04-19
199,Diana Manole,diana.manole@gmail.com,3,3,1654,2026-02-23
200,Gabriel Toma,gabriel.toma@yahoo.com,4,1,1133,2026-03-05
201,Gabriel Radu,gabriel.radu@gmail.com,5,1,1090,2026-04-29
202,Simona Rusu,simona.rusu@yahoo.com,10,2,1333,2026-04-11
203,Tudor Tudor,tudor.tudor@outlook.com,3,2,1475,2026-06-14
204,Alexandru Lupu,alexandru.lupu@gmail.com,10,4,1725,2026-07-15
205,Daniel Filip,daniel.filip2@yahoo.com,6,3,1460,2026-06-16
206,Razvan Vasile,razvan.vasile2@gmail.com,6,3,1429,2026-05-21
207,Razvan Filip,razvan.filip@outlook.com,5,3,1518,2026-05-02
208,Catalin Gheorghe,catalin.gheorghe@gmail.com,2,3,1576,2026-07-07
209,Razvan Tudor,razvan.tudor@yahoo.com,1,1,1102,2026-03-30
210,Vlad Stoica,vlad.stoica@yahoo.com,7,2,1336,2026-04-05
211,Victor Vasile,victor.vasile@yahoo.com,3,5,1812,2026-06-03
212,Laura Stan,laura.stan@outlook.com,10,2,1220,2026-07-10
213,Ionut Radu,ionut.radu@gmail.com,7,1,1164,2026-06-04
214,Alexandru Constantin,alexandru.constantin@outlook.com,10,3,1179,2026-03-22
215,Paul Cristea,paul.cristea@yahoo.com,2,4,1639,2026-04-01
216,Ioana Moldovan,ioana.moldovan@outlook.com,6,4,1696,2026-06-23
217,Ionut Stan,ionut.stan@outlook.com,2,3,1578,2026-07-15
218,Stefan Cristea,stefan.cristea2@outlook.com,3,4,1579,2026-07-15
219,Daniel Marin,daniel.marin@outlook.com,10,2,1303,2026-07-21
220,Sebastian Olaru,sebastian.olaru@outlook.com,3,2,1325,2026-05-05
221,Octavian Grigore,octavian.grigore@gmail.com,9,4,1764,2026-04-24
222,Daniel Dumitru,daniel.dumitru@yahoo.com,8,2,1370,2026-04-08
223,Razvan Tudor,razvan.tudor@gmail.com,4,3,1529,2026-03-31
224,Mihaela Anghel,mihaela.anghel@gmail.com,3,2,1353,2026-07-24
225,Bogdan Tudor,bogdan.tudor@gmail.com,7,4,1751,2026-01-31
226,Vlad Rusu,vlad.rusu@gmail.com,8,4,1623,2026-04-28
227,Tudor Rusu,tudor.rusu@outlook.com,1,4,1706,2026-06-03
228,Tudor Popescu,tudor.popescu@gmail.com,10,3,1570,2026-07-14
229,Victor Gheorghe,victor.gheorghe@gmail.com,1,4,1607,2026-05-05
230,Gabriel Dobre,gabriel.dobre@outlook.com,2,5,1844,2026-07-23
231,Gabriel Filip,gabriel.filip@outlook.com,1,2,1137,2026-05-10
232,Dragos Barbu,dragos.barbu@gmail.com,3,5,1906,2026-07-09
233,Paul Iancu,paul.iancu2@gmail.com,9,2,1412,2026-07-21
234,Roxana Pop,roxana.pop@gmail.com,2,4,1712,2026-03-05
235,Marius Iancu,marius.iancu@outlook.com,9,3,1519,2026-04-27
236,Tudor Olaru,tudor.olaru@outlook.com,4,4,1688,2026-06-09
237,Alexandru Popa,alexandru.popa@yahoo.com,2,4,1773,2026-06-21
238,Dragos Popescu,dragos.popescu@outlook.com,4,3,1574,2026-06-27
239,Alexandru Vasile,alexandru.vasile@yahoo.com,2,2,1328,2026-06-22
240,Bogdan Moldovan,bogdan.moldovan@gmail.com,3,5,1703,2026-02-25
241,Stefan Cristea,stefan.cristea@yahoo.com,1,5,1745,2026-06-13
242,Dragos Vasile,dragos.vasile@gmail.com,8,1,1335,2026-05-25
243,Roxana Filip,roxana.filip@gmail.com,3,2,1253,2026-06-16
244,Daniel Radu,daniel.radu@gmail.com,4,2,1333,2026-05-17
245,Cristian Matei,cristian.matei@outlook.com,4,1,1034,2026-04-15
246,Dragos Grigore,dragos.grigore@gmail.com,10,4,1698,2026-06-04
247,Sebastian Olaru,sebastian.olaru@yahoo.com,8,4,1654,2026-03-27
248,Razvan Barbu,razvan.barbu@yahoo.com,3,1,1151,2026-06-29
249,Roxana Toma,roxana.toma@gmail.com,4,5,1910,2026-04-01
250,Paul Munteanu,paul.munteanu@yahoo.com,4,4,1678,2026-07-24
251,Tudor Dobre,tudor.dobre@outlook.com,4,3,1525,2026-05-30
252,Gabriel Popescu,gabriel.popescu@gmail.com,9,4,1625,2026-04-12
253,Oana Popescu,oana.popescu@outlook.com,6,2,1400,2026-06-08
254,Catalin Olaru,catalin.olaru@outlook.com,8,3,1534,2026-07-16
255,Tudor Grigore,tudor.grigore@gmail.com,2,2,1404,2026-03-12
256,Gabriel Ionescu,gabriel.ionescu2@outlook.com,9,3,1572,2026-07-22
257,Dragos Serban,dragos.serban@yahoo.com,2,2,1484,2026-05-15
258,Mihai Vasile,mihai.vasile@gmail.com,4,3,1453,2026-04-14
259,Diana Vasile,diana.vasile@gmail.com,10,3,1581,2026-07-06
260,Mihai Bucur,mihai.bucur@yahoo.com,2,4,1560,2026-04-29
261,Daniel Enache,daniel.enache@yahoo.com,1,3,1411,2026-03-05
262,Dragos Bucur,dragos.bucur@outlook.com,3,2,1421,2026-07-14
263,Gabriel Dumitru,gabriel.dumitru@gmail.com,2,2,1351,2026-06-27
264,Sorin Enache,sorin.enache@gmail.com,2,5,1826,2026-07-06
265,Dragos Nistor,dragos.nistor@outlook.com,4,2,1331,2026-07-05
266,Radu Tudor,radu.tudor@outlook.com,3,2,1455,2026-07-11
267,Alexandra Dumitru,alexandra.dumitru@outlook.com,5,2,1369,2026-04-25
268,Victor Marin,victor.marin@outlook.com,8,2,1420,2026-06-01
269,Gabriel Ilie,gabriel.ilie@yahoo.com,10,2,1359,2026-02-13
270,Stefan Cristea,stefan.cristea2@gmail.com,10,4,1633,2026-07-11
271,Alexandru Grigore,alexandru.grigore@outlook.com,2,3,1475,2026-06-28
272,Cristian Rusu,cristian.rusu@yahoo.com,5,3,1543,2026-06-25
273,Mihai Gheorghe,mihai.gheorghe@outlook.com,8,2,1467,2026-06-05
274,Larisa Sandu,larisa.sandu@yahoo.com,4,1,1090,2026-05-18
275,Adrian Grigore,adrian.grigore@outlook.com,9,4,1698,2026-05-02
276,Cristian Marin,cristian.marin@yahoo.com,1,3,1425,2026-06-19
277,Laura Petrescu,laura.petrescu@gmail.com,6,2,1342,2026-07-23
278,Tudor Anghel,tudor.anghel@yahoo.com,2,3,1459,2026-03-18
279,Georgiana Grigore,georgiana.grigore@yahoo.com,1,3,1491,2026-05-27
280,Sebastian Marin,sebastian.marin@gmail.com,4,4,1656,2026-07-14
281,Andrei Voicu,andrei.voicu@outlook.com,3,4,1623,2026-05-29
282,Adrian Munteanu,adrian.munteanu@yahoo.com,9,3,1563,2026-05-12
283,Florin Constantin,florin.constantin@yahoo.com,8,2,1320,2026-03-11
284,Gabriel Nistor,gabriel.nistor@outlook.com,6,5,1611,2026-07-22
285,Adrian Cojocaru,adrian.cojocaru@yahoo.com,1,4,1611,2026-04-07
286,Cristian Manole,cristian.manole@yahoo.com,8,1,1186,2026-07-24
287,Gabriela Ilie,gabriela.ilie@gmail.com,1,3,1539,2026-05-14
288,Alexandru Diaconu,alexandru.diaconu@yahoo.com,1,1,1042,2026-06-28
289,Mihai Olaru,mihai.olaru@outlook.com,8,3,1573,2026-04-30
290,Cristian Lupu,cristian.lupu@gmail.com,8,1,1077,2026-07-12
291,Daniel Constantin,daniel.constantin@gmail.com,2,3,1501,2026-07-11
292,Andrei Barbu,andrei.barbu@gmail.com,8,2,1396,2026-07-17
293,Alexandru Filip,alexandru.filip@yahoo.com,5,3,1489,2026-07-13
294,Vlad Voicu,vlad.voicu@yahoo.com,8,1,1217,2026-07-12
295,Mihaela Radu,mihaela.radu@yahoo.com,8,4,1546,2026-04-25
296,Adrian Diaconu,adrian.diaconu@gmail.com,10,2,1383,2026-05-23
297,Dragos Balan,dragos.balan@outlook.com,3,5,1781,2026-04-02
298,Adrian Popa,adrian.popa@outlook.com,3,2,1335,2026-07-16
299,Victor Stoica,victor.stoica@yahoo.com,4,2,1387,2026-06-30
300,Octavian Moldovan,octavian.moldovan@outlook.com,2,3,1674,2026-05-31
301,Catalin Olaru,catalin.olaru2@yahoo.com,2,2,1058,2026-04-30
302,Octavian Stan,octavian.stan@outlook.com,1,3,1542,2026-06-09
303,Gabriela Marin,gabriela.marin@outlook.com,7,3,1633,2026-06-12
304,Radu Vasile,radu.vasile@outlook.com,1,3,1475,2026-05-07
305,Cristian Moldovan,cristian.moldovan@outlook.com,6,2,1270,2026-07-16
306,Cristian Filip,cristian.filip2@yahoo.com,1,2,1184,2026-07-10
307,Adriana Popescu,adriana.popescu@outlook.com,2,2,1412,2026-06-30
308,Marius Iancu,marius.iancu@yahoo.com,6,3,1529,2026-05-30
309,Florin Cristea,florin.cristea@gmail.com,1,4,1661,2026-07-07
310,Razvan Pintea,razvan.pintea@outlook.com,9,2,1402,2026-07-09
311,Anca Serban,anca.serban@gmail.com,2,2,1138,2026-02-13
312,Oana Cristea,oana.cristea@outlook.com,5,2,1446,2026-07-24
313,Cristian Pintea,cristian.pintea@outlook.com,7,5,1856,2026-04-20
314,Radu Cojocaru,radu.cojocaru@gmail.com,3,2,1454,2026-04-24
315,Robert Enache,robert.enache@outlook.com,2,4,1668,2026-07-11
316,Roxana Serban,roxana.serban@yahoo.com,1,4,1718,2026-07-20
317,Sorin Enache,sorin.enache@yahoo.com,4,1,1147,2026-06-28
318,Octavian Rusu,octavian.rusu@yahoo.com,3,2,1310,2026-06-27
319,Andrei Nistor,andrei.nistor@gmail.com,2,2,1207,2026-04-26
320,Stefan Olaru,stefan.olaru@gmail.com,1,2,1479,2026-05-26
321,Vlad Lupu,vlad.lupu@gmail.com,8,3,1481,2026-06-03
322,Mihai Grigore,mihai.grigore2@outlook.com,6,2,1343,2026-07-02
323,Robert Iancu,robert.iancu@yahoo.com,6,4,1635,2026-06-19
324,Razvan Nistor,razvan.nistor@yahoo.com,9,4,1674,2026-05-14
325,Ionut Pintea,ionut.pintea@gmail.com,5,2,1312,2026-06-14
326,Andreea Dobre,andreea.dobre@outlook.com,8,2,1370,2026-07-04
327,Cristian Lupu,cristian.lupu2@yahoo.com,3,1,1053,2026-03-29
328,Marius Olaru,marius.olaru@outlook.com,3,2,1321,2026-04-29
329,Cristian Vasile,cristian.vasile@gmail.com,4,2,1303,2026-07-07
330,Bianca Petrescu,bianca.petrescu@outlook.com,3,2,1196,2026-07-08
331,Vlad Dobre,vlad.dobre@gmail.com,4,3,1602,2026-03-18
332,Vlad Vasile,vlad.vasile@outlook.com,7,2,1437,2026-05-30
333,Bogdan Serban,bogdan.serban@outlook.com,10,3,1478,2026-03-11
334,Andrei Anghel,andrei.anghel@outlook.com,4,4,1541,2026-02-25
335,Octavian Cristea,octavian.cristea@yahoo.com,6,4,1650,2026-03-23
336,Sebastian Nistor,sebastian.nistor@yahoo.com,9,3,1497,2026-05-28
337,Robert Ionescu,robert.ionescu@yahoo.com,7,3,1546,2026-06-19
338,Florin Cojocaru,florin.cojocaru@gmail.com,5,4,1528,2026-05-12
339,Sorin Bucur,sorin.bucur@outlook.com,3,2,1371,2026-05-25
340,Marius Ilie,marius.ilie@yahoo.com,8,1,1423,2026-05-13
341,Ioana Popa,ioana.popa@gmail.com,6,2,1419,2026-06-05
342,Bogdan Dumitru,bogdan.dumitru@outlook.com,2,3,1625,2026-06-11
343,Vlad Tudor,vlad.tudor@yahoo.com,7,4,1604,2026-03-19
344,Andrei Dumitru,andrei.dumitru@outlook.com,3,4,1634,2026-07-22
345,Andrei Diaconu,andrei.diaconu@yahoo.com,9,3,1578,2026-04-24
346,Florin Stan,florin.stan@yahoo.com,6,4,1803,2026-05-13
347,Victor Ionescu,victor.ionescu@outlook.com,7,4,1687,2026-07-05
348,Raluca Ilie,raluca.ilie@gmail.com,2,3,1560,2026-06-06
349,Florin Barbu,florin.barbu@gmail.com,8,2,1443,2026-06-20
350,Bogdan Anghel,bogdan.anghel@yahoo.com,2,4,1720,2026-06-22
351,Diana Gheorghe,diana.gheorghe2@outlook.com,7,5,1945,2026-06-19
352,Diana Pop,diana.pop@outlook.com,9,2,1242,2026-07-15
353,Paul Enache,paul.enache@gmail.com,3,1,946,2026-05-12
354,Vlad Stoica,vlad.stoica@outlook.com,6,4,1648,2026-06-21
355,Ionut Sandu,ionut.sandu@outlook.com,7,3,1529,2026-04-15
356,Gabriel Popa,gabriel.popa@outlook.com,10,4,1630,2026-07-15
357,Alexandru Sandu,alexandru.sandu@yahoo.com,5,4,1744,2026-05-05
358,Daniel Marin,daniel.marin2@yahoo.com,5,3,1464,2026-07-22
359,Bianca Radu,bianca.radu@gmail.com,9,2,1303,2026-06-05
360,Tudor Pintea,tudor.pintea@gmail.com,2,3,1488,2026-06-18
361,Daniel Popa,daniel.popa@outlook.com,3,2,1213,2026-07-19
362,Radu Pintea,radu.pintea@outlook.com,5,4,1653,2026-03-29
363,Bogdan Moldovan,bogdan.moldovan@outlook.com,7,4,1756,2026-03-13
364,Florin Balan,florin.balan@outlook.com,10,4,1747,2026-07-24
365,Dragos Popescu,dragos.popescu@yahoo.com,5,2,1220,2026-07-24
366,Florin Rusu,florin.rusu@yahoo.com,6,1,1260,2026-06-03
367,Elena Grigore,elena.grigore@gmail.com,8,1,1376,2026-03-28
368,Adriana Manole,adriana.manole@outlook.com,4,5,1831,2026-04-26
369,Sorin Popescu,sorin.popescu@gmail.com,10,5,1948,2026-03-19
370,Oana Bucur,oana.bucur@gmail.com,3,3,1232,2026-04-24
371,Radu Marin,radu.marin@yahoo.com,3,3,1485,2026-07-06
372,Daniel Radu,daniel.radu2@outlook.com,10,2,1397,2026-05-28
373,Mihai Nistor,mihai.nistor@gmail.com,2,4,1718,2026-06-03
374,Stefan Ionescu,stefan.ionescu@yahoo.com,1,2,1218,2026-03-29
375,Anca Barbu,anca.barbu@outlook.com,8,2,1242,2026-06-06
376,Cristian Matei,cristian.matei@yahoo.com,4,3,1484,2026-06-13
377,Robert Toma,robert.toma@yahoo.com,7,5,1657,2026-05-02
378,Sebastian Anghel,sebastian.anghel@gmail.com,7,2,1490,2026-05-11
379,Ionut Bucur,ionut.bucur@outlook.com,5,4,1640,2026-05-09
380,Radu Bucur,radu.bucur@outlook.com,6,2,1407,2026-04-20
381,Cristina Radu,cristina.radu@outlook.com,10,1,1036,2026-06-16
382,Dragos Ionescu,dragos.ionescu@gmail.com,6,4,1624,2026-04-09
383,Ioana Pintea,ioana.pintea@yahoo.com,3,4,1634,2026-06-30
384,Stefan Cojocaru,stefan.cojocaru@yahoo.com,1,5,1657,2026-06-08
385,Stefan Manole,stefan.manole@gmail.com,8,2,1212,2026-05-09
386,Teodora Diaconu,teodora.diaconu@yahoo.com,3,3,1320,2026-06-27
387,Vlad Rusu,vlad.rusu@outlook.com,5,2,1407,2026-03-05
388,Diana Pop,diana.pop2@outlook.com,5,2,1426,2026-07-01
389,Maria Filip,maria.filip@yahoo.com,7,2,1135,2026-06-28
390,Alexandru Grigore,alexandru.grigore@gmail.com,3,4,1704,2026-03-20
391,Robert Radu,robert.radu@gmail.com,8,4,1628,2026-04-30
392,Stefan Popa,stefan.popa@yahoo.com,3,5,1813,2026-07-08
393,Sorin Moldovan,sorin.moldovan@yahoo.com,2,4,1671,2026-06-13
394,Mihai Matei,mihai.matei@gmail.com,10,4,1668,2026-06-06
395,Sebastian Anghel,sebastian.anghel@outlook.com,10,2,1408,2026-03-21
396,Cristina Constantin,cristina.constantin@yahoo.com,1,2,1389,2026-05-17
397,Daniel Marin,daniel.marin2@gmail.com,1,3,1516,2026-06-05
398,Mihai Radu,mihai.radu@gmail.com,2,2,1292,2026-07-09
399,Sebastian Vasile,sebastian.vasile@yahoo.com,4,3,1604,2026-05-06
400,Cristian Enache,cristian.enache@yahoo.com,6,2,1338,2026-03-05
401,Dragos Balan,dragos.balan@yahoo.com,1,4,1635,2026-04-22
402,Cristian Marin,cristian.marin@gmail.com,5,1,1090,2026-06-08
403,Florin Filip,florin.filip@outlook.com,4,4,1673,2026-05-16
404,Laura Stan,laura.stan2@outlook.com,6,5,1774,2026-06-04
405,Diana Lupu,diana.lupu@yahoo.com,4,2,1422,2026-06-27
406,Cristina Grigore,cristina.grigore@outlook.com,4,4,1693,2026-06-02
407,Cristian Marin,cristian.marin2@outlook.com,4,3,1632,2026-05-22
408,Sorin Olaru,sorin.olaru@yahoo.com,1,2,1456,2026-06-30
409,Bogdan Balan,bogdan.balan@gmail.com,1,4,1587,2026-04-30
410,Gabriel Anghel,gabriel.anghel@outlook.com,7,5,1800,2026-04-07
411,Florin Stoica,florin.stoica@yahoo.com,7,4,1577,2026-07-19
412,Catalin Bucur,catalin.bucur@outlook.com,1,3,1489,2026-05-17
413,Ioana Voicu,ioana.voicu@gmail.com,3,1,1087,2026-03-29
414,Victor Popescu,victor.popescu@gmail.com,1,4,1532,2026-05-29
415,Radu Popescu,radu.popescu@yahoo.com,2,4,1561,2026-05-04
416,Florin Vasile,florin.vasile@outlook.com,5,5,1656,2026-07-11
417,Stefan Diaconu,stefan.diaconu@yahoo.com,7,2,1479,2026-05-22
418,Oana Tudor,oana.tudor@yahoo.com,6,4,1632,2026-06-23
419,Paul Tudor,paul.tudor@gmail.com,4,2,1326,2026-05-24
420,Octavian Stoica,octavian.stoica@outlook.com,2,4,1698,2026-05-12
421,Ioana Barbu,ioana.barbu@gmail.com,4,3,1547,2026-04-13
422,Cristian Popescu,cristian.popescu@gmail.com,8,3,1524,2026-07-09
423,Diana Pintea,diana.pintea@outlook.com,3,2,1437,2026-06-22
424,Adrian Iancu,adrian.iancu@gmail.com,1,4,1583,2026-06-21
425,Adrian Toma,adrian.toma@gmail.com,7,4,1656,2026-04-24
426,Maria Cojocaru,maria.cojocaru@outlook.com,9,1,1438,2026-06-26
427,Tudor Dobre,tudor.dobre@yahoo.com,8,2,1172,2026-06-29
428,Maria Pintea,maria.pintea@outlook.com,2,3,1615,2026-05-18
429,Paul Moldovan,paul.moldovan@yahoo.com,5,1,1088,2026-06-12
430,Marius Ilie,marius.ilie2@yahoo.com,1,5,1787,2026-07-19
431,Marius Matei,marius.matei@gmail.com,3,2,1556,2026-04-16
432,Mihai Lupu,mihai.lupu@gmail.com,1,4,1537,2026-05-21
433,Robert Sandu,robert.sandu2@outlook.com,2,2,1006,2026-06-25
434,Tudor Barbu,tudor.barbu@outlook.com,1,4,1654,2026-04-10
435,Cristina Vasile,cristina.vasile2@outlook.com,10,2,1483,2026-05-09
436,Robert Toma,robert.toma@outlook.com,7,5,1831,2026-05-09
437,Dragos Enache,dragos.enache@yahoo.com,10,4,1750,2026-03-23
438,Vlad Pop,vlad.pop@gmail.com,5,2,1554,2026-05-16
439,Sebastian Filip,sebastian.filip@yahoo.com,6,4,1495,2026-03-11
440,Razvan Neagu,razvan.neagu@outlook.com,7,2,1396,2026-06-28
441,Daniel Stan,daniel.stan2@gmail.com,6,2,1290,2026-05-18
442,Robert Filip,robert.filip@outlook.com,6,3,1456,2026-02-10
443,Sorin Cojocaru,sorin.cojocaru2@outlook.com,1,3,1454,2026-04-25
444,Alexandru Popescu,alexandru.popescu@gmail.com,3,2,1424,2026-06-29
445,Sorin Lupu,sorin.lupu@gmail.com,9,3,1461,2026-07-24
446,Georgiana Munteanu,georgiana.munteanu@outlook.com,1,3,1501,2026-03-13
447,Sorin Toma,sorin.toma@yahoo.com,3,4,1774,2026-06-27
448,Victor Anghel,victor.anghel@gmail.com,9,4,1614,2026-07-05
449,Paul Stoica,paul.stoica2@outlook.com,4,2,1389,2026-07-20
450,Florin Toma,florin.toma@outlook.com,1,2,1497,2026-02-27
451,Alexandru Popescu,alexandru.popescu@outlook.com,2,1,1403,2026-05-20
452,Ionut Iancu,ionut.iancu@gmail.com,5,3,1314,2026-07-21
453,Ionut Nistor,ionut.nistor@outlook.com,2,2,1170,2026-04-19
454,Teodora Toma,teodora.toma@yahoo.com,2,4,1460,2026-05-21
455,Mihai Ionescu,mihai.ionescu@gmail.com,10,2,1222,2026-04-03
456,Florin Gheorghe,florin.gheorghe@yahoo.com,1,5,1780,2026-07-20
457,Mihai Olaru,mihai.olaru2@outlook.com,5,3,1507,2026-06-24
458,Diana Petrescu,diana.petrescu@yahoo.com,2,3,1494,2026-07-09
459,Paul Balan,paul.balan@yahoo.com,9,5,1868,2026-07-04
460,Sebastian Diaconu,sebastian.diaconu@yahoo.com,5,1,1304,2026-05-14
461,Octavian Olaru,octavian.olaru@yahoo.com,5,3,1616,2026-02-27
462,Robert Ilie,robert.ilie@gmail.com,10,3,1452,2026-06-14
463,Simona Manole,simona.manole@gmail.com,10,2,1177,2026-07-01
464,Tudor Popa,tudor.popa@yahoo.com,2,4,1645,2026-06-05
465,Catalin Gheorghe,catalin.gheorghe2@outlook.com,2,3,1476,2026-06-08
466,Teodora Toma,teodora.toma2@gmail.com,2,4,1590,2026-06-14
467,Paul Manole,paul.manole@yahoo.com,10,4,1617,2026-06-24
468,Tudor Constantin,tudor.constantin@gmail.com,6,3,1614,2026-03-01
469,Dragos Barbu,dragos.barbu@outlook.com,3,3,1589,2026-06-15
470,Paul Ilie,paul.ilie@outlook.com,9,1,1363,2026-04-08
471,Robert Marin,robert.marin@gmail.com,1,1,1448,2026-05-07
472,Laura Dobre,laura.dobre@yahoo.com,6,5,1687,2026-06-04
473,Adriana Nistor,adriana.nistor@outlook.com,4,4,1607,2026-07-06
474,Alexandra Balan,alexandra.balan@yahoo.com,5,2,1410,2026-02-24
475,Alexandra Iancu,alexandra.iancu@outlook.com,9,4,1611,2026-05-19
476,Octavian Dumitru,octavian.dumitru@outlook.com,7,2,1363,2026-04-18
477,Georgiana Sandu,georgiana.sandu@yahoo.com,10,4,1749,2026-06-14
478,Vlad Diaconu,vlad.diaconu@yahoo.com,5,2,1224,2026-06-01
479,Stefan Dumitru,stefan.dumitru@yahoo.com,8,5,2075,2026-04-07
480,Mihai Olaru,mihai.olaru@yahoo.com,1,2,1359,2026-04-20
481,Cristina Vasile,cristina.vasile@yahoo.com,9,2,1315,2026-05-16
482,Cristian Ilie,cristian.ilie@gmail.com,1,2,1237,2026-07-14
483,Paul Dumitru,paul.dumitru@outlook.com,3,5,1646,2026-03-29
484,Cristian Rusu,cristian.rusu@gmail.com,9,3,1544,2026-04-19
485,Dragos Barbu,dragos.barbu2@gmail.com,1,3,1509,2026-07-05
486,Adrian Bucur,adrian.bucur@outlook.com,7,2,1487,2026-06-29
487,Daniel Grigore,daniel.grigore@outlook.com,10,4,1769,2026-04-22
488,Catalin Anghel,catalin.anghel@outlook.com,2,4,1754,2026-07-02
489,Florin Cristea,florin.cristea2@gmail.com,3,5,1853,2026-07-20
490,Robert Enache,robert.enache@gmail.com,4,3,1542,2026-06-04
491,Razvan Enache,razvan.enache@yahoo.com,3,2,1401,2026-07-13
492,Daniel Radu,daniel.radu@outlook.com,8,4,1643,2026-06-22
493,Victor Nistor,victor.nistor@outlook.com,2,4,1767,2026-04-23
494,Octavian Radu,octavian.radu@outlook.com,1,1,1432,2026-07-16
495,Sebastian Diaconu,sebastian.diaconu2@yahoo.com,2,2,1272,2026-05-12
496,Octavian Iancu,octavian.iancu@gmail.com,3,4,1544,2026-06-27
497,Paul Marin,paul.marin2@outlook.com,3,2,1440,2026-07-24
498,Sorin Marin,sorin.marin@outlook.com,4,1,1106,2026-06-16
499,Mihaela Nistor,mihaela.nistor@yahoo.com,2,3,1286,2026-06-12
500,Tudor Enache,tudor.enache@yahoo.com,1,3,1533,2026-06-05
501,Cristian Enache,cristian.enache2@gmail.com,10,2,1312,2026-06-01
502,Andreea Stan,andreea.stan@gmail.com,1,2,1414,2026-05-14
503,Maria Gheorghe,maria.gheorghe@gmail.com,7,4,1447,2026-05-22
504,Razvan Matei,razvan.matei@yahoo.com,4,2,1270,2026-04-05
505,Radu Gheorghe,radu.gheorghe@gmail.com,9,2,1421,2026-05-23
506,Elena Dumitru,elena.dumitru@yahoo.com,9,1,1198,2026-07-15
507,Bogdan Dobre,bogdan.dobre@outlook.com,4,3,1498,2026-06-15
508,Alexandru Iancu,alexandru.iancu@gmail.com,10,3,1578,2026-06-29
509,Simona Olaru,simona.olaru@gmail.com,6,2,1231,2026-03-14
510,Bogdan Serban,bogdan.serban@yahoo.com,4,1,949,2026-05-12
511,Sorin Tudor,sorin.tudor@outlook.com,3,3,1176,2026-05-16
512,Razvan Pintea,razvan.pintea2@yahoo.com,7,3,1534,2026-06-01
513,Ioana Stan,ioana.stan@outlook.com,5,2,1280,2026-07-18
514,Razvan Iancu,razvan.iancu@gmail.com,6,2,1356,2026-06-20
515,Dragos Manole,dragos.manole@yahoo.com,3,2,1347,2026-04-28
516,Sorin Dumitru,sorin.dumitru@gmail.com,5,3,1589,2026-03-21
517,Florin Pintea,florin.pintea@outlook.com,1,2,1372,2026-05-26
518,Paul Cojocaru,paul.cojocaru@outlook.com,2,5,1870,2026-05-17
519,Gabriel Moldovan,gabriel.moldovan@outlook.com,8,2,1404,2026-07-07
520,Dragos Lupu,dragos.lupu@yahoo.com,5,5,2088,2026-05-21
521,Florin Iancu,florin.iancu@yahoo.com,2,4,1641,2026-06-04
522,Gabriela Popescu,gabriela.popescu@outlook.com,8,4,1561,2026-06-28
523,Diana Gheorghe,diana.gheorghe3@yahoo.com,7,3,1438,2026-05-26
524,Gabriel Moldovan,gabriel.moldovan2@yahoo.com,10,5,2060,2026-07-22
525,Andrei Dumitru,andrei.dumitru@yahoo.com,8,4,1579,2026-04-03
526,Daniel Grigore,daniel.grigore@yahoo.com,6,3,1483,2026-07-08
527,Octavian Iancu,octavian.iancu2@yahoo.com,2,4,1926,2026-03-15
528,Diana Manole,diana.manole@outlook.com,1,1,1284,2026-07-12
529,Simona Filip,simona.filip@gmail.com,1,2,1587,2026-03-30
530,Maria Petrescu,maria.petrescu@yahoo.com,9,5,1828,2026-03-26
531,Gabriel Pop,gabriel.pop@outlook.com,5,5,1932,2026-05-14
532,Gabriel Sandu,gabriel.sandu@yahoo.com,5,5,1824,2026-07-05
533,Anca Grigore,anca.grigore@outlook.com,3,2,1353,2026-03-15
534,Robert Rusu,robert.rusu@outlook.com,5,2,1471,2026-04-02
535,Vlad Matei,vlad.matei@yahoo.com,3,5,1645,2026-07-04
536,Victor Neagu,victor.neagu2@outlook.com,1,2,1332,2026-02-01
537,Radu Neagu,radu.neagu@gmail.com,1,3,1443,2026-06-07
538,Robert Barbu,robert.barbu@yahoo.com,1,4,1648,2026-03-17
539,Florin Munteanu,florin.munteanu@yahoo.com,5,3,1457,2026-07-10
540,Teodora Stoica,teodora.stoica@gmail.com,8,3,1269,2026-07-15
541,Cristian Barbu,cristian.barbu@gmail.com,3,3,1455,2026-03-17
542,Bogdan Rusu,bogdan.rusu@outlook.com,6,4,1760,2026-03-30
543,Marius Manole,marius.manole@yahoo.com,8,2,1372,2026-06-05
544,Florin Balan,florin.balan@yahoo.com,3,4,1446,2026-05-27
545,Razvan Dobre,razvan.dobre@yahoo.com,8,2,1500,2026-07-11
546,Stefan Cristea,stefan.cristea3@outlook.com,7,4,1647,2026-07-16
547,Cristian Neagu,cristian.neagu@gmail.com,7,2,1325,2026-05-21
548,Robert Petrescu,robert.petrescu@yahoo.com,2,4,1690,2026-06-14
549,Sorin Enache,sorin.enache2@outlook.com,3,3,1560,2026-04-08
550,Raluca Popa,raluca.popa@yahoo.com,1,5,1894,2026-06-16
551,Vlad Manole,vlad.manole@outlook.com,7,4,1650,2026-06-03
552,Simona Munteanu,simona.munteanu@gmail.com,9,3,1549,2026-07-14
553,Dragos Vasile,dragos.vasile@yahoo.com,3,2,1389,2026-05-22
554,Cristian Cojocaru,cristian.cojocaru@yahoo.com,3,4,1747,2026-05-10
555,Vlad Ionescu,vlad.ionescu@gmail.com,1,3,1633,2026-06-22
556,Daniel Pop,daniel.pop@gmail.com,2,2,1271,2026-07-24
557,Dragos Sandu,dragos.sandu@outlook.com,2,1,1318,2026-07-13
558,Sorin Rusu,sorin.rusu@yahoo.com,4,2,1083,2026-04-02
559,Mihaela Petrescu,mihaela.petrescu@outlook.com,5,2,1436,2026-07-21
560,Sebastian Serban,sebastian.serban@yahoo.com,2,2,1293,2026-06-20
561,Maria Gheorghe,maria.gheorghe2@yahoo.com,4,4,1733,2026-04-02
562,Octavian Radu,octavian.radu@yahoo.com,9,4,1723,2026-04-10
563,Marius Voicu,marius.voicu@gmail.com,10,1,1194,2026-03-17
564,Sebastian Olaru,sebastian.olaru2@yahoo.com,5,4,1628,2026-07-09
565,Raluca Neagu,raluca.neagu@outlook.com,10,2,1332,2026-03-25
566,Sebastian Lupu,sebastian.lupu@gmail.com,3,2,1333,2026-05-18
567,Mihai Balan,mihai.balan@yahoo.com,8,2,1175,2026-06-27
568,Dragos Manole,dragos.manole2@yahoo.com,3,2,1540,2026-06-10
569,Oana Stoica,oana.stoica@outlook.com,7,2,1207,2026-07-10
570,Gabriel Dobre,gabriel.dobre2@yahoo.com,2,3,1555,2026-07-19
571,Alexandra Balan,alexandra.balan@gmail.com,10,2,1204,2026-03-18
572,Paul Bucur,paul.bucur@gmail.com,1,4,1707,2026-07-19
573,Ionut Pintea,ionut.pintea2@yahoo.com,2,3,1518,2026-06-08
574,Gabriela Serban,gabriela.serban@gmail.com,10,4,1629,2026-05-20
575,Vlad Nistor,vlad.nistor@outlook.com,1,2,1505,2026-06-18
576,Andrei Ilie,andrei.ilie@gmail.com,9,3,1500,2026-06-06
577,Radu Constantin,radu.constantin@gmail.com,4,2,1418,2026-06-20
578,Florin Barbu,florin.barbu@outlook.com,4,4,1620,2026-06-28
579,Paul Matei,paul.matei@yahoo.com,10,2,1453,2026-04-22
580,Maria Vasile,maria.vasile@gmail.com,6,2,1267,2026-07-10
581,Andreea Balan,andreea.balan@outlook.com,4,2,1006,2026-05-18
582,Razvan Anghel,razvan.anghel2@outlook.com,3,5,1754,2026-07-22
583,Robert Sandu,robert.sandu@yahoo.com,5,2,1326,2026-04-19
584,Gabriel Munteanu,gabriel.munteanu@outlook.com,9,1,1043,2026-03-08
585,Octavian Radu,octavian.radu2@gmail.com,5,3,1561,2026-05-30
586,Adrian Matei,adrian.matei@outlook.com,10,2,1389,2026-07-10
587,Cristian Radu,cristian.radu@gmail.com,2,5,1833,2026-05-24
588,Cristina Manole,cristina.manole2@outlook.com,8,2,1511,2026-06-11
589,Bogdan Constantin,bogdan.constantin@gmail.com,5,5,1873,2026-07-14
590,Razvan Pop,razvan.pop2@gmail.com,6,3,1539,2026-06-12
591,Robert Enache,robert.enache2@gmail.com,2,4,1794,2026-07-21
592,Vlad Ilie,vlad.ilie@outlook.com,7,2,1553,2026-05-14
593,Daniel Serban,daniel.serban@gmail.com,7,3,1587,2026-05-03
594,Simona Petrescu,simona.petrescu@outlook.com,10,1,1380,2026-07-18
595,Paul Manole,paul.manole@gmail.com,5,3,1451,2026-03-03
596,Bogdan Enache,bogdan.enache@outlook.com,7,2,1343,2026-05-03
597,Marius Diaconu,marius.diaconu@yahoo.com,3,4,1663,2026-07-04
598,Marius Sandu,marius.sandu2@yahoo.com,10,4,1712,2026-04-05
599,Ionut Toma,ionut.toma@gmail.com,8,2,1213,2026-06-19
600,Mihaela Vasile,mihaela.vasile2@outlook.com,1,4,1727,2026-07-05
601,Dragos Dumitru,dragos.dumitru@gmail.com,7,2,1367,2026-03-27
602,Andrei Vasile,andrei.vasile@gmail.com,2,1,1409,2026-04-21
603,Victor Toma,victor.toma@outlook.com,6,4,1399,2026-05-12
604,Gabriel Rusu,gabriel.rusu@yahoo.com,7,1,1348,2026-04-16
605,Paul Anghel,paul.anghel@yahoo.com,1,4,1696,2026-06-16
606,Catalin Constantin,catalin.constantin@yahoo.com,3,1,1075,2026-07-17
607,Oana Anghel,oana.anghel2@yahoo.com,10,2,1291,2026-06-08
608,Radu Olaru,radu.olaru@outlook.com,2,2,1370,2026-05-05
609,Gabriel Anghel,gabriel.anghel@yahoo.com,1,2,1329,2026-07-19
610,Gabriel Balan,gabriel.balan2@outlook.com,2,5,2098,2026-05-14
611,Sorin Toma,sorin.toma2@gmail.com,9,5,1869,2026-06-03
612,Dragos Cojocaru,dragos.cojocaru@yahoo.com,1,3,1463,2026-04-07
613,Adriana Iancu,adriana.iancu@yahoo.com,7,3,1520,2026-06-30
614,Laura Munteanu,laura.munteanu@yahoo.com,1,5,2051,2026-07-22
615,Sorin Stan,sorin.stan2@outlook.com,3,4,1624,2026-02-23
616,Tudor Dobre,tudor.dobre@gmail.com,2,4,1733,2026-06-15
617,Paul Filip,paul.filip@yahoo.com,4,2,1156,2026-05-29
618,Radu Stoica,radu.stoica@gmail.com,4,3,1465,2026-07-06
619,Bogdan Cojocaru,bogdan.cojocaru@yahoo.com,1,4,1641,2026-05-12
620,Ionut Grigore,ionut.grigore@yahoo.com,3,5,1758,2026-04-11
621,Teodora Ionescu,teodora.ionescu@gmail.com,2,2,1141,2026-03-25
622,Maria Constantin,maria.constantin@outlook.com,5,4,1610,2026-04-22
623,Mihai Ilie,mihai.ilie@outlook.com,6,3,1425,2026-04-09
624,Gabriela Radu,gabriela.radu@yahoo.com,9,4,1652,2026-07-17
625,Raluca Popa,raluca.popa2@yahoo.com,8,1,1149,2026-05-30
626,Stefan Tudor,stefan.tudor@outlook.com,7,4,1679,2026-03-08
627,Diana Radu,diana.radu@yahoo.com,9,4,1707,2026-04-19
628,Adrian Balan,adrian.balan@gmail.com,2,2,1366,2026-07-16
629,Alexandru Iancu,alexandru.iancu@yahoo.com,3,4,1703,2026-07-19
630,Radu Stan,radu.stan@gmail.com,1,5,1832,2026-04-24
631,Bianca Petrescu,bianca.petrescu2@gmail.com,1,4,1622,2026-07-17
632,Anca Serban,anca.serban2@gmail.com,2,2,1483,2026-06-27
633,Daniel Cojocaru,daniel.cojocaru@yahoo.com,1,4,1520,2026-05-13
634,Radu Ionescu,radu.ionescu@yahoo.com,3,4,1755,2026-07-14
635,Alexandru Sandu,alexandru.sandu@outlook.com,9,4,1716,2026-07-07
636,Sebastian Enache,sebastian.enache@gmail.com,7,2,1381,2026-05-22
637,Adrian Sandu,adrian.sandu@yahoo.com,4,2,1397,2026-06-25
638,Daniel Vasile,daniel.vasile@outlook.com,4,2,1154,2026-05-29
639,Adriana Constantin,adriana.constantin@yahoo.com,4,3,1465,2026-03-28
640,Adrian Grigore,adrian.grigore@gmail.com,2,2,1336,2026-07-22
641,Sebastian Nistor,sebastian.nistor@outlook.com,8,2,1301,2026-05-08
642,Andrei Rusu,andrei.rusu@gmail.com,3,2,1402,2026-06-29
643,Radu Petrescu,radu.petrescu@outlook.com,1,3,1467,2026-02-19
644,Radu Grigore,radu.grigore@outlook.com,10,5,1957,2026-05-17
645,Andreea Matei,andreea.matei@yahoo.com,3,3,1468,2026-04-21
646,Sebastian Olaru,sebastian.olaru3@outlook.com,1,2,1328,2026-02-11
647,Marius Tudor,marius.tudor@outlook.com,10,4,1702,2026-03-25
648,Stefan Gheorghe,stefan.gheorghe@outlook.com,1,2,1381,2026-06-26
649,Gabriel Bucur,gabriel.bucur@outlook.com,2,3,1523,2026-04-24
650,Octavian Diaconu,octavian.diaconu@gmail.com,2,4,1604,2026-06-20
651,Marius Marin,marius.marin@yahoo.com,2,4,1872,2026-03-04
652,Octavian Pintea,octavian.pintea2@gmail.com,1,4,1657,2026-05-20
653,Gabriel Rusu,gabriel.rusu@gmail.com,7,3,1555,2026-05-17
654,Sorin Neagu,sorin.neagu@gmail.com,5,5,1770,2026-03-25
655,Vlad Vasile,vlad.vasile2@yahoo.com,3,3,1518,2026-06-05
656,Florin Neagu,florin.neagu@yahoo.com,3,4,1385,2026-03-01
657,Razvan Enache,razvan.enache@outlook.com,4,2,1386,2026-07-21
658,Adrian Petrescu,adrian.petrescu@yahoo.com,5,3,1583,2026-05-15
659,Roxana Olaru,roxana.olaru@yahoo.com,5,1,1054,2026-05-22
660,Laura Dumitru,laura.dumitru@yahoo.com,5,3,1522,2026-06-28
661,Vlad Tudor,vlad.tudor@gmail.com,6,2,1366,2026-06-22
662,Stefan Rusu,stefan.rusu@yahoo.com,8,5,1677,2026-05-21
663,Andrei Matei,andrei.matei@yahoo.com,8,2,1395,2026-06-02
664,Teodora Moldovan,teodora.moldovan@gmail.com,1,4,1684,2026-03-14
665,Victor Toma,victor.toma@gmail.com,7,3,1497,2026-05-08
666,Florin Bucur,florin.bucur@yahoo.com,6,3,1579,2026-04-04
667,Gabriela Tudor,gabriela.tudor@gmail.com,6,3,1504,2026-07-04
668,Tudor Nistor,tudor.nistor@outlook.com,10,4,1629,2026-05-08
669,Dragos Petrescu,dragos.petrescu@gmail.com,3,3,1559,2026-07-01
670,Georgiana Balan,georgiana.balan@yahoo.com,8,3,1356,2026-04-06
671,Sebastian Ionescu,sebastian.ionescu@gmail.com,2,3,1465,2026-06-23
672,Tudor Neagu,tudor.neagu@outlook.com,8,3,1475,2026-04-20
673,Cristian Cristea,cristian.cristea@outlook.com,2,2,1248,2026-07-20
674,Radu Cojocaru,radu.cojocaru2@outlook.com,4,3,1485,2026-05-24
675,Tudor Bucur,tudor.bucur@gmail.com,2,2,1356,2026-07-10
676,Cristian Ionescu,cristian.ionescu@yahoo.com,2,5,1840,2026-04-03
677,Vlad Radu,vlad.radu@outlook.com,5,3,1588,2026-05-25
678,Adrian Constantin,adrian.constantin@gmail.com,5,4,1653,2026-03-23
679,Maria Vasile,maria.vasile@outlook.com,6,4,1776,2026-07-12
680,Paul Constantin,paul.constantin@outlook.com,9,1,1101,2026-04-05
681,Vlad Dobre,vlad.dobre@yahoo.com,3,3,1566,2026-06-20
682,Sorin Popescu,sorin.popescu@yahoo.com,2,4,1777,2026-05-24
683,Elena Enache,elena.enache@gmail.com,9,4,1645,2026-07-21
684,Octavian Munteanu,octavian.munteanu@yahoo.com,7,3,1568,2026-04-26
685,Ionut Popa,ionut.popa@yahoo.com,2,2,1210,2026-04-12
686,Octavian Diaconu,octavian.diaconu2@outlook.com,9,3,1243,2026-07-14
687,Laura Rusu,laura.rusu@outlook.com,3,3,1726,2026-05-29
688,Marius Filip,marius.filip@gmail.com,1,2,1303,2026-06-30
689,Andrei Bucur,andrei.bucur@outlook.com,3,2,1139,2026-03-25
690,Daniel Nistor,daniel.nistor@gmail.com,3,2,1329,2026-06-18
691,Robert Dobre,robert.dobre@gmail.com,7,3,1675,2026-05-17
692,Dragos Pop,dragos.pop@yahoo.com,5,3,1647,2026-06-20
693,Florin Radu,florin.radu@gmail.com,5,2,1331,2026-07-16
694,Daniel Petrescu,daniel.petrescu2@yahoo.com,1,2,1244,2026-04-11
695,Robert Tudor,robert.tudor@outlook.com,3,2,1284,2026-07-24
696,Bogdan Tudor,bogdan.tudor@outlook.com,3,4,1673,2026-05-28
697,Bogdan Diaconu,bogdan.diaconu@outlook.com,6,2,1238,2026-05-10
698,Andrei Ionescu,andrei.ionescu@gmail.com,7,3,1575,2026-03-26
699,Sorin Ionescu,sorin.ionescu@yahoo.com,6,4,1631,2026-05-31
700,Razvan Popescu,razvan.popescu@yahoo.com,4,4,1579,2026-06-03
701,Mihai Tudor,mihai.tudor@gmail.com,5,4,1462,2026-03-17
702,Marius Neagu,marius.neagu@gmail.com,7,2,1273,2026-07-11
703,Stefan Vasile,stefan.vasile@outlook.com,7,3,1516,2026-04-12
704,Daniel Matei,daniel.matei@yahoo.com,6,4,1584,2026-04-23
705,Mihai Gheorghe,mihai.gheorghe@gmail.com,1,5,1848,2026-07-21
706,Gabriel Balan,gabriel.balan3@gmail.com,8,3,1497,2026-07-03
707,Robert Iancu,robert.iancu2@outlook.com,9,2,1390,2026-02-22
708,Cristian Serban,cristian.serban@yahoo.com,10,3,1527,2026-04-23
709,Stefan Radu,stefan.radu@gmail.com,4,2,1423,2026-07-04
710,Radu Rusu,radu.rusu@yahoo.com,6,2,1244,2026-07-21
711,Dragos Ionescu,dragos.ionescu@yahoo.com,1,3,1594,2026-06-01
712,Catalin Tudor,catalin.tudor@gmail.com,9,3,1657,2026-07-21
713,Alexandru Stoica,alexandru.stoica@gmail.com,3,2,1401,2026-04-17
714,Stefan Olaru,stefan.olaru2@yahoo.com,6,4,1531,2026-07-22
715,Alexandra Voicu,alexandra.voicu@gmail.com,3,2,1274,2026-04-02
716,Tudor Sandu,tudor.sandu@yahoo.com,3,4,1758,2026-06-23
717,Dragos Enache,dragos.enache@gmail.com,6,2,1436,2026-03-01
718,Oana Pop,oana.pop@outlook.com,2,3,1509,2026-05-19
719,Razvan Neagu,razvan.neagu@yahoo.com,1,4,1729,2026-07-24
720,Sebastian Stoica,sebastian.stoica@outlook.com,2,3,1491,2026-06-07
721,Sebastian Stoica,sebastian.stoica2@gmail.com,5,5,1762,2026-05-13
722,Razvan Grigore,razvan.grigore@outlook.com,1,2,1490,2026-03-08
723,Gabriela Enache,gabriela.enache@yahoo.com,3,3,1591,2026-06-24
724,Teodora Moldovan,teodora.moldovan@outlook.com,4,2,1383,2026-06-21
725,Cristian Ilie,cristian.ilie2@gmail.com,3,2,1172,2026-06-20
726,Mihai Ilie,mihai.ilie@yahoo.com,8,4,1651,2026-07-08
727,Stefan Iancu,stefan.iancu@outlook.com,7,5,1627,2026-07-12
728,Alexandra Matei,alexandra.matei@outlook.com,6,2,1337,2026-05-27
729,Daniel Pintea,daniel.pintea@yahoo.com,4,5,1873,2026-07-05
730,Mihai Bucur,mihai.bucur@gmail.com,4,1,1181,2026-04-28
731,Dragos Iancu,dragos.iancu@outlook.com,4,2,1324,2026-07-23
732,Alexandra Dobre,alexandra.dobre@gmail.com,3,2,1280,2026-06-01
733,Sebastian Anghel,sebastian.anghel@yahoo.com,9,2,1364,2026-07-01
734,Octavian Enache,octavian.enache@yahoo.com,4,3,1527,2026-07-24
735,Vlad Pop,vlad.pop@yahoo.com,1,4,1755,2026-07-13
736,Ioana Pintea,ioana.pintea@gmail.com,7,2,1471,2026-02-26
737,Cristian Dumitru,cristian.dumitru@gmail.com,2,3,1413,2026-03-02
738,Raluca Rusu,raluca.rusu@yahoo.com,3,3,1553,2026-03-26
739,Alexandru Filip,alexandru.filip2@outlook.com,6,2,1293,2026-06-29
740,Andrei Anghel,andrei.anghel@gmail.com,3,2,1192,2026-05-17
741,Catalin Manole,catalin.manole@yahoo.com,8,2,1401,2026-02-01
742,Georgiana Vasile,georgiana.vasile@gmail.com,10,2,1371,2026-06-14
743,Marius Moldovan,marius.moldovan@gmail.com,2,2,1373,2026-04-25
744,Octavian Serban,octavian.serban@outlook.com,3,4,1818,2026-02-10
745,Georgiana Stan,georgiana.stan@outlook.com,3,3,1541,2026-04-28
746,Andrei Pop,andrei.pop2@gmail.com,6,2,1515,2026-07-22
747,Florin Barbu,florin.barbu2@gmail.com,3,2,1349,2026-04-29
748,Simona Popescu,simona.popescu@outlook.com,5,5,1873,2026-05-10
749,Cristina Balan,cristina.balan@outlook.com,8,4,1543,2026-04-25
750,Mihaela Diaconu,mihaela.diaconu@yahoo.com,3,2,1313,2026-06-07
751,Radu Bucur,radu.bucur2@outlook.com,1,2,1371,2026-06-14
752,Sorin Pop,sorin.pop@yahoo.com,3,4,1715,2026-05-30
753,Robert Manole,robert.manole@gmail.com,1,2,1380,2026-05-18
754,Sebastian Diaconu,sebastian.diaconu@gmail.com,9,2,1426,2026-05-20
755,Paul Rusu,paul.rusu@outlook.com,2,2,1398,2026-05-31
756,Cristian Ilie,cristian.ilie2@yahoo.com,4,4,1751,2026-05-18
757,Razvan Petrescu,razvan.petrescu@gmail.com,5,4,1636,2026-07-18
758,Roxana Constantin,roxana.constantin@gmail.com,5,3,1525,2026-07-23
759,Adrian Enache,adrian.enache@yahoo.com,2,1,1113,2026-06-19
760,Adrian Lupu,adrian.lupu@gmail.com,1,2,1463,2026-06-10
761,Tudor Popescu,tudor.popescu2@gmail.com,8,3,1502,2026-06-04
762,Dragos Grigore,dragos.grigore@yahoo.com,10,2,1424,2026-05-17
763,Catalin Pop,catalin.pop@gmail.com,6,4,1707,2026-04-29
764,Octavian Pintea,octavian.pintea@outlook.com,5,4,1622,2026-04-06
765,Cristian Marin,cristian.marin@outlook.com,1,5,1964,2026-05-15
766,Florin Pop,florin.pop@outlook.com,3,4,1645,2026-07-22
767,Cristian Toma,cristian.toma@gmail.com,2,2,1281,2026-06-05
768,Sorin Grigore,sorin.grigore@yahoo.com,1,3,1396,2026-05-11
769,Tudor Iancu,tudor.iancu@outlook.com,5,4,1645,2026-07-19
770,Diana Moldovan,diana.moldovan@gmail.com,3,2,1463,2026-07-06
771,Ionut Moldovan,ionut.moldovan@yahoo.com,5,3,1574,2026-04-16
772,Tudor Iancu,tudor.iancu@gmail.com,1,2,1237,2026-05-31
773,Paul Barbu,paul.barbu@gmail.com,3,3,1474,2026-05-20
774,Gabriel Nistor,gabriel.nistor@gmail.com,4,5,2024,2026-04-25
775,Adrian Stoica,adrian.stoica@gmail.com,1,2,1089,2026-04-08
776,Radu Cojocaru,radu.cojocaru2@yahoo.com,1,5,1825,2026-06-29
777,Tudor Stan,tudor.stan@outlook.com,10,2,1382,2026-05-01
778,Gabriel Voicu,gabriel.voicu2@outlook.com,4,3,1439,2026-04-27
779,Laura Barbu,laura.barbu@yahoo.com,1,2,1341,2026-04-30
780,Victor Nistor,victor.nistor@yahoo.com,9,2,1402,2026-05-23
781,Stefan Iancu,stefan.iancu@gmail.com,8,4,1650,2026-05-27
782,Gabriela Pop,gabriela.pop@outlook.com,7,2,1446,2026-06-18
783,Catalin Dumitru,catalin.dumitru@yahoo.com,9,5,1696,2026-07-08
784,Bogdan Cristea,bogdan.cristea@outlook.com,6,2,1378,2026-04-11
785,Dragos Sandu,dragos.sandu2@outlook.com,6,2,1335,2026-07-07
786,Alexandru Constantin,alexandru.constantin@gmail.com,5,4,1694,2026-07-21
787,Stefan Marin,stefan.marin@outlook.com,1,3,1805,2026-02-08
788,Larisa Constantin,larisa.constantin@gmail.com,10,2,1220,2026-07-10
789,Larisa Stan,larisa.stan@gmail.com,9,4,1761,2026-03-13
790,Marius Lupu,marius.lupu@outlook.com,1,4,1642,2026-07-16
791,Gabriel Pop,gabriel.pop2@yahoo.com,3,2,1289,2026-06-03
792,Victor Bucur,victor.bucur@outlook.com,6,3,1469,2026-03-26
793,Dragos Tudor,dragos.tudor@outlook.com,8,1,1071,2026-07-24
794,Razvan Munteanu,razvan.munteanu@gmail.com,2,4,1593,2026-05-07
795,Andrei Dobre,andrei.dobre2@gmail.com,9,3,1598,2026-07-07
796,Stefan Enache,stefan.enache@outlook.com,3,2,1210,2026-05-25
797,Bogdan Iancu,bogdan.iancu@yahoo.com,5,3,1544,2026-06-28
798,Marius Enache,marius.enache@gmail.com,3,4,1533,2026-06-02
799,Diana Toma,diana.toma@outlook.com,3,2,1243,2026-04-17
800,Dragos Toma,dragos.toma@outlook.com,8,4,1611,2026-07-19
801,Vlad Anghel,vlad.anghel@outlook.com,2,3,1575,2026-06-16
802,Bogdan Gheorghe,bogdan.gheorghe@gmail.com,2,5,1867,2026-05-14
803,Gabriel Balan,gabriel.balan3@outlook.com,1,2,1370,2026-07-17
804,Dragos Enache,dragos.enache2@gmail.com,5,3,1458,2026-06-20
805,Daniel Moldovan,daniel.moldovan@gmail.com,3,4,1776,2026-05-19
806,Mihai Bucur,mihai.bucur2@yahoo.com,8,2,1386,2026-07-11
807,Tudor Lupu,tudor.lupu@outlook.com,1,2,1194,2026-04-22
808,Alexandra Ilie,alexandra.ilie@outlook.com,2,3,1373,2026-07-09
809,Daniel Ilie,daniel.ilie@gmail.com,6,3,1427,2026-06-12
810,Victor Petrescu,victor.petrescu@outlook.com,2,4,1700,2026-07-09
811,Cristian Radu,cristian.radu2@outlook.com,2,2,1261,2026-05-15
812,Cristian Diaconu,cristian.diaconu@outlook.com,9,3,1361,2026-06-11
813,Radu Lupu,radu.lupu@gmail.com,6,2,1301,2026-07-11
814,Georgiana Balan,georgiana.balan@outlook.com,8,3,1476,2026-07-02
815,Sorin Dumitru,sorin.dumitru@outlook.com,1,2,1368,2026-04-23
816,Cristian Lupu,cristian.lupu@yahoo.com,1,4,1810,2026-02-19
817,Daniel Ionescu,daniel.ionescu@yahoo.com,1,3,1579,2026-06-12
818,Sebastian Vasile,sebastian.vasile@gmail.com,2,2,1474,2026-07-16
819,Tudor Voicu,tudor.voicu2@outlook.com,1,4,1649,2026-05-12
820,Catalin Grigore,catalin.grigore@gmail.com,4,2,1353,2026-03-19
821,Stefan Popescu,stefan.popescu@yahoo.com,5,4,1571,2026-06-25
822,Robert Voicu,robert.voicu@gmail.com,7,1,1122,2026-07-22
823,Andrei Petrescu,andrei.petrescu@yahoo.com,9,1,1008,2026-04-08
824,Cristian Rusu,cristian.rusu@outlook.com,3,2,1443,2026-05-31
825,Laura Stoica,laura.stoica@outlook.com,5,4,1753,2026-05-20
826,Alexandru Nistor,alexandru.nistor@yahoo.com,9,1,1175,2026-03-29
827,Andrei Gheorghe,andrei.gheorghe@gmail.com,4,3,1442,2026-05-17
828,Adrian Olaru,adrian.olaru@gmail.com,1,3,1560,2026-06-09
829,Vlad Pintea,vlad.pintea@outlook.com,2,5,1874,2026-06-19
830,Victor Rusu,victor.rusu@gmail.com,8,4,1620,2026-04-28
831,Marius Nistor,marius.nistor@gmail.com,10,2,1205,2026-06-12
832,Elena Pop,elena.pop@gmail.com,3,4,1611,2026-06-15
833,Robert Matei,robert.matei@outlook.com,1,4,1637,2026-05-29
834,Larisa Serban,larisa.serban@gmail.com,3,4,1612,2026-07-08
835,Larisa Popa,larisa.popa@yahoo.com,1,1,1127,2026-07-08
836,Cristian Filip,cristian.filip@outlook.com,2,2,1407,2026-03-22
837,Octavian Enache,octavian.enache@gmail.com,2,4,1381,2026-05-26
838,Radu Tudor,radu.tudor2@outlook.com,1,4,1446,2026-06-14
839,Cristian Constantin,cristian.constantin@gmail.com,6,5,1886,2026-05-18
840,Robert Dobre,robert.dobre2@outlook.com,6,4,1610,2026-04-06
841,Laura Stoica,laura.stoica@gmail.com,3,2,1238,2026-06-24
842,Cristian Lupu,cristian.lupu3@gmail.com,10,4,1726,2026-06-12
843,Adriana Stoica,adriana.stoica@yahoo.com,3,2,1420,2026-05-28
844,Mihai Filip,mihai.filip@gmail.com,5,4,1597,2026-04-14
845,Andrei Pintea,andrei.pintea@outlook.com,3,4,1626,2026-05-24
846,Alexandra Dumitru,alexandra.dumitru@yahoo.com,2,4,1700,2026-07-12
847,Laura Stoica,laura.stoica2@outlook.com,6,2,1356,2026-06-27
848,Tudor Popa,tudor.popa2@yahoo.com,5,3,1538,2026-06-23
849,Maria Diaconu,maria.diaconu@outlook.com,4,3,1561,2026-06-03
850,Bogdan Munteanu,bogdan.munteanu@gmail.com,9,4,1675,2026-07-14
851,Robert Rusu,robert.rusu2@gmail.com,4,4,1625,2026-07-08
852,Roxana Radu,roxana.radu@gmail.com,8,2,1402,2026-03-17
853,Sorin Dumitru,sorin.dumitru2@yahoo.com,7,4,1645,2026-06-18
854,Sebastian Balan,sebastian.balan@yahoo.com,4,4,1689,2026-05-21
855,Diana Moldovan,diana.moldovan@yahoo.com,4,2,1243,2026-03-31
856,Razvan Gheorghe,razvan.gheorghe@gmail.com,9,2,1600,2026-05-20
857,Victor Stoica,victor.stoica@outlook.com,10,4,1754,2026-03-31
858,Paul Dumitru,paul.dumitru@gmail.com,8,4,1676,2026-06-25
859,Dragos Dobre,dragos.dobre@gmail.com,3,4,1746,2026-06-13
860,Octavian Rusu,octavian.rusu@outlook.com,6,2,1416,2026-04-13
861,Raluca Stan,raluca.stan@gmail.com,2,2,1259,2026-06-21
862,Bogdan Anghel,bogdan.anghel@gmail.com,1,3,1511,2026-05-17
863,Alexandru Manole,alexandru.manole@yahoo.com,6,1,984,2026-05-20
864,Daniel Serban,daniel.serban2@gmail.com,3,4,1608,2026-05-18
865,Sorin Grigore,sorin.grigore2@outlook.com,5,2,1351,2026-06-24
866,Razvan Toma,razvan.toma@yahoo.com,5,2,1415,2026-02-09
867,Raluca Dobre,raluca.dobre@yahoo.com,7,5,1804,2026-04-02
868,Razvan Pop,razvan.pop2@yahoo.com,10,2,1359,2026-04-28
869,Stefan Constantin,stefan.constantin@yahoo.com,2,4,1753,2026-02-10
870,Cristian Sandu,cristian.sandu@yahoo.com,9,2,1438,2026-04-26
871,Octavian Diaconu,octavian.diaconu2@yahoo.com,6,2,1421,2026-07-16
872,Laura Anghel,laura.anghel@outlook.com,10,1,1466,2026-06-21
873,Bogdan Popa,bogdan.popa@gmail.com,4,4,1759,2026-02-28
874,Simona Radu,simona.radu@outlook.com,8,2,1421,2026-07-20
875,Florin Cristea,florin.cristea3@gmail.com,9,4,1624,2026-05-20
876,Robert Ionescu,robert.ionescu2@gmail.com,10,5,1705,2026-04-01
877,Elena Balan,elena.balan@outlook.com,4,2,1527,2026-06-29
878,Sorin Grigore,sorin.grigore@gmail.com,8,3,1484,2026-04-02
879,Vlad Toma,vlad.toma@yahoo.com,3,2,1338,2026-06-16
880,Marius Olaru,marius.olaru@gmail.com,8,2,1419,2026-07-14
881,Mihai Bucur,mihai.bucur@outlook.com,2,3,1600,2026-03-23
882,Ioana Dobre,ioana.dobre@outlook.com,3,3,1479,2026-07-16
883,Bogdan Dumitru,bogdan.dumitru@gmail.com,1,2,1332,2026-05-02
884,Adrian Radu,adrian.radu@gmail.com,7,3,1530,2026-05-23
885,Florin Lupu,florin.lupu@outlook.com,2,5,1877,2026-07-08
886,Alexandra Olaru,alexandra.olaru@gmail.com,3,2,1320,2026-04-14
887,Catalin Anghel,catalin.anghel@gmail.com,2,3,1626,2026-05-24
888,Radu Pintea,radu.pintea@yahoo.com,7,4,1456,2026-04-10
889,Sebastian Stoica,sebastian.stoica@gmail.com,2,2,1447,2026-06-30
890,Anca Popa,anca.popa@yahoo.com,10,2,1407,2026-06-07
891,Sorin Filip,sorin.filip@outlook.com,6,2,1191,2026-05-18
892,Stefan Nistor,stefan.nistor@gmail.com,9,4,1651,2026-07-06
893,Victor Olaru,victor.olaru@outlook.com,9,3,1513,2026-06-28
894,Simona Dumitru,simona.dumitru@outlook.com,2,2,1394,2026-05-02
895,Dragos Marin,dragos.marin@outlook.com,6,3,1468,2026-05-04
896,Victor Dobre,victor.dobre@yahoo.com,2,2,1376,2026-03-04
897,Gabriela Sandu,gabriela.sandu@outlook.com,8,3,1521,2026-04-01
898,Gabriel Grigore,gabriel.grigore@yahoo.com,7,3,1534,2026-07-11
899,Radu Balan,radu.balan@gmail.com,5,2,1342,2026-03-14
900,Cristian Cristea,cristian.cristea@yahoo.com,6,1,1139,2026-07-07
901,Alexandra Diaconu,alexandra.diaconu@gmail.com,2,3,1590,2026-03-07
902,Vlad Iancu,vlad.iancu@outlook.com,7,4,1648,2026-06-20
903,Daniel Grigore,daniel.grigore2@outlook.com,7,3,1552,2026-06-24
904,Razvan Olaru,razvan.olaru@outlook.com,9,2,1360,2026-04-18
905,Gabriel Iancu,gabriel.iancu@yahoo.com,1,4,1568,2026-06-21
906,Florin Ilie,florin.ilie@yahoo.com,10,2,1398,2026-06-17
907,Marius Gheorghe,marius.gheorghe@gmail.com,5,3,1567,2026-05-23
908,Radu Ilie,radu.ilie@yahoo.com,3,2,1390,2026-06-12
909,Dragos Sandu,dragos.sandu@yahoo.com,3,3,1364,2026-04-30
910,Tudor Bucur,tudor.bucur2@yahoo.com,1,4,1740,2026-03-02
911,Alexandru Diaconu,alexandru.diaconu2@gmail.com,3,3,1632,2026-02-16
912,Bogdan Sandu,bogdan.sandu@yahoo.com,6,4,1701,2026-07-21
913,Adrian Lupu,adrian.lupu2@outlook.com,5,2,1190,2026-04-17
914,Sorin Filip,sorin.filip@yahoo.com,4,2,1347,2026-06-21
915,Dragos Filip,dragos.filip@gmail.com,9,2,1331,2026-05-06
916,Andrei Vasile,andrei.vasile@outlook.com,2,3,1185,2026-02-24
917,Alexandru Olaru,alexandru.olaru@yahoo.com,9,3,1624,2026-06-05
918,Dragos Voicu,dragos.voicu@yahoo.com,9,2,1356,2026-06-02
919,Mihai Stoica,mihai.stoica@outlook.com,10,2,1177,2026-05-27
920,Adrian Olaru,adrian.olaru2@outlook.com,8,1,1006,2026-07-06
921,Adrian Munteanu,adrian.munteanu@gmail.com,4,3,1191,2026-04-19
922,Daniel Lupu,daniel.lupu@yahoo.com,8,5,1636,2026-05-08
923,Ionut Munteanu,ionut.munteanu@gmail.com,9,5,1840,2026-06-25
924,Sorin Munteanu,sorin.munteanu@outlook.com,5,4,1640,2026-04-27
925,Alexandru Radu,alexandru.radu@gmail.com,1,2,1353,2026-07-21
926,Razvan Ionescu,razvan.ionescu@outlook.com,3,3,1549,2026-04-13
927,Diana Toma,diana.toma@yahoo.com,9,4,1722,2026-07-21
928,Laura Stan,laura.stan@yahoo.com,3,1,1087,2026-05-07
929,Mihai Dumitru,mihai.dumitru@yahoo.com,2,2,1390,2026-05-24
930,Sebastian Ionescu,sebastian.ionescu2@yahoo.com,2,3,1490,2026-07-09
931,Marius Balan,marius.balan@gmail.com,7,2,1236,2026-07-12
932,Paul Popa,paul.popa@gmail.com,10,5,2086,2026-06-28
933,Adrian Vasile,adrian.vasile@outlook.com,10,3,1470,2026-06-15
934,Paul Cristea,paul.cristea@gmail.com,6,2,1378,2026-07-23
935,Bianca Pop,bianca.pop@gmail.com,10,2,1271,2026-06-04
936,Elena Toma,elena.toma@outlook.com,4,4,1818,2026-06-16
937,Ionut Dobre,ionut.dobre@yahoo.com,4,3,1573,2026-04-14
938,Sorin Cristea,sorin.cristea@outlook.com,3,2,1386,2026-02-13
939,Tudor Tudor,tudor.tudor@gmail.com,9,2,1416,2026-07-23
940,Adrian Tudor,adrian.tudor@gmail.com,5,4,1570,2026-06-30
941,Diana Vasile,diana.vasile@outlook.com,7,3,1452,2026-07-23
942,Mihai Balan,mihai.balan@outlook.com,10,2,1351,2026-06-14
943,Roxana Popa,roxana.popa@gmail.com,1,4,1726,2026-07-08
944,Ionut Popescu,ionut.popescu@yahoo.com,6,4,1682,2026-07-02
945,Paul Filip,paul.filip@outlook.com,8,4,1660,2026-05-28
946,Radu Marin,radu.marin@outlook.com,5,3,1541,2026-05-26
947,Sorin Manole,sorin.manole@yahoo.com,2,4,1761,2026-03-18
948,Larisa Popa,larisa.popa@outlook.com,6,2,1422,2026-05-02
949,Alexandra Grigore,alexandra.grigore@yahoo.com,6,3,1585,2026-05-24
950,Victor Sandu,victor.sandu@outlook.com,1,2,1182,2026-07-08
951,Stefan Munteanu,stefan.munteanu@gmail.com,10,3,1528,2026-04-23
952,Robert Sandu,robert.sandu@gmail.com,1,2,1272,2026-04-08
953,Tudor Matei,tudor.matei@yahoo.com,5,2,1417,2026-04-30
954,Alexandra Voicu,alexandra.voicu2@outlook.com,7,2,1393,2026-04-16
955,Roxana Dumitru,roxana.dumitru2@gmail.com,1,1,1391,2026-06-16
956,Cristian Matei,cristian.matei2@outlook.com,6,4,1707,2026-06-17
957,Alexandra Rusu,alexandra.rusu@gmail.com,2,5,1578,2026-06-11
958,Razvan Pop,razvan.pop@yahoo.com,2,2,1433,2026-05-23
959,Mihaela Ilie,mihaela.ilie@gmail.com,2,5,1830,2026-05-17
960,Gabriel Stan,gabriel.stan@yahoo.com,9,2,1192,2026-05-03
961,Roxana Toma,roxana.toma@yahoo.com,4,2,1256,2026-07-15
962,Adriana Pintea,adriana.pintea@yahoo.com,10,2,1368,2026-06-25
963,Vlad Stoica,vlad.stoica@gmail.com,6,4,1517,2026-07-09
964,Georgiana Marin,georgiana.marin2@yahoo.com,8,3,1567,2026-05-29
965,Robert Pop,robert.pop@outlook.com,6,4,1635,2026-07-23
966,Florin Dumitru,florin.dumitru@outlook.com,3,3,1480,2026-02-23
967,Georgiana Cristea,georgiana.cristea@gmail.com,9,3,1598,2026-04-27
968,Adrian Dumitru,adrian.dumitru@gmail.com,5,4,1599,2026-05-30
969,Adrian Dobre,adrian.dobre@gmail.com,9,3,1523,2026-04-16
970,Daniel Petrescu,daniel.petrescu3@outlook.com,3,3,1606,2026-04-01
971,Catalin Dobre,catalin.dobre2@yahoo.com,2,4,1550,2026-04-03
972,Robert Constantin,robert.constantin@yahoo.com,5,4,1693,2026-07-01
973,Andrei Anghel,andrei.anghel2@outlook.com,3,1,1349,2026-06-29
974,Gabriel Radu,gabriel.radu@outlook.com,4,3,1517,2026-05-06
975,Dragos Nistor,dragos.nistor2@outlook.com,6,3,1633,2026-07-11
976,Ionut Cristea,ionut.cristea@yahoo.com,5,3,1606,2026-07-01
977,Gabriel Moldovan,gabriel.moldovan@yahoo.com,4,4,1556,2026-06-02
978,Andreea Lupu,andreea.lupu@outlook.com,8,3,1454,2026-06-18
979,Dragos Serban,dragos.serban2@yahoo.com,10,3,1389,2026-02-05
980,Victor Vasile,victor.vasile@outlook.com,1,2,1352,2026-06-21
981,Robert Matei,robert.matei@yahoo.com,2,2,1321,2026-06-24
982,Gabriel Manole,gabriel.manole@outlook.com,7,5,1903,2026-07-02
983,Gabriel Popescu,gabriel.popescu@outlook.com,8,5,2025,2026-05-13
984,Anca Constantin,anca.constantin@yahoo.com,3,2,1269,2026-07-02
985,Andrei Anghel,andrei.anghel2@gmail.com,7,2,1629,2026-04-09
986,Sebastian Olaru,sebastian.olaru2@outlook.com,4,3,1513,2026-07-17
987,Sorin Nistor,sorin.nistor@outlook.com,3,3,1392,2026-06-04
988,Victor Pintea,victor.pintea@yahoo.com,7,5,1989,2026-02-19
989,Daniel Balan,daniel.balan@gmail.com,5,3,1386,2026-04-17
990,Gabriel Rusu,gabriel.rusu2@outlook.com,6,3,1450,2026-07-03
991,Marius Pop,marius.pop@gmail.com,5,2,1426,2026-05-07
992,Raluca Ilie,raluca.ilie@outlook.com,2,2,1377,2026-03-04
993,Marius Tudor,marius.tudor@gmail.com,1,2,1307,2026-03-13
994,Florin Nistor,florin.nistor@gmail.com,5,5,1838,2026-05-24
995,Larisa Anghel,larisa.anghel2@yahoo.com,1,1,1254,2026-07-23
996,Sorin Tudor,sorin.tudor2@gmail.com,7,2,1437,2026-07-02
997,Sorin Barbu,sorin.barbu@gmail.com,7,2,1445,2026-06-07
998,Radu Barbu,radu.barbu@yahoo.com,3,4,1724,2026-04-02
999,Octavian Enache,octavian.enache2@yahoo.com,3,3,1517,2026-03-27
1000,Sebastian Popescu,sebastian.popescu@yahoo.com,10,4,1611,2026-02-24
1001,Sebastian Toma,sebastian.toma@outlook.com,9,4,1701,2026-07-07
1002,Mihai Pintea,mihai.pintea@outlook.com,1,2,1393,2026-07-07
1003,Sebastian Neagu,sebastian.neagu@yahoo.com,4,2,1420,2026-04-11
1004,Gabriel Barbu,gabriel.barbu@outlook.com,4,2,1383,2026-04-25
1005,Paul Enache,paul.enache@outlook.com,4,5,1760,2026-06-11
1006,Raluca Gheorghe,raluca.gheorghe@gmail.com,5,2,1183,2026-05-15
1007,Tudor Gheorghe,tudor.gheorghe@outlook.com,2,2,1216,2026-05-16
1008,Maria Lupu,maria.lupu@gmail.com,2,4,1533,2026-05-06
1009,Robert Cristea,robert.cristea@outlook.com,5,5,1812,2026-07-18
1010,Catalin Voicu,catalin.voicu@outlook.com,6,4,1628,2026-04-11
1011,Tudor Filip,tudor.filip@yahoo.com,2,2,1502,2026-06-05
1012,Gabriel Radu,gabriel.radu2@gmail.com,8,3,1526,2026-06-21
1013,Daniel Rusu,daniel.rusu@outlook.com,4,3,1435,2026-06-29
1014,Daniel Lupu,daniel.lupu@gmail.com,3,2,1197,2026-05-30
1015,Diana Anghel,diana.anghel@gmail.com,2,3,1574,2026-05-07
1016,Laura Sandu,laura.sandu@gmail.com,10,3,1531,2026-07-21
1017,Razvan Dumitru,razvan.dumitru@outlook.com,2,4,1774,2026-07-06
1018,Alexandru Marin,alexandru.marin@yahoo.com,1,1,1448,2026-04-14
1019,Daniel Grigore,daniel.grigore2@gmail.com,7,3,1750,2026-06-22
1020,Razvan Bucur,razvan.bucur@outlook.com,6,3,1496,2026-03-29
1021,Catalin Sandu,catalin.sandu@gmail.com,6,3,1575,2026-06-28
1022,Andreea Marin,andreea.marin@gmail.com,1,3,1586,2026-04-23
1023,Ionut Petrescu,ionut.petrescu@yahoo.com,8,4,1729,2026-05-22
1024,Victor Marin,victor.marin@gmail.com,2,2,1236,2026-07-02
1025,Octavian Filip,octavian.filip@outlook.com,2,4,1682,2026-04-30
1026,Sebastian Popa,sebastian.popa@yahoo.com,5,3,1552,2026-06-24
1027,Robert Ilie,robert.ilie2@yahoo.com,10,2,1357,2026-06-18
1028,Ionut Lupu,ionut.lupu@outlook.com,1,3,1590,2026-02-12
1029,Stefan Olaru,stefan.olaru2@outlook.com,2,5,1815,2026-05-04
1030,Raluca Sandu,raluca.sandu@outlook.com,8,4,1699,2026-03-23
1031,Gabriel Tudor,gabriel.tudor@outlook.com,7,2,1384,2026-05-16
1032,Octavian Bucur,octavian.bucur@gmail.com,7,2,1383,2026-06-08
1033,Dragos Cojocaru,dragos.cojocaru@outlook.com,7,2,1282,2026-05-26
1034,Andrei Voicu,andrei.voicu2@yahoo.com,2,3,1465,2026-06-29
1035,Adrian Cristea,adrian.cristea@yahoo.com,5,2,1195,2026-06-18
1036,Adrian Filip,adrian.filip@gmail.com,1,1,960,2026-03-28
1037,Stefan Tudor,stefan.tudor@gmail.com,8,2,1249,2026-06-25
1038,Vlad Munteanu,vlad.munteanu@yahoo.com,2,2,1365,2026-07-15
1039,Bogdan Moldovan,bogdan.moldovan2@gmail.com,4,5,1840,2026-02-05
1040,Tudor Radu,tudor.radu@yahoo.com,3,5,1833,2026-06-11
1041,Razvan Matei,razvan.matei@gmail.com,8,3,1466,2026-05-28
1042,Tudor Filip,tudor.filip@outlook.com,10,2,1384,2026-07-04
1043,Tudor Vasile,tudor.vasile@gmail.com,2,2,1357,2026-07-15
1044,Octavian Munteanu,octavian.munteanu@gmail.com,3,2,1389,2026-06-10
1045,Dragos Munteanu,dragos.munteanu@outlook.com,1,1,1373,2026-05-07
1046,Paul Tudor,paul.tudor@yahoo.com,1,2,1362,2026-06-16
1047,Paul Cojocaru,paul.cojocaru2@gmail.com,1,3,1563,2026-06-14
1048,Tudor Nistor,tudor.nistor2@yahoo.com,10,1,1106,2026-05-19
1049,Oana Stan,oana.stan@gmail.com,1,4,1632,2026-07-02
1050,Cristian Stoica,cristian.stoica@outlook.com,10,2,1294,2026-07-23
1051,Stefan Nistor,stefan.nistor@outlook.com,2,2,1255,2026-06-24
1052,Andreea Cojocaru,andreea.cojocaru@yahoo.com,7,2,1373,2026-06-26
1053,Sebastian Dumitru,sebastian.dumitru@outlook.com,4,4,1642,2026-02-12
1054,Robert Munteanu,robert.munteanu@gmail.com,9,3,1744,2026-07-07
1055,Cristian Sandu,cristian.sandu2@gmail.com,7,2,1263,2026-07-08
1056,Larisa Pintea,larisa.pintea@outlook.com,6,5,1843,2026-06-17
1057,Stefan Radu,stefan.radu@outlook.com,4,3,1553,2026-05-16
1058,Gabriel Constantin,gabriel.constantin@gmail.com,10,4,1723,2026-07-15
1059,Sorin Stoica,sorin.stoica@gmail.com,1,3,1604,2026-07-05
1060,Tudor Popa,tudor.popa@outlook.com,9,3,1668,2026-04-04
1061,Adrian Dobre,adrian.dobre2@yahoo.com,10,2,1220,2026-04-13
1062,Florin Rusu,florin.rusu@outlook.com,1,3,1473,2026-02-27
1063,Diana Voicu,diana.voicu@yahoo.com,9,3,1479,2026-04-09
1064,Ionut Radu,ionut.radu@yahoo.com,5,5,1846,2026-06-28
1065,Radu Serban,radu.serban2@yahoo.com,5,4,1831,2026-05-21
1066,Mihaela Manole,mihaela.manole@outlook.com,6,3,1589,2026-07-12
1067,Vlad Dumitru,vlad.dumitru@outlook.com,8,3,1571,2026-05-07
1068,Sebastian Popescu,sebastian.popescu2@yahoo.com,8,5,2107,2026-06-23
1069,Anca Enache,anca.enache@gmail.com,8,3,1572,2026-06-23
1070,Cristian Olaru,cristian.olaru@outlook.com,6,4,1687,2026-06-04
1071,Sorin Diaconu,sorin.diaconu@yahoo.com,4,3,1547,2026-05-05
1072,Mihai Munteanu,mihai.munteanu2@yahoo.com,1,3,1543,2026-07-21
1073,Gabriel Cristea,gabriel.cristea@outlook.com,9,2,1347,2026-05-13
1074,Robert Dobre,robert.dobre@yahoo.com,1,2,1320,2026-07-24
1075,Adrian Olaru,adrian.olaru@outlook.com,6,2,1573,2026-04-11
1076,Dragos Vasile,dragos.vasile2@gmail.com,3,4,1686,2026-07-23
1077,Roxana Barbu,roxana.barbu@yahoo.com,7,4,1642,2026-05-24
1078,Radu Diaconu,radu.diaconu@yahoo.com,8,4,1672,2026-07-13
1079,Adriana Popa,adriana.popa@yahoo.com,7,4,1780,2026-04-04
1080,Cristian Nistor,cristian.nistor@gmail.com,7,3,1617,2026-02-16
1081,Victor Barbu,victor.barbu@yahoo.com,8,2,1333,2026-06-04
1082,Simona Bucur,simona.bucur@gmail.com,2,5,1822,2026-06-19
1083,Adriana Voicu,adriana.voicu@gmail.com,10,4,1689,2026-07-08
1084,Vlad Radu,vlad.radu@yahoo.com,9,3,1536,2026-07-14
1085,Simona Cristea,simona.cristea@outlook.com,9,3,1454,2026-05-06
1086,Florin Toma,florin.toma@yahoo.com,1,3,1568,2026-06-28
1087,Tudor Popa,tudor.popa3@gmail.com,5,2,1392,2026-05-23
1088,Dragos Diaconu,dragos.diaconu@yahoo.com,4,1,1041,2026-07-17
1089,Raluca Popescu,raluca.popescu@yahoo.com,10,4,1713,2026-06-13
1090,Catalin Cojocaru,catalin.cojocaru@yahoo.com,7,3,1552,2026-06-21
1091,Ioana Constantin,ioana.constantin@outlook.com,4,2,1252,2026-06-22
1092,Radu Nistor,radu.nistor@gmail.com,8,5,1853,2026-07-01
1093,Mihai Bucur,mihai.bucur2@outlook.com,2,4,1628,2026-05-06
1094,Florin Marin,florin.marin@yahoo.com,3,3,1502,2026-04-11
1095,Mihaela Ionescu,mihaela.ionescu@yahoo.com,1,2,1256,2026-06-01
1096,Bogdan Barbu,bogdan.barbu@outlook.com,1,3,1558,2026-07-07
1097,Andrei Filip,andrei.filip@gmail.com,3,3,1657,2026-07-22
1098,Octavian Enache,octavian.enache2@outlook.com,1,3,1287,2026-03-25
1099,Georgiana Tudor,georgiana.tudor@yahoo.com,5,2,1326,2026-03-25
1100,Radu Iancu,radu.iancu@gmail.com,4,2,1400,2026-06-23
1101,Sebastian Stoica,sebastian.stoica2@yahoo.com,3,4,1564,2026-06-14
1102,Victor Toma,victor.toma2@gmail.com,2,5,1777,2026-06-15
1103,Gabriel Dobre,gabriel.dobre@yahoo.com,10,2,1394,2026-07-05
1104,Maria Dobre,maria.dobre@yahoo.com,5,5,1648,2026-07-24
1105,Daniel Nistor,daniel.nistor2@gmail.com,7,2,1265,2026-05-21
1106,Tudor Vasile,tudor.vasile@yahoo.com,3,4,1565,2026-07-21
1107,Tudor Bucur,tudor.bucur@outlook.com,8,4,1731,2026-05-21
1108,Florin Popa,florin.popa@yahoo.com,2,2,1363,2026-06-13
1109,Robert Filip,robert.filip@gmail.com,4,3,1510,2026-06-05
1110,Sebastian Olaru,sebastian.olaru3@yahoo.com,6,1,1031,2026-06-06
1111,Radu Munteanu,radu.munteanu@outlook.com,3,2,1151,2026-07-17
1112,Laura Pintea,laura.pintea@outlook.com,4,2,1362,2026-05-10
1113,Marius Toma,marius.toma@outlook.com,2,3,1207,2026-03-24
1114,Dragos Popescu,dragos.popescu2@gmail.com,7,3,1475,2026-07-01
1115,Mihai Stan,mihai.stan@outlook.com,4,4,1611,2026-06-22
1116,Daniel Rusu,daniel.rusu2@outlook.com,7,4,1711,2026-07-22
1117,Radu Marin,radu.marin2@yahoo.com,4,3,1505,2026-07-09
1118,Larisa Gheorghe,larisa.gheorghe@yahoo.com,9,1,1393,2026-05-22
1119,Andrei Tudor,andrei.tudor@gmail.com,9,4,1681,2026-02-06
1120,Andrei Popescu,andrei.popescu@outlook.com,3,2,1558,2026-07-18
1121,Paul Constantin,paul.constantin2@outlook.com,5,4,1692,2026-07-21
1122,Bogdan Marin,bogdan.marin@gmail.com,5,3,1542,2026-05-03
1123,Robert Popa,robert.popa@outlook.com,1,3,1490,2026-05-13
1124,Bogdan Bucur,bogdan.bucur@outlook.com,6,2,1411,2026-05-24
1125,Bogdan Ionescu,bogdan.ionescu@gmail.com,5,4,1749,2026-05-25
1126,Paul Voicu,paul.voicu2@outlook.com,2,4,1922,2026-03-10
1127,Robert Popa,robert.popa@gmail.com,9,3,1509,2026-05-05
1128,Dragos Dumitru,dragos.dumitru@outlook.com,8,3,1544,2026-05-14
1129,Adrian Nistor,adrian.nistor@yahoo.com,1,3,1477,2026-04-21
1130,Andrei Voicu,andrei.voicu@gmail.com,5,2,1414,2026-05-09
1131,Diana Radu,diana.radu@outlook.com,6,4,1665,2026-05-10
1132,Florin Marin,florin.marin@outlook.com,4,5,1926,2026-04-29
1133,Mihai Balan,mihai.balan@gmail.com,6,2,1145,2026-05-21
1134,Radu Manole,radu.manole@outlook.com,9,3,1512,2026-05-21
1135,Robert Sandu,robert.sandu2@gmail.com,7,3,1546,2026-07-10
1136,Sorin Iancu,sorin.iancu@gmail.com,4,3,1514,2026-07-24
1137,Stefan Pintea,stefan.pintea@yahoo.com,9,3,1245,2026-06-23
1138,Maria Tudor,maria.tudor@yahoo.com,1,2,1389,2026-05-17
1139,Cristian Tudor,cristian.tudor@outlook.com,7,3,1535,2026-07-10
1140,Bogdan Balan,bogdan.balan@outlook.com,10,3,1560,2026-05-15
1141,Victor Bucur,victor.bucur@yahoo.com,2,5,2006,2026-07-06
1142,Andrei Toma,andrei.toma@gmail.com,1,3,1512,2026-07-16
1143,Ionut Dobre,ionut.dobre@outlook.com,7,5,1843,2026-05-12
1144,Paul Pintea,paul.pintea@gmail.com,1,5,2123,2026-03-19
1145,Octavian Filip,octavian.filip2@outlook.com,1,2,1519,2026-04-14
1146,Tudor Iancu,tudor.iancu2@yahoo.com,10,2,1403,2026-05-26
1147,Mihai Marin,mihai.marin@gmail.com,10,3,1577,2026-04-25
1148,Tudor Gheorghe,tudor.gheorghe@yahoo.com,7,4,1563,2026-04-10
1149,Victor Ionescu,victor.ionescu@yahoo.com,10,1,1229,2026-07-24
1150,Daniel Munteanu,daniel.munteanu@yahoo.com,9,3,1564,2026-06-29
1151,Sebastian Cristea,sebastian.cristea@yahoo.com,7,1,1102,2026-07-13
1152,Alexandru Anghel,alexandru.anghel@yahoo.com,3,3,1520,2026-07-06
1153,Tudor Popescu,tudor.popescu@outlook.com,1,3,1515,2026-07-08
1154,Vlad Cojocaru,vlad.cojocaru@outlook.com,1,3,1443,2026-03-07
1155,Ionut Voicu,ionut.voicu@yahoo.com,2,4,1759,2026-06-01
1156,Radu Ilie,radu.ilie2@gmail.com,8,5,2076,2026-07-08
1157,Mihai Iancu,mihai.iancu@gmail.com,10,2,1264,2026-07-03
1158,Daniel Balan,daniel.balan@yahoo.com,4,3,1548,2026-05-18
1159,Andrei Popa,andrei.popa@gmail.com,3,2,1328,2026-05-12
1160,Stefan Cojocaru,stefan.cojocaru@outlook.com,6,4,1712,2026-07-21
1161,Victor Bucur,victor.bucur2@gmail.com,8,2,1320,2026-07-18
1162,Robert Matei,robert.matei2@gmail.com,3,3,1459,2026-05-29
1163,Ioana Ionescu,ioana.ionescu@gmail.com,1,5,1936,2026-03-24
1164,Cristian Balan,cristian.balan2@yahoo.com,2,3,1254,2026-06-06
1165,Vlad Radu,vlad.radu@gmail.com,5,2,1293,2026-02-24
1166,Bogdan Vasile,bogdan.vasile@outlook.com,5,2,1346,2026-06-20
1167,Stefan Bucur,stefan.bucur@gmail.com,5,2,1364,2026-06-18
1168,Sebastian Barbu,sebastian.barbu@gmail.com,1,1,1080,2026-03-27
1169,Tudor Pop,tudor.pop@outlook.com,3,3,1578,2026-03-23
1170,Dragos Manole,dragos.manole3@outlook.com,3,3,1472,2026-04-27
1171,Cristian Neagu,cristian.neagu2@outlook.com,1,4,1621,2026-06-19
1172,Florin Diaconu,florin.diaconu@outlook.com,2,4,1674,2026-03-09
1173,Maria Toma,maria.toma@gmail.com,10,4,1490,2026-03-08
1174,Gabriel Voicu,gabriel.voicu@yahoo.com,2,5,1968,2026-05-24
1175,Radu Constantin,radu.constantin2@yahoo.com,6,3,1574,2026-05-09
1176,Vlad Toma,vlad.toma@outlook.com,2,3,1602,2026-07-17
1177,Gabriela Petrescu,gabriela.petrescu@gmail.com,5,3,1376,2026-07-19
1178,Alexandru Iancu,alexandru.iancu2@yahoo.com,2,2,1315,2026-05-19
1179,Sebastian Constantin,sebastian.constantin@gmail.com,2,4,1417,2026-03-07
1180,Laura Balan,laura.balan@yahoo.com,10,4,1625,2026-07-10
1181,Razvan Olaru,razvan.olaru@gmail.com,10,4,1665,2026-06-22
1182,Octavian Popa,octavian.popa@yahoo.com,8,3,1508,2026-07-19
1183,Gabriel Pop,gabriel.pop@gmail.com,2,2,1261,2026-07-13
1184,Vlad Nistor,vlad.nistor2@outlook.com,5,2,1218,2026-03-09
1185,Sorin Rusu,sorin.rusu2@yahoo.com,2,2,1379,2026-05-15
1186,Bianca Grigore,bianca.grigore@outlook.com,6,1,1285,2026-06-12
1187,Bogdan Ilie,bogdan.ilie@yahoo.com,3,4,1635,2026-07-13
1188,Paul Pintea,paul.pintea2@outlook.com,6,2,1414,2026-05-24
1189,Gabriela Cristea,gabriela.cristea@yahoo.com,3,4,1571,2026-05-22
1190,Victor Constantin,victor.constantin@yahoo.com,7,2,1418,2026-06-30
1191,Anca Constantin,anca.constantin@outlook.com,3,2,1383,2026-05-30
1192,Adrian Petrescu,adrian.petrescu@outlook.com,4,2,1360,2026-05-04
1193,Adrian Neagu,adrian.neagu@gmail.com,1,4,1712,2026-07-20
1194,Dragos Voicu,dragos.voicu@outlook.com,9,2,1231,2026-07-22
1195,Adrian Tudor,adrian.tudor2@gmail.com,2,2,1321,2026-07-09
1196,Octavian Ionescu,octavian.ionescu@outlook.com,4,2,1454,2026-06-05
1197,Dragos Barbu,dragos.barbu@yahoo.com,5,4,1737,2026-07-07
1198,Sorin Voicu,sorin.voicu2@outlook.com,1,3,1441,2026-04-10
1199,Sorin Stoica,sorin.stoica@outlook.com,8,2,1387,2026-07-23
1200,Alexandra Serban,alexandra.serban@yahoo.com,5,5,1738,2026-07-19
1201,Adriana Manole,adriana.manole@gmail.com,2,4,1736,2026-05-04
1202,Sorin Cristea,sorin.cristea2@outlook.com,5,4,1655,2026-06-14
1203,Roxana Stan,roxana.stan@yahoo.com,8,3,1674,2026-06-04
1204,Catalin Diaconu,catalin.diaconu@outlook.com,3,4,1658,2026-04-15
1205,Florin Olaru,florin.olaru@yahoo.com,2,4,1688,2026-07-03
1206,Sebastian Radu,sebastian.radu2@outlook.com,8,3,1595,2026-03-25
1207,Victor Barbu,victor.barbu@gmail.com,3,2,1438,2026-07-04
1208,Dragos Olaru,dragos.olaru@yahoo.com,5,2,1218,2026-04-18
1209,Andrei Pintea,andrei.pintea2@gmail.com,9,5,1630,2026-07-01
1210,Andrei Munteanu,andrei.munteanu@outlook.com,3,2,1124,2026-03-25
1211,Vlad Rusu,vlad.rusu2@outlook.com,3,2,1298,2026-07-16
1212,Adrian Tudor,adrian.tudor@outlook.com,2,5,1832,2026-07-18
1213,Sorin Ilie,sorin.ilie@yahoo.com,2,4,1587,2026-04-09
1214,Vlad Rusu,vlad.rusu@yahoo.com,5,4,1646,2026-06-25
1215,Laura Iancu,laura.iancu@yahoo.com,9,2,1392,2026-07-10
1216,Razvan Cojocaru,razvan.cojocaru@yahoo.com,6,1,1428,2026-07-11
1217,Catalin Iancu,catalin.iancu@gmail.com,5,2,1455,2026-06-23
1218,Gabriel Iancu,gabriel.iancu@gmail.com,2,3,1121,2026-04-05
1219,Adrian Moldovan,adrian.moldovan@gmail.com,1,3,1459,2026-06-19
1220,Vlad Tudor,vlad.tudor2@gmail.com,1,3,1679,2026-04-01
1221,Laura Toma,laura.toma@outlook.com,6,3,1590,2026-04-12
1222,Robert Cristea,robert.cristea@gmail.com,2,2,1453,2026-06-06
1223,Teodora Grigore,teodora.grigore@outlook.com,8,3,1661,2026-03-16
1224,Radu Cojocaru,radu.cojocaru3@yahoo.com,4,3,1481,2026-05-23
1225,Oana Tudor,oana.tudor@gmail.com,5,4,1740,2026-07-08
1226,Razvan Moldovan,razvan.moldovan@outlook.com,4,2,1361,2026-06-10
1227,Paul Barbu,paul.barbu2@yahoo.com,5,3,1542,2026-06-03
1228,Marius Enache,marius.enache2@yahoo.com,1,2,1114,2026-03-14
1229,Cristian Enache,cristian.enache3@gmail.com,3,3,1491,2026-06-06
1230,Razvan Moldovan,razvan.moldovan2@outlook.com,2,5,1624,2026-07-21
1231,Mihaela Lupu,mihaela.lupu@yahoo.com,9,4,1544,2026-07-02
1232,Daniel Pop,daniel.pop@yahoo.com,1,4,1676,2026-06-07
1233,Adrian Sandu,adrian.sandu2@gmail.com,2,2,1312,2026-04-07
1234,Adrian Popa,adrian.popa@yahoo.com,4,3,1538,2026-07-03
1235,Octavian Filip,octavian.filip3@outlook.com,5,3,1560,2026-07-06
1236,Oana Popa,oana.popa@outlook.com,7,5,1966,2026-06-01
1237,Laura Iancu,laura.iancu2@gmail.com,2,1,1413,2026-05-22
1238,Bogdan Grigore,bogdan.grigore@outlook.com,2,5,1857,2026-05-27
1239,Razvan Diaconu,razvan.diaconu@outlook.com,5,2,1441,2026-06-27
1240,Dragos Tudor,dragos.tudor2@gmail.com,8,1,964,2026-07-23
1241,Cristian Moldovan,cristian.moldovan2@yahoo.com,6,2,1286,2026-05-19
1242,Gabriel Constantin,gabriel.constantin2@gmail.com,9,3,1486,2026-05-02
1243,Razvan Munteanu,razvan.munteanu@outlook.com,5,5,1807,2026-07-11
1244,Victor Petrescu,victor.petrescu@gmail.com,3,5,1951,2026-06-12
1245,Daniel Manole,daniel.manole@gmail.com,9,4,1644,2026-06-30
1246,Catalin Neagu,catalin.neagu@gmail.com,7,5,1705,2026-04-26
1247,Daniel Pintea,daniel.pintea2@gmail.com,6,3,1563,2026-06-30
1248,Elena Filip,elena.filip@outlook.com,5,2,1411,2026-07-02
1249,Florin Cojocaru,florin.cojocaru@yahoo.com,10,3,1375,2026-03-21
1250,Teodora Popa,teodora.popa@yahoo.com,4,2,1194,2026-06-19
1251,Cristian Filip,cristian.filip3@gmail.com,3,3,1488,2026-07-09
1252,Vlad Sandu,vlad.sandu@gmail.com,8,1,1337,2026-02-17
1253,Cristian Filip,cristian.filip2@outlook.com,3,3,1735,2026-07-08
1254,Bogdan Cojocaru,bogdan.cojocaru2@outlook.com,1,4,1799,2026-06-06
1255,Vlad Iancu,vlad.iancu@yahoo.com,7,4,1699,2026-05-08
1256,Stefan Bucur,stefan.bucur@yahoo.com,10,2,1372,2026-03-22
1257,Maria Nistor,maria.nistor@outlook.com,7,3,1529,2026-03-02
1258,Catalin Olaru,catalin.olaru2@gmail.com,5,3,1308,2026-07-18
1259,Gabriel Rusu,gabriel.rusu@outlook.com,5,3,1536,2026-07-18
1260,Paul Toma,paul.toma@gmail.com,6,3,1522,2026-07-19
1261,Radu Manole,radu.manole@yahoo.com,1,5,1724,2026-02-11
1262,Diana Munteanu,diana.munteanu@outlook.com,2,2,1404,2026-04-10
1263,Alexandru Enache,alexandru.enache@outlook.com,2,3,1563,2026-06-01
1264,Laura Matei,laura.matei@gmail.com,8,2,1231,2026-06-12
1265,Roxana Popescu,roxana.popescu@outlook.com,4,3,1511,2026-06-18
1266,Cristian Dobre,cristian.dobre@gmail.com,3,2,1468,2026-05-24
1267,Paul Toma,paul.toma2@gmail.com,2,4,1699,2026-05-31
1268,Andreea Iancu,andreea.iancu@yahoo.com,6,4,1628,2026-04-16
1269,Razvan Sandu,razvan.sandu@gmail.com,1,2,1506,2026-04-26
1270,Victor Balan,victor.balan@outlook.com,2,2,1270,2026-06-13
1271,Andrei Pop,andrei.pop3@outlook.com,5,2,1381,2026-05-17
1272,Oana Diaconu,oana.diaconu@gmail.com,5,3,1572,2026-06-27
1273,Oana Constantin,oana.constantin@gmail.com,10,5,1902,2026-06-17
1274,Catalin Moldovan,catalin.moldovan@yahoo.com,8,4,1700,2026-06-19
1275,Cristian Barbu,cristian.barbu2@gmail.com,5,5,1649,2026-05-24
1276,Tudor Grigore,tudor.grigore@outlook.com,1,2,1351,2026-07-01
1277,Gabriel Nistor,gabriel.nistor@yahoo.com,9,3,1473,2026-04-26
1278,Stefan Tudor,stefan.tudor@yahoo.com,1,3,1742,2026-05-08
1279,Paul Nistor,paul.nistor@gmail.com,5,2,1411,2026-07-08
1280,Robert Enache,robert.enache2@outlook.com,5,2,1353,2026-04-23
1281,Andreea Neagu,andreea.neagu@yahoo.com,6,2,1367,2026-06-06
1282,Anca Petrescu,anca.petrescu@gmail.com,8,3,1649,2026-02-25
1283,Oana Moldovan,oana.moldovan@outlook.com,2,3,1560,2026-05-17
1284,Sebastian Cristea,sebastian.cristea2@yahoo.com,8,4,1622,2026-04-15
1285,Gabriel Cojocaru,gabriel.cojocaru@gmail.com,7,4,1584,2026-06-11
1286,Daniel Neagu,daniel.neagu@gmail.com,10,4,1750,2026-06-02
1287,Radu Radu,radu.radu@gmail.com,2,2,1243,2026-03-22
1288,Stefan Neagu,stefan.neagu@outlook.com,7,4,1683,2026-07-07
1289,Adrian Vasile,adrian.vasile2@yahoo.com,4,2,1448,2026-05-10
1290,Laura Moldovan,laura.moldovan@gmail.com,4,5,1804,2026-06-13
1291,Cristian Vasile,cristian.vasile2@yahoo.com,3,3,1420,2026-06-06
1292,Paul Manole,paul.manole2@yahoo.com,1,2,1231,2026-04-01
1293,Octavian Enache,octavian.enache@outlook.com,9,2,1265,2026-05-04
1294,Gabriel Gheorghe,gabriel.gheorghe@yahoo.com,10,2,1140,2026-03-30
1295,Tudor Marin,tudor.marin@yahoo.com,9,4,1790,2026-03-31
1296,Octavian Neagu,octavian.neagu2@yahoo.com,9,1,1057,2026-03-19
1297,Victor Marin,victor.marin@yahoo.com,8,1,1369,2026-06-27
1298,Florin Iancu,florin.iancu@outlook.com,10,1,1047,2026-02-25
1299,Vlad Munteanu,vlad.munteanu2@outlook.com,3,3,1459,2026-02-21
1300,Sebastian Pintea,sebastian.pintea@gmail.com,5,2,1271,2026-03-18
1301,Ionut Ionescu,ionut.ionescu@yahoo.com,3,2,1300,2026-05-22
1302,Mihaela Neagu,mihaela.neagu@outlook.com,7,4,1519,2026-04-29
1303,Maria Manole,maria.manole@gmail.com,3,2,1458,2026-02-18
1304,Andrei Vasile,andrei.vasile2@outlook.com,2,1,985,2026-06-22
1305,Bogdan Diaconu,bogdan.diaconu@gmail.com,8,2,1321,2026-04-29
1306,Diana Popescu,diana.popescu@gmail.com,7,2,1289,2026-06-17
1307,Dragos Manole,dragos.manole@gmail.com,9,2,1349,2026-06-22
1308,Marius Stoica,marius.stoica@outlook.com,1,4,1634,2026-06-18
1309,Octavian Olaru,octavian.olaru2@yahoo.com,5,2,1227,2026-05-22
1310,Sebastian Neagu,sebastian.neagu@outlook.com,8,1,962,2026-06-08
1311,Marius Filip,marius.filip@outlook.com,5,4,1510,2026-06-12
1312,Adrian Enache,adrian.enache2@yahoo.com,5,3,1587,2026-07-19
1313,Larisa Balan,larisa.balan@gmail.com,3,1,1033,2026-04-29
1314,Bogdan Anghel,bogdan.anghel2@outlook.com,8,5,1848,2026-04-22
1315,Oana Nistor,oana.nistor@outlook.com,7,3,1501,2026-07-08
1316,Oana Dobre,oana.dobre@yahoo.com,5,4,1681,2026-07-07
1317,Alexandru Grigore,alexandru.grigore@yahoo.com,8,4,1609,2026-03-26
1318,Oana Moldovan,oana.moldovan@gmail.com,2,4,1700,2026-07-21
1319,Elena Rusu,elena.rusu@outlook.com,2,4,1514,2026-07-16
1320,Catalin Petrescu,catalin.petrescu@yahoo.com,1,5,1901,2026-07-22
1321,Florin Moldovan,florin.moldovan@outlook.com,1,2,1390,2026-03-08
1322,Florin Marin,florin.marin2@yahoo.com,9,3,1564,2026-06-01
1323,Sebastian Lupu,sebastian.lupu@outlook.com,4,4,1757,2026-05-15
1324,Robert Rusu,robert.rusu@gmail.com,7,4,1570,2026-05-14
1325,Octavian Popa,octavian.popa2@gmail.com,5,2,1409,2026-07-24
1326,Ionut Vasile,ionut.vasile@outlook.com,4,2,1341,2026-07-23
1327,Catalin Lupu,catalin.lupu@yahoo.com,7,5,1604,2026-05-12
1328,Ioana Diaconu,ioana.diaconu@outlook.com,5,5,1621,2026-07-12
1329,Paul Voicu,paul.voicu@gmail.com,8,1,1359,2026-03-31
1330,Tudor Neagu,tudor.neagu2@yahoo.com,7,3,1496,2026-05-28
1331,Dragos Anghel,dragos.anghel@gmail.com,9,1,1290,2026-05-17
1332,Ionut Tudor,ionut.tudor2@gmail.com,6,2,1190,2026-03-02
1333,Tudor Dobre,tudor.dobre2@outlook.com,3,3,1445,2026-05-11
1334,Sorin Balan,sorin.balan@gmail.com,9,4,1803,2026-07-20
1335,Maria Cristea,maria.cristea@yahoo.com,3,4,1683,2026-04-24
1336,Alexandru Ilie,alexandru.ilie@gmail.com,8,3,1569,2026-05-27
1337,Gabriel Cristea,gabriel.cristea@gmail.com,1,4,1561,2026-06-30
1338,Cristian Grigore,cristian.grigore2@yahoo.com,2,3,1586,2026-06-18
1339,Cristina Marin,cristina.marin@gmail.com,8,4,1679,2026-05-18
1340,Raluca Enache,raluca.enache@outlook.com,9,4,1650,2026-05-29
1341,Gabriel Stan,gabriel.stan2@yahoo.com,1,2,1328,2026-03-14
1342,Simona Ionescu,simona.ionescu@gmail.com,7,3,1479,2026-03-08
1343,Bogdan Grigore,bogdan.grigore@yahoo.com,6,3,1574,2026-04-25
1344,Mihai Manole,mihai.manole@gmail.com,3,3,1528,2026-06-16
1345,Stefan Filip,stefan.filip@gmail.com,3,3,1502,2026-02-07
1346,Vlad Moldovan,vlad.moldovan@outlook.com,5,4,1588,2026-07-01
1347,Bogdan Pop,bogdan.pop@yahoo.com,3,5,1599,2026-06-10
1348,Florin Serban,florin.serban@yahoo.com,4,2,1425,2026-07-19
1349,Victor Moldovan,victor.moldovan@gmail.com,4,2,1387,2026-06-05
1350,Razvan Filip,razvan.filip@yahoo.com,8,1,1233,2026-06-04
1351,Andreea Gheorghe,andreea.gheorghe@outlook.com,3,2,1426,2026-07-22
1352,Razvan Petrescu,razvan.petrescu@yahoo.com,9,2,1263,2026-03-30
1353,Tudor Voicu,tudor.voicu@outlook.com,2,2,1104,2026-05-18
1354,Mihaela Lupu,mihaela.lupu@outlook.com,1,4,1795,2026-04-14
1355,Octavian Serban,octavian.serban2@outlook.com,5,2,1380,2026-04-15
1356,Gabriel Pop,gabriel.pop2@outlook.com,9,2,1364,2026-07-05
1357,Dragos Popescu,dragos.popescu2@yahoo.com,10,2,1362,2026-04-23
1358,Cristian Iancu,cristian.iancu@gmail.com,1,1,1153,2026-06-07
1359,Ionut Balan,ionut.balan@gmail.com,9,3,1494,2026-03-31
1360,Vlad Serban,vlad.serban@outlook.com,4,4,1724,2026-03-16
1361,Ioana Voicu,ioana.voicu@outlook.com,1,3,1439,2026-04-30
1362,Florin Constantin,florin.constantin2@outlook.com,8,3,1451,2026-06-18
1363,Razvan Petrescu,razvan.petrescu2@gmail.com,10,2,1349,2026-03-17
1364,Alexandru Iancu,alexandru.iancu@outlook.com,4,3,1557,2026-02-03
1365,Cristian Petrescu,cristian.petrescu@gmail.com,1,4,1844,2026-04-01
1366,Sorin Tudor,sorin.tudor2@outlook.com,5,2,1327,2026-06-29
1367,Radu Popa,radu.popa@gmail.com,2,4,1758,2026-03-16
1368,Anca Anghel,anca.anghel@gmail.com,1,2,1196,2026-06-22
1369,Cristian Stan,cristian.stan@outlook.com,2,2,1267,2026-05-13
1370,Paul Balan,paul.balan@gmail.com,2,4,1662,2026-06-07
1371,Elena Balan,elena.balan@gmail.com,7,1,997,2026-03-14
1372,Daniel Matei,daniel.matei2@gmail.com,10,3,1534,2026-06-16
1373,Ioana Constantin,ioana.constantin@yahoo.com,9,2,1209,2026-05-20
1374,Octavian Vasile,octavian.vasile@gmail.com,1,1,1195,2026-04-16
1375,Diana Nistor,diana.nistor@gmail.com,6,2,1421,2026-06-01
1376,Cristian Popescu,cristian.popescu@yahoo.com,4,2,1370,2026-07-19
1377,Marius Cojocaru,marius.cojocaru@yahoo.com,2,3,1522,2026-07-13
1378,Cristian Ilie,cristian.ilie2@outlook.com,7,4,1677,2026-03-19
1379,Alexandru Matei,alexandru.matei@outlook.com,1,4,1649,2026-05-28
1380,Sebastian Gheorghe,sebastian.gheorghe@yahoo.com,4,2,1339,2026-07-17
1381,Mihai Marin,mihai.marin@yahoo.com,2,3,1529,2026-07-16
1382,Victor Balan,victor.balan2@outlook.com,9,3,1500,2026-06-14
1383,Sorin Neagu,sorin.neagu@yahoo.com,10,3,1303,2026-06-28
1384,Bogdan Nistor,bogdan.nistor@gmail.com,4,2,1332,2026-06-11
1385,Adrian Stan,adrian.stan@outlook.com,9,3,1543,2026-02-12
1386,Paul Ionescu,paul.ionescu@gmail.com,7,2,1470,2026-06-18
1387,Sorin Popescu,sorin.popescu2@gmail.com,9,1,1110,2026-04-13
1388,Razvan Anghel,razvan.anghel@yahoo.com,2,2,1537,2026-04-12
1389,Sorin Toma,sorin.toma2@outlook.com,4,2,1399,2026-03-12
1390,Sorin Anghel,sorin.anghel@yahoo.com,8,2,1303,2026-06-01
1391,Cristian Lupu,cristian.lupu2@gmail.com,3,4,1706,2026-04-28
1392,Ionut Bucur,ionut.bucur@yahoo.com,10,2,1259,2026-06-30
1393,Andreea Nistor,andreea.nistor@gmail.com,9,4,1679,2026-06-06
1394,Paul Ionescu,paul.ionescu2@gmail.com,2,4,1731,2026-06-20
1395,Robert Anghel,robert.anghel@outlook.com,6,2,1357,2026-07-17
1396,Sorin Grigore,sorin.grigore3@outlook.com,7,2,1169,2026-03-24
1397,Ionut Anghel,ionut.anghel@outlook.com,1,3,1507,2026-04-23
1398,Florin Lupu,florin.lupu2@outlook.com,10,5,1791,2026-06-27
1399,Paul Voicu,paul.voicu@outlook.com,2,3,1425,2026-06-27
1400,Tudor Balan,tudor.balan@outlook.com,3,5,1564,2026-05-10
1401,Ionut Stoica,ionut.stoica@yahoo.com,2,2,1307,2026-02-08
1402,Daniel Tudor,daniel.tudor@outlook.com,3,3,1547,2026-03-09
1403,Gabriela Sandu,gabriela.sandu2@yahoo.com,7,3,1450,2026-06-17
1404,Marius Diaconu,marius.diaconu@gmail.com,6,4,1618,2026-07-10
1405,Mihaela Pintea,mihaela.pintea@yahoo.com,10,3,1561,2026-07-02
1406,Catalin Munteanu,catalin.munteanu@yahoo.com,7,2,1378,2026-07-19
1407,Robert Gheorghe,robert.gheorghe@outlook.com,8,2,1365,2026-07-23
1408,Victor Cojocaru,victor.cojocaru@yahoo.com,1,4,1604,2026-05-25
1409,Radu Cojocaru,radu.cojocaru4@gmail.com,6,2,1429,2026-05-10
1410,Catalin Pop,catalin.pop@outlook.com,6,2,1403,2026-06-01
1411,Marius Ionescu,marius.ionescu@yahoo.com,1,1,1293,2026-03-10
1412,Laura Marin,laura.marin@gmail.com,6,5,1864,2026-07-19
1413,Gabriela Vasile,gabriela.vasile@yahoo.com,4,5,1866,2026-06-04
1414,Cristina Voicu,cristina.voicu@yahoo.com,2,5,1613,2026-04-22
1415,Robert Neagu,robert.neagu@yahoo.com,2,3,1394,2026-05-23
1416,Adrian Munteanu,adrian.munteanu@outlook.com,2,4,1617,2026-07-18
1417,Robert Barbu,robert.barbu@outlook.com,1,3,1543,2026-04-16
1418,Raluca Cristea,raluca.cristea@yahoo.com,9,2,1446,2026-06-12
1419,Alexandra Lupu,alexandra.lupu@yahoo.com,1,3,1505,2026-06-09
1420,Cristina Nistor,cristina.nistor@yahoo.com,5,3,1559,2026-05-22
1421,Andrei Constantin,andrei.constantin@gmail.com,2,5,1917,2026-06-24
1422,Stefan Dobre,stefan.dobre@outlook.com,9,4,1636,2026-06-23
1423,Ionut Sandu,ionut.sandu@yahoo.com,10,3,1382,2026-04-20
1424,Catalin Popa,catalin.popa@yahoo.com,2,1,1414,2026-05-03
1425,Marius Balan,marius.balan@outlook.com,7,2,1165,2026-07-07
1426,Maria Manole,maria.manole2@outlook.com,7,4,1694,2026-06-08
1427,Maria Dobre,maria.dobre@gmail.com,10,5,2062,2026-04-18
1428,Catalin Neagu,catalin.neagu2@outlook.com,8,5,1926,2026-02-04
1429,Gabriela Stoica,gabriela.stoica@gmail.com,3,2,1438,2026-06-17
1430,Dragos Cojocaru,dragos.cojocaru2@yahoo.com,2,4,1718,2026-06-11
1431,Cristina Moldovan,cristina.moldovan@gmail.com,10,3,1563,2026-05-20
1432,Cristian Manole,cristian.manole@outlook.com,5,3,1257,2026-06-10
1433,Bogdan Balan,bogdan.balan2@outlook.com,4,3,1572,2026-03-11
1434,Gabriel Lupu,gabriel.lupu@yahoo.com,6,5,1614,2026-03-29
1435,Florin Serban,florin.serban@outlook.com,3,2,1379,2026-05-18
1436,Paul Neagu,paul.neagu@yahoo.com,1,4,1453,2026-07-21
1437,Daniel Lupu,daniel.lupu2@gmail.com,4,3,1484,2026-04-29
1438,Robert Olaru,robert.olaru@outlook.com,6,2,1419,2026-07-12
1439,Florin Munteanu,florin.munteanu@outlook.com,3,4,1712,2026-06-12
1440,Marius Toma,marius.toma2@outlook.com,3,3,1621,2026-07-04
1441,Alexandru Serban,alexandru.serban@gmail.com,9,4,1643,2026-06-10
1442,Stefan Bucur,stefan.bucur@outlook.com,2,3,1439,2026-07-08
1443,Gabriel Toma,gabriel.toma@outlook.com,5,3,1574,2026-07-18
1444,Ionut Pintea,ionut.pintea@outlook.com,4,2,1249,2026-05-16
1445,Ionut Ionescu,ionut.ionescu2@gmail.com,6,2,1389,2026-02-14
1446,Vlad Filip,vlad.filip@outlook.com,4,2,1575,2026-06-09
1447,Andrei Lupu,andrei.lupu@outlook.com,1,2,1424,2026-03-14
1448,Oana Voicu,oana.voicu@yahoo.com,4,3,1479,2026-03-09
1449,Robert Balan,robert.balan@gmail.com,8,4,1648,2026-06-29
1450,Sebastian Radu,sebastian.radu@yahoo.com,7,4,1651,2026-07-19
1451,Razvan Stan,razvan.stan@outlook.com,5,3,1554,2026-02-19
1452,Octavian Stan,octavian.stan@gmail.com,3,4,1673,2026-06-08
1453,Alexandra Enache,alexandra.enache@gmail.com,8,2,1566,2026-06-15
1454,Dragos Tudor,dragos.tudor3@outlook.com,8,4,1663,2026-05-26
1455,Raluca Barbu,raluca.barbu@yahoo.com,6,2,1409,2026-06-09
1456,Paul Cristea,paul.cristea@outlook.com,1,4,1611,2026-06-08
1457,Mihai Gheorghe,mihai.gheorghe2@outlook.com,9,2,1310,2026-07-05
1458,Razvan Tudor,razvan.tudor2@outlook.com,2,4,1728,2026-04-27
1459,Gabriel Bucur,gabriel.bucur2@yahoo.com,3,2,1346,2026-05-23
1460,Mihaela Manole,mihaela.manole@gmail.com,7,2,1371,2026-04-19
1461,Sebastian Filip,sebastian.filip@gmail.com,2,3,1507,2026-05-18
1462,Adrian Radu,adrian.radu2@yahoo.com,2,4,1863,2026-04-03
1463,Adrian Tudor,adrian.tudor@yahoo.com,9,2,1403,2026-05-07
1464,Vlad Iancu,vlad.iancu2@yahoo.com,3,3,1529,2026-07-20
1465,Adrian Toma,adrian.toma2@gmail.com,8,4,1631,2026-07-13
1466,Stefan Ilie,stefan.ilie@yahoo.com,6,2,1394,2026-04-30
1467,Paul Pintea,paul.pintea@outlook.com,4,3,1469,2026-05-17
1468,Laura Radu,laura.radu@yahoo.com,5,2,1402,2026-05-01
1469,Adrian Ilie,adrian.ilie@gmail.com,5,4,1666,2026-07-22
1470,Paul Barbu,paul.barbu2@outlook.com,9,4,1697,2026-04-22
1471,Bogdan Neagu,bogdan.neagu@outlook.com,1,4,2048,2026-03-01
1472,Dragos Stoica,dragos.stoica@outlook.com,7,2,1529,2026-05-31
1473,Sorin Petrescu,sorin.petrescu@outlook.com,2,3,1462,2026-07-02
1474,Daniel Popa,daniel.popa@gmail.com,5,3,1511,2026-05-25
1475,Catalin Manole,catalin.manole@outlook.com,6,4,1590,2026-07-04
1476,Diana Ionescu,diana.ionescu@gmail.com,3,3,1607,2026-05-02
1477,Stefan Balan,stefan.balan@outlook.com,1,1,1040,2026-04-25
1478,Dragos Toma,dragos.toma2@yahoo.com,5,5,1805,2026-06-10
1479,Victor Stan,victor.stan@gmail.com,5,3,1447,2026-07-11
1480,Stefan Ilie,stefan.ilie2@yahoo.com,4,2,1374,2026-04-07
1481,Simona Ionescu,simona.ionescu2@yahoo.com,10,2,1155,2026-07-13
1482,Simona Olaru,simona.olaru@yahoo.com,3,4,1671,2026-04-18
1483,Daniel Anghel,daniel.anghel@outlook.com,2,2,1099,2026-05-23
1484,Adrian Lupu,adrian.lupu@outlook.com,6,2,1453,2026-05-27
1485,Gabriel Neagu,gabriel.neagu@outlook.com,2,4,1673,2026-06-26
1486,Cristian Nistor,cristian.nistor@outlook.com,5,4,1725,2026-06-14
1487,Alexandru Stoica,alexandru.stoica@yahoo.com,3,2,1337,2026-06-30
1488,Stefan Filip,stefan.filip2@outlook.com,2,2,1169,2026-05-19
1489,Mihai Popa,mihai.popa@gmail.com,10,3,1326,2026-04-24
1490,Simona Filip,simona.filip@yahoo.com,1,2,1309,2026-05-03
1491,Dragos Diaconu,dragos.diaconu@outlook.com,3,2,1414,2026-06-23
1492,Gabriel Balan,gabriel.balan@gmail.com,6,5,1776,2026-06-14
1493,Marius Balan,marius.balan@yahoo.com,5,2,1419,2026-04-27
1494,Vlad Olaru,vlad.olaru@outlook.com,8,1,1077,2026-03-29
1495,Tudor Popa,tudor.popa3@outlook.com,2,4,1424,2026-03-31
1496,Razvan Marin,razvan.marin@yahoo.com,10,2,1422,2026-06-18
1497,Stefan Barbu,stefan.barbu@gmail.com,2,5,1802,2026-05-23
1498,Paul Ionescu,paul.ionescu2@outlook.com,6,3,1578,2026-07-11
1499,Robert Olaru,robert.olaru@yahoo.com,3,2,1508,2026-03-28
1500,Tudor Popescu,tudor.popescu2@outlook.com,6,2,1310,2026-07-12
1501,Gabriel Ilie,gabriel.ilie2@gmail.com,10,4,1757,2026-07-07
1502,Alexandru Serban,alexandru.serban2@yahoo.com,2,5,1913,2026-03-23
1503,Adrian Cristea,adrian.cristea@outlook.com,1,2,1499,2026-06-03
1504,Cristina Iancu,cristina.iancu@yahoo.com,5,3,1580,2026-05-07
1505,Tudor Toma,tudor.toma@gmail.com,4,2,1356,2026-06-09
1506,Cristian Popescu,cristian.popescu2@gmail.com,1,5,1838,2026-05-12
1507,Florin Lupu,florin.lupu@gmail.com,1,3,1536,2026-07-17
1508,Cristian Voicu,cristian.voicu@gmail.com,4,2,1493,2026-05-20
1509,Dragos Iancu,dragos.iancu2@yahoo.com,3,2,1618,2026-05-24
1510,Razvan Dobre,razvan.dobre@gmail.com,7,5,1830,2026-06-23
1511,Diana Pop,diana.pop@gmail.com,4,2,1168,2026-06-27
1512,Stefan Pintea,stefan.pintea2@yahoo.com,4,4,1700,2026-05-22
1513,Dragos Dobre,dragos.dobre2@outlook.com,4,2,1414,2026-06-13
1514,Sorin Constantin,sorin.constantin@gmail.com,1,5,1609,2026-07-18
1515,Catalin Radu,catalin.radu@gmail.com,3,3,1532,2026-07-04
1516,Teodora Pop,teodora.pop@outlook.com,3,2,1568,2026-06-06
1517,Paul Matei,paul.matei@gmail.com,5,3,1481,2026-06-25
1518,Raluca Voicu,raluca.voicu@yahoo.com,9,2,1323,2026-06-23
1519,Radu Balan,radu.balan2@gmail.com,4,4,1604,2026-04-25
1520,Mihaela Barbu,mihaela.barbu@yahoo.com,2,2,1293,2026-06-21
1521,Daniel Lupu,daniel.lupu@outlook.com,4,2,1125,2026-04-27
1522,Sebastian Olaru,sebastian.olaru4@outlook.com,2,4,1719,2026-04-01
1523,Marius Voicu,marius.voicu@yahoo.com,3,2,1398,2026-06-14
1524,Gabriel Ionescu,gabriel.ionescu@gmail.com,1,2,1296,2026-06-07
1525,Daniel Gheorghe,daniel.gheorghe@outlook.com,8,3,1444,2026-05-21
1526,Raluca Olaru,raluca.olaru@gmail.com,1,2,1350,2026-07-12
1527,Dragos Voicu,dragos.voicu@gmail.com,5,3,1586,2026-07-04
1528,Octavian Dumitru,octavian.dumitru2@yahoo.com,2,5,1729,2026-06-07
1529,Dragos Voicu,dragos.voicu2@gmail.com,5,3,1472,2026-04-29
1530,Tudor Grigore,tudor.grigore2@outlook.com,8,3,1662,2026-03-03
1531,Octavian Manole,octavian.manole@gmail.com,4,2,1196,2026-05-24
1532,Sebastian Ionescu,sebastian.ionescu@yahoo.com,10,2,1271,2026-07-07
1533,Adriana Rusu,adriana.rusu@yahoo.com,9,2,1421,2026-02-19
1534,Cristian Munteanu,cristian.munteanu@outlook.com,2,2,1192,2026-05-27
1535,Paul Voicu,paul.voicu3@gmail.com,1,4,1592,2026-05-29
1536,Marius Anghel,marius.anghel@yahoo.com,5,5,1949,2026-03-07
1537,Robert Dumitru,robert.dumitru@yahoo.com,8,2,1235,2026-07-19
1538,Bogdan Stoica,bogdan.stoica@outlook.com,3,2,1456,2026-06-28
1539,Mihaela Anghel,mihaela.anghel@outlook.com,4,1,1345,2026-07-17
1540,Marius Cojocaru,marius.cojocaru@outlook.com,2,4,1603,2026-05-31
1541,Cristian Rusu,cristian.rusu2@yahoo.com,4,2,1451,2026-06-11
1542,Marius Pintea,marius.pintea@yahoo.com,7,3,1562,2026-06-30
1543,Teodora Popescu,teodora.popescu@yahoo.com,2,2,1379,2026-06-13
1544,Laura Olaru,laura.olaru@outlook.com,10,4,1616,2026-02-23
1545,Sebastian Pop,sebastian.pop@outlook.com,7,2,1511,2026-04-20
1546,Catalin Olaru,catalin.olaru@gmail.com,5,1,1042,2026-04-09
1547,Catalin Lupu,catalin.lupu2@outlook.com,4,2,1295,2026-05-12
1548,Alexandru Gheorghe,alexandru.gheorghe@gmail.com,2,2,1420,2026-04-23
1549,Gabriel Anghel,gabriel.anghel2@yahoo.com,1,5,1864,2026-04-24
1550,Octavian Balan,octavian.balan@outlook.com,9,5,1921,2026-05-06
1551,Bogdan Bucur,bogdan.bucur@gmail.com,2,5,1861,2026-03-06
1552,Vlad Gheorghe,vlad.gheorghe@outlook.com,6,3,1484,2026-02-27
1553,Ioana Gheorghe,ioana.gheorghe@gmail.com,5,4,1474,2026-06-08
1554,Victor Rusu,victor.rusu@outlook.com,6,1,1287,2026-07-16
1555,Paul Cojocaru,paul.cojocaru@yahoo.com,3,3,1657,2026-05-22
1556,Mihaela Matei,mihaela.matei@gmail.com,8,3,1450,2026-03-28
1557,Diana Manole,diana.manole2@yahoo.com,4,4,1672,2026-06-26
1558,Andrei Ionescu,andrei.ionescu2@yahoo.com,6,2,1612,2026-07-12
1559,Stefan Stan,stefan.stan2@outlook.com,6,2,1342,2026-06-19
1560,Marius Munteanu,marius.munteanu@gmail.com,3,4,1671,2026-06-06
1561,Tudor Cristea,tudor.cristea@outlook.com,2,3,1529,2026-04-23
1562,Simona Popescu,simona.popescu2@outlook.com,7,5,1812,2026-07-21
1563,Mihaela Dobre,mihaela.dobre@gmail.com,6,4,1641,2026-04-30
1564,Cristian Ilie,cristian.ilie@outlook.com,1,3,1483,2026-06-12
1565,Sebastian Toma,sebastian.toma@gmail.com,1,3,1483,2026-07-04
1566,Gabriel Stan,gabriel.stan@gmail.com,2,5,1959,2026-04-23
1567,Florin Filip,florin.filip2@yahoo.com,2,1,1428,2026-07-21
1568,Adriana Nistor,adriana.nistor2@gmail.com,5,5,1899,2026-03-19
1569,Dragos Dumitru,dragos.dumitru@yahoo.com,3,2,1288,2026-06-21
1570,Georgiana Pop,georgiana.pop@outlook.com,6,2,1343,2026-04-04
1571,Daniel Iancu,daniel.iancu@gmail.com,6,1,1357,2026-07-01
1572,Ionut Ilie,ionut.ilie@outlook.com,2,1,1410,2026-03-25
1573,Daniel Diaconu,daniel.diaconu@gmail.com,3,2,1309,2026-06-08
1574,Vlad Munteanu,vlad.munteanu3@outlook.com,5,4,1751,2026-02-18
1575,Marius Diaconu,marius.diaconu2@outlook.com,8,2,1222,2026-04-08
1576,Andrei Balan,andrei.balan@yahoo.com,6,4,1763,2026-06-26
1577,Catalin Filip,catalin.filip@gmail.com,9,3,1549,2026-06-18
1578,Adriana Rusu,adriana.rusu@outlook.com,3,2,1412,2026-05-30
1579,Bianca Enache,bianca.enache@gmail.com,7,2,1418,2026-02-15
1580,Bogdan Stoica,bogdan.stoica2@gmail.com,3,5,2038,2026-06-20
1581,Adrian Munteanu,adrian.munteanu2@yahoo.com,2,4,1714,2026-04-29
1582,Sorin Voicu,sorin.voicu@outlook.com,4,3,1528,2026-07-21
1583,Alexandru Grigore,alexandru.grigore2@yahoo.com,7,2,1283,2026-03-30
1584,Victor Manole,victor.manole@yahoo.com,1,2,1246,2026-07-01
1585,Florin Serban,florin.serban2@outlook.com,6,2,1182,2026-06-27
1586,Diana Manole,diana.manole2@gmail.com,2,2,1316,2026-06-30
1587,Ioana Barbu,ioana.barbu@outlook.com,3,3,1564,2026-05-02
1588,Georgiana Tudor,georgiana.tudor@outlook.com,1,4,1777,2026-06-14
1589,Paul Constantin,paul.constantin@gmail.com,2,3,1527,2026-06-27
1590,Andreea Rusu,andreea.rusu@gmail.com,2,5,1657,2026-05-23
1591,Bogdan Serban,bogdan.serban2@yahoo.com,1,2,1161,2026-06-02
1592,Radu Iancu,radu.iancu@outlook.com,1,3,1520,2026-03-04
1593,Andrei Bucur,andrei.bucur2@gmail.com,1,2,1515,2026-03-09
1594,Bogdan Pop,bogdan.pop2@gmail.com,3,4,1770,2026-07-01
1595,Victor Petrescu,victor.petrescu2@gmail.com,1,4,1630,2026-07-20
1596,Andrei Olaru,andrei.olaru@outlook.com,6,4,1761,2026-06-20
1597,Maria Marin,maria.marin@outlook.com,4,2,1243,2026-05-14
1598,Oana Grigore,oana.grigore@outlook.com,2,3,1452,2026-05-31
1599,Alexandru Olaru,alexandru.olaru@outlook.com,4,3,1283,2026-02-06
1600,Mihaela Munteanu,mihaela.munteanu@gmail.com,8,2,1324,2026-06-01
1601,Radu Stoica,radu.stoica@yahoo.com,8,2,1404,2026-04-05
1602,Diana Rusu,diana.rusu@gmail.com,4,5,1625,2026-04-07
1603,Diana Vasile,diana.vasile2@gmail.com,2,3,1450,2026-02-22
1604,Octavian Dumitru,octavian.dumitru3@yahoo.com,6,4,1645,2026-07-20
1605,Andreea Petrescu,andreea.petrescu@gmail.com,3,2,1480,2026-05-29
1606,Octavian Marin,octavian.marin@yahoo.com,1,4,1749,2026-04-30
1607,Cristina Pop,cristina.pop@yahoo.com,4,3,1477,2026-07-04
1608,Oana Rusu,oana.rusu@yahoo.com,6,2,1293,2026-03-05
1609,Stefan Anghel,stefan.anghel@outlook.com,4,2,1276,2026-02-27
1610,Daniel Stoica,daniel.stoica@gmail.com,2,2,1291,2026-07-21
1611,Razvan Stan,razvan.stan2@yahoo.com,4,2,1261,2026-03-13
1612,Oana Enache,oana.enache@outlook.com,9,4,1725,2026-06-30
1613,Florin Dumitru,florin.dumitru2@yahoo.com,6,3,1542,2026-04-23
1614,Cristina Diaconu,cristina.diaconu@gmail.com,6,2,1414,2026-03-27
1615,Larisa Vasile,larisa.vasile@outlook.com,6,2,1285,2026-05-10
1616,Larisa Munteanu,larisa.munteanu@outlook.com,2,3,1578,2026-07-17
1617,Catalin Matei,catalin.matei@outlook.com,8,3,1507,2026-05-03
1618,Marius Pop,marius.pop@yahoo.com,7,2,1272,2026-02-02
1619,Ionut Barbu,ionut.barbu2@gmail.com,1,4,1605,2026-06-02
1620,Alexandru Serban,alexandru.serban@yahoo.com,1,3,1495,2026-05-02
1621,Daniel Balan,daniel.balan@outlook.com,4,3,1549,2026-02-09
1622,Daniel Cojocaru,daniel.cojocaru@gmail.com,2,2,1377,2026-06-20
1623,Bogdan Dobre,bogdan.dobre@gmail.com,2,2,1269,2026-06-26
1624,Marius Matei,marius.matei2@outlook.com,7,2,1372,2026-06-21
1625,Robert Tudor,robert.tudor2@yahoo.com,9,2,1286,2026-07-10
1626,Cristian Matei,cristian.matei@gmail.com,6,3,1203,2026-05-16
1627,Mihai Rusu,mihai.rusu@outlook.com,8,2,1445,2026-05-14
1628,Cristian Bucur,cristian.bucur@outlook.com,4,5,1788,2026-06-14
1629,Ionut Sandu,ionut.sandu@gmail.com,8,5,1936,2026-07-01
1630,Dragos Toma,dragos.toma2@outlook.com,1,2,1354,2026-06-06
1631,Bianca Tudor,bianca.tudor@gmail.com,2,5,1884,2026-02-25
1632,Ioana Popescu,ioana.popescu@yahoo.com,4,4,1662,2026-06-08
1633,Raluca Stoica,raluca.stoica@yahoo.com,4,2,1326,2026-03-08
1634,Stefan Stan,stefan.stan2@gmail.com,6,3,1501,2026-03-23
1635,Diana Munteanu,diana.munteanu@gmail.com,1,3,1577,2026-06-06
1636,Dragos Ionescu,dragos.ionescu2@yahoo.com,2,3,1238,2026-06-20
1637,Marius Munteanu,marius.munteanu2@outlook.com,8,3,1507,2026-07-17
1638,Radu Matei,radu.matei2@gmail.com,6,2,1284,2026-07-14
1639,Robert Toma,robert.toma2@yahoo.com,1,3,1436,2026-07-16
1640,Elena Barbu,elena.barbu@gmail.com,7,2,1459,2026-06-20
1641,Razvan Radu,razvan.radu@outlook.com,1,3,1498,2026-07-14
1642,Adriana Bucur,adriana.bucur@yahoo.com,1,2,1122,2026-07-07
1643,Paul Neagu,paul.neagu@gmail.com,4,3,1492,2026-07-02
1644,Vlad Popa,vlad.popa@yahoo.com,1,2,1250,2026-03-11
1645,Sorin Matei,sorin.matei@gmail.com,5,3,1521,2026-04-10
1646,Oana Ionescu,oana.ionescu@outlook.com,2,5,1719,2026-05-12
1647,Gabriel Olaru,gabriel.olaru@gmail.com,6,3,1512,2026-07-09
1648,Robert Voicu,robert.voicu@yahoo.com,9,2,1242,2026-07-02
1649,Teodora Petrescu,teodora.petrescu@yahoo.com,9,2,1287,2026-07-04
1650,Alexandru Anghel,alexandru.anghel@gmail.com,4,2,1421,2026-06-21
1651,Sorin Cristea,sorin.cristea@yahoo.com,1,4,1721,2026-07-07
1652,Robert Petrescu,robert.petrescu@outlook.com,10,2,1420,2026-05-25
1653,Florin Munteanu,florin.munteanu2@gmail.com,7,3,1597,2026-05-05
1654,Radu Sandu,radu.sandu@gmail.com,8,4,1691,2026-07-09
1655,Daniel Filip,daniel.filip@yahoo.com,2,4,1665,2026-06-09
1656,Stefan Pintea,stefan.pintea2@outlook.com,8,4,1596,2026-03-26
1657,Adrian Sandu,adrian.sandu3@outlook.com,5,2,1286,2026-05-31
1658,Gabriel Balan,gabriel.balan2@gmail.com,9,5,1767,2026-05-13
1659,Andrei Radu,andrei.radu@outlook.com,3,3,1530,2026-06-17
1660,Bogdan Vasile,bogdan.vasile2@yahoo.com,10,2,1523,2026-06-08
1661,Sebastian Diaconu,sebastian.diaconu@outlook.com,6,3,1377,2026-05-27
1662,Mihai Pintea,mihai.pintea@gmail.com,4,2,1146,2026-06-28
1663,Vlad Neagu,vlad.neagu@outlook.com,1,4,1679,2026-03-01
1664,Victor Pintea,victor.pintea2@gmail.com,4,3,1614,2026-05-14
1665,Larisa Marin,larisa.marin@gmail.com,10,3,1335,2026-07-13
1666,Anca Manole,anca.manole@outlook.com,3,2,1446,2026-07-24
1667,Bogdan Petrescu,bogdan.petrescu@outlook.com,5,2,1358,2026-06-29
1668,Gabriel Sandu,gabriel.sandu@outlook.com,4,4,1696,2026-05-22
1669,Mihaela Moldovan,mihaela.moldovan@outlook.com,2,3,1438,2026-05-07
1670,Andreea Lupu,andreea.lupu@gmail.com,6,3,1456,2026-05-22
1671,Victor Enache,victor.enache@yahoo.com,7,3,1592,2026-05-12
1672,Paul Stoica,paul.stoica2@gmail.com,5,2,1337,2026-04-05
1673,Radu Dobre,radu.dobre@yahoo.com,2,2,1483,2026-05-31
1674,Cristina Manole,cristina.manole2@gmail.com,8,3,1479,2026-07-20
1675,Vlad Nistor,vlad.nistor@gmail.com,3,5,1896,2026-06-28
1676,Daniel Popa,daniel.popa2@outlook.com,10,5,1870,2026-03-24
1677,Catalin Bucur,catalin.bucur@gmail.com,7,2,1285,2026-03-15
1678,Victor Neagu,victor.neagu@gmail.com,1,3,1642,2026-07-07
1679,Marius Serban,marius.serban@yahoo.com,6,2,1539,2026-07-15
1680,Larisa Anghel,larisa.anghel@gmail.com,4,3,1469,2026-04-30
1681,Razvan Bucur,razvan.bucur2@gmail.com,2,3,1733,2026-04-20
1682,Bianca Serban,bianca.serban@gmail.com,1,2,1400,2026-06-04
1683,Vlad Radu,vlad.radu2@outlook.com,5,3,1432,2026-02-14
1684,Victor Lupu,victor.lupu@outlook.com,6,3,1588,2026-07-21
1685,Robert Barbu,robert.barbu2@yahoo.com,7,4,1727,2026-02-21
1686,Gabriel Voicu,gabriel.voicu2@yahoo.com,5,4,1691,2026-03-26
1687,Mihai Iancu,mihai.iancu2@yahoo.com,1,5,2071,2026-02-15
1688,Andrei Balan,andrei.balan2@gmail.com,2,2,1535,2026-05-16
1689,Florin Gheorghe,florin.gheorghe@gmail.com,5,1,1392,2026-02-27
1690,Gabriel Gheorghe,gabriel.gheorghe@outlook.com,6,3,1536,2026-07-02
1691,Mihaela Ilie,mihaela.ilie@yahoo.com,5,1,1179,2026-04-05
1692,Ionut Balan,ionut.balan@yahoo.com,8,5,1625,2026-07-13
1693,Larisa Barbu,larisa.barbu@outlook.com,4,3,1431,2026-06-04
1694,Catalin Lupu,catalin.lupu2@gmail.com,3,2,1131,2026-07-12
1695,Victor Sandu,victor.sandu2@outlook.com,9,3,1470,2026-05-27
1696,Bogdan Barbu,bogdan.barbu2@yahoo.com,1,4,1739,2026-06-06
1697,Gabriel Serban,gabriel.serban@outlook.com,6,2,1265,2026-04-27
1698,Paul Bucur,paul.bucur2@outlook.com,9,2,1258,2026-06-18
1699,Raluca Lupu,raluca.lupu@gmail.com,3,4,1762,2026-06-30
1700,Sebastian Munteanu,sebastian.munteanu2@outlook.com,4,5,2024,2026-02-06
1701,Ionut Matei,ionut.matei@outlook.com,6,3,1509,2026-04-13
1702,Dragos Anghel,dragos.anghel2@outlook.com,6,3,1482,2026-03-10
1703,Victor Popescu,victor.popescu@outlook.com,5,3,1201,2026-03-19
1704,Ionut Voicu,ionut.voicu@outlook.com,8,4,1729,2026-06-12
1705,Elena Pop,elena.pop2@outlook.com,5,3,1437,2026-03-14
1706,Daniel Lupu,daniel.lupu2@outlook.com,6,1,1331,2026-07-01
1707,Vlad Olaru,vlad.olaru@gmail.com,6,2,1363,2026-05-19
1708,Octavian Stoica,octavian.stoica@yahoo.com,4,4,1811,2026-02-25
1709,Adrian Cristea,adrian.cristea@gmail.com,3,3,1475,2026-07-05
1710,Ionut Sandu,ionut.sandu2@yahoo.com,2,2,1378,2026-02-18
1711,Florin Marin,florin.marin3@outlook.com,6,1,1122,2026-07-13
1712,Larisa Popescu,larisa.popescu@outlook.com,1,1,1373,2026-06-01
1713,Cristian Olaru,cristian.olaru@gmail.com,8,4,1555,2026-05-28
1714,Oana Vasile,oana.vasile@gmail.com,10,5,1804,2026-06-25
1715,Tudor Toma,tudor.toma@outlook.com,6,5,1867,2026-04-11
1716,Andrei Manole,andrei.manole@yahoo.com,9,2,1250,2026-06-08
1717,Octavian Pintea,octavian.pintea2@outlook.com,3,3,1436,2026-05-27
1718,Raluca Ionescu,raluca.ionescu@gmail.com,7,2,1394,2026-07-23
1719,Alexandru Iancu,alexandru.iancu2@gmail.com,8,5,1810,2026-06-29
1720,Cristina Neagu,cristina.neagu@gmail.com,9,4,1648,2026-04-24
1721,Paul Serban,paul.serban@outlook.com,2,4,1657,2026-03-11
1722,Marius Dobre,marius.dobre@yahoo.com,9,3,1578,2026-07-05
1723,Larisa Neagu,larisa.neagu@outlook.com,2,3,1559,2026-04-15
1724,Ionut Nistor,ionut.nistor@yahoo.com,9,4,1725,2026-03-10
1725,Razvan Pintea,razvan.pintea@yahoo.com,8,2,1336,2026-07-23
1726,Cristian Matei,cristian.matei3@gmail.com,6,4,1609,2026-07-13
1727,Vlad Ilie,vlad.ilie@yahoo.com,4,4,1650,2026-05-18
1728,Alexandru Balan,alexandru.balan@outlook.com,7,2,1405,2026-06-30
1729,Catalin Sandu,catalin.sandu@outlook.com,2,4,1479,2026-07-14
1730,Dragos Olaru,dragos.olaru2@yahoo.com,6,2,1326,2026-06-01
1731,Razvan Gheorghe,razvan.gheorghe@yahoo.com,2,3,1575,2026-06-06
1732,Alexandru Olaru,alexandru.olaru@gmail.com,7,3,1591,2026-05-20
1733,Adrian Munteanu,adrian.munteanu3@gmail.com,1,2,1279,2026-07-12
1734,Laura Bucur,laura.bucur@yahoo.com,3,3,1397,2026-06-30
1735,Roxana Moldovan,roxana.moldovan@yahoo.com,2,2,1414,2026-05-17
1736,Catalin Neagu,catalin.neagu@yahoo.com,9,3,1608,2026-03-02
1737,Vlad Cojocaru,vlad.cojocaru2@gmail.com,2,2,1545,2026-04-03
1738,Tudor Cojocaru,tudor.cojocaru@gmail.com,10,5,1898,2026-03-06
1739,Tudor Balan,tudor.balan2@outlook.com,2,3,1625,2026-05-29
1740,Catalin Rusu,catalin.rusu@gmail.com,5,3,1489,2026-07-06
1741,Andreea Iancu,andreea.iancu@outlook.com,5,3,1597,2026-04-21
1742,Razvan Stan,razvan.stan@gmail.com,8,2,1363,2026-07-12
1743,Simona Toma,simona.toma@outlook.com,3,3,1642,2026-07-23
1744,Raluca Tudor,raluca.tudor@outlook.com,5,5,1789,2026-05-05
1745,Catalin Munteanu,catalin.munteanu@gmail.com,4,2,1419,2026-07-07
1746,Stefan Bucur,stefan.bucur2@outlook.com,4,2,1399,2026-07-23
1747,Catalin Petrescu,catalin.petrescu2@outlook.com,1,3,1534,2026-04-14
1748,Diana Marin,diana.marin@yahoo.com,10,3,1555,2026-02-11
1749,Marius Munteanu,marius.munteanu3@gmail.com,4,4,1677,2026-06-29
1750,Sebastian Dobre,sebastian.dobre@outlook.com,6,4,1656,2026-07-16
1751,Bianca Serban,bianca.serban2@outlook.com,8,1,1113,2026-03-29
1752,Gabriel Lupu,gabriel.lupu@outlook.com,5,4,1646,2026-02-14
1753,Anca Filip,anca.filip@yahoo.com,1,4,1682,2026-05-07
1754,Roxana Stan,roxana.stan@outlook.com,1,3,1661,2026-05-17
1755,Bogdan Voicu,bogdan.voicu@gmail.com,10,3,1455,2026-07-10
1756,Paul Enache,paul.enache@yahoo.com,1,4,1805,2026-03-08
1757,Vlad Dumitru,vlad.dumitru@gmail.com,5,3,1588,2026-06-09
1758,Teodora Popa,teodora.popa@gmail.com,4,2,1314,2026-03-08
1759,Paul Dumitru,paul.dumitru2@gmail.com,8,2,1429,2026-05-11
1760,Teodora Popescu,teodora.popescu2@gmail.com,2,3,1614,2026-05-11
1761,Simona Cojocaru,simona.cojocaru@yahoo.com,5,3,1568,2026-03-11
1762,Radu Pop,radu.pop@gmail.com,1,1,1448,2026-02-25
1763,Octavian Sandu,octavian.sandu2@yahoo.com,1,2,1423,2026-04-25
1764,Larisa Manole,larisa.manole@outlook.com,8,2,1527,2026-07-14
1765,Anca Lupu,anca.lupu@gmail.com,8,3,1588,2026-07-06
1766,Tudor Moldovan,tudor.moldovan@yahoo.com,7,2,1210,2026-02-18
1767,Paul Tudor,paul.tudor@outlook.com,6,5,1846,2026-07-08
1768,Victor Neagu,victor.neagu@outlook.com,3,5,1843,2026-07-03
1769,Octavian Sandu,octavian.sandu@yahoo.com,5,3,1280,2026-06-12
1770,Larisa Dobre,larisa.dobre@gmail.com,9,3,1448,2026-06-16
1771,Sorin Pintea,sorin.pintea2@yahoo.com,10,2,1247,2026-02-10
1772,Octavian Marin,octavian.marin@gmail.com,1,3,1597,2026-07-14
1773,Mihai Dobre,mihai.dobre@outlook.com,1,4,1680,2026-03-26
1774,Catalin Constantin,catalin.constantin@gmail.com,5,4,1732,2026-06-26
1775,Mihaela Iancu,mihaela.iancu@gmail.com,2,3,1518,2026-05-15
1776,Laura Filip,laura.filip@outlook.com,1,3,1519,2026-07-10
1777,Raluca Pop,raluca.pop@gmail.com,2,2,1133,2026-04-20
1778,Victor Enache,victor.enache2@yahoo.com,5,2,1285,2026-06-30
1779,Andrei Marin,andrei.marin@gmail.com,2,5,1986,2026-06-27
1780,Cristina Dumitru,cristina.dumitru@outlook.com,10,2,1289,2026-07-07
1781,Gabriel Enache,gabriel.enache@yahoo.com,5,2,1215,2026-05-06
1782,Gabriel Cojocaru,gabriel.cojocaru@outlook.com,7,2,1304,2026-05-14
1783,Tudor Stan,tudor.stan@gmail.com,4,2,1539,2026-06-28
1784,Adrian Barbu,adrian.barbu@outlook.com,6,3,1573,2026-06-27
1785,Vlad Moldovan,vlad.moldovan@gmail.com,1,3,1383,2026-07-12
1786,Mihai Munteanu,mihai.munteanu2@outlook.com,1,3,1592,2026-06-14
1787,Adriana Gheorghe,adriana.gheorghe@yahoo.com,3,4,1435,2026-07-05
1788,Alexandra Enache,alexandra.enache@yahoo.com,8,4,1740,2026-03-15
1789,Victor Filip,victor.filip@yahoo.com,1,5,1770,2026-03-31
1790,Octavian Constantin,octavian.constantin@gmail.com,6,4,1706,2026-07-16
1791,Adrian Marin,adrian.marin@yahoo.com,2,2,1151,2026-04-07
1792,Victor Sandu,victor.sandu@yahoo.com,1,3,1602,2026-03-30
1793,Sebastian Ilie,sebastian.ilie@yahoo.com,2,2,1246,2026-07-17
1794,Alexandru Serban,alexandru.serban@outlook.com,1,2,1530,2026-06-12
1795,Daniel Dobre,daniel.dobre@outlook.com,2,3,1493,2026-06-19
1796,Vlad Gheorghe,vlad.gheorghe@gmail.com,4,3,1489,2026-04-28
1797,Daniel Cojocaru,daniel.cojocaru2@yahoo.com,2,3,1262,2026-07-19
1798,Alexandru Anghel,alexandru.anghel2@gmail.com,2,4,1581,2026-07-02
1799,Marius Matei,marius.matei@outlook.com,2,1,1033,2026-07-01
1800,Vlad Rusu,vlad.rusu3@outlook.com,6,2,1345,2026-07-16
1801,Alexandra Cristea,alexandra.cristea@yahoo.com,5,2,1361,2026-04-06
1802,Victor Constantin,victor.constantin2@yahoo.com,5,3,1643,2026-06-28
1803,Robert Dumitru,robert.dumitru@gmail.com,1,2,1371,2026-04-17
1804,Simona Sandu,simona.sandu@yahoo.com,7,3,1486,2026-04-08
1805,Bogdan Pintea,bogdan.pintea@yahoo.com,5,4,1765,2026-07-13
1806,Paul Stan,paul.stan@yahoo.com,8,2,1379,2026-05-08
1807,Adrian Iancu,adrian.iancu@yahoo.com,4,2,1363,2026-04-03
1808,Razvan Constantin,razvan.constantin@gmail.com,1,3,1619,2026-03-18
1809,Robert Munteanu,robert.munteanu@outlook.com,7,2,1405,2026-07-11
1810,Adrian Barbu,adrian.barbu2@yahoo.com,2,5,1998,2026-03-17
1811,Stefan Enache,stefan.enache2@outlook.com,2,2,1377,2026-06-22
1812,Radu Balan,radu.balan2@yahoo.com,8,4,1623,2026-05-21
1813,Cristian Constantin,cristian.constantin@yahoo.com,2,4,1731,2026-05-29
1814,Adriana Popescu,adriana.popescu@yahoo.com,10,2,1361,2026-04-18
1815,Teodora Dumitru,teodora.dumitru@outlook.com,3,5,1638,2026-05-18
1816,Sebastian Ilie,sebastian.ilie@outlook.com,1,1,1282,2026-06-23
1817,Bogdan Sandu,bogdan.sandu@gmail.com,7,4,1649,2026-05-12
1818,Catalin Petrescu,catalin.petrescu2@yahoo.com,5,3,1486,2026-04-02
1819,Paul Sandu,paul.sandu@yahoo.com,5,1,1383,2026-05-24
1820,Bianca Tudor,bianca.tudor2@yahoo.com,4,1,1278,2026-02-18
1821,Tudor Neagu,tudor.neagu@yahoo.com,2,4,1645,2026-06-02
1822,Dragos Olaru,dragos.olaru@outlook.com,1,1,1265,2026-05-27
1823,Alexandra Pop,alexandra.pop@outlook.com,9,2,1273,2026-05-27
1824,Cristian Iancu,cristian.iancu2@gmail.com,9,4,1623,2026-07-21
1825,Ioana Vasile,ioana.vasile@gmail.com,6,3,1506,2026-02-22
1826,Tudor Cojocaru,tudor.cojocaru@outlook.com,1,2,1265,2026-04-30
1827,Sorin Munteanu,sorin.munteanu2@outlook.com,9,3,1280,2026-07-12
1828,Diana Ilie,diana.ilie@outlook.com,4,2,1192,2026-06-25
1829,Andrei Balan,andrei.balan@gmail.com,1,4,1446,2026-04-03
1830,Paul Vasile,paul.vasile@outlook.com,5,4,1669,2026-04-10
1831,Marius Popa,marius.popa@outlook.com,7,1,1435,2026-05-14
1832,Daniel Popa,daniel.popa2@yahoo.com,9,2,1322,2026-05-24
1833,Teodora Gheorghe,teodora.gheorghe@yahoo.com,10,4,1484,2026-03-23
1834,Ioana Anghel,ioana.anghel@outlook.com,7,3,1178,2026-03-15
1835,Florin Nistor,florin.nistor@yahoo.com,8,4,1666,2026-07-19
1836,Andrei Balan,andrei.balan2@yahoo.com,1,2,1248,2026-03-31
1837,Tudor Stan,tudor.stan@yahoo.com,3,4,1584,2026-03-10
1838,Victor Cojocaru,victor.cojocaru@outlook.com,8,2,1425,2026-06-21
1839,Mihai Barbu,mihai.barbu@yahoo.com,3,2,1407,2026-02-22
1840,Mihai Neagu,mihai.neagu@gmail.com,5,2,1371,2026-05-29
1841,Cristian Nistor,cristian.nistor@yahoo.com,3,3,1513,2026-07-23
1842,Ioana Barbu,ioana.barbu2@yahoo.com,6,5,1829,2026-06-29
1843,Paul Voicu,paul.voicu2@gmail.com,2,3,1464,2026-06-26
1844,Georgiana Serban,georgiana.serban@outlook.com,1,3,1607,2026-05-27
1845,Stefan Nistor,stefan.nistor@yahoo.com,3,2,1204,2026-03-12
1846,Stefan Dobre,stefan.dobre@yahoo.com,7,2,1196,2026-07-12
1847,Victor Neagu,victor.neagu3@gmail.com,3,4,1733,2026-07-16
1848,Georgiana Barbu,georgiana.barbu@outlook.com,5,5,1816,2026-07-09
1849,Andrei Pop,andrei.pop@outlook.com,3,4,1991,2026-05-01
1850,Stefan Popa,stefan.popa2@outlook.com,10,3,1378,2026-06-18
1851,Bianca Barbu,bianca.barbu@gmail.com,8,3,1627,2026-06-23
1852,Sebastian Pintea,sebastian.pintea2@yahoo.com,1,3,1578,2026-06-10
1853,Vlad Bucur,vlad.bucur@outlook.com,3,2,1355,2026-05-28
1854,Dragos Sandu,dragos.sandu2@yahoo.com,9,2,1234,2026-03-02
1855,Alexandru Grigore,alexandru.grigore2@outlook.com,7,1,1007,2026-07-11
1856,Laura Popescu,laura.popescu2@yahoo.com,10,3,1539,2026-04-06
1857,Cristian Olaru,cristian.olaru@yahoo.com,5,4,1657,2026-07-17
1858,Teodora Filip,teodora.filip@yahoo.com,7,3,1608,2026-02-19
1859,Paul Serban,paul.serban@gmail.com,1,2,1392,2026-07-04
1860,Alexandru Cristea,alexandru.cristea@yahoo.com,9,4,1709,2026-07-01
1861,Daniel Tudor,daniel.tudor@yahoo.com,5,3,1511,2026-04-13
1862,Sebastian Iancu,sebastian.iancu@gmail.com,7,1,1361,2026-04-21
1863,Octavian Vasile,octavian.vasile2@yahoo.com,3,5,1786,2026-04-17
1864,Mihai Olaru,mihai.olaru2@yahoo.com,2,2,1211,2026-03-26
1865,Anca Vasile,anca.vasile@yahoo.com,9,3,1464,2026-04-05
1866,Bogdan Popescu,bogdan.popescu@gmail.com,5,3,1673,2026-06-03
1867,Marius Barbu,marius.barbu@outlook.com,1,1,950,2026-06-18
1868,Sebastian Stoica,sebastian.stoica2@outlook.com,2,2,1166,2026-06-22
1869,Cristina Toma,cristina.toma@gmail.com,7,4,1707,2026-05-13
1870,Mihaela Ionescu,mihaela.ionescu@gmail.com,1,5,1903,2026-03-02
1871,Sebastian Rusu,sebastian.rusu@outlook.com,9,3,1481,2026-06-05
1872,Catalin Anghel,catalin.anghel2@yahoo.com,5,4,1760,2026-06-13
1873,Oana Matei,oana.matei@outlook.com,6,2,1361,2026-05-18
1874,Adrian Pintea,adrian.pintea@gmail.com,1,1,1071,2026-06-06
1875,Radu Marin,radu.marin@gmail.com,10,4,1587,2026-04-03
1876,Bogdan Dumitru,bogdan.dumitru2@yahoo.com,3,1,1276,2026-05-11
1877,Marius Grigore,marius.grigore@gmail.com,10,2,1428,2026-07-02
1878,Dragos Marin,dragos.marin2@yahoo.com,9,3,1603,2026-04-24
1879,Maria Iancu,maria.iancu@yahoo.com,10,4,1603,2026-07-13
1880,Daniel Manole,daniel.manole@yahoo.com,8,3,1481,2026-07-17
1881,Ionut Filip,ionut.filip@outlook.com,1,1,1354,2026-05-14
1882,Paul Munteanu,paul.munteanu@gmail.com,3,3,1486,2026-06-30
1883,Sorin Munteanu,sorin.munteanu2@yahoo.com,8,2,1556,2026-04-19
1884,Sorin Nistor,sorin.nistor@yahoo.com,4,2,1427,2026-03-12
1885,Alexandru Neagu,alexandru.neagu@yahoo.com,8,4,1600,2026-06-28
1886,Dragos Dobre,dragos.dobre2@gmail.com,5,4,1820,2026-01-30
1887,Gabriel Tudor,gabriel.tudor2@gmail.com,6,2,1316,2026-05-01
1888,Vlad Iancu,vlad.iancu2@gmail.com,5,3,1523,2026-05-04
1889,Ionut Radu,ionut.radu2@gmail.com,7,5,1892,2026-06-04
1890,Tudor Popa,tudor.popa2@outlook.com,1,3,1516,2026-04-04
1891,Cristian Pop,cristian.pop@yahoo.com,6,4,1855,2026-06-14
1892,Bogdan Dumitru,bogdan.dumitru2@outlook.com,9,2,1465,2026-07-05
1893,Anca Ionescu,anca.ionescu@outlook.com,8,4,1669,2026-07-12
1894,Ioana Munteanu,ioana.munteanu@gmail.com,2,3,1609,2026-03-08
1895,Andrei Iancu,andrei.iancu2@yahoo.com,9,3,1472,2026-07-19
1896,Catalin Filip,catalin.filip@outlook.com,9,3,1496,2026-06-23
1897,Laura Munteanu,laura.munteanu2@gmail.com,10,4,1756,2026-02-22
1898,Marius Balan,marius.balan2@gmail.com,5,3,1547,2026-06-07
1899,Catalin Dobre,catalin.dobre@yahoo.com,8,4,1676,2026-07-06
1900,Sorin Rusu,sorin.rusu2@gmail.com,5,3,1527,2026-06-08
1901,Sorin Rusu,sorin.rusu2@outlook.com,6,3,1502,2026-02-24
1902,Gabriel Rusu,gabriel.rusu2@gmail.com,3,1,1408,2026-06-28
1903,Gabriel Manole,gabriel.manole2@outlook.com,2,2,1222,2026-05-17
1904,Cristina Bucur,cristina.bucur@yahoo.com,8,2,1387,2026-07-02
1905,Andreea Voicu,andreea.voicu@outlook.com,5,4,1775,2026-07-23
1906,Georgiana Serban,georgiana.serban2@yahoo.com,7,2,1169,2026-02-20
1907,Catalin Olaru,catalin.olaru2@outlook.com,3,2,1246,2026-05-03
1908,Florin Neagu,florin.neagu2@yahoo.com,9,3,1303,2026-06-08
1909,Tudor Filip,tudor.filip@gmail.com,5,3,1529,2026-06-04
1910,Gabriel Diaconu,gabriel.diaconu@yahoo.com,9,4,1574,2026-04-20
1911,Radu Barbu,radu.barbu@gmail.com,8,4,1708,2026-06-22
1912,Mihai Matei,mihai.matei@outlook.com,5,2,1498,2026-05-30
1913,Victor Moldovan,victor.moldovan@yahoo.com,5,3,1625,2026-06-17
1914,Sorin Toma,sorin.toma3@outlook.com,8,4,1713,2026-06-23
1915,Alexandra Barbu,alexandra.barbu@gmail.com,2,4,1673,2026-04-12
1916,Radu Olaru,radu.olaru@gmail.com,9,3,1473,2026-05-20
1917,Cristian Diaconu,cristian.diaconu2@outlook.com,7,3,1734,2026-02-26
1918,Victor Stoica,victor.stoica@gmail.com,4,4,1625,2026-02-08
1919,Adrian Vasile,adrian.vasile2@gmail.com,2,3,1601,2026-04-17
1920,Larisa Petrescu,larisa.petrescu@yahoo.com,2,3,1570,2026-07-04
1921,Radu Ionescu,radu.ionescu@gmail.com,1,4,1670,2026-06-11
1922,Dragos Popa,dragos.popa2@yahoo.com,3,4,1832,2026-05-12
1923,Larisa Pintea,larisa.pintea@yahoo.com,3,2,1414,2026-06-23
1924,Anca Barbu,anca.barbu2@yahoo.com,7,2,1434,2026-05-19
1925,Radu Sandu,radu.sandu@yahoo.com,2,3,1537,2026-07-15
1926,Sebastian Munteanu,sebastian.munteanu2@yahoo.com,4,1,871,2026-04-24
1927,Roxana Diaconu,roxana.diaconu@outlook.com,4,3,1535,2026-04-10
1928,Gabriela Ionescu,gabriela.ionescu@yahoo.com,2,3,1402,2026-05-10
1929,Daniel Neagu,daniel.neagu@outlook.com,2,2,1538,2026-04-04
1930,Anca Grigore,anca.grigore2@outlook.com,5,4,1772,2026-04-10
1931,Vlad Olaru,vlad.olaru2@outlook.com,5,4,1892,2026-04-08
1932,Elena Munteanu,elena.munteanu@outlook.com,2,1,1326,2026-07-05
1933,Tudor Petrescu,tudor.petrescu@gmail.com,5,4,1642,2026-06-12
1934,Cristina Tudor,cristina.tudor@gmail.com,3,3,1602,2026-07-21
1935,Razvan Neagu,razvan.neagu2@outlook.com,6,2,1182,2026-06-08
1936,Tudor Neagu,tudor.neagu3@yahoo.com,4,2,1250,2026-03-22
1937,Robert Iancu,robert.iancu@outlook.com,1,4,1606,2026-06-06
1938,Vlad Ilie,vlad.ilie2@outlook.com,4,3,1510,2026-03-30
1939,Victor Barbu,victor.barbu2@outlook.com,4,5,1884,2026-06-22
1940,Daniel Ionescu,daniel.ionescu@gmail.com,8,4,1550,2026-03-23
1941,Tudor Voicu,tudor.voicu2@yahoo.com,2,2,1412,2026-07-21
1942,Tudor Iancu,tudor.iancu@yahoo.com,6,3,1568,2026-06-29
1943,Razvan Enache,razvan.enache2@yahoo.com,8,2,1380,2026-06-06
1944,Tudor Rusu,tudor.rusu@yahoo.com,1,3,1411,2026-04-19
1945,Razvan Olaru,razvan.olaru2@gmail.com,10,4,1718,2026-05-05
1946,Robert Popa,robert.popa@yahoo.com,1,2,1287,2026-04-24
1947,Mihai Moldovan,mihai.moldovan@outlook.com,1,2,1311,2026-07-18
1948,Radu Cojocaru,radu.cojocaru2@gmail.com,2,2,1210,2026-06-03
1949,Ionut Cojocaru,ionut.cojocaru@yahoo.com,3,1,1166,2026-04-05
1950,Tudor Marin,tudor.marin2@yahoo.com,2,2,1349,2026-06-26
1951,Octavian Enache,octavian.enache3@gmail.com,4,2,1345,2026-07-13
1952,Victor Popa,victor.popa@gmail.com,4,2,1401,2026-06-26
1953,Adrian Moldovan,adrian.moldovan@outlook.com,1,3,1352,2026-03-24
1954,Gabriel Voicu,gabriel.voicu2@gmail.com,9,3,1466,2026-05-01
1955,Vlad Filip,vlad.filip2@yahoo.com,7,3,1342,2026-04-25
1956,Ioana Popescu,ioana.popescu@outlook.com,1,2,1365,2026-07-16
1957,Paul Ilie,paul.ilie@gmail.com,2,4,1466,2026-07-07
1958,Vlad Bucur,vlad.bucur@yahoo.com,2,5,1797,2026-04-30
1959,Oana Dobre,oana.dobre@outlook.com,9,3,1609,2026-03-24
1960,Adriana Radu,adriana.radu@gmail.com,10,2,1424,2026-06-03
1961,Mihai Nistor,mihai.nistor@outlook.com,2,4,1618,2026-02-22
1962,Octavian Marin,octavian.marin@outlook.com,4,2,1315,2026-06-21
1963,Sebastian Manole,sebastian.manole@outlook.com,7,2,1358,2026-06-07
1964,Sebastian Balan,sebastian.balan@gmail.com,5,2,1320,2026-06-22
1965,Stefan Filip,stefan.filip@yahoo.com,1,5,1884,2026-03-30
1966,Mihai Popa,mihai.popa@yahoo.com,8,2,1209,2026-05-15
1967,Daniel Matei,daniel.matei@gmail.com,5,2,1441,2026-07-23
1968,Marius Petrescu,marius.petrescu@gmail.com,2,4,1660,2026-05-21
1969,Mihai Nistor,mihai.nistor2@outlook.com,4,4,1658,2026-07-19
1970,Radu Popa,radu.popa@yahoo.com,6,5,1803,2026-06-20
1971,Mihai Bucur,mihai.bucur3@yahoo.com,7,5,1676,2026-06-02
1972,Mihai Dumitru,mihai.dumitru2@yahoo.com,9,3,1500,2026-05-08
1973,Catalin Serban,catalin.serban@gmail.com,3,5,1974,2026-05-15
1974,Victor Ionescu,victor.ionescu@gmail.com,6,5,1712,2026-05-08
1975,Gabriela Tudor,gabriela.tudor@outlook.com,4,2,1391,2026-05-18
1976,Alexandru Dumitru,alexandru.dumitru@yahoo.com,6,3,1552,2026-05-07
1977,Victor Iancu,victor.iancu@gmail.com,1,3,1478,2026-06-11
1978,Andrei Moldovan,andrei.moldovan@yahoo.com,3,3,1584,2026-06-29
1979,Bogdan Marin,bogdan.marin@outlook.com,8,1,1013,2026-06-01
1980,Alexandru Pop,alexandru.pop@yahoo.com,4,4,1738,2026-07-10
1981,Mihai Balan,mihai.balan2@gmail.com,3,4,1776,2026-05-03
1982,Stefan Munteanu,stefan.munteanu@outlook.com,4,3,1493,2026-05-15
1983,Adriana Toma,adriana.toma@yahoo.com,7,2,1294,2026-03-05
1984,Adrian Vasile,adrian.vasile3@yahoo.com,10,3,1557,2026-07-15
1985,Marius Stoica,marius.stoica2@outlook.com,4,4,1641,2026-06-20
1986,Bogdan Petrescu,bogdan.petrescu2@outlook.com,1,5,1620,2026-02-19
1987,Bogdan Cojocaru,bogdan.cojocaru@gmail.com,2,1,1108,2026-06-19
1988,Alexandra Tudor,alexandra.tudor@gmail.com,9,3,1582,2026-05-15
1989,Vlad Enache,vlad.enache@outlook.com,3,4,1786,2026-07-06
1990,Mihai Voicu,mihai.voicu@outlook.com,4,4,1575,2026-06-22
1991,Tudor Gheorghe,tudor.gheorghe@gmail.com,1,2,1339,2026-07-23
1992,Radu Voicu,radu.voicu@yahoo.com,7,2,1361,2026-06-01
1993,Gabriela Moldovan,gabriela.moldovan@yahoo.com,8,3,1560,2026-03-31
1994,Georgiana Balan,georgiana.balan@gmail.com,4,1,1392,2026-06-19
1995,Sebastian Stan,sebastian.stan@yahoo.com,5,2,1488,2026-05-30
1996,Florin Toma,florin.toma2@gmail.com,7,2,1197,2026-05-14
1997,Alexandru Nistor,alexandru.nistor2@outlook.com,4,4,1711,2026-07-01
1998,Simona Neagu,simona.neagu@yahoo.com,2,3,1523,2026-03-21
1999,Catalin Nistor,catalin.nistor@outlook.com,9,2,1326,2026-06-24
2000,Victor Tudor,victor.tudor@gmail.com,5,3,1538,2026-03-11
2001,Razvan Voicu,razvan.voicu@yahoo.com,9,4,1531,2026-03-24
2002,Alexandru Anghel,alexandru.anghel@outlook.com,7,2,1321,2026-05-02
2003,Alexandra Popescu,alexandra.popescu@outlook.com,2,3,1552,2026-03-16
2004,Gabriela Lupu,gabriela.lupu@yahoo.com,2,4,1453,2026-04-14
2005,Daniel Bucur,daniel.bucur@outlook.com,3,5,1890,2026-02-15
2006,Alexandru Munteanu,alexandru.munteanu@outlook.com,1,4,1789,2026-05-05
2007,Razvan Moldovan,razvan.moldovan2@gmail.com,7,3,1606,2026-07-16
2008,Octavian Barbu,octavian.barbu@outlook.com,2,2,1408,2026-07-06
2009,Victor Popescu,victor.popescu2@gmail.com,5,3,1500,2026-05-02
2010,Tudor Munteanu,tudor.munteanu@yahoo.com,2,2,1417,2026-06-24
2011,Alexandru Popescu,alexandru.popescu2@outlook.com,3,3,1463,2026-06-16
2012,Oana Pintea,oana.pintea@gmail.com,5,2,1531,2026-04-25
2013,Cristian Moldovan,cristian.moldovan@gmail.com,4,4,1747,2026-06-12
2014,Daniel Rusu,daniel.rusu@gmail.com,9,2,1356,2026-07-09
2015,Bianca Munteanu,bianca.munteanu@yahoo.com,3,4,1711,2026-06-15
2016,Catalin Rusu,catalin.rusu@outlook.com,5,1,1127,2026-05-21
2017,Andrei Petrescu,andrei.petrescu@outlook.com,2,4,1722,2026-06-16
2018,Vlad Rusu,vlad.rusu2@yahoo.com,2,2,1332,2026-06-05
2019,Catalin Constantin,catalin.constantin2@outlook.com,5,2,1311,2026-07-19
2020,Florin Cojocaru,florin.cojocaru@outlook.com,7,4,1776,2026-03-25
2021,Bogdan Stan,bogdan.stan@yahoo.com,7,1,1339,2026-07-10
2022,Dragos Constantin,dragos.constantin@gmail.com,6,3,1559,2026-05-16
2023,Bogdan Popa,bogdan.popa@outlook.com,3,3,1507,2026-07-07
2024,Cristina Bucur,cristina.bucur2@gmail.com,1,4,1729,2026-04-12
2025,Andrei Cojocaru,andrei.cojocaru@gmail.com,9,2,1537,2026-04-09
2026,Paul Constantin,paul.constantin@yahoo.com,5,4,1630,2026-02-19
2027,Raluca Balan,raluca.balan@outlook.com,8,4,1493,2026-04-10
2028,Mihaela Pop,mihaela.pop@outlook.com,7,2,1414,2026-07-04
2029,Vlad Sandu,vlad.sandu@yahoo.com,5,2,1306,2026-06-26
2030,Andrei Munteanu,andrei.munteanu@yahoo.com,5,3,1577,2026-07-05
2031,Catalin Cristea,catalin.cristea@gmail.com,3,1,1368,2026-03-26
2032,Mihai Lupu,mihai.lupu@outlook.com,9,5,1947,2026-05-04
2033,Vlad Pop,vlad.pop2@outlook.com,2,3,1641,2026-05-02
2034,Robert Marin,robert.marin2@outlook.com,7,3,1200,2026-06-24
2035,Robert Rusu,robert.rusu@yahoo.com,2,2,1273,2026-03-17
2036,Mihaela Pop,mihaela.pop@gmail.com,4,5,1911,2026-06-21
2037,Cristian Popescu,cristian.popescu2@outlook.com,7,4,1588,2026-05-02
2038,Bogdan Stoica,bogdan.stoica@gmail.com,7,4,1722,2026-05-23
2039,Razvan Dobre,razvan.dobre2@gmail.com,1,2,1301,2026-07-06
2040,Adrian Lupu,adrian.lupu@yahoo.com,7,1,1050,2026-04-04
2041,Andreea Manole,andreea.manole@outlook.com,2,5,1930,2026-05-01
2042,Victor Iancu,victor.iancu@outlook.com,5,4,1722,2026-06-15
2043,Sorin Dobre,sorin.dobre@outlook.com,6,4,1669,2026-07-10
2044,Octavian Ionescu,octavian.ionescu@gmail.com,7,3,1553,2026-04-05
2045,Dragos Stan,dragos.stan@outlook.com,8,4,1683,2026-06-13
2046,Razvan Anghel,razvan.anghel2@gmail.com,8,2,1344,2026-06-23
2047,Victor Matei,victor.matei@yahoo.com,3,2,1327,2026-04-30
2048,Dragos Grigore,dragos.grigore2@yahoo.com,10,2,1264,2026-04-12
2049,Mihai Voicu,mihai.voicu@yahoo.com,9,1,1368,2026-02-21
2050,Maria Gheorghe,maria.gheorghe@outlook.com,10,2,1413,2026-06-27
2051,Marius Dumitru,marius.dumitru@yahoo.com,9,2,1501,2026-05-19
2052,Sebastian Neagu,sebastian.neagu2@outlook.com,4,4,1683,2026-07-17
2053,Victor Neagu,victor.neagu2@gmail.com,4,5,1882,2026-06-24
2054,Razvan Pop,razvan.pop3@yahoo.com,7,3,1554,2026-05-28
2055,Victor Filip,victor.filip@gmail.com,1,2,1560,2026-06-13
2056,Roxana Diaconu,roxana.diaconu@gmail.com,1,2,1023,2026-03-12
2057,Teodora Sandu,teodora.sandu@gmail.com,10,5,1849,2026-06-15
2058,Alexandru Manole,alexandru.manole2@gmail.com,4,4,1680,2026-06-02
2059,Vlad Serban,vlad.serban@yahoo.com,1,2,1372,2026-07-24
2060,Catalin Petrescu,catalin.petrescu@gmail.com,3,4,1713,2026-07-11
2061,Raluca Toma,raluca.toma@gmail.com,4,3,1537,2026-06-28
2062,Anca Barbu,anca.barbu3@gmail.com,2,3,1458,2026-06-04
2063,Sebastian Stan,sebastian.stan@outlook.com,3,2,1211,2026-02-13
2064,Victor Stan,victor.stan@yahoo.com,4,4,1619,2026-06-07
2065,Stefan Anghel,stefan.anghel@yahoo.com,2,2,1178,2026-06-01
2066,Cristian Toma,cristian.toma@outlook.com,6,2,1417,2026-05-13
2067,Daniel Barbu,daniel.barbu@gmail.com,4,1,1409,2026-04-01
2068,Radu Olaru,radu.olaru@yahoo.com,7,3,1438,2026-06-11
2069,Teodora Moldovan,teodora.moldovan2@outlook.com,8,3,1738,2026-07-04
2070,Marius Stan,marius.stan@outlook.com,2,4,1687,2026-05-16
2071,Catalin Anghel,catalin.anghel3@gmail.com,10,1,1130,2026-06-28
2072,Florin Stan,florin.stan@gmail.com,1,3,1505,2026-05-09
2073,Anca Dumitru,anca.dumitru@gmail.com,4,2,1332,2026-07-21
2074,Andrei Barbu,andrei.barbu2@yahoo.com,4,3,1632,2026-04-20
2075,Tudor Moldovan,tudor.moldovan@gmail.com,2,2,1214,2026-07-04
2076,Adrian Pintea,adrian.pintea2@outlook.com,9,4,1779,2026-05-18
2077,Adrian Popa,adrian.popa@gmail.com,9,2,1347,2026-04-23
2078,Robert Dumitru,robert.dumitru2@yahoo.com,4,4,1629,2026-07-19
2079,Anca Cojocaru,anca.cojocaru@yahoo.com,6,3,1442,2026-05-23
2080,Ionut Pop,ionut.pop@gmail.com,10,4,1625,2026-06-19
2081,Teodora Cojocaru,teodora.cojocaru@outlook.com,9,1,1121,2026-01-28
2082,Cristian Filip,cristian.filip3@yahoo.com,3,1,976,2026-07-06
2083,Catalin Cristea,catalin.cristea@outlook.com,6,4,1714,2026-07-03
2084,Sebastian Sandu,sebastian.sandu@outlook.com,9,3,1536,2026-04-22
2085,Ionut Toma,ionut.toma@yahoo.com,7,2,1265,2026-05-27
2086,Paul Filip,paul.filip@gmail.com,10,2,1416,2026-06-13
2087,Adrian Neagu,adrian.neagu2@yahoo.com,2,3,1697,2026-03-17
2088,Gabriel Petrescu,gabriel.petrescu@outlook.com,7,2,1406,2026-06-06
2089,Cristian Iancu,cristian.iancu@yahoo.com,3,3,1467,2026-06-18
2090,Paul Toma,paul.toma2@yahoo.com,1,4,1775,2026-04-19
2091,Alexandra Dumitru,alexandra.dumitru@gmail.com,4,5,1813,2026-05-23
2092,Ioana Matei,ioana.matei@outlook.com,1,2,1322,2026-03-18
2093,Vlad Toma,vlad.toma2@gmail.com,1,3,1410,2026-06-10
2094,Razvan Marin,razvan.marin2@yahoo.com,5,4,1826,2026-06-03
2095,Victor Popescu,victor.popescu@yahoo.com,1,3,1682,2026-02-12
2096,Marius Munteanu,marius.munteanu@outlook.com,3,4,1722,2026-02-21
2097,Catalin Diaconu,catalin.diaconu2@gmail.com,3,4,1735,2026-06-07
2098,Radu Neagu,radu.neagu2@yahoo.com,3,3,1591,2026-05-26
2099,Diana Stoica,diana.stoica@yahoo.com,3,2,1303,2026-06-07
2100,Bogdan Popa,bogdan.popa2@outlook.com,9,1,1383,2026-07-06
2101,Tudor Nistor,tudor.nistor3@outlook.com,6,5,1878,2026-07-07
2102,Alexandru Tudor,alexandru.tudor@gmail.com,10,2,1129,2026-06-07
2103,Paul Diaconu,paul.diaconu@outlook.com,7,2,1439,2026-05-20
2104,Florin Olaru,florin.olaru@gmail.com,4,4,1614,2026-06-30
2105,Sebastian Matei,sebastian.matei@yahoo.com,1,1,1142,2026-06-19
2106,Catalin Nistor,catalin.nistor2@outlook.com,2,2,1398,2026-06-17
2107,Gabriel Cristea,gabriel.cristea2@gmail.com,10,2,1331,2026-05-30
2108,Gabriela Popescu,gabriela.popescu@yahoo.com,1,4,1617,2026-05-17
2109,Robert Ionescu,robert.ionescu@gmail.com,3,2,1340,2026-02-23
2110,Robert Radu,robert.radu2@yahoo.com,4,2,1115,2026-03-04
2111,Andreea Petrescu,andreea.petrescu2@gmail.com,1,4,1482,2026-06-28
2112,Paul Diaconu,paul.diaconu2@yahoo.com,10,5,1935,2026-05-13
2113,Florin Rusu,florin.rusu2@outlook.com,6,3,1647,2026-04-19
2114,Dragos Bucur,dragos.bucur@yahoo.com,8,2,1143,2026-07-24
2115,Maria Petrescu,maria.petrescu2@outlook.com,3,3,1587,2026-05-28
2116,Daniel Munteanu,daniel.munteanu@outlook.com,2,4,1602,2026-04-18
2117,Robert Serban,robert.serban@outlook.com,8,5,1912,2026-07-06
2118,Radu Constantin,radu.constantin@yahoo.com,1,1,1342,2026-07-04
2119,Andreea Bucur,andreea.bucur@gmail.com,1,3,1559,2026-04-24
2120,Ionut Popescu,ionut.popescu@outlook.com,2,4,1725,2026-03-19
2121,Gabriel Vasile,gabriel.vasile@gmail.com,8,1,1154,2026-03-15
2122,Sebastian Constantin,sebastian.constantin2@gmail.com,5,2,1418,2026-05-30
2123,Radu Popescu,radu.popescu2@gmail.com,8,4,1741,2026-04-07
2124,Sebastian Cristea,sebastian.cristea3@yahoo.com,8,5,1783,2026-07-14
2125,Elena Grigore,elena.grigore@yahoo.com,3,4,1682,2026-07-08
2126,Tudor Dumitru,tudor.dumitru@gmail.com,1,3,1459,2026-04-24
2127,Georgiana Tudor,georgiana.tudor2@yahoo.com,4,4,1669,2026-04-23
2128,Radu Nistor,radu.nistor2@yahoo.com,5,2,1458,2026-04-12
2129,Cristian Sandu,cristian.sandu2@outlook.com,4,1,1008,2026-02-23
2130,Sorin Olaru,sorin.olaru2@outlook.com,6,5,2040,2026-02-21
2131,Mihai Moldovan,mihai.moldovan@gmail.com,8,2,1331,2026-06-09
2132,Roxana Marin,roxana.marin@yahoo.com,9,3,1509,2026-06-26
2133,Tudor Marin,tudor.marin2@gmail.com,6,2,1437,2026-06-14
2134,Sebastian Munteanu,sebastian.munteanu@outlook.com,6,5,1635,2026-07-16
2135,Florin Munteanu,florin.munteanu2@yahoo.com,9,4,1764,2026-05-05
2136,Simona Neagu,simona.neagu@outlook.com,5,2,1238,2026-07-19
2137,Dragos Popa,dragos.popa3@gmail.com,6,1,1405,2026-05-09
2138,Paul Moldovan,paul.moldovan2@gmail.com,2,2,1217,2026-05-22
2139,Robert Barbu,robert.barbu2@gmail.com,6,3,1531,2026-04-30
2140,Razvan Anghel,razvan.anghel@outlook.com,8,2,1373,2026-06-12
2141,Andreea Pop,andreea.pop@yahoo.com,1,4,1767,2026-04-01
2142,Alexandru Cristea,alexandru.cristea@outlook.com,1,4,1755,2026-03-22
2143,Alexandru Nistor,alexandru.nistor2@yahoo.com,7,3,1506,2026-04-16
2144,Adrian Vasile,adrian.vasile@gmail.com,1,3,1575,2026-07-10
2145,Victor Neagu,victor.neagu4@yahoo.com,7,4,1695,2026-04-25
2146,Oana Serban,oana.serban@outlook.com,9,4,1659,2026-07-03
2147,Teodora Gheorghe,teodora.gheorghe2@gmail.com,1,2,1444,2026-05-22
2148,Teodora Anghel,teodora.anghel@yahoo.com,5,2,1193,2026-05-11
2149,Bianca Dumitru,bianca.dumitru@outlook.com,6,2,1318,2026-03-01
2150,Tudor Tudor,tudor.tudor@yahoo.com,7,2,1289,2026-06-14
2151,Gabriela Anghel,gabriela.anghel@outlook.com,3,5,1871,2026-03-09
2152,Razvan Enache,razvan.enache3@gmail.com,4,2,1286,2026-06-30
2153,Radu Enache,radu.enache@outlook.com,3,4,1459,2026-05-29
2154,Razvan Manole,razvan.manole@outlook.com,7,5,1642,2026-05-28
2155,Larisa Stan,larisa.stan@outlook.com,6,4,1671,2026-06-30
2156,Paul Nistor,paul.nistor@yahoo.com,9,2,1290,2026-07-10
2157,Diana Munteanu,diana.munteanu2@gmail.com,6,3,1538,2026-06-05
2158,Sorin Serban,sorin.serban@yahoo.com,10,4,1564,2026-05-11
2159,Roxana Iancu,roxana.iancu@outlook.com,3,2,1379,2026-06-01
2160,Vlad Balan,vlad.balan@gmail.com,10,2,1245,2026-07-09
2161,Simona Marin,simona.marin@yahoo.com,3,2,1381,2026-07-07
2162,Victor Barbu,victor.barbu@outlook.com,7,3,1514,2026-06-30
2163,Cristina Cristea,cristina.cristea@yahoo.com,5,3,1589,2026-01-31
2164,Alexandru Popescu,alexandru.popescu@yahoo.com,4,2,1356,2026-04-05
2165,Sorin Toma,sorin.toma2@yahoo.com,10,1,1166,2026-05-10
2166,Cristina Stan,cristina.stan@yahoo.com,8,2,1396,2026-06-03
2167,Gabriel Pop,gabriel.pop3@outlook.com,4,4,1685,2026-04-11
2168,Mihai Rusu,mihai.rusu2@yahoo.com,2,3,1505,2026-05-26
2169,Ionut Pintea,ionut.pintea2@gmail.com,2,4,1704,2026-02-13
2170,Daniel Manole,daniel.manole@outlook.com,3,4,1641,2026-04-24
2171,Andrei Iancu,andrei.iancu@outlook.com,8,3,1540,2026-04-28
2172,Cristina Serban,cristina.serban@gmail.com,8,2,1411,2026-07-04
2173,Bianca Stan,bianca.stan@gmail.com,8,5,1877,2026-07-10
2174,Radu Vasile,radu.vasile@yahoo.com,9,4,1727,2026-06-24
2175,Robert Dobre,robert.dobre@outlook.com,4,2,1417,2026-05-19
2176,Stefan Vasile,stefan.vasile2@gmail.com,4,3,1293,2026-04-04
2177,Robert Manole,robert.manole2@outlook.com,3,5,1830,2026-05-13
2178,Razvan Barbu,razvan.barbu@gmail.com,9,2,1219,2026-05-29
2179,Octavian Filip,octavian.filip@yahoo.com,4,2,1304,2026-05-15
2180,Dragos Nistor,dragos.nistor2@gmail.com,1,4,1767,2026-02-16
2181,Laura Tudor,laura.tudor@gmail.com,6,4,1738,2026-04-08
2182,Mihaela Marin,mihaela.marin@gmail.com,5,2,1421,2026-07-05
2183,Ioana Petrescu,ioana.petrescu@yahoo.com,4,4,1647,2026-03-11
2184,Gabriela Bucur,gabriela.bucur@gmail.com,8,2,1474,2026-06-13
2185,Oana Bucur,oana.bucur@yahoo.com,3,3,1540,2026-05-24
2186,Razvan Vasile,razvan.vasile@outlook.com,3,4,1679,2026-04-20
2187,Sebastian Moldovan,sebastian.moldovan@outlook.com,7,1,1119,2026-05-09
2188,Paul Cristea,paul.cristea2@gmail.com,1,3,1544,2026-07-15
2189,Dragos Lupu,dragos.lupu@gmail.com,5,4,1776,2026-03-13
2190,Bogdan Filip,bogdan.filip2@outlook.com,4,3,1456,2026-04-22
2191,Tudor Radu,tudor.radu@gmail.com,5,3,1591,2026-06-21
2192,Marius Rusu,marius.rusu@outlook.com,6,1,1296,2026-04-11
2193,Adriana Rusu,adriana.rusu2@outlook.com,7,4,1624,2026-03-12
2194,Robert Moldovan,robert.moldovan@outlook.com,9,1,1402,2026-06-24
2195,Adriana Stoica,adriana.stoica2@outlook.com,1,2,1304,2026-05-19
2196,Robert Barbu,robert.barbu3@yahoo.com,8,2,1417,2026-03-09
2197,Tudor Bucur,tudor.bucur2@gmail.com,5,2,1285,2026-05-05
2198,Victor Stoica,victor.stoica2@gmail.com,1,3,1491,2026-06-08
2199,Ionut Popa,ionut.popa2@yahoo.com,9,3,1483,2026-07-03
2200,Robert Vasile,robert.vasile@gmail.com,9,2,1445,2026-07-10
2201,Mihai Tudor,mihai.tudor2@gmail.com,7,1,1389,2026-07-23
2202,Dragos Rusu,dragos.rusu@outlook.com,6,3,1381,2026-07-21
2203,Catalin Tudor,catalin.tudor2@gmail.com,7,5,1862,2026-04-14
2204,Marius Enache,marius.enache@yahoo.com,6,3,1528,2026-05-11
2205,Alexandru Nistor,alexandru.nistor@gmail.com,7,3,1486,2026-05-25
2206,Robert Filip,robert.filip@yahoo.com,2,2,1396,2026-07-15
2207,Maria Serban,maria.serban@yahoo.com,1,4,1880,2026-06-09
2208,Teodora Stan,teodora.stan@yahoo.com,4,3,1545,2026-04-10
2209,Radu Matei,radu.matei@outlook.com,7,2,1442,2026-04-08
2210,Gabriela Iancu,gabriela.iancu@outlook.com,9,1,974,2026-05-09
2211,Adriana Olaru,adriana.olaru@yahoo.com,5,5,1941,2026-03-31
2212,Catalin Neagu,catalin.neagu@outlook.com,1,3,1450,2026-04-19
2213,Georgiana Rusu,georgiana.rusu@outlook.com,3,4,1764,2026-03-11
2214,Ionut Munteanu,ionut.munteanu2@yahoo.com,1,2,1480,2026-07-13
2215,Dragos Cristea,dragos.cristea@outlook.com,5,5,1842,2026-04-18
2216,Razvan Munteanu,razvan.munteanu@yahoo.com,5,1,1244,2026-05-30
2217,Bianca Serban,bianca.serban@outlook.com,9,3,1591,2026-07-16
2218,Teodora Marin,teodora.marin@gmail.com,7,5,1752,2026-06-08
2219,Marius Filip,marius.filip2@outlook.com,1,3,1481,2026-05-23
2220,Victor Balan,victor.balan@gmail.com,8,1,1088,2026-07-17
2221,Catalin Stoica,catalin.stoica2@gmail.com,9,3,1526,2026-06-28
2222,Ionut Constantin,ionut.constantin@yahoo.com,2,2,1135,2026-06-15
2223,Paul Cristea,paul.cristea2@outlook.com,6,3,1473,2026-04-03
2224,Sebastian Pintea,sebastian.pintea@yahoo.com,2,4,1490,2026-03-26
2225,Gabriel Rusu,gabriel.rusu2@yahoo.com,1,5,2309,2026-02-28
2226,Ionut Tudor,ionut.tudor3@gmail.com,9,2,1340,2026-01-30
2227,Dragos Rusu,dragos.rusu@yahoo.com,1,5,1903,2026-04-10
2228,Alexandru Pop,alexandru.pop@gmail.com,1,2,1240,2026-06-08
2229,Alexandru Diaconu,alexandru.diaconu3@outlook.com,3,3,1521,2026-06-17
2230,Raluca Manole,raluca.manole@gmail.com,4,5,1877,2026-07-13
2231,Catalin Dobre,catalin.dobre2@outlook.com,2,2,1546,2026-06-29
2232,Andreea Munteanu,andreea.munteanu@gmail.com,5,4,1605,2026-04-25
2233,Andreea Serban,andreea.serban@outlook.com,2,2,1389,2026-03-29
2234,Radu Cojocaru,radu.cojocaru5@yahoo.com,2,4,1647,2026-04-15
2235,Andrei Petrescu,andrei.petrescu2@outlook.com,8,3,1153,2026-05-26
2236,Larisa Nistor,larisa.nistor@gmail.com,3,3,1380,2026-04-15
2237,Gabriel Sandu,gabriel.sandu2@gmail.com,4,2,1140,2026-07-19
2238,Catalin Manole,catalin.manole@gmail.com,2,2,1404,2026-07-15
2239,Mihai Cristea,mihai.cristea@gmail.com,3,3,1503,2026-05-27
2240,Bogdan Stoica,bogdan.stoica@yahoo.com,6,4,1795,2026-04-03
2241,Larisa Marin,larisa.marin2@outlook.com,9,4,1726,2026-07-01
2242,Adrian Enache,adrian.enache@outlook.com,6,2,1328,2026-05-30
2243,Dragos Munteanu,dragos.munteanu2@yahoo.com,2,3,1587,2026-06-08
2244,Anca Gheorghe,anca.gheorghe@gmail.com,9,2,1273,2026-04-10
2245,Ionut Rusu,ionut.rusu@outlook.com,8,5,1818,2026-04-22
2246,Razvan Rusu,razvan.rusu@outlook.com,10,2,1411,2026-03-25
2247,Dragos Ilie,dragos.ilie@outlook.com,9,4,1732,2026-06-14
2248,Florin Pop,florin.pop2@yahoo.com,1,4,1638,2026-07-07
2249,Alexandra Barbu,alexandra.barbu@yahoo.com,2,2,1295,2026-07-09
2250,Adrian Stoica,adrian.stoica@outlook.com,2,5,1934,2026-06-18
2251,Mihai Anghel,mihai.anghel@gmail.com,5,3,1356,2026-06-02
2252,Sebastian Pop,sebastian.pop@gmail.com,2,4,1701,2026-04-15
2253,Teodora Manole,teodora.manole@outlook.com,3,3,1338,2026-06-02
2254,Mihai Filip,mihai.filip@outlook.com,9,4,1755,2026-06-01
2255,Adrian Munteanu,adrian.munteanu3@yahoo.com,7,4,1576,2026-06-15
2256,Paul Toma,paul.toma2@outlook.com,7,2,1290,2026-03-28
2257,Gabriela Marin,gabriela.marin@gmail.com,10,5,2130,2026-04-27
2258,Elena Matei,elena.matei@outlook.com,4,3,1660,2026-06-03
2259,Adrian Neagu,adrian.neagu3@yahoo.com,10,2,1369,2026-05-26
2260,Sebastian Olaru,sebastian.olaru3@gmail.com,2,3,1460,2026-06-20
2261,Robert Nistor,robert.nistor@yahoo.com,2,3,1305,2026-03-18
2262,Bianca Grigore,bianca.grigore2@gmail.com,3,3,1290,2026-02-27
2263,Stefan Serban,stefan.serban@gmail.com,9,2,1552,2026-07-17
2264,Roxana Popescu,roxana.popescu@yahoo.com,4,3,1532,2026-07-06
2265,Andrei Bucur,andrei.bucur2@outlook.com,5,4,1786,2026-04-30
2266,Teodora Dumitru,teodora.dumitru2@gmail.com,8,1,1424,2026-06-22
2267,Oana Serban,oana.serban2@gmail.com,7,3,1522,2026-04-17
2268,Georgiana Dobre,georgiana.dobre@outlook.com,2,3,1511,2026-04-05
2269,Dragos Stan,dragos.stan@gmail.com,6,4,1714,2026-06-20
2270,Georgiana Cojocaru,georgiana.cojocaru@gmail.com,4,4,1614,2026-05-16
2271,Gabriel Dumitru,gabriel.dumitru@outlook.com,9,3,1561,2026-06-11
2272,Mihai Petrescu,mihai.petrescu@outlook.com,3,4,1719,2026-05-25
2273,Robert Sandu,robert.sandu2@yahoo.com,1,4,1540,2026-06-20
2274,Andreea Serban,andreea.serban2@outlook.com,1,4,1540,2026-06-28
2275,Mihai Popescu,mihai.popescu@gmail.com,3,4,1632,2026-06-21
2276,Roxana Serban,roxana.serban@outlook.com,5,5,1705,2026-06-22
2277,Adrian Grigore,adrian.grigore2@outlook.com,10,4,1760,2026-06-25
2278,Simona Diaconu,simona.diaconu@yahoo.com,6,2,1396,2026-05-09
2279,Victor Matei,victor.matei@gmail.com,9,1,1029,2026-07-09
2280,Gabriel Grigore,gabriel.grigore@outlook.com,9,1,922,2026-05-27
2281,Ionut Stan,ionut.stan2@yahoo.com,2,5,1688,2026-04-25
2282,Adrian Bucur,adrian.bucur2@yahoo.com,8,1,1306,2026-07-17
2283,Marius Pop,marius.pop@outlook.com,4,1,1058,2026-04-20
2284,Diana Neagu,diana.neagu@gmail.com,9,2,1541,2026-03-09
2285,Paul Toma,paul.toma@outlook.com,7,2,1368,2026-05-26
2286,Victor Olaru,victor.olaru@gmail.com,4,1,1020,2026-05-26
2287,Gabriel Cristea,gabriel.cristea2@outlook.com,8,3,1594,2026-06-12
2288,Andreea Marin,andreea.marin@outlook.com,7,5,1803,2026-05-04
2289,Andrei Moldovan,andrei.moldovan@outlook.com,4,4,1972,2026-06-10
2290,Catalin Grigore,catalin.grigore2@outlook.com,7,4,1753,2026-06-10
2291,Tudor Bucur,tudor.bucur@yahoo.com,4,3,1530,2026-07-17
2292,Marius Diaconu,marius.diaconu2@gmail.com,1,3,1455,2026-06-20
2293,Andreea Serban,andreea.serban2@gmail.com,10,2,1364,2026-05-06
2294,Radu Cojocaru,radu.cojocaru3@outlook.com,9,1,1366,2026-05-01
2295,Radu Stan,radu.stan@yahoo.com,8,2,1153,2026-03-12
2296,Alexandru Petrescu,alexandru.petrescu@gmail.com,8,4,1755,2026-05-03
2297,Adrian Pintea,adrian.pintea@yahoo.com,3,4,1642,2026-02-21
2298,Razvan Toma,razvan.toma2@gmail.com,2,2,1413,2026-06-28
2299,Teodora Nistor,teodora.nistor@gmail.com,1,2,1353,2026-06-02
2300,Cristian Grigore,cristian.grigore2@outlook.com,9,3,1508,2026-06-01
2301,Ionut Lupu,ionut.lupu@yahoo.com,2,3,1601,2026-07-16
2302,Octavian Radu,octavian.radu2@outlook.com,6,3,1583,2026-07-22
2303,Sorin Filip,sorin.filip2@gmail.com,7,3,1416,2026-03-02
2304,Andrei Pintea,andrei.pintea3@yahoo.com,1,4,1953,2026-04-03
2305,Elena Petrescu,elena.petrescu@yahoo.com,2,1,1056,2026-06-06
2306,Mihaela Pop,mihaela.pop2@outlook.com,6,2,1152,2026-03-02
2307,Mihaela Manole,mihaela.manole@yahoo.com,2,2,1385,2026-07-18
2308,Radu Anghel,radu.anghel@gmail.com,1,3,1723,2026-05-19
2309,Adrian Pintea,adrian.pintea@outlook.com,2,4,1731,2026-03-24
2310,Florin Nistor,florin.nistor2@yahoo.com,4,5,1841,2026-03-24
2311,Bogdan Anghel,bogdan.anghel2@gmail.com,2,3,1560,2026-05-28
2312,Mihai Popa,mihai.popa2@yahoo.com,5,4,1610,2026-07-19
2313,Simona Sandu,simona.sandu@outlook.com,7,1,1122,2026-06-04
2314,Stefan Popa,stefan.popa@outlook.com,6,3,1481,2026-07-05
2315,Adrian Olaru,adrian.olaru2@yahoo.com,1,4,1681,2026-06-23
2316,Octavian Cristea,octavian.cristea2@yahoo.com,1,3,1470,2026-03-15
2317,Adrian Lupu,adrian.lupu2@gmail.com,1,3,1434,2026-05-05
2318,Stefan Sandu,stefan.sandu@yahoo.com,3,3,1518,2026-05-30
2319,Alexandru Olaru,alexandru.olaru2@outlook.com,9,2,1365,2026-07-03
2320,Catalin Rusu,catalin.rusu2@yahoo.com,8,3,1490,2026-04-27
2321,Florin Pintea,florin.pintea@gmail.com,5,2,1343,2026-05-31
2322,Daniel Enache,daniel.enache2@gmail.com,2,2,1316,2026-07-16
2323,Oana Constantin,oana.constantin2@gmail.com,4,4,1691,2026-06-25
2324,Dragos Moldovan,dragos.moldovan@outlook.com,2,4,1851,2026-05-13
2325,Daniel Matei,daniel.matei@outlook.com,1,2,1091,2026-03-30
2326,Sebastian Grigore,sebastian.grigore@yahoo.com,5,2,1231,2026-02-27
2327,Alexandra Bucur,alexandra.bucur@yahoo.com,2,3,1582,2026-06-04
2328,Laura Constantin,laura.constantin@gmail.com,10,2,1423,2026-06-25
2329,Catalin Pintea,catalin.pintea@yahoo.com,2,3,1485,2026-05-10
2330,Ionut Diaconu,ionut.diaconu@yahoo.com,3,3,1438,2026-07-03
2331,Victor Bucur,victor.bucur2@yahoo.com,3,5,1862,2026-05-30
2332,Marius Enache,marius.enache3@gmail.com,4,2,1488,2026-06-01
2333,Sorin Matei,sorin.matei2@gmail.com,4,4,1735,2026-07-01
2334,Alexandru Ilie,alexandru.ilie@outlook.com,9,2,1301,2026-07-15
2335,Octavian Iancu,octavian.iancu3@gmail.com,2,4,1748,2026-06-18
2336,Octavian Enache,octavian.enache2@gmail.com,8,3,1558,2026-05-08
2337,Sorin Popa,sorin.popa@outlook.com,3,1,1427,2026-03-23
2338,Razvan Barbu,razvan.barbu2@yahoo.com,10,2,1364,2026-07-22
2339,Tudor Dobre,tudor.dobre2@gmail.com,4,4,1629,2026-07-13
2340,Marius Lupu,marius.lupu2@outlook.com,2,3,1471,2026-05-24
2341,Sebastian Cojocaru,sebastian.cojocaru@outlook.com,2,2,1366,2026-07-05
2342,Octavian Cristea,octavian.cristea3@yahoo.com,1,3,1442,2026-06-18
2343,Florin Constantin,florin.constantin2@gmail.com,3,3,1575,2026-07-19
2344,Razvan Radu,razvan.radu2@outlook.com,3,2,1416,2026-03-09
2345,Diana Moldovan,diana.moldovan@outlook.com,1,4,1733,2026-06-09
2346,Robert Rusu,robert.rusu3@yahoo.com,5,3,1547,2026-05-08
2347,Adrian Ionescu,adrian.ionescu@outlook.com,8,3,1560,2026-06-22
2348,Octavian Balan,octavian.balan2@gmail.com,1,2,1169,2026-03-01
2349,Sorin Pop,sorin.pop2@outlook.com,8,2,1178,2026-07-04
2350,Andreea Petrescu,andreea.petrescu@outlook.com,7,1,1032,2026-06-06
2351,Cristian Anghel,cristian.anghel@gmail.com,7,3,1405,2026-05-13
2352,Andrei Popescu,andrei.popescu2@yahoo.com,5,5,1962,2026-07-11
2353,Mihai Serban,mihai.serban@gmail.com,7,4,1613,2026-06-01
2354,Ioana Balan,ioana.balan@gmail.com,3,3,1548,2026-05-02
2355,Tudor Dumitru,tudor.dumitru2@outlook.com,8,4,1710,2026-04-07
2356,Florin Dumitru,florin.dumitru@gmail.com,2,2,1421,2026-06-25
2357,Radu Voicu,radu.voicu2@gmail.com,2,3,1493,2026-03-19
2358,Vlad Stoica,vlad.stoica2@yahoo.com,1,2,1102,2026-06-18
2359,Stefan Munteanu,stefan.munteanu2@outlook.com,10,2,1422,2026-04-05
2360,Radu Ilie,radu.ilie2@yahoo.com,10,4,1452,2026-07-17
2361,Marius Stan,marius.stan@yahoo.com,2,5,1904,2026-06-14
2362,Simona Pop,simona.pop@outlook.com,4,4,1613,2026-06-20
2363,Elena Munteanu,elena.munteanu2@outlook.com,3,3,1421,2026-04-16
2364,Elena Moldovan,elena.moldovan@gmail.com,3,2,1268,2026-07-13
2365,Victor Vasile,victor.vasile2@yahoo.com,7,2,1415,2026-06-10
2366,Catalin Lupu,catalin.lupu2@yahoo.com,2,4,1613,2026-05-16
2367,Larisa Moldovan,larisa.moldovan@outlook.com,3,5,1857,2026-05-28
2368,Victor Voicu,victor.voicu@yahoo.com,9,2,1247,2026-07-18
2369,Elena Popescu,elena.popescu@gmail.com,2,3,1546,2026-04-08
2370,Marius Munteanu,marius.munteanu2@gmail.com,7,3,1488,2026-05-09
2371,Victor Filip,victor.filip2@outlook.com,4,1,1423,2026-07-22
2372,Paul Pop,paul.pop@yahoo.com,3,5,1809,2026-07-03
2373,Octavian Moldovan,octavian.moldovan2@outlook.com,3,1,1272,2026-04-22
2374,Radu Balan,radu.balan@outlook.com,8,2,1426,2026-07-01
2375,Octavian Cojocaru,octavian.cojocaru@gmail.com,5,4,1673,2026-06-06
2376,Cristian Nistor,cristian.nistor2@yahoo.com,2,5,1927,2026-06-12
2377,Ionut Popescu,ionut.popescu2@yahoo.com,3,4,1627,2026-05-28
2378,Marius Constantin,marius.constantin@gmail.com,5,2,1248,2026-06-04
2379,Florin Pop,florin.pop@gmail.com,2,5,1892,2026-03-13
2380,Oana Dobre,oana.dobre@gmail.com,8,2,1361,2026-06-12
2381,Daniel Enache,daniel.enache@outlook.com,10,4,1786,2026-06-15
2382,Dragos Ionescu,dragos.ionescu3@outlook.com,1,5,1772,2026-07-07
2383,Radu Iancu,radu.iancu2@gmail.com,8,1,1061,2026-07-15
2384,Marius Marin,marius.marin@gmail.com,4,3,1443,2026-06-02
2385,Daniel Sandu,daniel.sandu@outlook.com,4,4,1665,2026-05-03
2386,Cristian Filip,cristian.filip2@gmail.com,2,1,918,2026-05-29
2387,Cristian Tudor,cristian.tudor2@outlook.com,2,1,1421,2026-06-24
2388,Marius Moldovan,marius.moldovan@outlook.com,10,5,1819,2026-04-11
2389,Andrei Matei,andrei.matei@outlook.com,1,5,1788,2026-05-17
2390,Cristian Constantin,cristian.constantin2@gmail.com,5,3,1549,2026-04-05
2391,Gabriela Rusu,gabriela.rusu@gmail.com,4,3,1587,2026-05-10
2392,Andreea Anghel,andreea.anghel@yahoo.com,7,2,1185,2026-03-30
2393,Larisa Cojocaru,larisa.cojocaru@outlook.com,3,5,1848,2026-03-04
2394,Cristian Popa,cristian.popa@yahoo.com,6,4,1658,2026-07-03
2395,Tudor Pop,tudor.pop@yahoo.com,5,4,1647,2026-07-01
2396,Andrei Enache,andrei.enache@yahoo.com,9,5,1883,2026-06-18
2397,Ionut Enache,ionut.enache@outlook.com,1,2,1478,2026-05-16
2398,Ionut Munteanu,ionut.munteanu3@outlook.com,3,1,1369,2026-07-20
2399,Florin Toma,florin.toma2@yahoo.com,6,2,1373,2026-02-14
2400,Catalin Stoica,catalin.stoica2@outlook.com,9,5,1943,2026-04-04
2401,Cristian Cojocaru,cristian.cojocaru@outlook.com,10,3,1646,2026-06-04
2402,Alexandru Moldovan,alexandru.moldovan@outlook.com,7,3,1508,2026-06-30
2403,Alexandra Munteanu,alexandra.munteanu@outlook.com,8,2,1442,2026-05-29
2404,Cristina Marin,cristina.marin@yahoo.com,4,5,1869,2026-04-29
2405,Sorin Nistor,sorin.nistor2@yahoo.com,6,2,1383,2026-06-18
2406,Octavian Sandu,octavian.sandu3@yahoo.com,1,4,1708,2026-06-16
2407,Victor Cojocaru,victor.cojocaru@gmail.com,5,2,1322,2026-03-22
2408,Mihai Pintea,mihai.pintea@yahoo.com,8,1,1191,2026-07-09
2409,Sebastian Pintea,sebastian.pintea3@outlook.com,4,4,1630,2026-04-23
2410,Octavian Toma,octavian.toma@gmail.com,8,2,1384,2026-06-05
2411,Cristian Olaru,cristian.olaru2@outlook.com,4,2,1347,2026-07-19
2412,Andrei Balan,andrei.balan2@outlook.com,2,2,1410,2026-07-10
2413,Andrei Cojocaru,andrei.cojocaru@yahoo.com,7,1,1128,2026-06-27
2414,Adrian Pintea,adrian.pintea3@gmail.com,6,3,1472,2026-05-27
2415,Andrei Bucur,andrei.bucur@yahoo.com,6,3,1505,2026-07-20
2416,Stefan Gheorghe,stefan.gheorghe@yahoo.com,8,4,1723,2026-04-25
2417,Dragos Rusu,dragos.rusu2@yahoo.com,10,4,1642,2026-04-17
2418,Vlad Toma,vlad.toma3@outlook.com,7,4,1561,2026-05-26
2419,Razvan Constantin,razvan.constantin@outlook.com,3,3,1547,2026-07-22
2420,Victor Balan,victor.balan@yahoo.com,1,1,1373,2026-07-06
2421,Paul Balan,paul.balan2@yahoo.com,8,3,1525,2026-07-05
2422,Bogdan Pop,bogdan.pop@gmail.com,3,2,1343,2026-07-11
2423,Victor Popa,victor.popa2@outlook.com,1,2,1459,2026-07-15
2424,Adrian Ionescu,adrian.ionescu@gmail.com,7,4,1695,2026-06-01
2425,Dragos Iancu,dragos.iancu@gmail.com,9,3,1542,2026-07-18
2426,Bogdan Serban,bogdan.serban3@yahoo.com,8,2,1206,2026-04-18
2427,Bianca Dumitru,bianca.dumitru2@yahoo.com,1,1,1200,2026-06-06
2428,Octavian Balan,octavian.balan@gmail.com,8,4,1518,2026-07-07
2429,Adrian Toma,adrian.toma@outlook.com,7,2,1403,2026-06-20
2430,Elena Bucur,elena.bucur@outlook.com,2,2,1310,2026-03-19
2431,Gabriel Munteanu,gabriel.munteanu@gmail.com,8,2,1232,2026-06-14
2432,Victor Olaru,victor.olaru2@outlook.com,2,3,1744,2026-05-24
2433,Victor Balan,victor.balan2@yahoo.com,2,2,1076,2026-03-13
2434,Radu Ionescu,radu.ionescu2@gmail.com,4,3,1473,2026-02-17
2435,Gabriel Balan,gabriel.balan@yahoo.com,3,2,1293,2026-02-11
2436,Marius Sandu,marius.sandu@outlook.com,1,2,1479,2026-04-11
2437,Vlad Cojocaru,vlad.cojocaru2@outlook.com,8,2,1232,2026-07-22
2438,Florin Dobre,florin.dobre@gmail.com,8,2,1237,2026-07-07
2439,Florin Grigore,florin.grigore@gmail.com,7,4,1701,2026-03-09
2440,Sebastian Tudor,sebastian.tudor@outlook.com,10,2,1388,2026-05-30
2441,Sorin Popa,sorin.popa@yahoo.com,9,4,1629,2026-07-24
2442,Sorin Cristea,sorin.cristea2@yahoo.com,10,4,1762,2026-03-10
2443,Mihaela Rusu,mihaela.rusu@outlook.com,10,4,1689,2026-05-08
2444,Alexandru Dumitru,alexandru.dumitru2@gmail.com,1,3,1587,2026-07-01
2445,Florin Filip,florin.filip@gmail.com,3,5,1705,2026-04-12
2446,Octavian Manole,octavian.manole2@outlook.com,3,1,1187,2026-07-13
2447,Daniel Dobre,daniel.dobre@yahoo.com,1,3,1606,2026-05-18
2448,Robert Manole,robert.manole2@yahoo.com,6,2,1240,2026-05-09
2449,Marius Constantin,marius.constantin@outlook.com,3,2,1352,2026-07-18
2450,Mihaela Dobre,mihaela.dobre2@outlook.com,9,4,1627,2026-05-31
2451,Robert Anghel,robert.anghel@yahoo.com,5,5,1807,2026-05-02
2452,Radu Popa,radu.popa2@yahoo.com,4,3,1469,2026-02-11
2453,Marius Sandu,marius.sandu@yahoo.com,4,2,1379,2026-03-25
2454,Bogdan Petrescu,bogdan.petrescu3@gmail.com,10,3,1570,2026-02-26
2455,Razvan Pop,razvan.pop3@gmail.com,4,3,1359,2026-03-21
2456,Victor Voicu,victor.voicu2@yahoo.com,5,2,1466,2026-05-17
2457,Ioana Barbu,ioana.barbu2@outlook.com,2,4,1497,2026-07-14
2458,Bogdan Filip,bogdan.filip2@yahoo.com,4,4,1716,2026-05-15
2459,Andrei Lupu,andrei.lupu@yahoo.com,3,5,1944,2026-04-23
2460,Paul Nistor,paul.nistor@outlook.com,9,2,1436,2026-07-21
2461,Radu Lupu,radu.lupu2@outlook.com,10,2,1520,2026-07-03
2462,Vlad Radu,vlad.radu2@gmail.com,2,3,1512,2026-06-24
2463,Bogdan Radu,bogdan.radu@outlook.com,1,3,1536,2026-06-26
2464,Catalin Petrescu,catalin.petrescu3@yahoo.com,3,3,1594,2026-07-23
2465,Vlad Popa,vlad.popa@outlook.com,1,3,1526,2026-06-25
2466,Mihai Lupu,mihai.lupu2@outlook.com,9,2,1376,2026-05-14
2467,Florin Filip,florin.filip3@gmail.com,2,2,1554,2026-04-20
2468,Paul Popescu,paul.popescu@gmail.com,4,2,1366,2026-06-15
2469,Sebastian Pop,sebastian.pop2@outlook.com,10,3,1517,2026-07-22
2470,Alexandru Anghel,alexandru.anghel2@outlook.com,1,4,1712,2026-05-02
2471,Victor Barbu,victor.barbu3@yahoo.com,1,4,1693,2026-04-03
2472,Alexandra Moldovan,alexandra.moldovan@gmail.com,5,3,1512,2026-06-04
2473,Larisa Stoica,larisa.stoica@gmail.com,3,2,1399,2026-04-08
2474,Dragos Grigore,dragos.grigore2@gmail.com,5,3,1184,2026-02-20
2475,Vlad Marin,vlad.marin@yahoo.com,5,4,1715,2026-04-03
2476,Mihai Filip,mihai.filip2@outlook.com,3,4,1596,2026-06-12
2477,Ioana Barbu,ioana.barbu3@outlook.com,1,1,1073,2026-06-05
2478,Simona Grigore,simona.grigore@gmail.com,8,4,1592,2026-04-15
2479,Ioana Balan,ioana.balan2@yahoo.com,1,3,1546,2026-07-15
2480,Alexandra Grigore,alexandra.grigore@gmail.com,8,2,1314,2026-07-01
2481,Alexandru Serban,alexandru.serban3@yahoo.com,4,4,1738,2026-03-19
2482,Andrei Voicu,andrei.voicu2@outlook.com,1,4,1668,2026-06-21
2483,Catalin Moldovan,catalin.moldovan2@outlook.com,4,2,1290,2026-04-13
2484,Anca Barbu,anca.barbu@gmail.com,10,2,1444,2026-06-10
2485,Gabriel Stan,gabriel.stan2@outlook.com,7,4,1538,2026-05-15
2486,Robert Stan,robert.stan@gmail.com,4,1,1383,2026-04-20
2487,Oana Iancu,oana.iancu@gmail.com,4,2,1445,2026-05-17
2488,Alexandra Marin,alexandra.marin@outlook.com,5,2,1400,2026-04-13
2489,Sebastian Radu,sebastian.radu3@gmail.com,9,2,1406,2026-05-12
2490,Elena Manole,elena.manole@gmail.com,1,3,1256,2026-07-12
2491,Bianca Pintea,bianca.pintea@yahoo.com,6,2,1344,2026-06-30
2492,Paul Pintea,paul.pintea3@gmail.com,5,4,1457,2026-05-25
2493,Dragos Anghel,dragos.anghel@yahoo.com,9,2,1310,2026-06-23
2494,Tudor Ionescu,tudor.ionescu2@outlook.com,3,2,1384,2026-03-30
2495,Georgiana Bucur,georgiana.bucur@yahoo.com,2,2,1415,2026-07-02
2496,Roxana Anghel,roxana.anghel@yahoo.com,2,5,2120,2026-04-29
2497,Bogdan Pop,bogdan.pop2@yahoo.com,1,3,1590,2026-05-30
2498,Raluca Cristea,raluca.cristea@outlook.com,3,3,1517,2026-04-06
2499,Razvan Popa,razvan.popa@yahoo.com,9,2,1210,2026-05-24
2500,Elena Dumitru,elena.dumitru@gmail.com,10,2,1428,2026-06-30
