id_meci,id_rezervare,id_jucator_1,id_jucator_2,scor_1,scor_2,id_castigator,tip,stare
1,13,1599,28,,,,privat,fara_rezultat
2,16,1599,1364,3,4,1364,privat,finalizat
3,17,1618,225,0,3,225,privat,finalizat
4,18,2081,2226,1,4,2226,privat,finalizat
5,19,2081,2226,1,3,2226,privat,finalizat
6,20,1428,741,5,0,1428,privat,finalizat
7,29,1618,225,,,,privat,fara_rezultat
8,30,2226,2081,4,0,2226,privat,finalizat
9,33,28,1039,1,3,1039,privat,finalizat
10,35,28,1918,3,2,28,deschis,finalizat
11,37,787,536,,,,deschis,fara_rezultat
12,38,28,1918,5,2,28,privat,finalizat
13,41,1428,741,4,0,1428,privat,finalizat
14,42,787,536,3,0,787,privat,finalizat
15,43,1599,1918,3,2,1599,privat,finalizat
16,46,67,741,1,3,741,privat,finalizat
17,48,28,1039,2,5,1039,privat,finalizat
18,49,1700,1599,3,0,1700,privat,finalizat
19,51,787,536,,,,deschis,fara_rezultat
20,56,646,536,1,4,536,privat,finalizat
21,59,869,1401,,,,deschis,fara_rezultat
22,64,744,171,3,2,744,privat,finalizat
23,65,1618,225,0,4,225,privat,finalizat
24,67,1886,2163,3,5,2163,deschis,finalizat
25,68,1401,869,0,3,869,privat,finalizat
26,69,787,1261,0,5,1261,privat,finalizat
27,72,2169,311,4,1,2169,privat,finalizat
28,73,744,171,4,1,744,privat,finalizat
29,74,1748,,,,,deschis,expirat
30,75,2095,787,,,,privat,fara_rezultat
31,77,2169,,,,,deschis,expirat
32,78,2169,1401,,,,privat,fara_rezultat
33,79,1053,28,,,,privat,fara_rezultat
34,82,744,171,5,1,744,deschis,finalizat
35,94,269,1748,1,5,1748,deschis,finalizat
36,95,1401,869,0,3,869,privat,finalizat
37,96,744,,,,,deschis,expirat
38,99,741,67,,,,privat,fara_rezultat
39,101,2095,1028,1,5,1028,privat,finalizat
40,104,2095,1028,3,2,2095,deschis,finalizat
41,105,869,311,3,1,869,privat,finalizat
42,107,787,1028,5,2,787,privat,finalizat
43,111,1345,938,2,3,938,privat,finalizat
44,114,2169,1401,,,,deschis,fara_rezultat
45,115,869,311,5,1,869,privat,finalizat
46,119,744,,,,,deschis,expirat
47,121,787,1028,3,2,787,privat,finalizat
48,122,311,1401,5,2,311,privat,finalizat
49,124,1599,,,,,deschis,expirat
50,126,2095,1028,5,1,2095,deschis,finalizat
51,127,1053,1364,4,0,1053,privat,finalizat
52,131,2095,787,,,,privat,fara_rezultat
53,135,1579,225,0,5,225,deschis,finalizat
54,141,269,979,3,2,269,privat,finalizat
55,143,1401,311,,,,privat,fara_rezultat
56,144,1687,2095,4,0,1687,privat,finalizat
57,145,646,536,1,4,536,privat,finalizat
58,146,2452,1621,4,1,2452,privat,finalizat
59,148,76,1428,2,5,1428,privat,finalizat
60,150,536,1028,2,3,1028,deschis,finalizat
61,152,1918,1621,3,1,1918,privat,finalizat
62,153,1748,979,3,1,1748,privat,finalizat
63,156,442,186,0,4,186,deschis,finalizat
64,158,76,1428,1,3,1428,privat,finalizat
65,160,744,171,4,3,744,privat,finalizat
66,162,1028,2095,3,4,2095,privat,finalizat
67,168,1028,2095,4,3,1028,privat,finalizat
68,170,869,2169,5,0,869,privat,finalizat
69,173,186,1445,4,3,186,privat,finalizat
70,174,979,197,1,5,197,deschis,finalizat
71,178,197,1748,2,4,1748,privat,finalizat
72,181,2226,1119,0,3,1119,privat,finalizat
73,186,979,197,0,5,197,privat,finalizat
74,187,536,646,5,2,536,privat,finalizat
75,188,869,311,4,1,869,deschis,finalizat
76,190,2435,2063,1,3,2063,deschis,finalizat
77,192,646,536,0,3,536,privat,finalizat
78,193,1028,2095,4,3,1028,privat,finalizat
79,195,76,1428,0,4,1428,privat,finalizat
80,196,2452,28,2,3,28,privat,finalizat
81,203,1687,2095,,,,privat,fara_rezultat
82,206,1574,1752,3,0,1574,privat,finalizat
83,208,869,1401,4,0,869,privat,finalizat
84,211,646,536,,,,deschis,fara_rezultat
85,219,741,1252,3,0,741,privat,finalizat
86,222,744,911,2,4,911,privat,finalizat
87,225,1401,311,3,0,1401,privat,finalizat
88,232,869,1401,3,1,869,deschis,finalizat
89,233,2169,,,,,deschis,expirat
90,235,1820,1621,2,5,1621,privat,finalizat
91,241,1766,1906,5,3,1766,privat,finalizat
92,250,1252,741,0,3,741,deschis,finalizat
93,254,816,2180,,,,privat,fara_rezultat
94,257,2063,938,0,5,938,privat,finalizat
95,262,311,1710,,,,privat,fara_rezultat
96,264,1401,869,0,3,869,privat,finalizat
97,266,979,197,3,4,197,privat,finalizat
98,268,2169,869,3,2,2169,privat,finalizat
99,276,869,1710,5,0,869,deschis,finalizat
100,290,1028,1986,,,,privat,fara_rezultat
101,297,1599,2434,,,,privat,fara_rezultat
102,300,2095,1028,4,3,2095,privat,finalizat
103,302,1700,28,,,,privat,fara_rezultat
104,304,1579,1618,5,3,1579,deschis,finalizat
105,305,269,1748,1,3,1748,privat,finalizat
106,308,1428,76,3,1,1428,privat,finalizat
107,317,2095,787,2,5,787,privat,finalizat
108,318,643,2180,2,3,2180,deschis,finalizat
109,320,1599,2452,5,2,1599,privat,finalizat
110,328,1053,1599,,,,privat,fara_rezultat
111,330,1918,1820,5,1,1918,privat,finalizat
112,335,646,1986,0,5,1986,deschis,finalizat
113,341,816,2180,,,,privat,fara_rezultat
114,343,1599,,,,,deschis,expirat
115,347,1687,646,3,0,1687,privat,finalizat
116,349,869,1603,,,,deschis,fara_rezultat
117,350,911,2096,2,4,2096,deschis,finalizat
118,351,1345,171,1,4,171,privat,finalizat
119,353,2163,1683,5,4,2163,privat,finalizat
120,356,1401,1961,0,4,1961,privat,finalizat
121,358,1618,,,,,deschis,expirat
122,361,869,1961,0,5,1961,deschis,finalizat
123,362,536,643,1,3,643,privat,finalizat
124,366,2435,2063,4,1,2435,privat,finalizat
125,368,28,1364,2,3,1364,deschis,finalizat
126,370,442,1445,0,3,1445,privat,finalizat
127,371,269,1771,,,,privat,fara_rezultat
128,372,2095,643,4,3,2095,privat,finalizat
129,374,787,1261,1,3,1261,deschis,finalizat
130,375,1299,938,,,,privat,fara_rezultat
131,376,2452,1039,1,5,1039,deschis,finalizat
132,379,1839,2063,3,1,1839,privat,finalizat
133,384,1579,20,4,3,1579,deschis,finalizat
134,386,2435,938,2,5,938,privat,finalizat
135,387,2129,1599,0,4,1599,privat,finalizat
136,390,2169,1401,3,2,2169,deschis,finalizat
137,391,2129,28,0,3,28,privat,finalizat
138,392,225,1080,5,4,225,deschis,finalizat
139,396,2005,2096,,,,privat,fara_rezultat
140,398,2095,,,,,deschis,expirat
141,402,1603,2169,3,4,2169,privat,finalizat
142,404,938,1303,3,4,1303,deschis,finalizat
143,405,615,1303,4,2,615,privat,finalizat
144,406,1886,2163,4,1,1886,privat,finalizat
145,408,816,1687,0,3,1687,privat,finalizat
146,409,1401,2169,1,5,2169,deschis,finalizat
147,410,2063,,,,,deschis,expirat
148,411,269,979,4,5,979,privat,finalizat
149,412,1053,2452,1,3,2452,privat,finalizat
150,413,1364,1918,3,2,1364,deschis,finalizat
151,414,741,67,3,2,741,privat,finalizat
152,415,643,536,3,0,643,privat,finalizat
153,418,1621,1918,3,5,1918,deschis,finalizat
154,419,76,741,4,1,76,deschis,finalizat
155,420,1603,2169,1,4,2169,privat,finalizat
156,421,615,1345,5,2,615,privat,finalizat
157,423,869,1961,4,3,869,privat,finalizat
158,427,2109,911,1,3,911,privat,finalizat
159,429,1961,1603,,,,privat,fara_rezultat
160,432,474,1451,1,4,1451,privat,finalizat
161,435,979,269,4,5,269,deschis,finalizat
162,436,1961,2169,5,3,1961,privat,finalizat
163,437,916,1710,1,4,1710,privat,finalizat
164,441,988,1080,3,0,988,privat,finalizat
165,443,1261,2180,2,5,2180,privat,finalizat
166,449,1599,1621,0,3,1621,deschis,finalizat
167,450,1825,186,3,4,186,privat,finalizat
168,453,159,1261,,,,privat,fara_rezultat
169,458,2169,1401,4,0,2169,privat,finalizat
170,459,615,240,,,,privat,fara_rezultat
171,460,1599,1621,4,5,1621,privat,finalizat
172,461,1820,1918,0,4,1918,privat,finalizat
173,462,1428,1252,,,,privat,fara_rezultat
174,463,269,,,,,deschis,expirat
175,464,916,1401,,,,privat,fara_rezultat
176,466,1364,1599,5,4,1364,privat,finalizat
177,467,28,2452,,,,privat,fara_rezultat
178,468,1544,1748,,,,privat,fara_rezultat
179,471,2180,159,,,,deschis,fara_rezultat
180,474,1687,159,5,0,1687,privat,finalizat
181,475,1687,159,5,1,1687,privat,finalizat
182,481,1762,643,3,5,643,privat,finalizat
183,484,1687,,,,,deschis,expirat
184,486,1599,,,,,deschis,expirat
185,494,334,1364,0,3,1364,privat,finalizat
186,495,1028,159,,,,privat,fara_rezultat
187,498,1631,869,3,2,1631,deschis,finalizat
188,503,615,744,2,4,744,privat,finalizat
189,505,76,1282,5,2,76,privat,finalizat
190,509,2005,744,3,2,2005,privat,finalizat
191,511,2063,171,0,4,171,privat,finalizat
192,513,646,536,4,5,536,privat,finalizat
193,516,1906,1766,,,,privat,fara_rezultat
194,517,1748,1000,4,0,1748,privat,finalizat
195,520,1825,1445,3,1,1825,privat,finalizat
196,521,1986,2180,4,5,2180,privat,finalizat
197,522,1631,1961,3,0,1631,privat,finalizat
198,527,1762,2095,1,4,2095,deschis,finalizat
199,528,1961,1631,0,3,1631,privat,finalizat
200,531,1080,1579,5,4,1080,privat,finalizat
201,536,2169,1961,1,5,1961,deschis,finalizat
202,537,869,1631,0,3,1631,privat,finalizat
203,540,2452,1364,4,5,1364,privat,finalizat
204,541,1053,1918,,,,deschis,fara_rezultat
205,542,334,,,,,deschis,expirat
206,546,1609,1820,2,3,1820,privat,finalizat
207,548,1252,67,3,2,1252,privat,finalizat
208,549,2454,1544,5,4,2454,privat,finalizat
209,550,787,450,4,1,787,privat,finalizat
210,551,643,536,4,3,643,privat,finalizat
211,552,787,1986,5,0,787,privat,finalizat
212,555,869,1631,4,5,1631,privat,finalizat
213,556,1299,199,,,,privat,fara_rezultat
214,560,646,1762,3,5,1762,privat,finalizat
215,561,787,1986,5,1,787,privat,finalizat
216,563,1631,869,4,3,1631,privat,finalizat
217,565,1631,2169,,,,deschis,fara_rezultat
218,568,2095,1062,3,1,2095,privat,finalizat
219,570,334,1053,1,3,1053,privat,finalizat
220,572,2454,197,0,3,197,privat,finalizat
221,573,450,,,,,deschis,expirat
222,574,67,1252,1,3,1252,deschis,finalizat
223,575,707,2049,,,,privat,fara_rezultat
224,579,1708,1039,4,3,1708,deschis,finalizat
225,580,869,,,,,deschis,expirat
226,581,2095,1762,5,0,2095,privat,finalizat
227,583,1401,1710,3,0,1401,privat,finalizat
228,584,938,,,,,deschis,expirat
229,586,1918,2434,4,0,1918,privat,finalizat
230,588,1748,1897,2,4,1897,privat,finalizat
231,589,2262,2435,,,,privat,fara_rezultat
232,591,334,1364,2,3,1364,privat,finalizat
233,592,1282,741,3,1,1282,deschis,finalizat
234,593,197,1000,5,4,197,deschis,finalizat
235,595,2225,1687,3,4,1687,privat,finalizat
236,602,28,1609,3,0,28,privat,finalizat
237,603,2452,1364,3,4,1364,privat,finalizat
238,604,474,866,,,,privat,fara_rezultat
239,607,816,2180,,,,deschis,fara_rezultat
240,612,1839,199,4,5,199,deschis,finalizat
241,614,1544,,,,,deschis,expirat
242,618,869,1961,3,4,1961,privat,finalizat
243,619,1961,,,,,deschis,expirat
244,620,938,2262,4,1,938,privat,finalizat
245,622,1917,1685,4,1,1917,privat,finalizat
246,624,646,1762,3,5,1762,deschis,finalizat
247,629,197,2454,5,0,197,privat,finalizat
248,632,1961,869,4,2,1961,deschis,finalizat
249,641,536,1762,2,4,1762,privat,finalizat
250,642,787,1986,4,0,787,privat,finalizat
251,645,1839,1303,0,3,1303,deschis,finalizat
252,647,2026,1886,2,5,1886,privat,finalizat
253,652,736,1579,3,1,736,privat,finalizat
254,655,2095,,,,,deschis,expirat
255,656,1762,1986,4,5,1986,deschis,finalizat
256,662,643,1762,5,2,643,privat,finalizat
257,665,1886,1574,5,0,1886,privat,finalizat
258,668,1364,334,3,0,1364,privat,finalizat
259,669,98,,,,,deschis,expirat
260,671,1028,646,5,1,1028,privat,finalizat
261,673,816,,,,,deschis,expirat
262,677,1961,869,3,2,1961,privat,finalizat
263,678,916,2169,0,3,2169,deschis,finalizat
264,681,1282,741,3,0,1282,privat,finalizat
265,683,1839,2063,4,0,1839,privat,finalizat
266,684,2297,2005,,,,deschis,fara_rezultat
267,686,2149,442,1,3,442,privat,finalizat
268,701,1028,643,,,,deschis,fara_rezultat
269,702,787,1986,3,1,787,privat,finalizat
270,705,911,2096,2,3,2096,privat,finalizat
271,710,643,816,0,5,816,privat,finalizat
272,713,1445,1825,2,4,1825,privat,finalizat
273,715,938,1299,,,,privat,fara_rezultat
274,717,1471,1687,2,4,1687,privat,finalizat
275,718,2095,1028,5,2,2095,privat,finalizat
276,720,2169,,,,,deschis,expirat
277,723,966,1839,3,5,1839,deschis,finalizat
278,728,873,1053,,,,privat,fara_rezultat
279,732,737,1603,2,4,1603,privat,finalizat
280,733,1303,938,,,,privat,fara_rezultat
281,735,1708,873,2,5,873,privat,finalizat
282,736,1552,717,,,,privat,fara_rezultat
283,739,916,311,3,0,916,privat,finalizat
284,748,2262,2435,2,4,2435,deschis,finalizat
285,750,28,1708,5,3,28,deschis,finalizat
286,754,816,1261,5,1,816,privat,finalizat
287,755,2348,1062,0,4,1062,privat,finalizat
288,757,2452,873,,,,deschis,fara_rezultat
289,758,1579,20,,,,privat,fara_rezultat
290,759,988,1685,4,1,988,privat,finalizat
291,760,269,,,,,deschis,expirat
292,762,615,2096,3,4,2096,deschis,finalizat
293,764,1708,1820,,,,deschis,fara_rezultat
294,765,707,1854,4,1,707,privat,finalizat
295,766,816,2180,,,,deschis,fara_rezultat
296,776,1708,1053,5,3,1708,privat,finalizat
297,784,816,787,5,4,816,deschis,finalizat
298,787,2169,1603,3,5,1603,deschis,finalizat
299,789,2095,,,,,deschis,expirat
300,791,450,2348,5,4,450,deschis,finalizat
301,793,737,2169,3,5,2169,privat,finalizat
302,794,869,2169,3,2,869,privat,finalizat
303,795,1901,468,,,,privat,fara_rezultat
304,800,869,2169,,,,privat,fara_rezultat
305,802,2169,1961,3,5,1961,deschis,finalizat
306,807,643,1986,2,5,1986,deschis,finalizat
307,809,28,,,,,deschis,expirat
308,811,873,2452,5,1,873,deschis,finalizat
309,814,1428,76,5,0,1428,privat,finalizat
310,815,240,656,1,3,656,privat,finalizat
311,818,1401,,,,,deschis,expirat
312,821,1530,76,0,4,76,privat,finalizat
313,829,2452,1918,3,5,1918,privat,finalizat
314,831,646,536,4,3,646,privat,finalizat
315,837,992,896,3,4,896,privat,finalizat
316,838,2262,911,1,4,911,privat,finalizat
317,839,1708,1053,4,5,1053,privat,finalizat
318,840,1748,197,4,0,1748,privat,finalizat
319,841,197,2454,1,4,2454,deschis,finalizat
320,842,1663,1592,3,1,1663,deschis,finalizat
321,847,1080,225,1,3,225,deschis,finalizat
322,849,1762,91,3,5,91,privat,finalizat
323,850,2452,873,2,3,873,privat,finalizat
324,854,1544,1000,0,4,1000,privat,finalizat
325,855,816,2180,3,1,816,privat,finalizat
326,856,450,,,,,deschis,expirat
327,859,1689,866,3,1,1689,deschis,finalizat
328,865,1820,1599,1,3,1599,privat,finalizat
329,867,1053,1708,5,4,1053,privat,finalizat
330,870,1700,873,3,0,1700,privat,finalizat
331,874,1687,,,,,deschis,expirat
332,878,2095,1028,3,2,2095,privat,finalizat
333,879,1631,1961,4,1,1631,privat,finalizat
334,883,2348,1986,2,4,1986,privat,finalizat
335,884,615,656,3,1,615,privat,finalizat
336,885,2435,2262,4,2,2435,privat,finalizat
337,887,1917,,,,,deschis,expirat
338,891,1839,1303,1,3,1303,privat,finalizat
339,894,1608,2399,2,3,2399,deschis,finalizat
340,896,98,1080,5,4,98,privat,finalizat
341,897,269,1771,3,0,269,privat,finalizat
342,900,261,,,,,deschis,expirat
343,901,2225,1687,3,0,2225,privat,finalizat
344,903,91,1028,1,4,1028,privat,finalizat
345,904,91,1592,,,,privat,fara_rezultat
346,905,240,911,,,,privat,fara_rezultat
347,907,1579,736,4,5,736,privat,finalizat
348,909,199,744,1,3,744,privat,finalizat
349,910,744,2297,4,3,744,deschis,finalizat
350,911,1708,873,1,3,873,privat,finalizat
351,914,1401,1603,3,1,1401,privat,finalizat
352,919,1062,2348,5,1,1062,deschis,finalizat
353,921,1870,2225,1,3,2225,privat,finalizat
354,922,873,1918,4,0,873,deschis,finalizat
355,924,737,2169,1,5,2169,deschis,finalizat
356,925,737,2169,4,1,737,privat,finalizat
357,929,979,2454,0,4,2454,privat,finalizat
358,933,1687,2225,3,5,2225,privat,finalizat
359,937,2169,869,3,4,869,deschis,finalizat
360,938,737,311,5,2,737,deschis,finalizat
361,941,737,1603,,,,privat,fara_rezultat
362,942,2306,1332,5,1,2306,deschis,finalizat
363,948,2169,234,2,5,234,privat,finalizat
364,951,1574,595,3,2,1574,privat,finalizat
365,956,1345,615,2,3,615,privat,finalizat
366,960,787,2095,3,5,2095,privat,finalizat
367,961,646,2348,3,4,2348,privat,finalizat
368,962,651,234,,,,privat,fara_rezultat
369,964,2096,2109,5,0,2096,privat,finalizat
370,965,1303,938,1,5,938,privat,finalizat
371,967,2399,1332,,,,privat,fara_rezultat
372,968,261,91,3,5,91,privat,finalizat
373,970,737,,,,,deschis,expirat
374,971,200,1609,0,4,1609,privat,finalizat
375,973,1858,1080,2,3,1080,privat,finalizat
376,975,1663,159,,,,deschis,fara_rezultat
377,981,2225,1687,3,2,2225,privat,finalizat
378,983,1530,,,,,deschis,expirat
379,984,261,1986,2,3,1986,privat,finalizat
380,986,1603,2169,0,3,2169,privat,finalizat
381,990,1445,442,3,1,1445,privat,finalizat
382,993,2225,109,5,4,2225,privat,finalizat
383,998,1858,1579,3,1,1858,privat,finalizat
384,999,1298,2454,0,3,2454,privat,finalizat
385,1004,988,225,5,4,988,privat,finalizat
386,1005,1000,269,5,2,1000,privat,finalizat
387,1010,656,1303,,,,privat,fara_rezultat
388,1012,1530,1282,0,3,1282,privat,finalizat
389,1013,261,1762,5,4,261,privat,finalizat
390,1019,1154,1762,4,1,1154,deschis,finalizat
391,1023,1631,869,3,2,1631,privat,finalizat
392,1025,1179,651,1,5,651,privat,finalizat
393,1026,737,234,1,5,234,deschis,finalizat
394,1032,98,20,5,2,98,deschis,finalizat
395,1034,1282,76,1,4,76,privat,finalizat
396,1045,717,1608,3,1,717,privat,finalizat
397,1047,1663,1261,0,5,1261,privat,finalizat
398,1049,234,651,5,1,234,privat,finalizat
399,1050,2169,1961,,,,privat,fara_rezultat
400,1052,2474,474,0,3,474,privat,finalizat
401,1054,1579,1858,1,4,1858,privat,finalizat
402,1062,651,1961,5,3,651,deschis,finalizat
403,1063,1961,1179,4,3,1961,deschis,finalizat
404,1065,873,1700,0,3,1700,privat,finalizat
405,1066,873,1621,,,,deschis,fara_rezultat
406,1067,2026,1451,5,2,2026,privat,finalizat
407,1070,2348,646,3,5,646,deschis,finalizat
408,1073,869,234,3,1,869,privat,finalizat
409,1074,1839,,,,,deschis,expirat
410,1081,450,643,3,1,450,privat,finalizat
411,1086,1552,,,,,deschis,expirat
412,1087,1154,2095,5,4,1154,deschis,finalizat
413,1088,1961,869,3,2,1961,privat,finalizat
414,1095,1401,,,,,deschis,expirat
415,1096,916,1401,0,3,1401,privat,finalizat
416,1098,2297,2005,2,3,2005,privat,finalizat
417,1100,2169,896,3,0,2169,privat,finalizat
418,1106,1451,1574,1,3,1574,deschis,finalizat
419,1108,787,1986,5,3,787,deschis,finalizat
420,1109,1663,1154,3,0,1663,deschis,finalizat
421,1113,910,1261,1,4,1261,privat,finalizat
422,1118,1762,536,4,1,1762,privat,finalizat
423,1121,992,311,1,5,311,privat,finalizat
424,1123,1608,2306,4,1,1608,privat,finalizat
425,1124,646,,,,,deschis,expirat
426,1125,643,1154,3,0,643,privat,finalizat
427,1126,1179,992,3,0,1179,privat,finalizat
428,1128,988,626,4,1,988,privat,finalizat
429,1129,1261,2095,,,,privat,fara_rezultat
430,1133,1758,1621,1,4,1621,privat,finalizat
431,1136,1342,1579,3,4,1579,privat,finalizat
432,1138,1028,1062,4,5,1062,privat,finalizat
433,1141,869,1961,,,,privat,fara_rezultat
434,1145,109,1261,3,1,109,deschis,finalizat
435,1149,1748,1173,3,5,1173,privat,finalizat
436,1154,910,2095,5,2,910,privat,finalizat
437,1155,1683,595,4,2,1683,privat,finalizat
438,1160,76,2196,4,1,76,privat,finalizat
439,1163,1028,450,4,3,1028,privat,finalizat
440,1168,334,1364,4,3,334,privat,finalizat
441,1174,2151,966,4,0,2151,privat,finalizat
442,1176,334,,,,,deschis,expirat
443,1177,1608,2399,2,3,2399,privat,finalizat
444,1179,1252,2196,4,2,1252,privat,finalizat
445,1180,1533,2226,,,,privat,fara_rezultat
446,1182,1762,1321,2,3,1321,deschis,finalizat
447,1185,737,1603,5,3,737,privat,finalizat
448,1186,1961,1551,3,4,1551,privat,finalizat
449,1187,2151,1402,3,0,2151,privat,finalizat
450,1188,2435,2262,,,,privat,fara_rezultat
451,1189,1252,67,4,1,1252,privat,finalizat
452,1190,979,1173,0,5,1173,deschis,finalizat
453,1191,2225,1687,3,1,2225,privat,finalizat
454,1198,2225,646,,,,deschis,fara_rezultat
455,1199,261,1321,4,2,261,privat,finalizat
456,1201,234,1179,3,0,234,privat,finalizat
457,1205,615,911,5,0,615,privat,finalizat
458,1209,1179,651,2,3,651,deschis,finalizat
459,1211,2063,1402,0,4,1402,privat,finalizat
460,1212,1053,1039,3,4,1039,privat,finalizat
461,1213,1574,1536,0,4,1536,privat,finalizat
462,1214,1752,1886,1,3,1886,privat,finalizat
463,1215,1062,643,3,1,1062,privat,finalizat
464,1217,1080,,,,,deschis,expirat
465,1219,1687,1471,2,4,1471,privat,finalizat
466,1224,938,966,4,2,938,deschis,finalizat
467,1225,2454,1544,1,3,1544,privat,finalizat
468,1228,1631,1551,4,2,1631,deschis,finalizat
469,1234,1710,1401,,,,privat,fara_rezultat
470,1236,722,1411,4,2,722,deschis,finalizat
471,1237,1592,1762,4,3,1592,privat,finalizat
472,1238,916,311,4,3,916,privat,finalizat
473,1243,1299,,,,,deschis,expirat
474,1244,938,171,0,3,171,privat,finalizat
475,1245,1708,,,,,deschis,expirat
476,1250,1593,1154,2,4,1154,privat,finalizat
477,1251,1401,901,1,5,901,privat,finalizat
478,1255,1708,1918,4,3,1708,privat,finalizat
479,1256,1451,1683,5,4,1451,deschis,finalizat
480,1257,626,988,1,5,988,privat,finalizat
481,1260,2435,2344,1,3,2344,privat,finalizat
482,1262,442,1901,,,,privat,fara_rezultat
483,1263,979,1771,,,,deschis,fara_rezultat
484,1271,1708,873,,,,privat,fara_rezultat
485,1272,1257,736,3,1,1257,privat,finalizat
486,1275,2095,109,1,5,109,privat,finalizat
487,1277,717,442,1,5,442,privat,finalizat
488,1279,1756,,,,,deschis,expirat
489,1286,1762,,,,,deschis,expirat
490,1288,2063,199,0,4,199,privat,finalizat
491,1290,1886,1752,3,4,1752,privat,finalizat
492,1298,2129,2110,,,,deschis,fara_rezultat
493,1302,722,1411,4,3,722,privat,finalizat
494,1303,1179,1172,3,5,1172,privat,finalizat
495,1304,896,916,3,0,896,privat,finalizat
496,1310,2095,1592,4,2,2095,deschis,finalizat
497,1312,311,1401,2,3,1401,privat,finalizat
498,1315,1609,28,,,,privat,fara_rezultat
499,1316,1820,1633,3,4,1633,privat,finalizat
500,1317,1053,1708,3,5,1708,privat,finalizat
501,1319,439,468,0,5,468,privat,finalizat
502,1321,1411,646,3,2,1411,privat,finalizat
503,1322,1154,722,,,,privat,fara_rezultat
504,1333,334,,,,,deschis,expirat
505,1339,1758,1820,0,3,1820,privat,finalizat
506,1347,1621,1918,4,5,1918,privat,finalizat
507,1349,1687,1471,3,4,1471,privat,finalizat
508,1350,2129,200,5,2,2129,deschis,finalizat
509,1351,2225,261,3,0,2225,deschis,finalizat
510,1353,1345,1402,0,4,1402,privat,finalizat
511,1356,1687,910,5,0,1687,privat,finalizat
512,1358,468,1702,4,3,468,privat,finalizat
513,1361,722,1592,4,5,1592,privat,finalizat
514,1369,1179,234,0,4,234,privat,finalizat
515,1370,873,2183,3,0,873,privat,finalizat
516,1375,1593,1762,1,3,1762,privat,finalizat
517,1376,1986,,,,,deschis,expirat
518,1379,2393,2005,,,,privat,fara_rezultat
519,1384,646,1592,,,,privat,fara_rezultat
520,1385,450,,,,,deschis,expirat
521,1387,722,261,5,4,722,deschis,finalizat
522,1390,1593,1154,3,1,1593,privat,finalizat
523,1392,869,1126,2,5,1126,privat,finalizat
524,1393,1401,255,5,3,1401,privat,finalizat
525,1394,1401,901,1,4,901,privat,finalizat
526,1398,1609,1884,2,4,1884,deschis,finalizat
527,1400,2180,450,5,3,2180,privat,finalizat
528,1401,159,1756,2,3,1756,deschis,finalizat
529,1402,1894,,,,,deschis,expirat
530,1418,2399,2149,,,,privat,fara_rezultat
531,1419,646,536,5,4,646,deschis,finalizat
532,1421,2056,2348,3,4,2348,privat,finalizat
533,1422,1762,643,3,5,643,privat,finalizat
534,1426,1172,651,3,1,1172,privat,finalizat
535,1427,1433,1364,,,,privat,fara_rezultat
536,1429,1599,2452,,,,privat,fara_rezultat
537,1430,1608,2399,1,3,2399,privat,finalizat
538,1431,2306,717,0,4,717,privat,finalizat
539,1435,2225,1471,,,,deschis,fara_rezultat
540,1438,1683,2163,0,3,2163,privat,finalizat
541,1439,1028,1592,3,4,1592,privat,finalizat
542,1441,1154,1411,4,1,1154,deschis,finalizat
543,1448,744,199,4,0,744,privat,finalizat
544,1449,1884,1599,1,3,1599,privat,finalizat
545,1450,2189,387,4,0,2189,privat,finalizat
546,1451,2306,1608,,,,privat,fara_rezultat
547,1453,816,109,,,,privat,fara_rezultat
548,1455,1551,1631,3,5,1631,privat,finalizat
549,1462,1771,979,,,,privat,fara_rezultat
550,1466,1028,,,,,deschis,expirat
551,1470,869,1179,5,1,869,deschis,finalizat
552,1472,1631,2379,4,0,1631,privat,finalizat
553,1474,992,916,3,1,992,privat,finalizat
554,1476,1839,,,,,deschis,expirat
555,1478,873,1708,,,,privat,fara_rezultat
556,1480,789,1119,,,,deschis,fara_rezultat
557,1483,450,446,3,2,450,deschis,finalizat
558,1489,2452,1448,4,5,1448,privat,finalizat
559,1492,866,387,,,,deschis,fara_rezultat
560,1494,1702,1825,2,4,1825,privat,finalizat
561,1495,2095,1592,2,5,1592,privat,finalizat
562,1496,2348,,,,,deschis,expirat
563,1497,1762,,,,,deschis,expirat
564,1498,1631,1551,5,1,1631,privat,finalizat
565,1501,2109,656,5,1,2109,privat,finalizat
566,1506,1592,816,,,,privat,fara_rezultat
567,1509,643,910,0,4,910,privat,finalizat
568,1514,28,873,4,1,28,privat,finalizat
569,1515,873,,,,,deschis,expirat
570,1521,1126,2379,3,5,2379,privat,finalizat
571,1522,2169,901,3,2,2169,deschis,finalizat
572,1523,1894,1172,,,,privat,fara_rezultat
573,1524,988,225,5,1,988,privat,finalizat
574,1528,2193,1858,0,4,1858,privat,finalizat
575,1529,1685,363,3,4,363,deschis,finalizat
576,1532,159,2095,4,0,159,deschis,finalizat
577,1537,707,1736,0,4,1736,privat,finalizat
578,1540,869,,,,,deschis,expirat
579,1542,1184,,,,,deschis,expirat
580,1543,363,626,5,2,363,privat,finalizat
581,1549,1663,,,,,deschis,expirat
582,1550,646,1028,0,3,1028,privat,finalizat
583,1554,916,992,3,4,992,deschis,finalizat
584,1555,2433,992,1,3,992,privat,finalizat
585,1560,646,2056,4,0,646,privat,finalizat
586,1561,1762,,,,,deschis,expirat
587,1566,442,1901,1,3,1901,privat,finalizat
588,1567,1228,1447,2,4,1447,privat,finalizat
589,1569,2110,1609,,,,privat,fara_rezultat
590,1576,816,,,,,deschis,expirat
591,1577,651,1631,1,4,1631,privat,finalizat
592,1578,255,1894,,,,privat,fara_rezultat
593,1583,966,,,,,deschis,expirat
594,1585,873,1918,4,0,873,privat,finalizat
595,1587,1341,646,3,4,646,privat,finalizat
596,1588,261,1028,0,3,1028,privat,finalizat
597,1592,234,869,3,1,234,deschis,finalizat
598,1593,1961,234,,,,privat,fara_rezultat
599,1594,901,1961,1,5,1961,deschis,finalizat
600,1598,1766,,,,,deschis,expirat
601,1599,2193,,,,,deschis,expirat
602,1605,2433,311,3,2,2433,privat,finalizat
603,1609,2297,199,4,3,2297,privat,finalizat
604,1611,1820,1633,,,,deschis,fara_rezultat
605,1612,28,1053,2,5,1053,privat,finalizat
606,1613,988,363,4,2,988,privat,finalizat
607,1616,664,1986,0,3,1986,privat,finalizat
608,1620,916,1401,0,3,1401,deschis,finalizat
609,1621,1401,1179,0,5,1179,privat,finalizat
610,1624,1184,2474,3,2,1184,deschis,finalizat
611,1627,2149,509,3,2,2149,deschis,finalizat
612,1628,1579,20,4,2,1579,deschis,finalizat
613,1629,741,,,,,deschis,expirat
614,1632,651,1721,3,2,651,deschis,finalizat
615,1643,2295,1252,1,5,1252,deschis,finalizat
616,1644,1119,2049,5,0,1119,privat,finalizat
617,1645,1592,1321,3,1,1592,deschis,finalizat
618,1648,1592,,,,,deschis,expirat
619,1649,1411,2348,4,1,1411,privat,finalizat
620,1650,1411,1663,1,3,1663,privat,finalizat
621,1660,938,1839,0,3,1839,privat,finalizat
622,1661,1837,2297,,,,privat,fara_rezultat
623,1662,2297,615,1,5,615,deschis,finalizat
624,1663,1448,334,,,,privat,fara_rezultat
625,1666,1433,2452,,,,privat,fara_rezultat
626,1669,1738,2442,5,1,1738,deschis,finalizat
627,1676,2049,2226,3,1,2049,deschis,finalizat
628,1678,664,1592,,,,privat,fara_rezultat
629,1680,2189,2163,5,2,2189,deschis,finalizat
630,1683,1886,2189,4,2,1886,privat,finalizat
631,1686,200,2110,4,5,2110,privat,finalizat
632,1691,2348,993,2,3,993,privat,finalizat
633,1695,1371,1906,1,4,1906,deschis,finalizat
634,1698,916,,,,,deschis,expirat
635,1703,2379,651,4,3,2379,privat,finalizat
636,1704,1401,311,5,0,1401,privat,finalizat
637,1706,736,1579,,,,privat,fara_rezultat
638,1707,1758,1621,0,3,1621,privat,finalizat
639,1708,1282,2196,4,2,1282,privat,finalizat
640,1709,1341,261,3,1,1341,privat,finalizat
641,1710,1592,,,,,deschis,expirat
642,1711,1961,1631,2,4,1631,privat,finalizat
643,1713,234,1961,,,,privat,fara_rezultat
644,1718,1884,1448,2,4,1448,privat,finalizat
645,1719,741,1252,4,1,741,privat,finalizat
646,1721,646,1228,,,,privat,fara_rezultat
647,1722,651,,,,,deschis,expirat
648,1725,1687,1471,,,,privat,fara_rezultat
649,1726,2095,1592,4,0,2095,privat,finalizat
650,1729,1433,1053,0,3,1053,privat,finalizat
651,1731,1825,442,2,3,442,deschis,finalizat
652,1732,2193,1257,4,1,2193,privat,finalizat
653,1737,261,1154,3,2,261,privat,finalizat
654,1740,2262,1845,3,4,1845,privat,finalizat
655,1741,2344,938,3,1,2344,privat,finalizat
656,1743,1371,1342,0,5,1342,privat,finalizat
657,1744,76,1788,3,2,76,privat,finalizat
658,1746,269,,,,,deschis,expirat
659,1747,91,261,2,5,261,deschis,finalizat
660,1761,787,159,4,0,787,privat,finalizat
661,1769,2121,2295,5,1,2121,privat,finalizat
662,1771,1592,446,4,2,1592,deschis,finalizat
663,1776,869,1551,3,0,869,privat,finalizat
664,1779,1599,334,,,,privat,fara_rezultat
665,1781,1592,1986,5,3,1592,deschis,finalizat
666,1782,2225,91,5,0,2225,privat,finalizat
667,1789,816,,,,,deschis,expirat
668,1790,1633,1599,1,4,1599,deschis,finalizat
669,1793,1579,2193,2,5,2193,privat,finalizat
670,1794,1428,76,,,,privat,fara_rezultat
671,1795,1411,261,1,4,261,privat,finalizat
672,1796,1471,109,5,2,1471,privat,finalizat
673,1798,255,,,,,deschis,expirat
674,1805,664,910,3,0,664,privat,finalizat
675,1806,450,787,2,3,787,privat,finalizat
676,1807,2379,1126,5,0,2379,privat,finalizat
677,1808,2297,615,2,4,615,privat,finalizat
678,1809,1820,2434,0,3,2434,privat,finalizat
679,1810,28,873,3,2,28,deschis,finalizat
680,1811,1053,1360,4,5,1360,privat,finalizat
681,1813,2303,1080,0,5,1080,privat,finalizat
682,1815,787,,,,,deschis,expirat
683,1819,2183,1364,4,0,2183,privat,finalizat
684,1821,1173,1000,,,,deschis,fara_rezultat
685,1824,1687,109,4,1,1687,privat,finalizat
686,1826,722,1644,3,0,722,privat,finalizat
687,1827,2169,869,,,,privat,fara_rezultat
688,1828,916,992,1,4,992,deschis,finalizat
689,1831,911,1345,1,4,1345,privat,finalizat
690,1832,1053,1039,3,5,1039,privat,finalizat
691,1833,1599,1918,0,4,1918,privat,finalizat
692,1835,363,225,2,3,225,privat,finalizat
693,1839,91,261,2,3,261,deschis,finalizat
694,1841,1126,1172,1,3,1172,privat,finalizat
695,1842,1172,,,,,deschis,expirat
696,1843,1303,2393,1,5,2393,deschis,finalizat
697,1845,1758,,,,,deschis,expirat
698,1846,2129,2110,5,0,2129,deschis,finalizat
699,1852,1282,1788,3,1,1282,privat,finalizat
700,1856,2193,626,4,5,626,deschis,finalizat
701,1857,1530,2196,4,1,1530,privat,finalizat
702,1862,334,1039,0,3,1039,privat,finalizat
703,1863,2452,1389,5,4,2452,deschis,finalizat
704,1865,1663,1592,5,3,1663,privat,finalizat
705,1867,966,938,3,0,966,privat,finalizat
706,1869,1228,2056,2,4,2056,privat,finalizat
707,1883,1367,,,,,deschis,expirat
708,1884,896,,,,,deschis,expirat
709,1892,1788,1282,,,,privat,fara_rezultat
710,1894,869,,,,,deschis,expirat
711,1896,1608,1702,,,,privat,fara_rezultat
712,1899,563,269,,,,privat,fara_rezultat
713,1900,1663,910,2,4,910,privat,finalizat
714,1901,2087,1179,3,1,2087,privat,finalizat
715,1902,1810,,,,,deschis,expirat
716,1907,664,1261,1,3,1261,deschis,finalizat
717,1910,1663,450,3,2,1663,deschis,finalizat
718,1911,916,311,1,4,311,privat,finalizat
719,1916,2005,2213,,,,privat,fara_rezultat
720,1917,200,,,,,deschis,expirat
721,1921,722,1341,3,1,722,deschis,finalizat
722,1926,1599,2452,2,5,2452,privat,finalizat
723,1928,1028,722,5,3,1028,privat,finalizat
724,1929,538,2180,3,0,538,deschis,finalizat
725,1931,787,816,4,1,787,deschis,finalizat
726,1933,1126,1961,5,1,1126,privat,finalizat
727,1936,896,901,3,5,901,privat,finalizat
728,1938,1179,1603,5,4,1179,privat,finalizat
729,1940,2129,2110,0,4,2110,privat,finalizat
730,1942,717,1901,,,,privat,fara_rezultat
731,1944,988,1858,,,,privat,fara_rezultat
732,1946,1756,538,5,3,1756,deschis,finalizat
733,1947,2169,1631,,,,deschis,fara_rezultat
734,1948,1126,1894,5,0,1126,privat,finalizat
735,1950,1618,1834,3,0,1618,privat,finalizat
736,1951,1752,1886,0,5,1886,privat,finalizat
737,1952,1126,1810,4,1,1126,privat,finalizat
738,1953,334,1599,4,3,334,deschis,finalizat
739,1954,643,1062,2,4,1062,deschis,finalizat
740,1956,2129,200,0,4,200,privat,finalizat
741,1957,2000,1761,1,5,1761,privat,finalizat
742,1958,2121,1223,0,4,1223,privat,finalizat
743,1959,311,1710,3,2,311,privat,finalizat
744,1960,2379,1961,,,,privat,fara_rezultat
745,1962,1345,911,4,5,911,privat,finalizat
746,1964,2379,947,,,,privat,fara_rezultat
747,1965,869,,,,,deschis,expirat
748,1967,1618,736,1,4,736,privat,finalizat
749,1968,2095,538,2,5,538,deschis,finalizat
750,1970,664,1986,3,4,1986,privat,finalizat
751,1972,234,1172,,,,privat,fara_rezultat
752,1974,2452,,,,,deschis,expirat
753,1976,787,2180,4,5,2180,deschis,finalizat
754,1981,2081,707,3,4,707,privat,finalizat
755,1983,787,2180,4,5,2180,privat,finalizat
756,1989,1179,1172,,,,deschis,fara_rezultat
757,1990,744,1345,5,2,744,privat,finalizat
758,1992,1433,331,2,5,331,privat,finalizat
759,1994,1080,1685,0,4,1685,privat,finalizat
760,1996,159,816,3,2,159,privat,finalizat
761,1999,1837,2213,0,5,2213,privat,finalizat
762,2001,873,1039,0,4,1039,privat,finalizat
763,2002,899,1705,3,5,1705,privat,finalizat
764,2003,1428,76,,,,privat,fara_rezultat
765,2006,536,91,3,2,536,privat,finalizat
766,2007,722,1592,2,5,1592,deschis,finalizat
767,2009,901,278,2,3,278,deschis,finalizat
768,2011,2379,1810,3,1,2379,privat,finalizat
769,2015,1574,1689,4,1,1574,privat,finalizat
770,2017,626,2303,3,1,626,privat,finalizat
771,2018,741,1252,,,,privat,fara_rezultat
772,2019,1282,1788,1,4,1788,deschis,finalizat
773,2020,2348,450,0,5,450,privat,finalizat
774,2022,2261,1894,1,5,1894,privat,finalizat
775,2024,2110,2129,3,0,2110,privat,finalizat
776,2025,200,1820,1,4,1820,deschis,finalizat
777,2026,1389,1611,1,3,1611,privat,finalizat
778,2029,1663,2180,0,3,2180,privat,finalizat
779,2030,910,643,3,0,910,deschis,finalizat
780,2031,2433,916,4,5,916,privat,finalizat
781,2036,736,1858,0,4,1858,privat,finalizat
782,2037,1593,2092,3,0,1593,privat,finalizat
783,2038,1918,28,1,3,28,privat,finalizat
784,2039,1389,1611,5,4,1389,privat,finalizat
785,2040,2003,1126,,,,deschis,fara_rezultat
786,2045,2087,1961,4,5,1961,privat,finalizat
787,2047,1028,159,0,5,159,privat,finalizat
788,2050,901,1172,0,3,1172,privat,finalizat
789,2051,656,2393,0,5,2393,privat,finalizat
790,2053,2196,1252,3,1,2196,privat,finalizat
791,2060,2003,1894,5,2,2003,privat,finalizat
792,2061,1126,,,,,deschis,expirat
793,2064,744,2096,3,1,744,privat,finalizat
794,2067,1530,741,5,4,1530,privat,finalizat
795,2072,1663,1756,1,4,1756,privat,finalizat
796,2073,1687,1663,3,0,1687,privat,finalizat
797,2078,2357,2120,3,5,2120,privat,finalizat
798,2081,1837,2213,2,3,2213,privat,finalizat
799,2089,816,2180,,,,privat,fara_rezultat
800,2093,2435,,,,,deschis,expirat
801,2094,656,,,,,deschis,expirat
802,2095,200,2110,4,1,200,privat,finalizat
803,2097,1901,1552,3,4,1552,privat,finalizat
804,2099,988,1257,3,1,988,privat,finalizat
805,2102,261,91,5,3,261,deschis,finalizat
806,2104,2348,1411,1,3,1411,privat,finalizat
807,2109,563,269,,,,privat,fara_rezultat
808,2110,722,450,1,3,450,privat,finalizat
809,2118,2435,,,,,deschis,expirat
810,2119,1433,1621,4,2,1433,deschis,finalizat
811,2120,1389,1621,2,3,1621,deschis,finalizat
812,2121,1633,1609,3,0,1633,privat,finalizat
813,2128,741,1252,4,2,741,privat,finalizat
814,2129,2095,450,3,0,2095,privat,finalizat
815,2130,446,1593,,,,privat,fara_rezultat
816,2132,91,1411,5,0,91,privat,finalizat
817,2135,2225,993,3,0,2225,privat,finalizat
818,2139,1705,2026,3,4,2026,privat,finalizat
819,2143,2225,2180,3,0,2225,privat,finalizat
820,2144,1631,527,4,2,1631,deschis,finalizat
821,2145,2003,1401,4,1,2003,privat,finalizat
822,2149,1411,446,1,3,446,privat,finalizat
823,2152,1401,737,2,4,737,privat,finalizat
824,2154,1252,283,2,5,283,privat,finalizat
825,2158,1631,2120,3,0,1631,privat,finalizat
826,2159,1401,278,2,4,278,privat,finalizat
827,2160,1961,1172,4,0,1961,privat,finalizat
828,2161,966,2297,,,,privat,fara_rezultat
829,2163,1593,643,4,3,1593,privat,finalizat
830,2164,993,910,1,4,910,privat,finalizat
831,2165,1592,1663,4,5,1663,privat,finalizat
832,2166,278,,,,,deschis,expirat
833,2172,234,1179,3,1,234,privat,finalizat
834,2173,1810,947,4,0,1810,deschis,finalizat
835,2175,1845,2063,3,5,2063,deschis,finalizat
836,2176,1884,1621,2,3,1621,privat,finalizat
837,2180,873,331,0,3,331,privat,finalizat
838,2187,2180,261,4,1,2180,privat,finalizat
839,2191,234,2003,4,0,234,privat,finalizat
840,2195,2262,2435,3,2,2262,deschis,finalizat
841,2196,1303,911,2,3,911,privat,finalizat
842,2197,240,615,4,2,240,deschis,finalizat
843,2198,1574,,,,,deschis,expirat
844,2201,563,979,4,1,563,privat,finalizat
845,2203,664,816,0,3,816,privat,finalizat
846,2207,1367,1126,,,,privat,fara_rezultat
847,2210,869,1367,3,5,1367,privat,finalizat
848,2212,1053,1918,3,0,1053,privat,finalizat
849,2214,1342,736,2,4,736,privat,finalizat
850,2218,123,2433,1,5,2433,privat,finalizat
851,2219,527,1367,3,2,527,deschis,finalizat
852,2220,234,,,,,deschis,expirat
853,2223,2379,1551,4,5,1551,privat,finalizat
854,2224,1401,1603,,,,deschis,fara_rezultat
855,2227,2129,2110,1,4,2110,privat,finalizat
856,2233,400,2399,5,3,400,privat,finalizat
857,2235,1252,2196,1,4,2196,privat,finalizat
858,2238,1228,2348,,,,privat,fara_rezultat
859,2239,1756,1986,2,3,1986,privat,finalizat
860,2240,538,1986,4,3,538,privat,finalizat
861,2241,646,,,,,deschis,expirat
862,2243,651,,,,,deschis,expirat
863,2245,1367,2120,,,,privat,fara_rezultat
864,2247,615,744,,,,deschis,fara_rezultat
865,2248,615,2344,4,2,615,privat,finalizat
866,2252,2295,,,,,deschis,expirat
867,2253,269,1173,0,4,1173,privat,finalizat
868,2256,1154,910,0,4,910,privat,finalizat
869,2260,1961,1172,3,4,1172,privat,finalizat
870,2264,2474,899,3,2,2474,privat,finalizat
871,2265,2326,474,0,4,474,privat,finalizat
872,2266,1579,626,0,3,626,privat,finalizat
873,2267,2295,,,,,deschis,expirat
874,2270,1592,993,4,0,1592,deschis,finalizat
875,2272,2225,,,,,deschis,expirat
876,2274,109,1687,0,3,1687,privat,finalizat
877,2275,1144,109,5,3,1144,privat,finalizat
878,2276,1762,1808,1,5,1808,deschis,finalizat
879,2280,869,234,3,0,869,privat,finalizat
880,2282,1631,527,2,3,527,deschis,finalizat
881,2283,2357,255,4,2,2357,deschis,finalizat
882,2285,2433,916,4,5,916,deschis,finalizat
883,2290,2452,873,3,5,873,deschis,finalizat
884,2291,1611,2434,1,4,2434,deschis,finalizat
885,2292,28,2434,5,0,28,deschis,finalizat
886,2295,1748,2454,,,,privat,fara_rezultat
887,2297,450,1593,4,2,450,privat,finalizat
888,2299,1808,646,5,2,1808,privat,finalizat
889,2301,2120,,,,,deschis,expirat
890,2307,1144,,,,,deschis,expirat
891,2310,2189,461,5,0,2189,privat,finalizat
892,2314,2430,311,3,2,2430,privat,finalizat
893,2317,541,1837,,,,privat,fara_rezultat
894,2320,28,1053,5,2,28,privat,finalizat
895,2323,664,2180,2,3,2180,privat,finalizat
896,2328,450,2316,4,0,450,privat,finalizat
897,2331,174,234,4,3,174,privat,finalizat
898,2333,1901,186,3,0,1901,deschis,finalizat
899,2335,1228,646,2,4,646,privat,finalizat
900,2344,28,1039,2,4,1039,privat,finalizat
901,2346,1702,1445,5,4,1702,privat,finalizat
902,2347,736,1858,5,3,736,privat,finalizat
903,2352,2169,1721,4,0,2169,privat,finalizat
904,2356,744,,,,,deschis,expirat
905,2358,717,1702,1,3,1702,privat,finalizat
906,2359,852,741,,,,privat,fara_rezultat
907,2361,1028,910,,,,privat,fara_rezultat
908,2367,1530,1788,5,2,1530,privat,finalizat
909,2369,333,2454,3,1,333,privat,finalizat
910,2373,1228,646,3,1,1228,privat,finalizat
911,2376,1762,993,,,,privat,fara_rezultat
912,2378,2003,947,0,3,947,privat,finalizat
913,2379,174,1172,5,2,174,deschis,finalizat
914,2384,1721,,,,,deschis,expirat
915,2391,1901,468,3,5,468,privat,finalizat
916,2392,741,1223,,,,privat,fara_rezultat
917,2393,1223,1788,1,5,1788,privat,finalizat
918,2397,1687,1144,4,1,1687,privat,finalizat
919,2399,1631,1551,,,,privat,fara_rezultat
920,2402,2183,1364,3,0,2183,privat,finalizat
921,2405,1983,1342,2,3,1342,privat,finalizat
922,2406,343,1917,4,5,1917,privat,finalizat
923,2410,643,,,,,deschis,expirat
924,2411,2095,,,,,deschis,expirat
925,2413,2120,2003,5,3,2120,privat,finalizat
926,2415,311,255,1,3,255,deschis,finalizat
927,2417,651,2087,4,0,651,privat,finalizat
928,2418,1179,2087,3,1,1179,deschis,finalizat
929,2420,2151,2393,,,,privat,fara_rezultat
930,2424,1918,1884,4,0,1918,privat,finalizat
931,2425,820,1918,1,4,1918,privat,finalizat
932,2426,461,2026,1,5,2026,deschis,finalizat
933,2427,1705,1683,5,1,1705,privat,finalizat
934,2428,866,595,2,3,595,privat,finalizat
935,2433,852,1252,0,3,1252,privat,finalizat
936,2435,109,1663,,,,privat,fara_rezultat
937,2436,1762,993,,,,deschis,fara_rezultat
938,2437,2348,1341,,,,privat,fara_rezultat
939,2438,787,1663,4,2,787,privat,finalizat
940,2442,1179,1721,,,,privat,fara_rezultat
941,2444,1721,278,4,0,1721,privat,finalizat
942,2451,1748,2454,,,,privat,fara_rezultat
943,2455,646,1228,3,1,646,deschis,finalizat
944,2457,1303,656,5,4,1303,privat,finalizat
945,2461,516,474,3,1,516,privat,finalizat
946,2462,1689,1165,5,3,1689,privat,finalizat
947,2464,442,400,,,,privat,fara_rezultat
948,2465,20,736,3,1,20,privat,finalizat
949,2466,643,1447,4,0,643,deschis,finalizat
950,2469,1144,2225,0,3,2225,deschis,finalizat
951,2472,1172,1551,1,3,1551,privat,finalizat
952,2473,2003,1603,,,,privat,fara_rezultat
953,2474,1172,2120,3,4,2120,deschis,finalizat
954,2476,651,2261,5,0,651,privat,finalizat
955,2477,2393,2005,4,5,2005,privat,finalizat
956,2479,2455,1918,1,3,1918,deschis,finalizat
957,2482,2226,1533,0,3,1533,privat,finalizat
958,2483,563,571,4,3,563,privat,finalizat
959,2486,651,1172,3,2,651,privat,finalizat
960,2488,28,2452,,,,privat,fara_rezultat
961,2491,1342,2303,4,2,1342,privat,finalizat
962,2493,1593,536,3,4,536,deschis,finalizat
963,2494,1592,993,4,0,1592,privat,finalizat
964,2502,1411,261,0,4,261,deschis,finalizat
965,2504,1144,1471,,,,privat,fara_rezultat
966,2508,1592,261,5,0,1592,deschis,finalizat
967,2509,1154,2092,,,,privat,fara_rezultat
968,2511,334,2434,4,5,2434,privat,finalizat
969,2516,1257,1342,4,1,1257,privat,finalizat
970,2517,283,852,2,3,852,deschis,finalizat
971,2518,1179,869,0,3,869,privat,finalizat
972,2519,1053,1708,4,5,1708,privat,finalizat
973,2520,2407,701,1,4,701,privat,finalizat
974,2524,91,1341,,,,privat,fara_rezultat
975,2526,1179,234,0,5,234,privat,finalizat
976,2529,1845,938,2,4,938,deschis,finalizat
977,2532,1599,1820,4,1,1599,privat,finalizat
978,2535,1144,1471,1,5,1471,privat,finalizat
979,2539,2120,2169,5,3,2120,privat,finalizat
980,2544,538,1261,4,5,1261,deschis,finalizat
981,2545,2142,538,,,,privat,fara_rezultat
982,2548,2087,869,2,4,869,privat,finalizat
983,2555,988,1618,4,0,988,privat,finalizat
984,2556,1296,584,5,2,1296,privat,finalizat
985,2557,1256,1249,,,,privat,fara_rezultat
986,2559,2056,646,,,,privat,fara_rezultat
987,2561,1228,2348,,,,privat,fara_rezultat
988,2563,1820,1389,,,,privat,fara_rezultat
989,2564,1820,1609,3,5,1609,privat,finalizat
990,2570,1367,2087,5,4,1367,privat,finalizat
991,2571,901,916,3,0,901,privat,finalizat
992,2572,2262,,,,,deschis,expirat
993,2573,1839,541,,,,privat,fara_rezultat
994,2580,2081,1296,3,1,2081,privat,finalizat
995,2582,1663,664,2,4,664,deschis,finalizat
996,2583,1644,643,2,5,643,privat,finalizat
997,2586,255,836,5,4,255,deschis,finalizat
998,2587,174,869,2,3,869,privat,finalizat
999,2589,1433,331,3,2,1433,deschis,finalizat
1000,2590,67,,,,,deschis,expirat
1001,2591,1000,2442,1,4,2442,privat,finalizat
1002,2597,234,,,,,deschis,expirat
1003,2604,1184,2326,3,2,1184,privat,finalizat
1004,2608,2295,67,4,2,2295,deschis,finalizat
1005,2614,1411,643,2,5,643,privat,finalizat
1006,2617,2433,1710,3,4,1710,privat,finalizat
1007,2619,2434,1758,,,,privat,fara_rezultat
1008,2620,1687,1144,2,5,1144,privat,finalizat
1009,2622,159,1663,4,1,159,privat,finalizat
1010,2624,234,1551,0,4,1551,privat,finalizat
1011,2626,2087,1179,3,0,2087,privat,finalizat
1012,2631,701,2407,1,3,2407,deschis,finalizat
1013,2632,1703,2026,0,5,2026,privat,finalizat
1014,2636,2056,1986,0,4,1986,privat,finalizat
1015,2640,2087,2120,2,3,2120,privat,finalizat
1016,2641,2087,1179,5,3,2087,privat,finalizat
1017,2645,2129,200,3,5,200,privat,finalizat
1018,2647,76,1788,,,,privat,fara_rezultat
1019,2651,2087,1894,,,,privat,fara_rezultat
1020,2659,2348,1228,4,2,2348,deschis,finalizat
1021,2660,2109,1402,2,4,1402,privat,finalizat
1022,2661,1154,1593,2,4,1593,privat,finalizat
1023,2662,2087,881,4,2,2087,deschis,finalizat
1024,2666,1389,2455,0,5,2455,privat,finalizat
1025,2670,1833,85,2,4,85,privat,finalizat
1026,2672,1287,992,2,4,992,privat,finalizat
1027,2674,2151,,,,,deschis,expirat
1028,2675,1552,400,3,0,1552,privat,finalizat
1029,2679,1599,1364,0,3,1364,privat,finalizat
1030,2680,343,98,2,3,98,privat,finalizat
1031,2682,255,1179,,,,deschis,fara_rezultat
1032,2689,2357,1721,3,5,1721,privat,finalizat
1033,2691,334,,,,,deschis,expirat
1034,2693,1039,1360,,,,deschis,fara_rezultat
1035,2694,439,1552,,,,privat,fara_rezultat
1036,2696,395,1249,,,,privat,fara_rezultat
1037,2697,395,1748,2,5,1748,privat,finalizat
1038,2698,787,,,,,deschis,expirat
1039,2700,538,1986,2,4,1986,privat,finalizat
1040,2704,2261,2430,5,4,2261,deschis,finalizat
1041,2709,2452,1364,4,5,1364,deschis,finalizat
1042,2711,2326,701,2,3,701,deschis,finalizat
1043,2717,1401,901,0,4,901,privat,finalizat
1044,2718,1810,278,4,0,1810,deschis,finalizat
1045,2719,2297,656,3,0,2297,privat,finalizat
1046,2720,1936,1609,4,3,1936,privat,finalizat
1047,2722,1223,1282,3,4,1282,privat,finalizat
1048,2728,1502,2379,5,4,1502,privat,finalizat
1049,2732,2183,1039,5,3,2183,privat,finalizat
1050,2733,334,1708,2,5,1708,privat,finalizat
1051,2737,1808,91,1,3,91,deschis,finalizat
1052,2740,2151,2213,1,4,2213,deschis,finalizat
1053,2745,1593,1592,2,4,1592,privat,finalizat
1054,2751,1961,1502,2,4,1502,privat,finalizat
1055,2756,200,2129,3,1,200,privat,finalizat
1056,2758,2306,439,0,3,439,privat,finalizat
1057,2761,1223,1030,,,,privat,fara_rezultat
1058,2763,538,446,3,0,538,privat,finalizat
1059,2765,2142,91,4,0,2142,privat,finalizat
1060,2767,1411,993,3,5,993,privat,finalizat
1061,2771,1618,2303,1,5,2303,privat,finalizat
1062,2774,2142,1154,3,1,2142,privat,finalizat
1063,2781,1599,2455,3,5,2455,privat,finalizat
1064,2788,2310,873,,,,deschis,fara_rezultat
1065,2789,283,2196,1,5,2196,privat,finalizat
1066,2790,2095,,,,,deschis,expirat
1067,2791,1961,2379,1,4,2379,privat,finalizat
1068,2792,334,820,4,0,334,privat,finalizat
1069,2795,1533,1736,0,5,1736,privat,finalizat
1070,2798,1411,722,1,5,722,deschis,finalizat
1071,2799,1401,1998,1,3,1998,privat,finalizat
1072,2803,2087,1172,,,,privat,fara_rezultat
1073,2807,400,1445,2,5,1445,privat,finalizat
1074,2809,1687,2225,1,5,2225,privat,finalizat
1075,2811,2056,536,0,3,536,deschis,finalizat
1076,2814,1113,1894,2,3,1894,privat,finalizat
1077,2815,836,,,,,deschis,expirat
1078,2817,2063,911,,,,privat,fara_rezultat
1079,2820,1252,67,3,0,1252,deschis,finalizat
1080,2821,1428,76,3,2,1428,privat,finalizat
1081,2822,2226,707,2,3,707,privat,finalizat
1082,2826,2087,1179,5,2,2087,deschis,finalizat
1083,2829,1179,1894,5,4,1179,privat,finalizat
1084,2832,214,2454,0,3,2454,deschis,finalizat
1085,2835,2056,646,,,,deschis,fara_rezultat
1086,2838,225,1257,,,,privat,fara_rezultat
1087,2840,214,269,1,3,269,privat,finalizat
1088,2849,1179,234,1,3,234,privat,finalizat
1089,2850,1113,,,,,deschis,expirat
1090,2853,334,1611,4,0,334,deschis,finalizat
1091,2855,2452,820,,,,privat,fara_rezultat
1092,2860,2454,1256,3,0,2454,privat,finalizat
1093,2861,816,,,,,deschis,expirat
1094,2862,2316,261,,,,privat,fara_rezultat
1095,2864,255,2309,0,4,2309,privat,finalizat
1096,2866,1936,1389,2,5,1389,privat,finalizat
1097,2867,2163,461,,,,privat,fara_rezultat
1098,2868,1593,,,,,deschis,expirat
1099,2869,1028,643,5,1,1028,privat,finalizat
1100,2875,737,1401,5,3,737,privat,finalizat
1101,2877,1663,910,4,3,1663,privat,finalizat
1102,2883,1172,1810,1,4,1810,deschis,finalizat
1103,2885,2120,2309,4,2,2120,deschis,finalizat
1104,2890,1471,1144,1,3,1144,deschis,finalizat
1105,2891,261,646,5,1,261,privat,finalizat
1106,2893,2169,737,3,0,2169,deschis,finalizat
1107,2895,1820,2453,,,,privat,fara_rezultat
1108,2897,1428,76,4,3,1428,privat,finalizat
1109,2901,1062,643,3,2,1062,deschis,finalizat
1110,2903,2169,737,4,2,2169,deschis,finalizat
1111,2905,1810,1631,1,4,1631,privat,finalizat
1112,2909,442,439,3,2,442,privat,finalizat
1113,2911,395,1173,1,3,1173,privat,finalizat
1114,2913,2379,881,,,,privat,fara_rezultat
1115,2914,2003,2357,,,,privat,fara_rezultat
1116,2916,334,,,,,deschis,expirat
1117,2918,741,1252,4,3,741,privat,finalizat
1118,2920,1173,2246,4,1,1173,privat,finalizat
1119,2924,1126,869,2,4,869,privat,finalizat
1120,2925,174,2120,3,2,174,privat,finalizat
1121,2926,1113,,,,,deschis,expirat
1122,2927,1603,1721,1,5,1721,privat,finalizat
1123,2929,1758,1820,3,2,1758,privat,finalizat
1124,2935,1687,1144,5,4,1687,privat,finalizat
1125,2938,966,2297,3,1,966,privat,finalizat
1126,2941,1433,2434,5,0,1433,privat,finalizat
1127,2943,1820,,,,,deschis,expirat
1128,2948,787,1062,4,0,787,privat,finalizat
1129,2949,1592,1986,,,,privat,fara_rezultat
1130,2951,1502,2379,2,4,2379,privat,finalizat
1131,2953,527,2169,5,0,527,privat,finalizat
1132,2954,1367,1126,4,5,1126,privat,finalizat
1133,2955,1502,2309,3,2,1502,privat,finalizat
1134,2957,1705,1683,,,,privat,fara_rezultat
1135,2959,1030,1788,,,,privat,fara_rezultat
1136,2964,1113,881,0,3,881,privat,finalizat
1137,2966,2309,1172,,,,privat,fara_rezultat
1138,2971,2453,2129,4,1,2453,privat,finalizat
1139,2974,439,442,,,,privat,fara_rezultat
1140,2975,1030,114,4,2,1030,privat,finalizat
1141,2976,722,,,,,deschis,expirat
1142,2977,2348,1762,0,3,1762,privat,finalizat
1143,2980,2142,159,1,4,159,privat,finalizat
1144,2983,1940,1223,5,4,1940,privat,finalizat
1145,2984,1028,1321,,,,privat,fara_rezultat
1146,2986,1144,109,5,3,1144,privat,finalizat
1147,2991,1172,,,,,deschis,expirat
1148,2994,1163,816,3,5,816,privat,finalizat
1149,2995,1126,174,3,4,174,privat,finalizat
1150,2996,787,1261,3,2,787,privat,finalizat
1151,2997,2005,2393,1,3,2393,privat,finalizat
1152,2998,1886,1574,4,3,1886,privat,finalizat
1153,3003,1592,1773,3,5,1773,privat,finalizat
1154,3004,1687,1144,4,2,1687,privat,finalizat
1155,3006,787,538,3,0,787,privat,finalizat
1156,3007,2142,1986,0,5,1986,privat,finalizat
1157,3009,174,1367,,,,privat,fara_rezultat
1158,3010,992,621,3,1,992,deschis,finalizat
1159,3012,1961,947,4,3,1961,deschis,finalizat
1160,3013,2151,,,,,deschis,expirat
1161,3018,1256,214,4,1,1256,privat,finalizat
1162,3019,722,91,3,0,722,privat,finalizat
1163,3020,1644,1098,3,5,1098,privat,finalizat
1164,3023,123,,,,,deschis,expirat
1165,3025,896,1961,,,,privat,fara_rezultat
1166,3027,1053,331,4,2,1053,privat,finalizat
1167,3029,1762,910,3,5,910,privat,finalizat
1168,3030,643,,,,,deschis,expirat
1169,3032,1502,,,,,deschis,expirat
1170,3036,1961,1172,2,4,1172,deschis,finalizat
1171,3040,1608,2306,4,2,1608,privat,finalizat
1172,3041,1342,1858,2,5,1858,privat,finalizat
1173,3042,2348,993,5,4,2348,privat,finalizat
1174,3045,91,1341,,,,privat,fara_rezultat
1175,3046,816,109,2,4,109,privat,finalizat
1176,3050,1631,1551,,,,privat,fara_rezultat
1177,3053,1299,911,4,1,1299,privat,finalizat
1178,3056,2452,1433,,,,privat,fara_rezultat
1179,3059,1544,1738,1,3,1738,privat,finalizat
1180,3060,1249,571,5,4,1249,privat,finalizat
1181,3061,722,,,,,deschis,expirat
1182,3064,2003,836,4,3,2003,deschis,finalizat
1183,3068,2189,,,,,deschis,expirat
1184,3070,1579,2303,0,3,2303,privat,finalizat
1185,3072,538,1986,1,5,1986,deschis,finalizat
1186,3073,1870,1144,2,4,1144,privat,finalizat
1187,3079,2435,689,,,,deschis,fara_rezultat
1188,3080,1299,2213,2,4,2213,deschis,finalizat
1189,3081,2453,,,,,deschis,expirat
1190,3084,1163,2180,3,4,2180,privat,finalizat
1191,3085,1360,1389,3,1,1360,privat,finalizat
1192,3090,2121,2295,4,0,2121,privat,finalizat
1193,3091,1154,2180,1,3,2180,privat,finalizat
1194,3095,1773,910,2,3,910,privat,finalizat
1195,3096,1098,1808,1,4,1808,privat,finalizat
1196,3097,1367,947,3,2,1367,deschis,finalizat
1197,3100,91,538,2,3,538,privat,finalizat
1198,3101,664,159,,,,privat,fara_rezultat
1199,3102,1687,1471,3,1,1687,privat,finalizat
1200,3105,2063,533,1,5,533,deschis,finalizat
1201,3109,2357,2224,,,,privat,fara_rezultat
1202,3125,1551,1126,1,5,1126,deschis,finalizat
1203,3126,911,2109,4,1,911,privat,finalizat
1204,3128,2151,2005,,,,privat,fara_rezultat
1205,3136,737,901,5,2,737,privat,finalizat
1206,3137,2379,881,4,0,2379,privat,finalizat
1207,3140,1633,1621,2,4,1621,privat,finalizat
1208,3142,1228,2056,5,1,1228,privat,finalizat
1209,3148,820,1621,4,5,1621,privat,finalizat
1210,3153,1762,1341,3,1,1762,privat,finalizat
1211,3154,1411,2348,3,2,1411,privat,finalizat
1212,3159,1721,1961,5,3,1721,deschis,finalizat
1213,3162,2309,651,4,5,651,privat,finalizat
1214,3166,869,,,,,deschis,expirat
1215,3167,1864,2430,3,5,2430,privat,finalizat
1216,3169,999,1299,3,5,1299,privat,finalizat
1217,3170,1433,82,5,4,1433,deschis,finalizat
1218,3171,214,979,2,4,979,privat,finalizat
1219,3173,1098,1447,1,4,1447,privat,finalizat
1220,3176,1572,1864,4,1,1572,privat,finalizat
1221,3179,2433,916,5,3,2433,privat,finalizat
1222,3180,123,1287,1,4,1287,privat,finalizat
1223,3181,1401,1287,,,,privat,fara_rezultat
1224,3183,689,533,0,5,533,deschis,finalizat
1225,3185,2455,2481,0,5,2481,privat,finalizat
1226,3188,1820,2110,4,3,1820,privat,finalizat
1227,3189,2452,2183,0,5,2183,deschis,finalizat
1228,3193,1618,1983,0,5,1983,deschis,finalizat
1229,3195,2081,1854,3,0,2081,privat,finalizat
1230,3196,2454,1249,3,0,2454,privat,finalizat
1231,3197,1249,1256,4,2,1249,privat,finalizat
1232,3205,1113,1401,2,4,1401,deschis,finalizat
1233,3206,541,2031,4,1,541,deschis,finalizat
1234,3207,1299,656,,,,privat,fara_rezultat
1235,3208,615,1402,5,3,615,privat,finalizat
1236,3212,1206,852,3,1,1206,deschis,finalizat
1237,3215,2095,261,4,1,2095,privat,finalizat
1238,3216,1953,1154,1,4,1154,privat,finalizat
1239,3217,450,2316,5,2,450,privat,finalizat
1240,3218,1773,450,4,2,1773,privat,finalizat
1241,3219,816,109,2,3,109,privat,finalizat
1242,3222,1144,1471,4,3,1144,deschis,finalizat
1243,3224,2433,2035,2,5,2035,deschis,finalizat
1244,3226,2261,737,0,3,737,privat,finalizat
1245,3228,2003,901,3,1,2003,privat,finalizat
1246,3231,1053,2310,2,3,2310,privat,finalizat
1247,3232,2452,2434,3,1,2452,privat,finalizat
1248,3235,1342,30,1,4,30,privat,finalizat
1249,3238,214,269,1,3,269,privat,finalizat
1250,3240,1028,2316,4,3,1028,privat,finalizat
1251,3242,1261,538,3,0,1261,privat,finalizat
1252,3244,1502,1961,,,,privat,fara_rezultat
1253,3245,1401,992,2,5,992,privat,finalizat
1254,3247,2379,,,,,deschis,expirat
1255,3249,234,,,,,deschis,expirat
1256,3250,615,2297,5,1,615,privat,finalizat
1257,3252,1396,1677,1,3,1677,privat,finalizat
1258,3257,787,1163,5,3,787,privat,finalizat
1259,3260,1551,1961,5,4,1551,privat,finalizat
1260,3262,1367,1961,3,4,1961,privat,finalizat
1261,3265,2213,615,,,,privat,fara_rezultat
1262,3266,873,1053,5,2,873,deschis,finalizat
1263,3269,866,1451,1,4,1451,privat,finalizat
1264,3270,1257,98,1,3,98,privat,finalizat
1265,3276,369,1738,4,5,1738,deschis,finalizat
1266,3281,643,1447,2,4,1447,privat,finalizat
1267,3286,2056,1168,4,5,1168,deschis,finalizat
1268,3288,334,2434,5,4,334,deschis,finalizat
1269,3289,1983,601,3,5,601,privat,finalizat
1270,3291,1936,1389,1,4,1389,privat,finalizat
1271,3294,1401,896,,,,privat,fara_rezultat
1272,3297,1433,334,2,4,334,privat,finalizat
1273,3298,1858,1342,2,3,1342,privat,finalizat
1274,3302,1572,1603,4,3,1572,privat,finalizat
1275,3305,2434,,,,,deschis,expirat
1276,3308,283,852,0,3,852,privat,finalizat
1277,3310,2246,197,,,,privat,fara_rezultat
1278,3312,2120,1998,3,0,2120,privat,finalizat
1279,3313,174,651,,,,privat,fara_rezultat
1280,3314,255,2224,2,4,2224,deschis,finalizat
1281,3315,820,1599,4,3,820,privat,finalizat
1282,3317,1953,1593,,,,privat,fara_rezultat
1283,3319,816,1986,,,,privat,fara_rezultat
1284,3326,1360,,,,,deschis,expirat
1285,3327,154,2110,3,0,154,deschis,finalizat
1286,3330,98,1257,2,4,1257,privat,finalizat
1287,3333,269,1748,1,4,1748,deschis,finalizat
1288,3334,159,538,4,2,159,privat,finalizat
1289,3340,656,1839,2,3,1839,privat,finalizat
1290,3345,1030,1282,3,2,1030,privat,finalizat
1291,3350,1163,1773,2,3,1773,privat,finalizat
1292,3353,787,1663,3,2,787,privat,finalizat
1293,3354,2348,,,,,deschis,expirat
1294,3356,1631,527,4,5,527,privat,finalizat
1295,3358,123,1864,,,,privat,fara_rezultat
1296,3361,2151,,,,,deschis,expirat
1297,3362,656,2096,,,,privat,fara_rezultat
1298,3364,1686,2163,,,,privat,fara_rezultat
1299,3365,2399,1614,2,4,1614,privat,finalizat
1300,3369,1961,947,,,,privat,fara_rezultat
1301,3371,651,1172,5,1,651,deschis,finalizat
1302,3372,2262,27,5,4,2262,privat,finalizat
1303,3375,2452,820,3,1,2452,privat,finalizat
1304,3376,1053,1433,3,2,1053,deschis,finalizat
1305,3378,1700,1918,,,,privat,fara_rezultat
1306,3379,2399,1332,4,2,2399,privat,finalizat
1307,3383,1471,1687,,,,privat,fara_rezultat
1308,3385,2316,643,,,,privat,fara_rezultat
1309,3390,1036,1228,5,3,1036,privat,finalizat
1310,3397,911,,,,,deschis,expirat
1311,3398,656,,,,,deschis,expirat
1312,3399,2344,1839,4,3,2344,privat,finalizat
1313,3405,2149,,,,,deschis,expirat
1314,3406,698,1080,4,5,1080,deschis,finalizat
1315,3413,1163,,,,,deschis,expirat
1316,3419,255,1179,1,3,1179,privat,finalizat
1317,3424,2262,2109,5,1,2262,privat,finalizat
1318,3426,2453,82,1,5,82,deschis,finalizat
1319,3431,1608,1614,4,3,1608,privat,finalizat
1320,3432,2399,,,,,deschis,expirat
1321,3433,792,717,5,2,792,privat,finalizat
1322,3434,1342,1579,2,4,1579,deschis,finalizat
1323,3435,1530,2196,4,1,1530,deschis,finalizat
1324,3437,197,395,,,,privat,fara_rezultat
1325,3445,1028,1808,4,2,1028,privat,finalizat
1326,3446,2095,1986,,,,deschis,fara_rezultat
1327,3447,836,2224,1,3,2224,privat,finalizat
1328,3449,2120,2003,4,3,2120,privat,finalizat
1329,3450,2357,2087,,,,privat,fara_rezultat
1330,3452,1845,689,3,5,689,privat,finalizat
1331,3458,1766,98,,,,deschis,fara_rezultat
1332,3459,2081,,,,,deschis,expirat
1333,3462,816,1144,,,,privat,fara_rezultat
1334,3464,869,,,,,deschis,expirat
1335,3466,1551,2224,3,0,1551,privat,finalizat
1336,3469,656,2063,4,0,656,privat,finalizat
1337,3470,1360,2310,2,4,2310,privat,finalizat
1338,3475,67,1252,1,5,1252,privat,finalizat
1339,3476,1676,1738,1,3,1738,privat,finalizat
1340,3482,722,,,,,deschis,expirat
1341,3484,2169,1721,4,1,2169,privat,finalizat
1342,3486,2433,916,,,,privat,fara_rezultat
1343,3489,1894,1603,3,4,1603,privat,finalizat
1344,3492,1708,2434,,,,privat,fara_rezultat
1345,3493,1165,2474,3,0,1165,privat,finalizat
1346,3498,2454,1173,4,2,2454,privat,finalizat
1347,3500,1428,1656,3,0,1428,privat,finalizat
1348,3503,261,1154,1,4,1154,privat,finalizat
1349,3504,2316,374,,,,privat,fara_rezultat
1350,3505,1886,2189,3,4,2189,deschis,finalizat
1351,3507,1837,1169,5,1,1837,privat,finalizat
1352,3508,1360,2310,2,3,2310,deschis,finalizat
1353,3509,2183,2481,1,4,2481,privat,finalizat
1354,3511,1986,,,,,deschis,expirat
1355,3512,1163,1261,5,4,1163,privat,finalizat
1356,3513,1389,2481,1,3,2481,privat,finalizat
1357,3517,255,2430,3,0,255,privat,finalizat
1358,3530,1676,437,4,1,1676,privat,finalizat
1359,3531,2142,1773,,,,privat,fara_rezultat
1360,3533,1808,1062,,,,deschis,fara_rezultat
1361,3536,901,1721,,,,privat,fara_rezultat
1362,3537,1551,1502,,,,privat,fara_rezultat
1363,3542,741,1223,,,,privat,fara_rezultat
1364,3545,1592,1808,2,3,1808,deschis,finalizat
1365,3546,1062,1098,3,0,1062,privat,finalizat
1366,3548,2169,2309,4,2,2169,privat,finalizat
1367,3551,901,,,,,deschis,expirat
1368,3559,442,1702,4,1,442,privat,finalizat
1369,3561,1702,717,2,3,717,privat,finalizat
1370,3562,988,1685,2,4,1685,deschis,finalizat
1371,3563,1282,1223,3,1,1282,deschis,finalizat
1372,3565,1173,,,,,deschis,expirat
1373,3568,1663,1756,1,3,1756,privat,finalizat
1374,3578,1126,651,5,0,1126,privat,finalizat
1375,3579,2261,278,,,,privat,fara_rezultat
1376,3585,1758,2453,1,3,2453,deschis,finalizat
1377,3587,1886,2000,3,0,1886,privat,finalizat
1378,3591,1748,647,1,4,647,privat,finalizat
1379,3594,2142,,,,,deschis,expirat
1380,3600,2035,1710,5,4,2035,privat,finalizat
1381,3601,1820,1633,1,5,1633,privat,finalizat
1382,3602,1448,1599,5,4,1448,deschis,finalizat
1383,3604,461,1752,5,4,461,privat,finalizat
1384,3606,186,442,,,,deschis,fara_rezultat
1385,3607,1257,1378,,,,privat,fara_rezultat
1386,3611,2316,,,,,deschis,expirat
1387,3613,1953,261,,,,privat,fara_rezultat
1388,3614,1663,1154,,,,privat,fara_rezultat
1389,3617,1961,1367,2,5,1367,privat,finalizat
1390,3618,869,2169,5,0,869,privat,finalizat
1391,3622,1364,2434,,,,privat,fara_rezultat
1392,3624,2306,1608,1,4,1608,privat,finalizat
1393,3625,1223,1556,3,1,1223,privat,finalizat
1394,3626,2196,1252,4,2,2196,privat,finalizat
1395,3627,1663,261,5,2,1663,privat,finalizat
1396,3635,2310,873,4,1,2310,deschis,finalizat
1397,3640,563,1363,4,2,563,privat,finalizat
1398,3642,311,2433,2,3,2433,privat,finalizat
1399,3647,2120,,,,,deschis,expirat
1400,3648,1810,174,,,,privat,fara_rezultat
1401,3650,1345,541,,,,deschis,fara_rezultat
1402,3652,1098,1644,,,,privat,fara_rezultat
1403,3656,643,,,,,deschis,expirat
1404,3658,881,1961,5,2,881,privat,finalizat
1405,3659,2433,621,1,5,621,privat,finalizat
1406,3666,701,1099,4,1,701,privat,finalizat
1407,3673,1544,2454,,,,privat,fara_rezultat
1408,3676,2357,278,4,2,2357,privat,finalizat
1409,3677,737,881,3,4,881,deschis,finalizat
1410,3681,1592,1144,0,3,1144,privat,finalizat
1411,3684,1839,2109,2,3,2109,privat,finalizat
1412,3688,1502,1631,4,3,1502,privat,finalizat
1413,3689,1864,2433,3,1,1864,privat,finalizat
1414,3692,1572,255,2,3,255,deschis,finalizat
1415,3694,1163,,,,,deschis,expirat
1416,3695,2348,,,,,deschis,expirat
1417,3697,938,541,3,2,938,privat,finalizat
1418,3706,1062,2316,,,,privat,fara_rezultat
1419,3708,2357,1572,5,1,2357,deschis,finalizat
1420,3713,722,,,,,deschis,expirat
1421,3715,1126,1961,3,0,1126,privat,finalizat
1422,3716,836,621,5,4,836,privat,finalizat
1423,3717,2031,541,3,1,2031,privat,finalizat
1424,3718,1820,,,,,deschis,expirat
1425,3720,400,1332,5,4,400,deschis,finalizat
1426,3721,450,536,1,4,536,privat,finalizat
1427,3722,261,450,1,5,450,privat,finalizat
1428,3727,1345,,,,,deschis,expirat
1429,3730,1936,1389,2,4,1389,privat,finalizat
1430,3733,1572,1603,1,3,1603,privat,finalizat
1431,3736,28,1053,4,0,28,deschis,finalizat
1432,3740,2303,20,2,4,20,privat,finalizat
1433,3747,901,2224,,,,privat,fara_rezultat
1434,3749,2031,1499,2,3,1499,deschis,finalizat
1435,3751,2452,1433,4,5,1433,privat,finalizat
1436,3753,1686,1683,3,0,1686,privat,finalizat
1437,3756,1020,1552,5,2,1020,privat,finalizat
1438,3761,1773,1261,3,4,1261,deschis,finalizat
1439,3765,123,896,,,,privat,fara_rezultat
1440,3770,2110,154,2,4,154,privat,finalizat
1441,3772,873,1938,5,4,873,privat,finalizat
1442,3773,2455,2434,2,3,2434,privat,finalizat
1443,3774,1020,149,1,4,149,privat,finalizat
1444,3776,374,,,,,deschis,expirat
1445,3777,1411,643,0,3,643,deschis,finalizat
1446,3781,1634,792,5,0,1634,privat,finalizat
1447,3782,1983,698,1,4,698,privat,finalizat
1448,3786,2481,331,,,,privat,fara_rezultat
1449,3788,1036,209,2,3,209,privat,finalizat
1450,3791,261,2095,0,4,2095,privat,finalizat
1451,3793,1965,1593,4,0,1965,privat,finalizat
1452,3794,1839,1402,1,3,1402,privat,finalizat
1453,3795,787,2180,2,3,2180,privat,finalizat
1454,3798,28,1599,5,0,28,deschis,finalizat
1455,3800,159,109,1,4,109,privat,finalizat
1456,3801,1303,656,1,5,656,privat,finalizat
1457,3806,2151,2005,,,,deschis,fara_rezultat
1458,3810,234,1721,5,3,234,privat,finalizat
1459,3815,283,741,,,,deschis,fara_rezultat
1460,3817,529,2316,,,,privat,fara_rezultat
1461,3820,2306,509,0,4,509,privat,finalizat
1462,3821,1663,2095,5,1,1663,privat,finalizat
1463,3828,1223,1751,4,0,1223,deschis,finalizat
1464,3830,91,536,0,5,536,privat,finalizat
1465,3831,529,2095,3,0,529,deschis,finalizat
1466,3832,1028,1261,0,5,1261,privat,finalizat
1467,3835,334,1389,0,4,1389,privat,finalizat
1468,3836,1165,701,,,,privat,fara_rezultat
1469,3838,63,529,5,0,63,privat,finalizat
1470,3840,1789,159,0,3,159,privat,finalizat
1471,3845,651,947,3,2,651,deschis,finalizat
1472,3847,2096,744,0,3,744,deschis,finalizat
1473,3851,2149,1445,2,3,1445,privat,finalizat
1474,3853,1833,1748,3,4,1748,deschis,finalizat
1475,3854,1098,646,4,0,1098,deschis,finalizat
1476,3855,2379,1126,0,5,1126,privat,finalizat
1477,3861,1502,1172,3,2,1502,deschis,finalizat
1478,3863,1389,334,,,,privat,fara_rezultat
1479,3871,2225,1789,4,0,2225,privat,finalizat
1480,3872,1965,1756,4,3,1965,deschis,finalizat
1481,3875,1986,664,0,5,664,privat,finalizat
1482,3879,171,2393,2,3,2393,privat,finalizat
1483,3889,916,,,,,deschis,expirat
1484,3893,1599,334,1,4,334,privat,finalizat
1485,3899,1294,1771,,,,deschis,fara_rezultat
1486,3902,2225,,,,,deschis,expirat
1487,3905,2120,869,3,0,2120,privat,finalizat
1488,3908,1953,1663,1,5,1663,privat,finalizat
1489,3911,1789,159,2,3,159,privat,finalizat
1490,3913,1030,741,4,0,1030,privat,finalizat
1491,3914,14,,,,,deschis,expirat
1492,3919,1609,1611,4,1,1609,deschis,finalizat
1493,3920,1360,28,3,4,28,deschis,finalizat
1494,3924,2183,331,5,4,2183,privat,finalizat
1495,3927,1303,2262,5,4,1303,deschis,finalizat
1496,3932,1808,529,0,3,529,privat,finalizat
1497,3934,374,446,3,4,446,deschis,finalizat
1498,3940,1983,,,,,deschis,expirat
1499,3941,1676,369,,,,privat,fara_rezultat
1500,3942,2348,374,,,,privat,fara_rezultat
1501,3944,966,999,3,4,999,privat,finalizat
1502,3949,2233,1894,0,5,1894,deschis,finalizat
1503,3954,2067,1448,3,2,2067,privat,finalizat
1504,3957,869,2087,2,3,2087,privat,finalizat
1505,3961,1360,2310,,,,privat,fara_rezultat
1506,3964,1687,1471,3,1,1687,deschis,finalizat
1507,3966,109,787,,,,privat,fara_rezultat
1508,3967,261,1808,4,5,1808,privat,finalizat
1509,3970,1367,2309,4,5,2309,privat,finalizat
1510,3972,200,,,,,deschis,expirat
1511,3973,154,331,2,5,331,privat,finalizat
1512,3977,1599,1621,0,3,1621,privat,finalizat
1513,3979,442,335,0,4,335,privat,finalizat
1514,3980,988,2392,3,0,988,deschis,finalizat
1515,3986,1756,2180,3,4,2180,privat,finalizat
1516,3988,2169,1179,3,1,2169,privat,finalizat
1517,3989,2233,2003,0,4,2003,deschis,finalizat
1518,3991,2452,223,1,3,223,privat,finalizat
1519,3993,1544,1748,4,1,1544,privat,finalizat
1520,3997,901,1495,5,3,901,deschis,finalizat
1521,3998,234,2169,,,,privat,fara_rezultat
1522,4000,1367,881,4,3,1367,privat,finalizat
1523,4001,2455,2067,4,1,2455,privat,finalizat
1524,4002,1053,1360,0,3,1360,privat,finalizat
1525,4005,1825,1552,,,,privat,fara_rezultat
1526,4006,1080,,,,,deschis,expirat
1527,4008,1282,1030,2,3,1030,privat,finalizat
1528,4013,2348,1644,1,4,1644,privat,finalizat
1529,4016,737,836,4,1,737,privat,finalizat
1530,4018,1502,651,4,3,1502,privat,finalizat
1531,4019,1499,2344,,,,privat,fara_rezultat
1532,4028,563,269,1,5,269,privat,finalizat
1533,4029,1644,2092,0,3,2092,privat,finalizat
1534,4032,678,1752,3,1,678,deschis,finalizat
1535,4034,2225,1687,5,0,2225,privat,finalizat
1536,4035,2120,737,4,2,2120,privat,finalizat
1537,4037,343,1583,3,0,343,privat,finalizat
1538,4044,787,2142,,,,privat,fara_rezultat
1539,4045,1179,1572,,,,privat,fara_rezultat
1540,4050,334,1364,0,4,1364,privat,finalizat
1541,4051,1789,664,,,,privat,fara_rezultat
1542,4052,261,910,,,,deschis,fara_rezultat
1543,4060,1154,1756,3,5,1756,privat,finalizat
1544,4061,1447,374,4,1,1447,privat,finalizat
1545,4062,651,1551,3,4,1551,deschis,finalizat
1546,4063,234,651,5,4,234,privat,finalizat
1547,4065,123,1572,0,5,1572,privat,finalizat
1548,4069,999,615,2,3,615,privat,finalizat
1549,4070,1820,855,5,1,1820,privat,finalizat
1550,4071,1389,1758,2,4,1758,deschis,finalizat
1551,4073,1917,363,1,3,363,deschis,finalizat
1552,4079,1169,,,,,deschis,expirat
1553,4080,1499,2031,,,,privat,fara_rezultat
1554,4081,240,2297,4,0,240,privat,finalizat
1555,4084,1702,1614,4,2,1702,deschis,finalizat
1556,4094,1522,2120,,,,privat,fara_rezultat
1557,4096,869,2087,4,2,869,privat,finalizat
1558,4098,1845,999,0,4,999,privat,finalizat
1559,4100,1039,1708,0,4,1708,privat,finalizat
1560,4106,2303,30,3,5,30,privat,finalizat
1561,4108,437,,,,,deschis,expirat
1562,4112,1810,1367,3,1,1810,deschis,finalizat
1563,4116,911,656,3,1,911,privat,finalizat
1564,4120,2399,1332,1,4,1332,deschis,finalizat
1565,4121,1552,792,1,4,792,privat,finalizat
1566,4122,225,363,5,4,225,privat,finalizat
1567,4123,1030,1788,3,5,1788,privat,finalizat
1568,4124,367,2196,1,3,2196,privat,finalizat
1569,4126,643,374,0,3,374,privat,finalizat
1570,4131,1756,2180,3,5,2180,deschis,finalizat
1571,4134,1172,,,,,deschis,expirat
1572,4135,1631,527,1,5,527,privat,finalizat
1573,4136,278,311,3,0,278,privat,finalizat
1574,4138,327,413,3,2,327,privat,finalizat
1575,4139,1884,1936,5,1,1884,deschis,finalizat
1576,4141,639,1599,5,1,639,privat,finalizat
1577,4142,249,873,4,0,249,deschis,finalizat
1578,4150,1126,1179,3,1,1126,privat,finalizat
1579,4151,1401,1495,3,4,1495,deschis,finalizat
1580,4154,1522,,,,,deschis,expirat
1581,4161,2149,2399,2,3,2399,privat,finalizat
1582,4162,852,897,1,5,897,privat,finalizat
1583,4163,1940,897,3,4,897,privat,finalizat
1584,4165,664,1773,,,,privat,fara_rezultat
1585,4166,651,2120,4,1,651,deschis,finalizat
1586,4168,621,836,1,4,836,privat,finalizat
1587,4173,1676,369,3,4,369,privat,finalizat
1588,4174,1411,1953,,,,privat,fara_rezultat
1589,4177,1099,1686,0,4,1686,privat,finalizat
1590,4181,1371,1685,0,4,1685,privat,finalizat
1591,4184,2183,331,3,0,2183,privat,finalizat
1592,4186,63,1592,0,3,1592,privat,finalizat
1593,4188,2325,1953,3,5,1953,deschis,finalizat
1594,4190,2169,1462,4,2,2169,privat,finalizat
1595,4191,1113,1179,2,5,1179,deschis,finalizat
1596,4195,1228,1292,0,5,1292,privat,finalizat
1597,4196,992,215,,,,privat,fara_rezultat
1598,4197,737,1179,0,3,1179,privat,finalizat
1599,4199,533,689,5,1,533,privat,finalizat
1600,4200,1359,2049,5,2,1359,deschis,finalizat
1601,4210,2095,2092,3,0,2095,privat,finalizat
1602,4212,2225,1789,4,0,2225,deschis,finalizat
1603,4218,1633,820,,,,deschis,fara_rezultat
1604,4223,643,529,3,5,529,deschis,finalizat
1605,4225,1292,2348,1,5,2348,privat,finalizat
1606,4229,896,1495,1,3,1495,privat,finalizat
1607,4231,947,,,,,deschis,expirat
1608,4232,1837,1169,0,3,1169,privat,finalizat
1609,4238,2169,1367,1,4,1367,privat,finalizat
1610,4239,2035,869,0,5,869,privat,finalizat
1611,4244,327,413,1,3,413,privat,finalizat
1612,4248,1389,1448,0,3,1448,privat,finalizat
1613,4251,98,,,,,deschis,expirat
1614,4252,91,993,4,3,91,privat,finalizat
1615,4253,643,536,3,0,643,privat,finalizat
1616,4257,1773,,,,,deschis,expirat
1617,4258,1721,971,4,3,1721,deschis,finalizat
1618,4259,2357,2224,5,4,2357,privat,finalizat
1619,4260,621,215,0,5,215,deschis,finalizat
1620,4266,249,1039,1,3,1039,deschis,finalizat
1621,4268,1389,1611,3,0,1389,privat,finalizat
1622,4271,2303,1396,5,1,2303,privat,finalizat
1623,4274,2225,1789,5,0,2225,privat,finalizat
1624,4276,1965,2180,3,1,1965,deschis,finalizat
1625,4280,2141,664,1,3,664,privat,finalizat
1626,4287,1631,1551,5,3,1631,privat,finalizat
1627,4288,1401,311,2,3,311,deschis,finalizat
1628,4289,1499,1839,4,0,1499,privat,finalizat
1629,4292,28,249,3,2,28,privat,finalizat
1630,4296,6,1445,,,,privat,fara_rezultat
1631,4298,1080,1378,2,4,1378,privat,finalizat
1632,4303,1144,1471,2,3,1471,privat,finalizat
1633,4310,916,2430,1,3,2430,deschis,finalizat
1634,4312,2005,744,3,2,2005,privat,finalizat
1635,4318,249,2183,3,0,249,privat,finalizat
1636,4320,1574,2189,5,1,1574,privat,finalizat
1637,4322,335,2240,,,,deschis,fara_rezultat
1638,4331,1631,2379,1,4,2379,privat,finalizat
1639,4334,123,1710,3,1,123,deschis,finalizat
1640,4335,174,869,2,4,869,deschis,finalizat
1641,4336,1495,901,3,5,901,privat,finalizat
1642,4337,1287,2233,3,4,2233,privat,finalizat
1643,4339,541,615,4,5,615,privat,finalizat
1644,4340,656,483,1,3,483,deschis,finalizat
1645,4343,2297,240,3,0,2297,deschis,finalizat
1646,4344,873,2183,5,4,873,privat,finalizat
1647,4348,1875,1000,,,,privat,fara_rezultat
1648,4351,643,446,3,5,446,deschis,finalizat
1649,4352,536,,,,,deschis,expirat
1650,4353,109,1789,4,1,109,privat,finalizat
1651,4354,1789,109,,,,privat,fara_rezultat
1652,4356,123,896,1,4,896,privat,finalizat
1653,4358,255,1737,2,3,1737,privat,finalizat
1654,4359,2120,234,2,4,234,deschis,finalizat
1655,4362,1499,2213,0,5,2213,privat,finalizat
1656,4363,2262,,,,,deschis,expirat
1657,4364,2262,2109,2,4,2109,deschis,finalizat
1658,4366,1820,2453,3,2,1820,privat,finalizat
1659,4369,1614,717,2,4,717,privat,finalizat
1660,4371,1352,707,1,3,707,deschis,finalizat
1661,4374,2225,1471,4,0,2225,privat,finalizat
1662,4377,450,91,,,,privat,fara_rezultat
1663,4381,1220,2304,0,4,2304,privat,finalizat
1664,4387,1462,1551,,,,privat,fara_rezultat
1665,4389,966,738,1,5,738,privat,finalizat
1666,4390,1210,1169,1,5,1169,deschis,finalizat
1667,4395,1689,128,3,4,128,privat,finalizat
1668,4397,1223,1940,4,1,1223,privat,finalizat
1669,4398,1656,2121,4,1,1656,privat,finalizat
1670,4399,214,1771,3,1,214,deschis,finalizat
1671,4405,1789,109,,,,privat,fara_rezultat
1672,4407,1080,343,4,1,1080,privat,finalizat
1673,4408,225,2020,4,2,225,privat,finalizat
1674,4414,2000,128,4,5,128,deschis,finalizat
1675,4416,363,225,3,2,363,deschis,finalizat
1676,4417,1579,736,1,4,736,deschis,finalizat
1677,4424,2129,1599,,,,privat,fara_rezultat
1678,4425,1359,707,,,,privat,fara_rezultat
1679,4426,676,1367,1,5,1367,deschis,finalizat
1680,4428,28,2310,1,3,2310,privat,finalizat
1681,4429,154,82,1,3,82,privat,finalizat
1682,4430,2454,647,2,4,647,privat,finalizat
1683,4438,1371,2040,2,5,2040,deschis,finalizat
1684,4439,1282,1940,3,1,1282,privat,finalizat
1685,4441,722,91,3,0,722,privat,finalizat
1686,4447,2003,1495,5,1,2003,deschis,finalizat
1687,4453,234,1998,5,0,234,privat,finalizat
1688,4454,1839,2494,5,1,1839,privat,finalizat
1689,4458,1020,792,5,2,1020,privat,finalizat
1690,4460,1257,1858,3,2,1257,privat,finalizat
1691,4462,1228,,,,,deschis,expirat
1692,4463,646,643,1,3,643,deschis,finalizat
1693,4464,1965,1870,3,0,1965,deschis,finalizat
1694,4468,1522,1603,3,1,1522,deschis,finalizat
1695,4470,2183,561,3,2,2183,privat,finalizat
1696,4471,1807,154,,,,privat,fara_rezultat
1697,4475,333,979,5,0,333,privat,finalizat
1698,4481,1462,2120,0,3,2120,deschis,finalizat
1699,4482,234,881,,,,privat,fara_rezultat
1700,4485,1210,,,,,deschis,expirat
1701,4487,334,1433,3,2,334,privat,finalizat
1702,4490,1252,,,,,deschis,expirat
1703,4495,1592,1792,2,4,1792,privat,finalizat
1704,4497,1631,527,,,,privat,fara_rezultat
1705,4500,737,527,0,3,527,privat,finalizat
1706,4501,651,971,4,2,651,privat,finalizat
1707,4502,297,998,,,,deschis,fara_rezultat
1708,4504,28,2481,1,3,2481,deschis,finalizat
1709,4508,30,20,5,1,30,privat,finalizat
1710,4510,1959,1359,1,3,1359,deschis,finalizat
1711,4511,2442,1676,,,,privat,fara_rezultat
1712,4512,1773,2180,2,4,2180,privat,finalizat
1713,4515,1287,,,,,deschis,expirat
1714,4520,2003,2169,,,,privat,fara_rezultat
1715,4524,873,1938,,,,privat,fara_rezultat
1716,4525,82,1938,0,4,1938,privat,finalizat
1717,4526,1614,400,,,,privat,fara_rezultat
1718,4527,2303,1257,2,5,1257,deschis,finalizat
1719,4529,664,538,3,0,664,deschis,finalizat
1720,4530,2471,722,,,,deschis,fara_rezultat
1721,4532,1808,1953,1,4,1953,deschis,finalizat
1722,4533,1163,1965,2,4,1965,privat,finalizat
1723,4536,1965,2141,3,4,2141,privat,finalizat
1724,4541,1401,,,,,deschis,expirat
1725,4545,2379,40,4,0,2379,deschis,finalizat
1726,4550,1839,,,,,deschis,expirat
1727,4551,533,738,1,3,738,privat,finalizat
1728,4552,999,938,4,1,999,privat,finalizat
1729,4553,561,,,,,deschis,expirat
1730,4554,200,1599,1,4,1599,deschis,finalizat
1731,4556,2310,1621,5,0,2310,privat,finalizat
1732,4562,542,186,4,1,542,privat,finalizat
1733,4563,1396,,,,,deschis,expirat
1734,4564,455,1771,5,0,455,privat,finalizat
1735,4565,395,,,,,deschis,expirat
1736,4566,395,563,3,2,395,privat,finalizat
1737,4569,1593,374,4,0,1593,privat,finalizat
1738,4577,297,998,4,1,297,privat,finalizat
1739,4579,1360,1708,,,,deschis,fara_rezultat
1740,4581,160,249,2,3,249,privat,finalizat
1741,4592,374,1228,3,0,374,privat,finalizat
1742,4597,2379,1631,4,3,2379,privat,finalizat
1743,4598,2297,1402,,,,privat,fara_rezultat
1744,4600,2434,1433,5,3,2434,privat,finalizat
1745,4606,534,866,,,,privat,fara_rezultat
1746,4611,741,1556,4,0,741,deschis,finalizat
1747,4615,1644,646,5,1,1644,privat,finalizat
1748,4616,538,63,3,5,63,privat,finalizat
1749,4618,1572,2233,5,3,1572,privat,finalizat
1750,4619,737,1113,4,0,737,privat,finalizat
1751,4620,1367,1810,2,3,1810,deschis,finalizat
1752,4625,1820,1936,,,,privat,fara_rezultat
1753,4626,1434,335,3,1,1434,privat,finalizat
1754,4627,2193,626,,,,privat,fara_rezultat
1755,4632,1789,1220,1,3,1220,privat,finalizat
1756,4633,2348,646,4,5,646,privat,finalizat
1757,4635,643,1411,5,3,643,deschis,finalizat
1758,4638,91,993,3,1,91,privat,finalizat
1759,4639,538,1756,,,,privat,fara_rezultat
1760,4640,2325,2316,1,3,2316,privat,finalizat
1761,4641,2433,123,2,3,123,privat,finalizat
1762,4642,916,311,4,3,916,deschis,finalizat
1763,4644,1864,311,4,1,1864,deschis,finalizat
1764,4645,2035,255,0,4,255,privat,finalizat
1765,4647,561,1708,5,3,561,privat,finalizat
1766,4649,1621,1448,1,4,1448,privat,finalizat
1767,4651,249,1700,3,1,249,deschis,finalizat
1768,4652,2189,899,5,1,2189,privat,finalizat
1769,4654,2020,1917,3,2,2020,privat,finalizat
1770,4656,1252,1788,1,5,1788,privat,finalizat
1771,4659,722,1792,0,3,1792,privat,finalizat
1772,4660,664,2141,,,,privat,fara_rezultat
1773,4662,2348,646,3,0,2348,privat,finalizat
1774,4666,1556,897,,,,privat,fara_rezultat
1775,4667,852,367,5,1,852,privat,finalizat
1776,4671,1818,516,,,,privat,fara_rezultat
1777,4673,158,1917,2,4,1917,privat,finalizat
1778,4676,2348,1098,,,,privat,fara_rezultat
1779,4683,2344,999,3,2,2344,privat,finalizat
1780,4684,1884,820,2,5,820,deschis,finalizat
1781,4686,2471,1663,3,4,1663,privat,finalizat
1782,4693,1965,2180,3,4,2180,privat,finalizat
1783,4695,2357,901,0,5,901,privat,finalizat
1784,4697,869,2357,2,3,2357,privat,finalizat
1785,4700,2433,621,,,,privat,fara_rezultat
1786,4701,483,240,1,3,240,privat,finalizat
1787,4703,1611,154,4,5,154,deschis,finalizat
1788,4704,2475,2390,3,1,2475,privat,finalizat
1789,4705,647,1897,,,,deschis,fara_rezultat
1790,4712,1631,1172,5,3,1631,deschis,finalizat
1791,4715,896,2035,4,3,896,privat,finalizat
1792,4717,249,,,,,deschis,expirat
1793,4719,1389,1433,,,,privat,fara_rezultat
1794,4724,374,643,,,,privat,fara_rezultat
1795,4725,664,1870,1,5,1870,privat,finalizat
1796,4729,234,971,5,3,234,deschis,finalizat
1797,4731,1845,533,2,3,533,privat,finalizat
1798,4733,249,160,2,5,160,privat,finalizat
1799,4738,1808,1028,5,4,1808,privat,finalizat
1800,4743,2379,,,,,deschis,expirat
1801,4746,2379,1126,4,0,2379,deschis,finalizat
1802,4755,1901,717,,,,privat,fara_rezultat
1803,4759,1738,437,3,0,1738,privat,finalizat
1804,4762,538,1154,,,,privat,fara_rezultat
1805,4766,676,2120,4,5,2120,privat,finalizat
1806,4770,1599,1621,5,4,1599,privat,finalizat
1807,4776,209,1036,4,3,209,privat,finalizat
1808,4777,159,1163,3,1,159,deschis,finalizat
1809,4779,646,1292,2,5,1292,deschis,finalizat
1810,4783,2233,1113,4,0,2233,privat,finalizat
1811,4784,2379,1126,2,5,1126,privat,finalizat
1812,4786,820,1609,4,5,1609,privat,finalizat
1813,4789,2149,2306,2,3,2306,privat,finalizat
1814,4790,1618,210,2,4,210,privat,finalizat
1815,4800,2003,1961,1,4,1961,privat,finalizat
1816,4802,1502,869,,,,privat,fara_rezultat
1817,4806,2452,1758,5,1,2452,privat,finalizat
1818,4807,1609,2176,3,2,1609,deschis,finalizat
1819,4809,1614,1552,0,3,1552,privat,finalizat
1820,4810,1079,988,0,4,988,privat,finalizat
1821,4811,374,2348,4,0,374,privat,finalizat
1822,4812,1228,1292,3,5,1292,privat,finalizat
1823,4814,1593,,,,,deschis,expirat
1824,4815,1789,159,2,5,159,privat,finalizat
1825,4816,2379,651,4,1,2379,privat,finalizat
1826,4817,896,278,0,4,278,privat,finalizat
1827,4819,1502,1737,5,0,1502,deschis,finalizat
1828,4821,1287,992,,,,privat,fara_rezultat
1829,4823,2435,998,0,4,998,privat,finalizat
1830,4824,1839,938,3,5,938,privat,finalizat
1831,4826,2129,1807,0,4,1807,privat,finalizat
1832,4828,334,2455,3,2,334,privat,finalizat
1833,4830,343,2020,1,3,2020,privat,finalizat
1834,4831,2193,363,,,,deschis,fara_rezultat
1835,4832,1788,1530,2,4,1530,deschis,finalizat
1836,4834,1292,1228,4,1,1292,privat,finalizat
1837,4835,1228,,,,,deschis,expirat
1838,4836,261,,,,,deschis,expirat
1839,4841,2169,2003,4,3,2169,privat,finalizat
1840,4842,1572,2224,3,2,1572,privat,finalizat
1841,4844,123,836,0,3,836,privat,finalizat
1842,4848,2453,1633,4,2,2453,deschis,finalizat
1843,4849,1389,154,5,2,1389,deschis,finalizat
1844,4851,369,1738,5,2,369,deschis,finalizat
1845,4854,2471,,,,,deschis,expirat
1846,4856,1228,209,4,2,1228,privat,finalizat
1847,4859,159,1965,2,5,1965,deschis,finalizat
1848,4861,1502,869,3,4,869,deschis,finalizat
1849,4862,1810,1126,4,2,1810,privat,finalizat
1850,4863,836,992,3,1,836,deschis,finalizat
1851,4864,174,2430,3,0,174,privat,finalizat
1852,4867,966,27,,,,privat,fara_rezultat
1853,4868,2494,938,1,5,938,privat,finalizat
1854,4877,1676,598,5,1,1676,privat,finalizat
1855,4879,1762,,,,,deschis,expirat
1856,4882,1618,210,4,0,1618,deschis,finalizat
1857,4886,615,171,5,2,615,privat,finalizat
1858,4887,1389,2452,1,5,2452,privat,finalizat
1859,4888,1691,2474,5,4,1691,privat,finalizat
1860,4889,1341,722,1,3,722,privat,finalizat
1861,4893,2110,2129,4,0,2110,privat,finalizat
1862,4895,626,,,,,deschis,expirat
1863,4897,816,1789,2,3,1789,deschis,finalizat
1864,4901,584,1865,1,4,1865,privat,finalizat
1865,4902,664,63,,,,privat,fara_rezultat
1866,4903,1179,2309,1,3,2309,privat,finalizat
1867,4906,1820,1807,4,3,1820,deschis,finalizat
1868,4907,1256,,,,,deschis,expirat
1869,4908,1961,1462,0,4,1462,privat,finalizat
1870,4911,450,261,4,2,450,privat,finalizat
1871,4912,1807,2176,2,3,2176,deschis,finalizat
1872,4913,1168,1644,0,3,1644,privat,finalizat
1873,4914,816,787,1,4,787,privat,finalizat
1874,4916,1401,,,,,deschis,expirat
1875,4918,1113,2261,4,0,1113,privat,finalizat
1876,4919,1998,881,1,5,881,deschis,finalizat
1877,4920,249,1700,0,3,1700,privat,finalizat
1878,4922,92,2407,4,3,92,privat,finalizat
1879,4926,869,676,5,2,869,privat,finalizat
1880,4928,1113,2357,,,,privat,fara_rezultat
1881,4929,2357,881,,,,deschis,fara_rezultat
1882,4935,1633,1708,0,3,1708,privat,finalizat
1883,4936,1801,92,0,5,92,privat,finalizat
1884,4943,261,374,4,1,261,privat,finalizat
1885,4946,1218,1113,,,,privat,fara_rezultat
1886,4950,2031,,,,,deschis,expirat
1887,4952,2498,999,1,4,999,deschis,finalizat
1888,4953,1611,504,2,5,504,privat,finalizat
1889,4955,1820,,,,,deschis,expirat
1890,4963,1179,1172,1,3,1172,privat,finalizat
1891,4965,297,2393,,,,privat,fara_rezultat
1892,4966,2262,2344,3,5,2344,deschis,finalizat
1893,4968,2392,1396,4,1,2392,privat,finalizat
1894,4974,123,255,0,5,255,deschis,finalizat
1895,4976,234,2120,2,4,2120,deschis,finalizat
1896,4977,1401,1603,1,3,1603,deschis,finalizat
1897,4978,1113,1737,0,4,1737,privat,finalizat
1898,4980,2109,656,3,5,656,privat,finalizat
1899,4982,1708,2481,4,2,1708,privat,finalizat
1900,4983,14,654,,,,privat,fara_rezultat
1901,4986,1257,,,,,deschis,expirat
1902,4989,664,1789,,,,privat,fara_rezultat
1903,4991,2092,261,1,3,261,privat,finalizat
1904,4993,901,836,5,2,901,deschis,finalizat
1905,4995,1839,240,0,4,240,privat,finalizat
1906,4996,297,2297,5,2,297,privat,finalizat
1907,4997,199,,,,,deschis,expirat
1908,4998,2129,200,,,,privat,fara_rezultat
1909,4999,2067,1599,3,1,2067,privat,finalizat
1910,5001,534,2407,4,3,534,privat,finalizat
1911,5003,1579,20,3,2,1579,privat,finalizat
1912,5007,369,1738,3,0,369,privat,finalizat
1913,5008,1522,1367,4,3,1522,privat,finalizat
1914,5017,998,615,3,1,998,privat,finalizat
1915,5018,2183,1708,2,5,1708,privat,finalizat
1916,5023,1953,119,,,,privat,fara_rezultat
1917,5024,1172,,,,,deschis,expirat
1918,5026,70,103,2,3,103,privat,finalizat
1919,5032,1220,1261,1,5,1261,privat,finalizat
1920,5035,1495,278,4,2,1495,privat,finalizat
1921,5036,123,1710,,,,deschis,fara_rezultat
1922,5037,2357,,,,,deschis,expirat
1923,5038,1810,1126,4,1,1810,privat,finalizat
1924,5041,626,363,3,5,363,privat,finalizat
1925,5042,1163,2304,4,2,1163,deschis,finalizat
1926,5046,1687,1471,3,2,1687,privat,finalizat
1927,5047,722,643,5,0,722,privat,finalizat
1928,5052,2031,738,,,,privat,fara_rezultat
1929,5056,1865,1533,4,5,1533,privat,finalizat
1930,5062,2120,1126,2,5,1126,privat,finalizat
1931,5066,1126,527,,,,privat,fara_rezultat
1932,5067,2310,1039,4,5,1039,privat,finalizat
1933,5070,103,666,3,2,103,privat,finalizat
1934,5071,1249,2454,2,5,2454,privat,finalizat
1935,5072,563,571,,,,privat,fara_rezultat
1936,5074,261,1341,3,1,261,privat,finalizat
1937,5077,1810,1126,,,,privat,fara_rezultat
1938,5079,1367,1551,2,4,1551,privat,finalizat
1939,5082,738,541,,,,privat,fara_rezultat
1940,5085,1599,1884,1,4,1884,deschis,finalizat
1941,5086,223,1938,5,4,223,privat,finalizat
1942,5090,14,678,4,3,14,privat,finalizat
1943,5091,2400,789,4,2,2400,privat,finalizat
1944,5097,664,1592,5,0,664,privat,finalizat
1945,5098,1411,2141,2,5,2141,privat,finalizat
1946,5104,297,390,0,3,390,deschis,finalizat
1947,5107,1677,20,3,5,20,privat,finalizat
1948,5108,789,2400,0,4,2400,privat,finalizat
1949,5109,643,,,,,deschis,expirat
1950,5110,91,1829,4,5,1829,privat,finalizat
1951,5112,2357,1522,2,3,1522,privat,finalizat
1952,5113,869,1551,0,5,1551,deschis,finalizat
1953,5114,2379,1551,,,,privat,fara_rezultat
1954,5116,947,676,4,1,947,privat,finalizat
1955,5119,160,1700,1,4,1700,privat,finalizat
1956,5120,2399,44,4,3,2399,privat,finalizat
1957,5121,1080,158,2,3,158,deschis,finalizat
1958,5125,2316,261,1,3,261,privat,finalizat
1959,5126,1228,2325,2,4,2325,privat,finalizat
1960,5127,1028,1062,3,1,1028,privat,finalizat
1961,5129,2325,2348,1,3,2348,privat,finalizat
1962,5131,174,1522,4,1,174,deschis,finalizat
1963,5132,2433,2430,,,,privat,fara_rezultat
1964,5136,44,2306,5,2,44,deschis,finalizat
1965,5140,1228,1447,0,3,1447,deschis,finalizat
1966,5141,722,,,,,deschis,expirat
1967,5144,737,255,3,4,255,privat,finalizat
1968,5152,1752,1451,5,3,1752,privat,finalizat
1969,5154,1494,1751,0,5,1751,privat,finalizat
1970,5156,92,1672,5,1,92,privat,finalizat
1971,5157,1036,1228,0,5,1228,privat,finalizat
1972,5158,234,2120,0,3,2120,privat,finalizat
1973,5164,1495,234,0,3,234,privat,finalizat
1974,5168,1365,,,,,deschis,expirat
1975,5169,896,1218,4,2,896,privat,finalizat
1976,5172,1039,28,4,1,1039,privat,finalizat
1977,5174,647,1676,,,,deschis,fara_rezultat
1978,5175,1028,1321,,,,privat,fara_rezultat
1979,5177,154,558,3,0,154,privat,finalizat
1980,5178,787,529,3,2,787,deschis,finalizat
1981,5179,1228,2325,2,5,2325,deschis,finalizat
1982,5180,896,676,0,5,676,privat,finalizat
1983,5181,171,483,3,4,483,deschis,finalizat
1984,5182,2240,335,4,2,2240,deschis,finalizat
1985,5183,988,867,4,1,988,privat,finalizat
1986,5185,1825,1614,5,3,1825,privat,finalizat
1987,5186,1329,283,,,,deschis,fara_rezultat
1988,5187,159,1220,5,1,159,deschis,finalizat
1989,5188,374,2348,3,1,374,privat,finalizat
1990,5189,1663,,,,,deschis,expirat
1991,5190,1808,1098,4,2,1808,privat,finalizat
1992,5191,1522,971,5,3,1522,deschis,finalizat
1993,5193,327,1845,,,,privat,fara_rezultat
1994,5194,160,,,,,deschis,expirat
1995,5196,717,792,,,,deschis,fara_rezultat
1996,5198,1856,1249,4,1,1856,privat,finalizat
1997,5199,1544,598,0,5,598,privat,finalizat
1998,5200,538,1261,0,5,1261,privat,finalizat
1999,5202,2003,1721,3,1,2003,privat,finalizat
2000,5203,2261,1603,1,5,1603,privat,finalizat
2001,5204,1172,183,4,5,183,deschis,finalizat
2002,5206,2213,240,4,1,2213,deschis,finalizat
2003,5207,678,,,,,deschis,expirat
2004,5208,1702,840,,,,privat,fara_rezultat
2005,5209,563,1363,0,3,1363,privat,finalizat
2006,5212,1836,1762,,,,privat,fara_rezultat
2007,5213,2120,676,3,5,676,deschis,finalizat
2008,5214,183,737,4,1,183,privat,finalizat
2009,5219,873,1602,2,4,1602,privat,finalizat
2010,5230,530,,,,,deschis,expirat
2011,5236,1113,1998,1,4,1998,privat,finalizat
2012,5237,255,737,,,,deschis,fara_rezultat
2013,5238,2261,621,4,5,621,privat,finalizat
2014,5239,2087,971,2,3,971,privat,finalizat
2015,5241,1169,970,0,5,970,privat,finalizat
2016,5243,1433,334,5,2,1433,privat,finalizat
2017,5245,722,1986,0,3,1986,privat,finalizat
2018,5248,1502,947,,,,privat,fara_rezultat
2019,5250,1287,2433,3,0,1287,privat,finalizat
2020,5251,255,2268,5,4,255,privat,finalizat
2021,5253,240,199,5,1,240,privat,finalizat
2022,5257,2390,595,5,4,2390,privat,finalizat
2023,5258,1568,1536,,,,deschis,fara_rezultat
2024,5260,1329,,,,,deschis,expirat
2025,5262,571,,,,,deschis,expirat
2026,5263,1365,2471,3,1,1365,deschis,finalizat
2027,5264,1756,664,2,4,664,deschis,finalizat
2028,5267,1836,2092,3,2,1836,deschis,finalizat
2029,5269,901,,,,,deschis,expirat
2030,5276,297,2005,0,3,2005,privat,finalizat
2031,5277,1839,1345,3,4,1345,privat,finalizat
2032,5280,2452,82,5,0,2452,privat,finalizat
2033,5281,149,442,,,,privat,fara_rezultat
2034,5282,44,666,1,5,666,privat,finalizat
2035,5285,1788,1282,5,2,1788,privat,finalizat
2036,5286,1296,823,0,4,823,privat,finalizat
2037,5287,455,,,,,deschis,expirat
2038,5288,1249,979,,,,privat,fara_rezultat
2039,5290,455,,,,,deschis,expirat
2040,5292,1228,2348,0,5,2348,privat,finalizat
2041,5296,2310,1039,5,4,2310,deschis,finalizat
2042,5298,1917,,,,,deschis,expirat
2043,5299,1756,,,,,deschis,expirat
2044,5300,2471,1593,3,4,1593,privat,finalizat
2045,5301,1028,612,,,,privat,fara_rezultat
2046,5310,1801,128,,,,privat,fara_rezultat
2047,5315,1401,896,3,4,896,privat,finalizat
2048,5316,2063,1845,1,3,1845,privat,finalizat
2049,5317,1820,2164,3,5,2164,privat,finalizat
2050,5322,109,787,5,4,109,privat,finalizat
2051,5327,1949,738,3,5,738,privat,finalizat
2052,5330,722,1028,1,4,1028,privat,finalizat
2053,5331,119,993,4,1,119,deschis,finalizat
2054,5334,676,234,3,1,676,deschis,finalizat
2055,5335,2430,1113,,,,deschis,fara_rezultat
2056,5336,1287,2233,3,5,2233,privat,finalizat
2057,5338,615,2494,,,,privat,fara_rezultat
2058,5345,1144,,,,,deschis,expirat
2059,5347,1572,836,,,,privat,fara_rezultat
2060,5348,2379,1502,,,,deschis,fara_rezultat
2061,5349,2379,1810,3,1,2379,privat,finalizat
2062,5356,873,1708,2,5,1708,deschis,finalizat
2063,5357,2110,2067,0,4,2067,privat,finalizat
2064,5360,2390,1672,,,,deschis,fara_rezultat
2065,5361,439,1608,,,,privat,fara_rezultat
2066,5363,283,222,2,4,222,privat,finalizat
2067,5370,2056,1036,3,2,2056,deschis,finalizat
2068,5374,1495,,,,,deschis,expirat
2069,5375,1287,1495,1,4,1495,privat,finalizat
2070,5378,390,2393,2,3,2393,privat,finalizat
2071,5382,1389,1938,3,0,1389,privat,finalizat
2072,5386,70,792,2,3,792,privat,finalizat
2073,5392,2442,1738,2,3,1738,privat,finalizat
2074,5397,1808,450,0,3,450,privat,finalizat
2075,5398,612,538,1,5,538,privat,finalizat
2076,5401,1810,40,2,4,40,deschis,finalizat
2077,5404,651,2309,4,2,651,privat,finalizat
2078,5407,2183,1364,5,2,2183,deschis,finalizat
2079,5408,2067,1633,2,5,1633,privat,finalizat
2080,5412,1599,2434,4,5,2434,privat,finalizat
2081,5415,563,190,2,3,190,privat,finalizat
2082,5417,722,1593,,,,privat,fara_rezultat
2083,5420,1144,2095,,,,privat,fara_rezultat
2084,5421,1593,643,5,4,1593,deschis,finalizat
2085,5422,1233,1113,1,3,1113,privat,finalizat
2086,5426,896,1572,1,3,1572,privat,finalizat
2087,5432,2344,,,,,deschis,expirat
2088,5433,1825,1634,4,5,1634,privat,finalizat
2089,5435,1833,2454,5,3,1833,privat,finalizat
2090,5438,1808,1762,3,1,1808,deschis,finalizat
2091,5445,1737,1113,4,1,1737,privat,finalizat
2092,5447,1710,2035,0,4,2035,privat,finalizat
2093,5453,1602,2481,2,3,2481,privat,finalizat
2094,5455,2067,,,,,deschis,expirat
2095,5456,1761,2475,1,4,2475,privat,finalizat
2096,5457,792,2181,,,,privat,fara_rezultat
2097,5458,439,1445,4,2,439,privat,finalizat
2098,5459,192,2306,5,2,192,deschis,finalizat
2099,5460,867,2020,,,,privat,fara_rezultat
2100,5461,876,857,3,5,857,privat,finalizat
2101,5462,109,1144,0,3,1144,privat,finalizat
2102,5468,2209,698,1,4,698,privat,finalizat
2103,5469,1983,,,,,deschis,expirat
2104,5470,2211,2163,3,1,2211,privat,finalizat
2105,5471,2121,367,3,5,367,privat,finalizat
2106,5473,664,910,4,0,664,privat,finalizat
2107,5474,2433,1710,4,5,1710,deschis,finalizat
2108,5476,1906,1396,2,5,1396,privat,finalizat
2109,5477,434,1663,5,3,434,privat,finalizat
2110,5481,2164,1884,3,5,1884,privat,finalizat
2111,5482,2056,722,0,4,722,privat,finalizat
2112,5485,869,215,5,4,869,privat,finalizat
2113,5486,1611,1480,,,,privat,fara_rezultat
2114,5487,1645,1818,5,1,1645,privat,finalizat
2115,5488,2142,1592,4,2,2142,privat,finalizat
2116,5489,1592,2348,3,1,1592,privat,finalizat
2117,5491,664,1198,4,0,664,deschis,finalizat
2118,5493,1810,1502,4,2,1810,deschis,finalizat
2119,5498,1789,1773,4,1,1789,privat,finalizat
2120,5499,1965,,,,,deschis,expirat
2121,5505,2261,,,,,deschis,expirat
2122,5506,1572,2357,3,4,2357,deschis,finalizat
2123,5510,979,190,3,1,979,privat,finalizat
2124,5513,374,722,3,1,374,privat,finalizat
2125,5514,971,183,1,4,183,privat,finalizat
2126,5517,174,2087,5,2,174,privat,finalizat
2127,5519,1810,2379,,,,deschis,fara_rezultat
2128,5521,223,1938,3,4,1938,privat,finalizat
2129,5528,529,1792,2,4,1792,privat,finalizat
2130,5530,2087,651,,,,privat,fara_rezultat
2131,5531,2035,1233,,,,privat,fara_rezultat
2132,5533,2169,901,1,4,901,privat,finalizat
2133,5534,651,215,4,1,651,privat,finalizat
2134,5538,2183,1053,3,2,2183,deschis,finalizat
2135,5539,1574,2189,3,2,1574,privat,finalizat
2136,5542,1836,952,,,,privat,fara_rezultat
2137,5543,1365,1447,5,1,1365,privat,finalizat
2138,5544,1890,536,5,4,1890,privat,finalizat
2139,5545,1592,63,,,,privat,fara_rezultat
2140,5547,1593,1321,5,3,1593,privat,finalizat
2141,5548,651,2169,3,4,2169,privat,finalizat
2142,5549,174,,,,,deschis,expirat
2143,5550,2120,215,5,3,2120,privat,finalizat
2144,5551,2120,2003,5,0,2120,privat,finalizat
2145,5555,2213,1837,3,2,2213,privat,finalizat
2146,5559,1700,,,,,deschis,expirat
2147,5560,362,654,5,2,362,privat,finalizat
2148,5561,2149,1332,,,,privat,fara_rezultat
2149,5562,670,2027,3,4,2027,privat,finalizat
2150,5564,1144,109,5,3,1144,privat,finalizat
2151,5566,374,1154,0,3,1154,privat,finalizat
2152,5568,1789,,,,,deschis,expirat
2153,5569,664,1163,0,3,1163,privat,finalizat
2154,5571,1172,869,0,3,869,privat,finalizat
2155,5572,2369,278,4,5,278,privat,finalizat
2156,5573,1218,,,,,deschis,expirat
2157,5577,1169,2297,1,4,2297,deschis,finalizat
2158,5582,2227,664,4,0,2227,deschis,finalizat
2159,5583,1808,1644,4,3,1808,privat,finalizat
2160,5587,1953,2092,0,3,2092,privat,finalizat
2161,5588,2035,,,,,deschis,expirat
2162,5590,901,,,,,deschis,expirat
2163,5593,40,,,,,deschis,expirat
2164,5596,970,2109,,,,privat,fara_rezultat
2165,5599,1602,,,,,deschis,expirat
2166,5602,6,1901,5,2,6,privat,finalizat
2167,5605,988,,,,,deschis,expirat
2168,5606,2392,,,,,deschis,expirat
2169,5607,410,363,4,2,410,privat,finalizat
2170,5608,76,1530,4,2,76,deschis,finalizat
2171,5611,1663,1198,3,1,1663,privat,finalizat
2172,5612,2227,,,,,deschis,expirat
2173,5613,1228,1036,4,2,1228,privat,finalizat
2174,5620,896,1864,3,1,896,privat,finalizat
2175,5622,615,970,4,5,970,privat,finalizat
2176,5623,1303,715,5,4,1303,privat,finalizat
2177,5626,1621,2176,4,1,1621,privat,finalizat
2178,5631,1691,1099,,,,privat,fara_rezultat
2179,5633,210,601,1,5,601,privat,finalizat
2180,5634,1282,2027,3,1,1282,privat,finalizat
2181,5636,530,1724,4,1,530,deschis,finalizat
2182,5638,1256,395,2,4,395,privat,finalizat
2183,5639,2227,816,1,4,816,deschis,finalizat
2184,5640,1163,1261,3,0,1163,deschis,finalizat
2185,5643,1592,1663,3,4,1663,privat,finalizat
2186,5646,952,1098,,,,privat,fara_rezultat
2187,5649,916,1113,0,3,1113,deschis,finalizat
2188,5652,2261,621,3,2,2261,privat,finalizat
2189,5660,873,2176,,,,privat,fara_rezultat
2190,5661,2453,2067,3,5,2067,privat,finalizat
2191,5663,1184,1099,2,3,1099,deschis,finalizat
2192,5664,666,1702,4,0,666,privat,finalizat
2193,5665,698,98,3,4,98,privat,finalizat
2194,5669,214,455,2,3,455,deschis,finalizat
2195,5673,1762,1341,,,,privat,fara_rezultat
2196,5675,2325,1953,3,4,1953,privat,finalizat
2197,5676,538,1592,4,2,538,deschis,finalizat
2198,5677,1789,261,4,0,1789,privat,finalizat
2199,5678,1953,,,,,deschis,expirat
2200,5679,1098,261,3,4,261,privat,finalizat
2201,5683,234,2120,,,,deschis,fara_rezultat
2202,5686,2005,2393,3,1,2005,deschis,finalizat
2203,5690,1807,1480,5,4,1807,privat,finalizat
2204,5691,504,1599,2,5,1599,privat,finalizat
2205,5692,334,1938,3,2,334,privat,finalizat
2206,5693,2481,28,,,,privat,fara_rezultat
2207,5694,1480,154,5,1,1480,privat,finalizat
2208,5698,2399,840,2,3,840,privat,finalizat
2209,5699,2149,509,4,3,2149,privat,finalizat
2210,5701,283,2121,3,0,283,privat,finalizat
2211,5702,2027,2121,4,3,2027,privat,finalizat
2212,5703,1993,2196,4,2,1993,privat,finalizat
2213,5705,197,1856,5,2,197,privat,finalizat
2214,5707,1592,450,5,3,1592,privat,finalizat
2215,5710,91,446,1,4,446,privat,finalizat
2216,5711,1365,2180,2,5,2180,privat,finalizat
2217,5713,2095,1756,2,5,1756,privat,finalizat
2218,5718,2120,2268,5,3,2120,privat,finalizat
2219,5719,2063,541,0,3,541,deschis,finalizat
2220,5721,154,1480,4,2,154,deschis,finalizat
2221,5726,2049,584,5,0,2049,privat,finalizat
2222,5728,2246,1748,1,3,1748,privat,finalizat
2223,5733,2056,1062,2,5,1062,privat,finalizat
2224,5739,670,172,1,3,172,deschis,finalizat
2225,5740,285,1792,3,2,285,privat,finalizat
2226,5741,2129,200,,,,privat,fara_rezultat
2227,5742,1700,249,4,2,1700,privat,finalizat
2228,5747,2224,1864,,,,deschis,fara_rezultat
2229,5750,2183,249,,,,privat,fara_rezultat
2230,5752,1788,1317,3,1,1788,privat,finalizat
2231,5754,1494,1575,0,4,1575,privat,finalizat
2232,5756,249,1708,3,0,249,privat,finalizat
2233,5757,1936,1609,,,,privat,fara_rezultat
2234,5760,2284,1385,4,3,2284,privat,finalizat
2235,5761,261,1062,0,3,1062,privat,finalizat
2236,5764,1179,2087,,,,privat,fara_rezultat
2237,5765,255,1894,2,5,1894,privat,finalizat
2238,5766,689,2063,,,,deschis,fara_rezultat
2239,5768,434,1592,3,0,434,deschis,finalizat
2240,5769,2056,1168,,,,privat,fara_rezultat
2241,5774,234,2087,3,4,2087,deschis,finalizat
2242,5777,1401,2430,3,1,1401,privat,finalizat
2243,5782,1683,1672,5,3,1683,privat,finalizat
2244,5785,73,410,5,1,73,privat,finalizat
2245,5786,67,2295,3,2,67,privat,finalizat
2246,5788,395,197,4,5,197,privat,finalizat
2247,5790,91,446,0,4,446,privat,finalizat
2248,5792,1502,1367,5,4,1502,privat,finalizat
2249,5800,2306,2149,0,3,2149,privat,finalizat
2250,5803,2316,1341,4,3,2316,privat,finalizat
2251,5806,722,1411,4,1,722,privat,finalizat
2252,5807,2325,1953,1,5,1953,privat,finalizat
2253,5809,327,413,5,3,327,deschis,finalizat
2254,5810,1807,2176,,,,deschis,fara_rezultat
2255,5811,2193,,,,,deschis,expirat
2256,5813,1352,470,,,,privat,fara_rezultat
2257,5815,1756,2141,4,2,1756,deschis,finalizat
2258,5816,261,1836,4,1,261,privat,finalizat
2259,5818,109,2227,3,4,2227,privat,finalizat
2260,5819,1228,2325,1,3,2325,privat,finalizat
2261,5822,1126,234,3,1,1126,privat,finalizat
2262,5827,2326,461,0,3,461,privat,finalizat
2263,5828,6,70,3,2,6,privat,finalizat
2264,5829,382,1634,4,5,1634,privat,finalizat
2265,5831,114,,,,,deschis,expirat
2266,5836,2430,2261,0,5,2261,deschis,finalizat
2267,5839,2031,738,1,4,738,deschis,finalizat
2268,5845,2027,2196,3,2,2027,privat,finalizat
2269,5849,1163,109,1,4,109,privat,finalizat
2270,5850,1836,1292,3,1,1836,deschis,finalizat
2271,5853,2348,536,2,3,536,privat,finalizat
2272,5856,1154,,,,,deschis,expirat
2273,5857,450,,,,,deschis,expirat
2274,5859,651,1522,3,0,651,privat,finalizat
2275,5863,1126,278,5,0,1126,privat,finalizat
2276,5865,255,,,,,deschis,expirat
2277,5866,1721,1998,,,,privat,fara_rezultat
2278,5867,916,1218,1,3,1218,deschis,finalizat
2279,5872,1480,82,,,,privat,fara_rezultat
2280,5875,1807,558,2,5,558,deschis,finalizat
2281,5876,516,1818,2,3,1818,privat,finalizat
2282,5877,2189,,,,,deschis,expirat
2283,5879,2196,1282,,,,privat,fara_rezultat
2284,5881,852,283,3,0,852,privat,finalizat
2285,5885,455,571,5,2,455,privat,finalizat
2286,5887,1593,2095,1,3,2095,privat,finalizat
2287,5892,2227,,,,,deschis,expirat
2288,5896,2261,1710,1,3,1710,privat,finalizat
2289,5898,1367,1126,3,4,1126,privat,finalizat
2290,5899,737,2369,2,5,2369,deschis,finalizat
2291,5902,2344,,,,,deschis,expirat
2292,5904,2337,1094,2,3,1094,privat,finalizat
2293,5906,1621,2455,5,2,1621,privat,finalizat
2294,5909,2310,1708,,,,privat,fara_rezultat
2295,5911,2149,1614,2,4,1614,privat,finalizat
2296,5912,2399,509,4,1,2399,privat,finalizat
2297,5922,1471,1965,4,0,1471,deschis,finalizat
2298,5924,1687,1471,3,0,1687,privat,finalizat
2299,5929,1572,,,,,deschis,expirat
2300,5938,1169,1839,3,2,1169,privat,finalizat
2301,5942,2110,558,3,2,2110,deschis,finalizat
2302,5944,701,1099,,,,deschis,fara_rezultat
2303,5949,563,2359,0,3,2359,privat,finalizat
2304,5950,450,722,,,,deschis,fara_rezultat
2305,5951,1808,1644,3,2,1808,deschis,finalizat
2306,5954,261,446,3,2,261,privat,finalizat
2307,5956,869,215,,,,deschis,fara_rezultat
2308,5959,40,1522,5,0,40,privat,finalizat
2309,5961,836,255,2,4,255,privat,finalizat
2310,5967,2473,171,0,3,171,privat,finalizat
2311,5968,2005,,,,,deschis,expirat
2312,5970,297,620,4,1,297,privat,finalizat
2313,5973,1758,2208,,,,deschis,fara_rezultat
2314,5974,1758,,,,,deschis,expirat
2315,5975,92,128,2,4,128,privat,finalizat
2316,5978,1579,736,0,3,736,deschis,finalizat
2317,5979,1206,897,5,4,1206,privat,finalizat
2318,5981,1252,2196,2,4,2196,deschis,finalizat
2319,5982,670,1206,,,,privat,fara_rezultat
2320,5985,571,1294,3,4,1294,privat,finalizat
2321,5987,197,1875,2,4,1875,deschis,finalizat
2322,5988,1592,2142,1,4,2142,privat,finalizat
2323,5991,1663,2471,,,,privat,fara_rezultat
2324,5995,737,125,,,,privat,fara_rezultat
2325,5997,1495,278,4,0,1495,privat,finalizat
2326,5998,869,215,3,1,869,privat,finalizat
2327,6003,1936,558,3,2,1936,deschis,finalizat
2328,6007,1574,2189,4,5,2189,privat,finalizat
2329,6008,2474,1703,,,,privat,fara_rezultat
2330,6009,1148,1917,3,4,1917,privat,finalizat
2331,6022,1836,1644,,,,privat,fara_rezultat
2332,6023,1953,,,,,deschis,expirat
2333,6025,2227,1965,,,,privat,fara_rezultat
2334,6028,1788,1428,0,4,1428,deschis,finalizat
2335,6031,40,2379,2,5,2379,privat,finalizat
2336,6032,685,836,4,5,836,deschis,finalizat
2337,6033,2498,1499,4,1,2498,privat,finalizat
2338,6035,1389,558,4,0,1389,deschis,finalizat
2339,6040,2096,240,,,,deschis,fara_rezultat
2340,6042,450,1593,4,3,450,privat,finalizat
2341,6044,787,1986,3,1,787,deschis,finalizat
2342,6049,40,869,3,1,40,privat,finalizat
2343,6050,1218,992,1,5,992,deschis,finalizat
2344,6057,1700,28,2,3,28,privat,finalizat
2345,6060,192,1570,,,,privat,fara_rezultat
2346,6061,1983,20,1,5,20,privat,finalizat
2347,6063,670,1601,2,3,1601,privat,finalizat
2348,6064,952,,,,,deschis,expirat
2349,6065,643,536,1,3,536,deschis,finalizat
2350,6066,374,1447,0,5,1447,privat,finalizat
2351,6070,1502,947,3,0,1502,deschis,finalizat
2352,6074,125,1262,3,0,125,privat,finalizat
2353,6080,1773,1447,,,,privat,fara_rezultat
2354,6087,1126,234,3,1,1126,privat,finalizat
2355,6089,1402,1094,3,2,1402,privat,finalizat
2356,6090,1634,,,,,deschis,expirat
2357,6091,1858,985,,,,privat,fara_rezultat
2358,6093,1836,2436,4,5,2436,deschis,finalizat
2359,6094,1663,2142,4,1,1663,privat,finalizat
2360,6096,174,881,3,2,174,privat,finalizat
2361,6098,676,2120,3,2,676,privat,finalizat
2362,6099,2433,2430,4,5,2430,deschis,finalizat
2363,6100,676,,,,,deschis,expirat
2364,6104,2129,200,,,,privat,fara_rezultat
2365,6110,1792,1198,1,3,1198,privat,finalizat
2366,6112,612,119,3,4,119,privat,finalizat
2367,6113,1154,450,3,5,450,privat,finalizat
2368,6115,1572,2224,1,3,2224,privat,finalizat
2369,6116,174,2309,1,4,2309,privat,finalizat
2370,6117,2169,2357,3,1,2169,privat,finalizat
2371,6120,1721,1998,,,,privat,fara_rezultat
2372,6122,1303,2498,2,5,2498,deschis,finalizat
2373,6125,2005,483,4,0,2005,deschis,finalizat
2374,6127,1611,1758,2,3,1758,privat,finalizat
2375,6128,1389,200,5,1,1389,deschis,finalizat
2376,6129,1433,,,,,deschis,expirat
2377,6134,247,1993,4,1,247,privat,finalizat
2378,6135,283,1601,,,,privat,fara_rezultat
2379,6136,2048,1771,3,4,1771,privat,finalizat
2380,6144,2455,820,3,0,2455,privat,finalizat
2381,6145,678,2211,0,4,2211,privat,finalizat
2382,6146,2407,701,3,5,701,deschis,finalizat
2383,6149,1282,114,5,3,1282,deschis,finalizat
2384,6151,455,5,0,4,5,privat,finalizat
2385,6153,2095,910,3,5,910,privat,finalizat
2386,6155,1756,1341,4,2,1756,privat,finalizat
2387,6157,1154,2325,3,0,1154,privat,finalizat
2388,6158,2227,2024,3,1,2227,privat,finalizat
2389,6159,2095,,,,,deschis,expirat
2390,6160,2227,,,,,deschis,expirat
2391,6161,2141,787,3,1,2141,privat,finalizat
2392,6162,2433,916,0,4,916,privat,finalizat
2393,6164,1367,1810,0,4,1810,deschis,finalizat
2394,6165,255,2309,0,4,2309,privat,finalizat
2395,6176,1936,2176,1,3,2176,privat,finalizat
2396,6177,30,1378,0,3,1378,privat,finalizat
2397,6180,2048,455,,,,deschis,fara_rezultat
2398,6182,1163,1220,4,2,1163,deschis,finalizat
2399,6184,664,1870,0,3,1870,deschis,finalizat
2400,6187,2261,,,,,deschis,expirat
2401,6196,2176,1758,,,,privat,fara_rezultat
2402,6199,2056,2348,3,5,2348,deschis,finalizat
2403,6200,1261,1836,3,0,1261,privat,finalizat
2404,6201,1773,787,,,,privat,fara_rezultat
2405,6202,787,63,4,0,787,privat,finalizat
2406,6205,538,91,,,,privat,fara_rezultat
2407,6206,119,1762,4,0,119,deschis,finalizat
2408,6207,1411,,,,,deschis,expirat
2409,6210,2087,2261,4,2,2087,privat,finalizat
2410,6211,123,621,3,1,123,privat,finalizat
2411,6212,737,1401,,,,privat,fara_rezultat
2412,6213,327,689,4,1,327,privat,finalizat
2413,6219,387,1300,,,,privat,fara_rezultat
2414,6221,1030,1317,5,4,1030,privat,finalizat
2415,6222,67,,,,,deschis,expirat
2416,6225,2095,1062,3,2,2095,privat,finalizat
2417,6226,1341,993,3,2,1341,privat,finalizat
2418,6230,2325,1836,2,3,1836,privat,finalizat
2419,6233,311,2430,1,4,2430,privat,finalizat
2420,6234,123,2261,2,4,2261,privat,finalizat
2421,6237,1179,2087,4,2,1179,deschis,finalizat
2422,6239,2003,1522,,,,privat,fara_rezultat
2423,6240,970,1837,,,,privat,fara_rezultat
2424,6241,1839,2262,4,0,1839,privat,finalizat
2425,6242,1053,561,3,5,561,privat,finalizat
2426,6243,160,2310,,,,privat,fara_rezultat
2427,6244,2110,855,1,3,855,privat,finalizat
2428,6251,2454,395,4,0,2454,privat,finalizat
2429,6255,2025,1533,5,2,2025,privat,finalizat
2430,6259,343,2439,3,5,2439,deschis,finalizat
2431,6261,285,816,1,4,816,deschis,finalizat
2432,6263,1028,1198,3,4,1198,privat,finalizat
2433,6265,1365,285,5,1,1365,privat,finalizat
2434,6276,1462,676,1,4,676,privat,finalizat
2435,6280,2310,2481,4,3,2310,privat,finalizat
2436,6281,382,840,2,3,840,privat,finalizat
2437,6282,1367,183,3,0,1367,privat,finalizat
2438,6283,1126,1631,5,3,1126,privat,finalizat
2439,6285,1708,2310,3,2,1708,deschis,finalizat
2440,6286,2392,2256,2,3,2256,deschis,finalizat
2441,6297,1000,1748,4,1,1000,deschis,finalizat
2442,6300,1028,2471,2,4,2471,deschis,finalizat
2443,6302,374,1593,2,3,1593,privat,finalizat
2444,6309,1599,2208,2,5,2208,privat,finalizat
2445,6311,1804,1342,2,3,1342,privat,finalizat
2446,6312,2355,1030,,,,privat,fara_rezultat
2447,6313,1856,2442,,,,privat,fara_rezultat
2448,6315,1756,1792,3,1,1756,privat,finalizat
2449,6321,1737,869,,,,privat,fara_rezultat
2450,6323,676,1631,3,2,676,deschis,finalizat
2451,6326,1949,2494,,,,privat,fara_rezultat
2452,6332,2454,269,4,1,2454,privat,finalizat
2453,6333,2056,2348,1,3,2348,deschis,finalizat
2454,6336,2142,1773,0,3,1773,privat,finalizat
2455,6342,2003,1172,1,5,1172,deschis,finalizat
2456,6343,992,685,4,3,992,privat,finalizat
2457,6344,1462,234,3,1,1462,privat,finalizat
2458,6345,1299,,,,,deschis,expirat
2459,6348,639,223,3,1,639,privat,finalizat
2460,6353,1614,1701,4,5,1701,privat,finalizat
2461,6354,410,1685,3,1,410,privat,finalizat
2462,6356,1359,1295,0,5,1295,privat,finalizat
2463,6360,1986,1098,4,0,1986,deschis,finalizat
2464,6363,1388,2357,4,2,1388,privat,finalizat
2465,6365,621,896,1,3,896,privat,finalizat
2466,6368,223,2483,4,0,223,privat,finalizat
2467,6371,2223,1825,,,,privat,fara_rezultat
2468,6372,400,2223,,,,deschis,fara_rezultat
2469,6373,1870,1756,3,1,1870,privat,finalizat
2470,6374,446,1792,3,4,1792,privat,finalizat
2471,6378,722,643,0,3,643,privat,finalizat
2472,6379,901,,,,,deschis,expirat
2473,6380,1915,1551,0,3,1551,privat,finalizat
2474,6383,639,223,4,3,639,privat,finalizat
2475,6385,1611,2176,5,4,1611,privat,finalizat
2476,6387,1428,,,,,deschis,expirat
2477,6390,1687,2225,3,4,2225,deschis,finalizat
2478,6391,2225,2180,5,0,2225,privat,finalizat
2479,6395,1113,,,,,deschis,expirat
2480,6397,1303,926,4,5,926,privat,finalizat
2481,6398,1499,999,2,4,999,privat,finalizat
2482,6401,1184,1691,,,,privat,fara_rezultat
2483,6403,149,542,1,3,542,privat,finalizat
2484,6404,852,1252,0,3,1252,privat,finalizat
2485,6405,1387,1352,1,4,1352,privat,finalizat
2486,6406,2025,1865,1,3,1865,privat,finalizat
2487,6408,1544,85,3,2,1544,deschis,finalizat
2488,6415,529,612,3,1,529,privat,finalizat
2489,6418,873,2310,3,2,873,privat,finalizat
2490,6421,516,1683,5,4,516,privat,finalizat
2491,6422,1536,14,5,1,1536,deschis,finalizat
2492,6423,2196,2295,3,0,2196,deschis,finalizat
2493,6424,1387,1352,3,4,1352,privat,finalizat
2494,6428,1804,1378,0,3,1378,privat,finalizat
2495,6429,1428,1788,4,2,1428,privat,finalizat
2496,6431,1228,1592,0,5,1592,privat,finalizat
2497,6432,2151,297,,,,privat,fara_rezultat
2498,6435,119,2436,3,5,2436,privat,finalizat
2499,6436,1773,,,,,deschis,expirat
2500,6442,2325,1341,1,4,1341,privat,finalizat
2501,6443,63,450,5,1,63,deschis,finalizat
2502,6444,775,91,1,3,91,privat,finalizat
2503,6445,2189,362,4,0,2189,privat,finalizat
2504,6446,109,2180,3,0,109,privat,finalizat
2505,6450,1807,1609,3,4,1609,privat,finalizat
2506,6451,1144,2227,5,2,1144,privat,finalizat
2507,6458,1773,,,,,deschis,expirat
2508,6468,455,437,1,3,437,privat,finalizat
2509,6469,1808,1365,0,3,1365,privat,finalizat
2510,6470,2325,1145,1,5,1145,privat,finalizat
2511,6475,2151,2213,1,3,2213,privat,finalizat
2512,6477,334,1918,3,2,334,privat,finalizat
2513,6478,1371,2040,2,4,2040,privat,finalizat
2514,6479,1387,1063,1,5,1063,privat,finalizat
2515,6482,2095,,,,,deschis,expirat
2516,6484,2024,1870,,,,privat,fara_rezultat
2517,6489,1502,869,4,1,1502,privat,finalizat
2518,6491,869,1462,4,1,869,privat,finalizat
2519,6492,999,1402,2,5,1402,privat,finalizat
2520,6493,2208,1927,3,1,2208,privat,finalizat
2521,6500,643,1890,,,,privat,fara_rezultat
2522,6503,2369,2003,5,2,2369,privat,finalizat
2523,6504,685,311,5,2,685,privat,finalizat
2524,6506,970,171,5,4,970,privat,finalizat
2525,6507,999,2494,4,1,999,privat,finalizat
2526,6508,1303,2005,1,5,2005,privat,finalizat
2527,6510,1633,1611,4,1,1633,privat,finalizat
2528,6514,1752,2000,,,,deschis,fara_rezultat
2529,6515,192,468,0,3,468,privat,finalizat
2530,6516,67,1575,4,3,67,privat,finalizat
2531,6518,369,,,,,deschis,expirat
2532,6522,374,2316,0,4,2316,privat,finalizat
2533,6526,971,1603,,,,deschis,fara_rezultat
2534,6527,2004,,,,,deschis,expirat
2535,6529,1113,685,4,2,1113,deschis,finalizat
2536,6533,2453,1599,4,3,2453,privat,finalizat
2537,6535,1702,1825,,,,privat,fara_rezultat
2538,6541,952,1321,3,1,952,privat,finalizat
2539,6543,1522,1737,4,1,1522,privat,finalizat
2540,6544,255,,,,,deschis,expirat
2541,6545,1631,651,,,,privat,fara_rezultat
2542,6546,2379,1126,5,4,2379,privat,finalizat
2543,6547,2176,1807,4,2,2176,deschis,finalizat
2544,6551,678,,,,,deschis,expirat
2545,6552,1752,516,4,1,1752,privat,finalizat
2546,6553,1252,2196,2,3,2196,deschis,finalizat
2547,6555,1676,1738,4,0,1676,privat,finalizat
2548,6558,1864,1401,1,3,1401,privat,finalizat
2549,6562,1003,1389,2,5,1389,deschis,finalizat
2550,6564,1804,985,,,,privat,fara_rezultat
2551,6565,2227,1261,4,3,2227,deschis,finalizat
2552,6572,1801,387,3,1,1801,privat,finalizat
2553,6573,2325,1411,3,1,2325,privat,finalizat
2554,6574,529,1447,5,3,529,privat,finalizat
2555,6575,1792,,,,,deschis,expirat
2556,6578,1599,2176,3,4,2176,privat,finalizat
2557,6580,1601,525,2,3,525,privat,finalizat
2558,6581,1965,787,5,3,1965,deschis,finalizat
2559,6582,527,676,3,4,676,privat,finalizat
2560,6585,1608,,,,,deschis,expirat
2561,6587,1321,1593,3,5,1593,deschis,finalizat
2562,6590,283,367,1,3,367,privat,finalizat
2563,6593,1198,,,,,deschis,expirat
2564,6594,1687,1471,4,1,1687,privat,finalizat
2565,6596,1801,1861,2,3,1861,privat,finalizat
2566,6597,643,1644,4,1,643,privat,finalizat
2567,6605,1172,2169,1,4,2169,privat,finalizat
2568,6610,483,2445,1,4,2445,privat,finalizat
2569,6613,1683,387,3,5,387,deschis,finalizat
2570,6615,1608,2149,4,0,1608,privat,finalizat
2571,6617,1352,707,3,2,1352,privat,finalizat
2572,6625,1210,,,,,deschis,expirat
2573,6626,701,188,3,0,701,privat,finalizat
2574,6627,1825,442,3,5,442,privat,finalizat
2575,6628,787,2024,4,0,787,privat,finalizat
2576,6629,261,374,2,3,374,deschis,finalizat
2577,6630,1292,1762,0,4,1762,privat,finalizat
2578,6633,1961,1894,3,1,1961,privat,finalizat
2579,6639,2261,896,5,3,2261,privat,finalizat
2580,6642,1691,1300,4,5,1300,privat,finalizat
2581,6646,1371,1583,0,4,1583,deschis,finalizat
2582,6647,2020,1257,3,0,2020,privat,finalizat
2583,6649,647,13,3,2,647,privat,finalizat
2584,6651,538,1792,3,4,1792,privat,finalizat
2585,6654,2325,1644,5,3,2325,deschis,finalizat
2586,6657,676,2268,4,2,676,privat,finalizat
2587,6658,2233,,,,,deschis,expirat
2588,6664,2452,1927,,,,privat,fara_rezultat
2589,6665,2326,1691,,,,privat,fara_rezultat
2590,6666,1020,44,4,1,1020,privat,finalizat
2591,6670,2226,2049,2,5,2049,privat,finalizat
2592,6671,1856,2246,,,,privat,fara_rezultat
2593,6674,2056,1292,4,5,1292,privat,finalizat
2594,6680,311,621,3,1,311,privat,finalizat
2595,6687,1389,1758,3,4,1758,privat,finalizat
2596,6688,1099,1818,2,3,1818,privat,finalizat
2597,6689,387,1645,,,,privat,fara_rezultat
2598,6692,2149,,,,,deschis,expirat
2599,6696,1676,2442,3,2,1676,privat,finalizat
2600,6699,109,,,,,deschis,expirat
2601,6705,787,1829,4,0,787,privat,finalizat
2602,6708,125,1262,2,3,1262,privat,finalizat
2603,6709,2169,255,5,1,2169,privat,finalizat
2604,6715,855,2483,4,5,2483,privat,finalizat
2605,6722,536,2325,3,1,536,privat,finalizat
2606,6726,2123,1993,,,,deschis,fara_rezultat
2607,6733,261,536,5,4,261,privat,finalizat
2608,6735,2176,154,5,0,2176,privat,finalizat
2609,6737,2203,363,5,3,2203,privat,finalizat
2610,6745,1721,1603,4,0,1721,privat,finalizat
2611,6747,1602,,,,,deschis,expirat
2612,6748,1401,1233,3,1,1401,privat,finalizat
2613,6750,916,1737,0,3,1737,deschis,finalizat
2614,6751,154,331,,,,privat,fara_rezultat
2615,6753,1602,2167,,,,deschis,fara_rezultat
2616,6756,2048,1294,0,4,1294,privat,finalizat
2617,6757,664,63,,,,privat,fara_rezultat
2618,6759,2304,1773,4,1,2304,privat,finalizat
2619,6764,2325,2092,4,1,2325,deschis,finalizat
2620,6768,1592,,,,,deschis,expirat
2621,6785,970,431,,,,privat,fara_rezultat
2622,6786,744,,,,,deschis,expirat
2623,6788,2363,2109,4,3,2363,deschis,finalizat
2624,6792,937,,,,,deschis,expirat
2625,6795,1552,400,3,1,1552,deschis,finalizat
2626,6801,1411,,,,,deschis,expirat
2627,6803,1836,1145,0,4,1145,privat,finalizat
2628,6805,664,538,5,4,664,privat,finalizat
2629,6810,901,1961,1,3,1961,privat,finalizat
2630,6813,938,,,,,deschis,expirat
2631,6817,1936,855,3,5,855,privat,finalizat
2632,6820,128,2128,2,5,2128,privat,finalizat
2633,6822,1284,1030,,,,privat,fara_rezultat
2634,6825,1965,2316,4,0,1965,deschis,finalizat
2635,6826,91,1644,3,1,91,privat,finalizat
2636,6829,1756,261,4,2,1756,privat,finalizat
2637,6831,1411,2436,3,5,2436,deschis,finalizat
2638,6836,234,901,5,2,234,deschis,finalizat
2639,6838,685,1710,,,,privat,fara_rezultat
2640,6842,1825,792,3,1,1825,privat,finalizat
2641,6844,1788,670,2,3,670,privat,finalizat
2642,6849,1218,2430,3,2,1218,privat,finalizat
2643,6851,2369,1961,3,4,1961,deschis,finalizat
2644,6855,390,549,4,1,390,privat,finalizat
2645,6858,1433,2455,5,4,1433,privat,finalizat
2646,6859,154,1938,2,5,1938,privat,finalizat
2647,6863,876,1875,3,0,876,deschis,finalizat
2648,6866,1144,,,,,deschis,expirat
2649,6868,1447,1417,1,4,1417,deschis,finalizat
2650,6869,1388,2369,5,1,1388,privat,finalizat
2651,6870,1502,1631,,,,deschis,fara_rezultat
2652,6873,2031,2473,2,5,2473,deschis,finalizat
2653,6874,2129,,,,,deschis,expirat
2654,6880,1833,1294,,,,privat,fara_rezultat
2655,6881,395,876,,,,deschis,fara_rezultat
2656,6883,910,1808,5,0,910,privat,finalizat
2657,6885,2452,223,1,3,223,privat,finalizat
2658,6890,2209,2044,5,1,2209,deschis,finalizat
2659,6892,1808,1762,5,4,1808,deschis,finalizat
2660,6893,387,188,0,3,188,deschis,finalizat
2661,6902,1411,646,,,,privat,fara_rezultat
2662,6903,722,2471,2,3,2471,privat,finalizat
2663,6905,1721,2004,4,0,1721,privat,finalizat
2664,6909,536,722,2,4,722,privat,finalizat
2665,6917,738,2109,4,0,738,privat,finalizat
2666,6918,1839,,,,,deschis,expirat
2667,6921,2392,1583,3,4,1583,privat,finalizat
2668,6923,1030,2027,,,,privat,fara_rezultat
2669,6924,707,1296,3,0,707,deschis,finalizat
2670,6930,901,1179,3,1,901,privat,finalizat
2671,6931,2369,2234,0,3,2234,privat,finalizat
2672,6933,199,1863,5,3,199,privat,finalizat
2673,6936,639,1621,0,5,1621,deschis,finalizat
2674,6937,1480,639,1,5,639,privat,finalizat
2675,6939,44,784,2,4,784,privat,finalizat
2676,6942,1249,2359,2,4,2359,privat,finalizat
2677,6951,2434,558,4,0,2434,privat,finalizat
2678,6952,2176,2483,1,3,2483,privat,finalizat
2679,6958,1144,2471,4,1,1144,deschis,finalizat
2680,6961,2369,1233,,,,deschis,fara_rezultat
2681,6962,1723,881,1,5,881,privat,finalizat
2682,6964,28,191,2,4,191,privat,finalizat
2683,6967,509,2399,3,4,2399,privat,finalizat
2684,6975,1965,1792,,,,privat,fara_rezultat
2685,6976,209,2325,2,4,2325,deschis,finalizat
2686,6977,1502,1631,1,4,1631,deschis,finalizat
2687,6982,1839,,,,,deschis,expirat
2688,6984,2498,1499,1,3,1499,privat,finalizat
2689,6991,1645,,,,,deschis,expirat
2690,6992,542,400,5,0,542,privat,finalizat
2691,6993,76,1206,4,1,76,privat,finalizat
2692,6994,202,563,,,,privat,fara_rezultat
2693,6997,1365,1354,0,3,1354,privat,finalizat
2694,6999,374,,,,,deschis,expirat
2695,7000,836,1213,,,,privat,fara_rezultat
2696,7001,1179,1915,3,5,1915,deschis,finalizat
2697,7004,125,,,,,deschis,expirat
2698,7007,2005,2151,,,,privat,fara_rezultat
2699,7010,1299,,,,,deschis,expirat
2700,7014,1614,1445,5,2,1614,privat,finalizat
2701,7018,252,1060,2,3,1060,deschis,finalizat
2702,7019,1060,1736,3,0,1060,privat,finalizat
2703,7023,1870,159,5,1,1870,privat,finalizat
2704,7026,159,2141,4,1,159,privat,finalizat
2705,7027,646,1292,3,1,646,privat,finalizat
2706,7033,1919,1721,3,4,1721,privat,finalizat
2707,7035,1998,2004,4,0,1998,privat,finalizat
2708,7038,1367,2004,3,0,1367,deschis,finalizat
2709,7043,1845,2031,,,,privat,fara_rezultat
2710,7045,615,938,5,1,615,deschis,finalizat
2711,7046,656,549,4,5,549,privat,finalizat
2712,7048,2208,2434,4,2,2208,privat,finalizat
2713,7049,1820,1003,4,2,1820,deschis,finalizat
2714,7053,866,899,1,4,899,privat,finalizat
2715,7058,2048,455,0,3,455,deschis,finalizat
2716,7059,2048,1061,3,1,2048,privat,finalizat
2717,7062,2142,,,,,deschis,expirat
2718,7064,450,1803,3,0,450,deschis,finalizat
2719,7068,1401,2268,,,,privat,fara_rezultat
2720,7071,1522,1126,0,3,1126,privat,finalizat
2721,7074,1721,1723,,,,privat,fara_rezultat
2722,7076,685,916,5,0,685,privat,finalizat
2723,7083,1075,,,,,deschis,expirat
2724,7085,1342,601,4,2,1342,privat,finalizat
2725,7086,2295,67,,,,privat,fara_rezultat
2726,7089,1592,722,3,1,1592,privat,finalizat
2727,7090,1592,1374,4,1,1592,privat,finalizat
2728,7093,1028,1773,4,5,1773,privat,finalizat
2729,7096,1145,2436,0,4,2436,privat,finalizat
2730,7098,2261,992,,,,privat,fara_rezultat
2731,7101,1522,,,,,deschis,expirat
2732,7103,1367,2379,0,3,2379,privat,finalizat
2733,7106,970,1303,5,3,970,deschis,finalizat
2734,7107,327,799,4,5,799,deschis,finalizat
2735,7108,911,999,5,2,911,privat,finalizat
2736,7109,2183,,,,,deschis,expirat
2737,7111,160,1700,3,2,160,privat,finalizat
2738,7112,1691,2326,0,3,2326,privat,finalizat
2739,7117,247,,,,,deschis,expirat
2740,7118,1494,2121,,,,privat,fara_rezultat
2741,7119,1788,114,5,1,1788,privat,finalizat
2742,7121,1748,13,2,4,13,deschis,finalizat
2743,7126,2095,529,3,1,2095,privat,finalizat
2744,7127,434,,,,,deschis,expirat
2745,7131,2357,2120,0,4,2120,privat,finalizat
2746,7132,2433,1218,0,3,1218,privat,finalizat
2747,7139,911,999,3,2,911,deschis,finalizat
2748,7140,2344,1499,4,1,2344,privat,finalizat
2749,7144,1708,1360,,,,privat,fara_rezultat
2750,7145,2110,1807,4,3,2110,privat,finalizat
2751,7150,1788,1030,1,5,1030,deschis,finalizat
2752,7151,1359,823,3,1,1359,privat,finalizat
2753,7157,910,450,1,4,450,privat,finalizat
2754,7158,1592,787,,,,privat,fara_rezultat
2755,7159,2227,1220,4,1,2227,privat,finalizat
2756,7162,1592,1644,4,2,1592,privat,finalizat
2757,7164,2379,1502,,,,privat,fara_rezultat
2758,7167,999,911,0,5,911,privat,finalizat
2759,7168,483,998,2,3,998,deschis,finalizat
2760,7169,1053,561,3,1,1053,privat,finalizat
2761,7170,2176,820,2,3,820,privat,finalizat
2762,7176,1618,2303,,,,privat,fara_rezultat
2763,7179,525,2478,,,,privat,fara_rezultat
2764,7181,1063,2025,3,0,1063,deschis,finalizat
2765,7183,571,,,,,deschis,expirat
2766,7184,144,,,,,deschis,expirat
2767,7185,1836,2348,4,0,1836,privat,finalizat
2768,7191,2325,1098,2,3,1098,privat,finalizat
2769,7195,993,,,,,deschis,expirat
2770,7196,1618,2256,0,3,2256,privat,finalizat
2771,7200,2110,154,1,3,154,privat,finalizat
2772,7205,2363,483,0,4,483,deschis,finalizat
2773,7209,1618,20,,,,privat,fara_rezultat
2774,7211,1352,2226,3,4,2226,deschis,finalizat
2775,7213,2225,1354,3,0,2225,privat,finalizat
2776,7214,2116,1572,4,3,2116,privat,finalizat
2777,7215,1287,836,,,,privat,fara_rezultat
2778,7217,2005,2393,,,,deschis,fara_rezultat
2779,7218,1633,,,,,deschis,expirat
2780,7219,2455,2208,1,3,2208,deschis,finalizat
2781,7227,651,2234,,,,privat,fara_rezultat
2782,7230,2176,2455,3,4,2455,privat,finalizat
2783,7232,2225,1592,,,,deschis,fara_rezultat
2784,7233,374,1747,0,3,1747,privat,finalizat
2785,7234,1374,,,,,deschis,expirat
2786,7235,2056,1062,0,4,1062,privat,finalizat
2787,7238,1502,527,3,4,527,privat,finalizat
2788,7239,1820,1611,,,,privat,fara_rezultat
2789,7241,1611,558,3,2,1611,privat,finalizat
2790,7242,382,1434,5,4,382,privat,finalizat
2791,7247,159,2227,1,3,2227,privat,finalizat
2792,7248,91,694,4,3,91,privat,finalizat
2793,7249,1864,685,4,2,1864,privat,finalizat
2794,7255,561,2183,1,3,2183,deschis,finalizat
2795,7258,2388,2442,3,2,2388,privat,finalizat
2796,7263,816,2304,3,5,2304,privat,finalizat
2797,7264,1113,1401,,,,privat,fara_rezultat
2798,7266,1401,896,4,2,1401,privat,finalizat
2799,7267,1299,656,1,4,656,privat,finalizat
2800,7270,2483,2208,0,3,2208,deschis,finalizat
2801,7271,249,28,0,4,28,privat,finalizat
2802,7273,44,2223,0,4,2223,privat,finalizat
2803,7274,604,736,0,5,736,privat,finalizat
2804,7275,2471,1808,3,1,2471,privat,finalizat
2805,7277,1144,,,,,deschis,expirat
2806,7278,2169,527,0,5,527,deschis,finalizat
2807,7279,1126,1737,,,,privat,fara_rezultat
2808,7283,2110,2067,1,5,2067,privat,finalizat
2809,7285,670,1940,3,4,1940,privat,finalizat
2810,7288,455,1814,1,5,1814,privat,finalizat
2811,7292,1592,,,,,deschis,expirat
2812,7293,1961,2234,5,4,1961,privat,finalizat
2813,7297,901,1502,5,4,901,privat,finalizat
2814,7298,2369,183,,,,privat,fara_rezultat
2815,7301,1502,2169,5,2,1502,privat,finalizat
2816,7302,2379,174,3,1,2379,privat,finalizat
2817,7308,1611,1936,4,5,1936,privat,finalizat
2818,7309,937,1621,3,5,1621,deschis,finalizat
2819,7311,2392,1906,5,3,2392,privat,finalizat
2820,7312,985,,,,,deschis,expirat
2821,7314,741,,,,,deschis,expirat
2822,7315,252,1724,2,3,1724,privat,finalizat
2823,7317,647,1249,,,,deschis,fara_rezultat
2824,7321,538,63,5,2,538,privat,finalizat
2825,7325,1098,952,5,2,1098,privat,finalizat
2826,7337,123,971,0,3,971,privat,finalizat
2827,7338,1172,2234,4,1,1172,privat,finalizat
2828,7340,1233,1998,0,3,1998,deschis,finalizat
2829,7341,971,174,1,5,174,privat,finalizat
2830,7344,2435,2109,3,2,2435,deschis,finalizat
2831,7349,99,1761,1,3,1761,deschis,finalizat
2832,7352,104,1079,3,1,104,privat,finalizat
2833,7357,910,643,3,0,910,privat,finalizat
2834,7359,1808,787,0,4,787,privat,finalizat
2835,7363,2316,1062,5,0,2316,privat,finalizat
2836,7365,1388,,,,,deschis,expirat
2837,7366,971,1919,5,1,971,privat,finalizat
2838,7367,1218,1791,5,2,1218,privat,finalizat
2839,7368,836,2268,,,,deschis,fara_rezultat
2840,7369,869,2169,4,3,869,privat,finalizat
2841,7374,2483,1807,0,4,1807,privat,finalizat
2842,7375,331,2481,2,3,2481,privat,finalizat
2843,7377,1480,504,4,0,1480,privat,finalizat
2844,7384,988,,,,,deschis,expirat
2845,7385,670,1223,0,4,1223,privat,finalizat
2846,7386,2123,1656,0,3,1656,privat,finalizat
2847,7387,1030,2478,3,4,2478,privat,finalizat
2848,7388,563,2048,2,4,2048,privat,finalizat
2849,7390,1762,446,1,3,446,deschis,finalizat
2850,7394,1163,2180,3,1,1163,privat,finalizat
2851,7397,119,374,4,0,119,deschis,finalizat
2852,7399,125,737,5,4,125,privat,finalizat
2853,7404,1495,1723,,,,deschis,fara_rezultat
2854,7405,234,1961,1,3,1961,deschis,finalizat
2855,7409,1204,926,4,2,1204,privat,finalizat
2856,7411,1708,28,0,3,28,privat,finalizat
2857,7417,2326,1300,2,4,1300,privat,finalizat
2858,7418,792,1020,,,,privat,fara_rezultat
2859,7420,1396,601,,,,privat,fara_rezultat
2860,7421,670,1030,1,4,1030,privat,finalizat
2861,7424,285,,,,,deschis,expirat
2862,7425,434,,,,,deschis,expirat
2863,7427,2348,1762,1,4,1762,deschis,finalizat
2864,7429,144,1028,1,3,1028,privat,finalizat
2865,7430,434,2471,,,,privat,fara_rezultat
2866,7431,125,1213,1,3,1213,privat,finalizat
2867,7435,1631,869,4,3,1631,deschis,finalizat
2868,7436,1631,1810,1,4,1810,privat,finalizat
2869,7437,1495,1998,2,3,1998,deschis,finalizat
2870,7443,2067,1611,3,4,1611,privat,finalizat
2871,7447,30,2267,4,5,2267,privat,finalizat
2872,7448,1993,1788,1,3,1788,privat,finalizat
2873,7449,1575,852,1,4,852,privat,finalizat
2874,7450,67,2426,1,4,2426,privat,finalizat
2875,7452,910,33,3,0,910,privat,finalizat
2876,7456,1687,1144,5,2,1687,deschis,finalizat
2877,7458,722,,,,,deschis,expirat
2878,7459,2471,2180,1,5,2180,privat,finalizat
2879,7462,1551,1737,3,0,1551,deschis,finalizat
2880,7463,2433,123,5,3,2433,privat,finalizat
2881,7465,2233,2004,,,,privat,fara_rezultat
2882,7467,1172,2309,1,3,2309,privat,finalizat
2883,7470,2452,639,1,3,639,privat,finalizat
2884,7473,2310,191,1,4,191,deschis,finalizat
2885,7476,2295,283,0,4,283,privat,finalizat
2886,7477,2284,1959,1,4,1959,privat,finalizat
2887,7481,2304,1144,2,3,1144,deschis,finalizat
2888,7484,2211,771,3,0,2211,privat,finalizat
2889,7490,252,77,2,4,77,privat,finalizat
2890,7493,1417,2436,3,1,1417,privat,finalizat
2891,7496,558,1807,3,5,1807,privat,finalizat
2892,7499,966,1499,1,5,1499,privat,finalizat
2893,7504,1282,,,,,deschis,expirat
2894,7505,1789,,,,,deschis,expirat
2895,7511,2225,374,5,0,2225,deschis,finalizat
2896,7513,2471,538,,,,deschis,fara_rezultat
2897,7514,1411,1168,5,0,1411,privat,finalizat
2898,7517,1367,1179,4,0,1367,deschis,finalizat
2899,7519,1936,921,2,5,921,privat,finalizat
2900,7520,2453,82,2,5,82,deschis,finalizat
2901,7522,2306,509,0,4,509,privat,finalizat
2902,7525,2001,1736,1,4,1736,privat,finalizat
2903,7527,816,787,5,3,816,privat,finalizat
2904,7530,1098,538,1,3,538,privat,finalizat
2905,7535,2003,1737,3,1,2003,privat,finalizat
2906,7536,1126,1551,,,,privat,fara_rezultat
2907,7540,44,2192,4,3,44,privat,finalizat
2908,7543,2388,876,3,1,2388,privat,finalizat
2909,7548,2261,1401,3,1,2261,privat,finalizat
2910,7553,2035,2004,2,5,2004,privat,finalizat
2911,7554,2337,2109,,,,privat,fara_rezultat
2912,7559,1715,2181,5,4,1715,privat,finalizat
2913,7561,787,,,,,deschis,expirat
2914,7563,2304,1756,3,4,1756,deschis,finalizat
2915,7564,1721,1179,5,2,1721,privat,finalizat
2916,7565,2433,685,3,5,685,privat,finalizat
2917,7567,1723,1179,3,2,1723,privat,finalizat
2918,7575,1411,1944,0,3,1944,privat,finalizat
2919,7581,896,,,,,deschis,expirat
2920,7582,1572,,,,,deschis,expirat
2921,7584,1401,1710,4,2,1401,privat,finalizat
2922,7591,2183,249,,,,privat,fara_rezultat
2923,7592,1884,,,,,deschis,expirat
2924,7593,2211,1568,5,4,2211,privat,finalizat
2925,7595,1634,2223,,,,privat,fara_rezultat
2926,7601,2325,1762,0,4,1762,deschis,finalizat
2927,7607,453,,,,,deschis,expirat
2928,7608,886,799,3,0,886,privat,finalizat
2929,7610,1633,1609,4,1,1633,privat,finalizat
2930,7614,252,1385,2,3,1385,privat,finalizat
2931,7615,2417,857,2,5,857,deschis,finalizat
2932,7617,2454,1875,3,2,2454,privat,finalizat
2933,7620,33,2212,3,0,33,privat,finalizat
2934,7626,2087,40,1,5,40,deschis,finalizat
2935,7627,744,199,,,,privat,fara_rezultat
2936,7628,2393,390,4,2,2393,privat,finalizat
2937,7634,516,2000,0,4,2000,privat,finalizat
2938,7635,34,1445,5,2,34,privat,finalizat
2939,7639,2388,1897,,,,privat,fara_rezultat
2940,7641,1592,1792,,,,privat,fara_rezultat
2941,7644,1018,1154,,,,privat,fara_rezultat
2942,7648,374,2024,0,4,2024,privat,finalizat
2943,7649,1810,651,4,3,1810,deschis,finalizat
2944,7651,2120,947,,,,privat,fara_rezultat
2945,7652,2262,1837,0,3,1837,privat,finalizat
2946,7655,1599,141,0,4,141,privat,finalizat
2947,7659,1833,197,3,4,197,deschis,finalizat
2948,7662,109,63,3,0,109,deschis,finalizat
2949,7666,816,787,1,3,787,deschis,finalizat
2950,7668,1018,643,2,4,643,privat,finalizat
2951,7673,896,1864,4,2,896,privat,finalizat
2952,7675,651,,,,,deschis,expirat
2953,7677,901,971,2,3,971,deschis,finalizat
2954,7680,1830,1300,4,0,1830,privat,finalizat
2955,7687,2325,,,,,deschis,expirat
2956,7688,2142,1417,2,5,1417,privat,finalizat
2957,7692,901,2224,4,0,901,privat,finalizat
2958,7694,1810,651,3,4,651,privat,finalizat
2959,7697,744,2151,1,5,2151,privat,finalizat
2960,7701,2452,1053,1,3,1053,privat,finalizat
2961,7702,639,2208,2,3,2208,deschis,finalizat
2962,7703,561,,,,,deschis,expirat
2963,7704,1602,,,,,deschis,expirat
2964,7707,1634,468,1,5,468,privat,finalizat
2965,7708,1010,2149,3,0,1010,deschis,finalizat
2966,7709,2020,1685,,,,deschis,fara_rezultat
2967,7712,437,1771,5,0,437,privat,finalizat
2968,7713,1354,1789,3,0,1354,deschis,finalizat
2969,7719,715,533,3,4,533,privat,finalizat
2970,7721,2189,,,,,deschis,expirat
2971,7723,1374,2056,,,,privat,fara_rezultat
2972,7726,1163,2090,5,1,1163,privat,finalizat
2973,7731,2225,1028,5,0,2225,privat,finalizat
2974,7732,1965,,,,,deschis,expirat
2975,7733,249,160,4,5,160,privat,finalizat
2976,7734,1818,1689,,,,privat,fara_rezultat
2977,7736,926,615,1,5,615,deschis,finalizat
2978,7737,334,,,,,deschis,expirat
2979,7738,1953,261,2,5,261,deschis,finalizat
2980,7741,2169,1462,3,4,1462,deschis,finalizat
2981,7744,676,1126,4,5,1126,deschis,finalizat
2982,7745,1360,2310,1,5,2310,deschis,finalizat
2983,7748,651,1213,4,2,651,privat,finalizat
2984,7749,1172,1367,1,5,1367,privat,finalizat
2985,7755,1593,,,,,deschis,expirat
2986,7756,434,1198,5,3,434,deschis,finalizat
2987,7757,1792,993,,,,privat,fara_rezultat
2988,7758,1411,2348,5,2,1411,privat,finalizat
2989,7763,2129,200,1,5,200,privat,finalizat
2990,7768,1411,,,,,deschis,expirat
2991,7769,1292,1374,1,4,1374,deschis,finalizat
2992,7770,646,2325,4,2,646,privat,finalizat
2993,7772,2004,2116,0,3,2116,privat,finalizat
2994,7778,886,713,2,5,713,privat,finalizat
2995,7780,2393,10,,,,privat,fara_rezultat
2996,7788,1374,2092,1,5,2092,deschis,finalizat
2997,7789,1808,529,4,5,529,privat,finalizat
2998,7790,787,1808,5,0,787,privat,finalizat
2999,7791,529,1145,4,2,529,privat,finalizat
3000,7794,2224,1495,5,3,2224,privat,finalizat
3001,7795,1495,901,3,4,901,deschis,finalizat
3002,7796,1723,1179,,,,deschis,fara_rezultat
3003,7803,2164,1480,5,2,2164,privat,finalizat
3004,7805,2067,504,,,,privat,fara_rezultat
3005,7807,34,2306,,,,privat,fara_rezultat
3006,7809,626,2044,4,3,626,privat,finalizat
3007,7813,1890,1773,0,4,1773,privat,finalizat
3008,7814,1593,1154,5,3,1593,privat,finalizat
3009,7816,1218,,,,,deschis,expirat
3010,7817,2379,,,,,deschis,expirat
3011,7823,1360,331,3,0,1360,privat,finalizat
3012,7825,2306,1825,0,5,1825,privat,finalizat
3013,7826,1371,2040,3,2,1371,privat,finalizat
3014,7827,1865,1063,5,3,1865,deschis,finalizat
3015,7828,530,562,5,1,530,privat,finalizat
3016,7832,1944,119,2,5,119,deschis,finalizat
3017,7833,952,1447,0,3,1447,deschis,finalizat
3018,7836,1374,1228,,,,privat,fara_rezultat
3019,7841,311,916,,,,deschis,fara_rezultat
3020,7842,1631,869,2,3,869,deschis,finalizat
3021,7844,896,1864,1,4,1864,privat,finalizat
3022,7846,1113,1723,1,3,1723,deschis,finalizat
3023,7848,2233,125,4,2,2233,deschis,finalizat
3024,7849,970,2005,0,3,2005,privat,finalizat
3025,7850,2005,10,4,5,10,privat,finalizat
3026,7864,676,947,3,2,676,deschis,finalizat
3027,7866,799,689,5,0,799,privat,finalizat
3028,7867,873,1602,3,2,873,privat,finalizat
3029,7871,1689,,,,,deschis,expirat
3030,7872,1268,,,,,deschis,expirat
3031,7873,1825,103,2,5,103,deschis,finalizat
3032,7874,988,867,3,2,988,privat,finalizat
3033,7875,1601,2123,1,5,2123,privat,finalizat
3034,7876,563,1294,0,4,1294,deschis,finalizat
3035,7877,5,1363,,,,privat,fara_rezultat
3036,7878,1061,1294,5,1,1061,privat,finalizat
3037,7879,876,2417,1,3,2417,privat,finalizat
3038,7886,1788,672,5,4,1788,privat,finalizat
3039,7890,534,2390,2,3,2390,privat,finalizat
3040,7893,1766,1148,1,4,1148,privat,finalizat
3041,7895,1687,1870,5,1,1687,privat,finalizat
3042,7897,1965,1144,0,3,1144,privat,finalizat
3043,7898,2471,2024,,,,privat,fara_rezultat
3044,7899,938,1169,3,1,938,privat,finalizat
3045,7900,2326,1801,0,3,1801,privat,finalizat
3046,7901,2227,159,4,0,2227,privat,finalizat
3047,7902,1789,1663,5,2,1789,deschis,finalizat
3048,7903,1208,1300,,,,privat,fara_rezultat
3049,7906,331,191,0,3,191,privat,finalizat
3050,7912,1364,82,5,2,1364,privat,finalizat
3051,7913,141,1433,5,4,141,privat,finalizat
3052,7915,529,1773,2,4,1773,privat,finalizat
3053,7916,1687,2225,0,3,2225,privat,finalizat
3054,7917,40,2087,5,0,40,privat,finalizat
3055,7918,896,2430,3,5,2430,privat,finalizat
3056,7924,784,1608,5,2,784,privat,finalizat
3057,7934,2092,1644,3,0,2092,deschis,finalizat
3058,7947,1144,1687,5,4,1144,privat,finalizat
3059,7950,1179,1894,5,4,1179,privat,finalizat
3060,7960,14,474,3,0,14,privat,finalizat
3061,7962,2306,1075,0,3,1075,privat,finalizat
3062,7965,1644,1374,4,3,1644,deschis,finalizat
3063,7969,1374,2348,0,4,2348,privat,finalizat
3064,7970,1365,2227,,,,privat,fara_rezultat
3065,7971,1663,446,4,1,1663,privat,finalizat
3066,7972,1365,2024,4,3,1365,privat,finalizat
3067,7973,1228,1292,5,4,1228,privat,finalizat
3068,7977,1287,255,,,,privat,fara_rezultat
3069,7979,1721,971,0,3,971,privat,finalizat
3070,7982,27,2435,,,,privat,fara_rezultat
3071,7984,886,,,,,deschis,expirat
3072,7987,2390,1165,4,1,2390,privat,finalizat
3073,7991,1249,85,,,,privat,fara_rezultat
3074,7992,1544,2454,1,3,2454,privat,finalizat
3075,7994,374,285,,,,privat,fara_rezultat
3076,7996,2141,2471,3,1,2141,privat,finalizat
3077,8001,2180,2227,2,3,2227,deschis,finalizat
3078,8002,255,1262,4,3,255,deschis,finalizat
3079,8003,651,1367,4,2,651,privat,finalizat
3080,8004,1367,1462,,,,privat,fara_rezultat
3081,8005,1218,1287,4,1,1218,privat,finalizat
3082,8007,999,656,4,3,999,privat,finalizat
3083,8010,504,2208,0,3,2208,privat,finalizat
3084,8011,534,989,3,1,534,privat,finalizat
3085,8012,1223,114,4,2,1223,privat,finalizat
3086,8014,664,1829,4,2,664,deschis,finalizat
3087,8015,775,209,3,0,775,privat,finalizat
3088,8022,787,119,4,2,787,deschis,finalizat
3089,8023,1113,2268,3,4,2268,privat,finalizat
3090,8030,1603,1213,1,3,1213,privat,finalizat
3091,8032,2435,1949,5,1,2435,privat,finalizat
3092,8033,738,2236,4,0,738,privat,finalizat
3093,8037,1184,1099,,,,deschis,fara_rezultat
3094,8039,439,1901,,,,privat,fara_rezultat
3095,8041,1983,61,1,4,61,privat,finalizat
3096,8042,1530,852,,,,deschis,fara_rezultat
3097,8043,1423,190,5,4,1423,privat,finalizat
3098,8047,1777,,,,,deschis,expirat
3099,8053,1758,,,,,deschis,expirat
3100,8054,2149,1702,5,4,2149,deschis,finalizat
3101,8057,1808,1663,1,3,1663,deschis,finalizat
3102,8058,1663,1644,4,0,1663,privat,finalizat
3103,8060,92,1761,3,1,92,privat,finalizat
3104,8062,2025,2284,5,3,2025,privat,finalizat
3105,8063,2388,5,5,2,2388,privat,finalizat
3106,8064,952,1953,5,1,952,privat,finalizat
3107,8070,1063,1910,,,,privat,fara_rezultat
3108,8076,2129,200,2,4,200,privat,finalizat
3109,8082,1691,913,3,0,1691,privat,finalizat
3110,8086,1367,1502,0,3,1502,privat,finalizat
3111,8087,2031,2337,4,2,2031,deschis,finalizat
3112,8088,2455,937,,,,privat,fara_rezultat
3113,8089,283,1883,1,5,1883,privat,finalizat
3114,8090,1374,209,4,2,1374,privat,finalizat
3115,8091,278,621,3,1,278,privat,finalizat
3116,8092,1687,2141,,,,privat,fara_rezultat
3117,8093,1495,1919,,,,privat,fara_rezultat
3118,8095,966,1169,4,5,1169,privat,finalizat
3119,8096,1389,2208,,,,deschis,fara_rezultat
3120,8097,1010,840,2,4,840,deschis,finalizat
3121,8100,1762,1829,,,,privat,fara_rezultat
3122,8102,541,886,3,1,541,deschis,finalizat
3123,8110,1292,209,,,,privat,fara_rezultat
3124,8111,1756,2471,4,1,1756,privat,finalizat
3125,8117,685,,,,,deschis,expirat
3126,8119,1919,2224,4,1,1919,privat,finalizat
3127,8122,911,998,3,4,998,privat,finalizat
3128,8123,413,715,,,,privat,fara_rezultat
3129,8124,1708,1938,,,,privat,fara_rezultat
3130,8126,192,784,1,3,784,privat,finalizat
3131,8127,34,2306,3,1,34,deschis,finalizat
3132,8130,1367,1401,4,0,1367,privat,finalizat
3133,8131,1179,1721,2,5,1721,privat,finalizat
3134,8133,1915,971,2,3,971,deschis,finalizat
3135,8134,125,992,3,0,125,privat,finalizat
3136,8136,1839,1303,5,3,1839,privat,finalizat
3137,8138,1389,1633,3,2,1389,deschis,finalizat
3138,8142,1858,,,,,deschis,expirat
3139,8146,2180,1261,4,1,2180,privat,finalizat
3140,8147,1773,1018,3,0,1773,privat,finalizat
3141,8149,285,1663,1,5,1663,privat,finalizat
3142,8150,1154,643,3,4,643,privat,finalizat
3143,8151,2325,694,5,3,2325,privat,finalizat
3144,8152,261,119,,,,privat,fara_rezultat
3145,8154,2433,621,4,3,2433,privat,finalizat
3146,8156,1172,1929,4,3,1172,deschis,finalizat
3147,8159,971,1179,3,4,1179,privat,finalizat
3148,8161,970,,,,,deschis,expirat
3149,8162,327,1949,2,4,1949,privat,finalizat
3150,8163,1303,541,1,4,541,privat,finalizat
3151,8164,2453,1633,2,5,1633,privat,finalizat
3152,8170,2306,192,2,4,192,privat,finalizat
3153,8173,67,1494,4,1,67,privat,finalizat
3154,8174,369,2388,,,,privat,fara_rezultat
3155,8176,1365,2304,0,3,2304,privat,finalizat
3156,8177,916,1262,1,4,1262,privat,finalizat
3157,8184,2167,191,1,3,191,privat,finalizat
3158,8187,2208,1918,3,5,1918,privat,finalizat
3159,8188,1389,2452,,,,privat,fara_rezultat
3160,8189,604,2256,3,0,604,deschis,finalizat
3161,8191,1000,876,,,,privat,fara_rezultat
3162,8195,787,1663,,,,privat,fara_rezultat
3163,8197,664,2090,4,1,664,deschis,finalizat
3164,8200,1401,1572,4,2,1401,privat,finalizat
3165,8202,1919,916,,,,privat,fara_rezultat
3166,8203,1737,2224,5,4,1737,privat,finalizat
3167,8205,971,1894,,,,privat,fara_rezultat
3168,8206,1204,998,2,5,998,privat,finalizat
3169,8207,28,,,,,deschis,expirat
3170,8210,2474,913,,,,privat,fara_rezultat
3171,8211,701,1691,,,,deschis,fara_rezultat
3172,8212,1080,2193,,,,privat,fara_rezultat
3173,8216,1036,1168,,,,deschis,fara_rezultat
3174,8217,1365,1986,4,1,1365,privat,finalizat
3175,8218,1836,1890,1,4,1890,privat,finalizat
3176,8220,952,722,1,5,722,privat,finalizat
3177,8221,2252,,,,,deschis,expirat
3178,8226,1820,154,0,4,154,privat,finalizat
3179,8235,672,1940,4,1,672,privat,finalizat
3180,8238,571,1061,2,3,1061,privat,finalizat
3181,8241,852,114,,,,privat,fara_rezultat
3182,8243,563,2246,3,4,2246,privat,finalizat
3183,8244,643,144,,,,privat,fara_rezultat
3184,8249,1986,,,,,deschis,expirat
3185,8250,1801,1165,4,1,1801,privat,finalizat
3186,8256,1099,1689,,,,privat,fara_rezultat
3187,8258,1944,198,0,5,198,privat,finalizat
3188,8261,2186,1839,,,,deschis,fara_rezultat
3189,8262,28,,,,,deschis,expirat
3190,8266,1777,621,,,,deschis,fara_rezultat
3191,8273,1886,654,4,3,1886,privat,finalizat
3192,8277,2110,1807,1,5,1807,deschis,finalizat
3193,8279,367,2196,1,3,2196,deschis,finalizat
3194,8281,2454,708,3,1,2454,privat,finalizat
3195,8282,1218,1287,3,4,1287,privat,finalizat
3196,8283,1433,1053,1,4,1053,privat,finalizat
3197,8286,174,737,3,1,174,privat,finalizat
3198,8289,1599,2164,3,0,1599,deschis,finalizat
3199,8291,979,1357,3,4,1357,privat,finalizat
3200,8293,374,815,0,4,815,deschis,finalizat
3201,8295,2369,1929,5,1,2369,privat,finalizat
3202,8297,154,921,5,3,154,deschis,finalizat
3203,8298,2192,1702,1,3,1702,privat,finalizat
3204,8302,1144,1965,5,0,1144,privat,finalizat
3205,8306,615,2096,5,2,615,privat,finalizat
3206,8308,2453,1480,,,,deschis,fara_rezultat
3207,8310,1371,,,,,deschis,expirat
3208,8311,210,1583,5,1,210,privat,finalizat
3209,8318,643,536,1,4,536,deschis,finalizat
3210,8325,234,1179,3,0,234,deschis,finalizat
3211,8329,504,,,,,deschis,expirat
3212,8339,571,13,0,5,13,privat,finalizat
3213,8341,1228,1374,3,2,1228,deschis,finalizat
3214,8346,1213,1721,0,3,1721,deschis,finalizat
3215,8351,1075,717,5,4,1075,deschis,finalizat
3216,8354,698,1080,3,4,1080,deschis,finalizat
3217,8356,2417,1173,3,2,2417,privat,finalizat
3218,8357,807,815,3,1,807,privat,finalizat
3219,8360,1018,2436,,,,deschis,fara_rezultat
3220,8363,1179,1737,1,3,1737,privat,finalizat
3221,8364,685,896,1,4,896,privat,finalizat
3222,8367,1758,,,,,deschis,expirat
3223,8370,604,20,,,,privat,fara_rezultat
3224,8371,2209,,,,,deschis,expirat
3225,8375,1663,2024,3,0,1663,privat,finalizat
3226,8376,2141,2024,,,,privat,fara_rezultat
3227,8377,1687,1144,1,3,1144,privat,finalizat
3228,8382,261,1593,3,4,1593,deschis,finalizat
3229,8385,2261,1919,1,4,1919,privat,finalizat
3230,8386,2224,215,0,3,215,deschis,finalizat
3231,8387,2430,1864,5,3,2430,deschis,finalizat
3232,8392,154,181,2,5,181,deschis,finalizat
3233,8399,1257,1080,4,5,1080,privat,finalizat
3234,8400,67,2426,4,2,67,deschis,finalizat
3235,8402,2454,1875,3,0,2454,deschis,finalizat
3236,8406,1144,,,,,deschis,expirat
3237,8407,1411,775,,,,privat,fara_rezultat
3238,8408,1028,261,5,1,1028,privat,finalizat
3239,8409,1592,1145,4,3,1592,deschis,finalizat
3240,8416,1482,970,3,1,1482,deschis,finalizat
3241,8419,223,258,3,2,223,privat,finalizat
3242,8420,2452,1003,,,,privat,fara_rezultat
3243,8424,1702,666,0,4,666,privat,finalizat
3244,8428,878,1656,0,3,1656,deschis,finalizat
3245,8430,1592,1471,0,5,1471,privat,finalizat
3246,8431,374,2348,5,1,374,privat,finalizat
3247,8432,1367,1961,,,,deschis,fara_rezultat
3248,8433,2435,2236,,,,privat,fara_rezultat
3249,8435,258,,,,,deschis,expirat
3250,8438,1173,2454,4,1,1173,privat,finalizat
3251,8440,1365,1261,3,1,1365,privat,finalizat
3252,8442,1447,722,2,3,722,privat,finalizat
3253,8443,1030,1282,3,4,1282,privat,finalizat
3254,8445,2261,1401,2,4,1401,deschis,finalizat
3255,8449,446,2325,5,3,446,privat,finalizat
3256,8450,722,1792,3,2,722,privat,finalizat
3257,8451,1965,1756,3,2,1965,privat,finalizat
3258,8452,1360,331,4,1,1360,deschis,finalizat
3259,8453,2455,937,,,,privat,fara_rezultat
3260,8458,1365,,,,,deschis,expirat
3261,8460,327,1845,,,,privat,fara_rezultat
3262,8461,1036,694,,,,deschis,fara_rezultat
3263,8466,1961,1894,5,2,1961,privat,finalizat
3264,8467,2067,2455,0,3,2455,deschis,finalizat
3265,8469,840,1634,4,1,840,privat,finalizat
3266,8471,1022,,,,,deschis,expirat
3267,8475,947,881,3,0,947,privat,finalizat
3268,8478,2473,,,,,deschis,expirat
3269,8483,1762,446,3,4,446,privat,finalizat
3270,8489,820,334,,,,deschis,fara_rezultat
3271,8491,128,2128,5,3,128,privat,finalizat
3272,8497,2048,,,,,deschis,expirat
3273,8501,538,,,,,deschis,expirat
3274,8502,1129,612,0,3,612,privat,finalizat
3275,8503,1723,,,,,deschis,expirat
3276,8510,2452,,,,,deschis,expirat
3277,8511,2211,,,,,deschis,expirat
3278,8515,1223,1575,4,2,1223,privat,finalizat
3279,8519,1747,2212,5,4,1747,deschis,finalizat
3280,8524,2304,1773,3,1,2304,deschis,finalizat
3281,8527,869,174,,,,privat,fara_rezultat
3282,8528,1179,1721,,,,deschis,fara_rezultat
3283,8529,2116,881,4,5,881,deschis,finalizat
3284,8530,621,1777,4,1,621,privat,finalizat
3285,8532,2283,2110,3,1,2283,privat,finalizat
3286,8535,2020,1257,4,0,2020,privat,finalizat
3287,8537,1494,1751,,,,privat,fara_rezultat
3288,8538,2426,2295,,,,privat,fara_rezultat
3289,8540,2090,1220,5,2,2090,privat,finalizat
3290,8542,63,1593,,,,privat,fara_rezultat
3291,8543,2325,1953,1,5,1953,privat,finalizat
3292,8544,694,2348,1,5,2348,privat,finalizat
3293,8548,1829,198,3,2,1829,deschis,finalizat
3294,8553,1367,1388,4,2,1367,privat,finalizat
3295,8556,2369,2087,1,4,2087,deschis,finalizat
3296,8557,2467,1915,1,5,1915,deschis,finalizat
3297,8558,886,2031,0,5,2031,privat,finalizat
3298,8563,1208,1355,0,3,1355,privat,finalizat
3299,8564,698,210,4,3,698,privat,finalizat
3300,8565,2392,954,,,,deschis,fara_rezultat
3301,8566,172,2355,3,4,2355,privat,finalizat
3302,8567,1470,221,,,,privat,fara_rezultat
3303,8568,1249,,,,,deschis,expirat
3304,8570,1836,1018,0,5,1018,privat,finalizat
3305,8571,1946,,,,,deschis,expirat
3306,8573,144,480,3,1,144,deschis,finalizat
3307,8575,1721,2252,2,3,2252,deschis,finalizat
3308,8578,174,1414,,,,privat,fara_rezultat
3309,8579,1367,1631,2,4,1631,privat,finalizat
3310,8581,911,314,3,1,911,privat,finalizat
3311,8583,2373,314,1,4,314,deschis,finalizat
3312,8584,258,2452,3,5,2452,privat,finalizat
3313,8586,623,1701,,,,privat,fara_rezultat
3314,8587,1608,1445,1,4,1445,privat,finalizat
3315,8593,2442,1875,5,2,2442,privat,finalizat
3316,8594,197,647,0,5,647,privat,finalizat
3317,8596,1946,529,2,3,529,privat,finalizat
3318,8599,1762,,,,,deschis,expirat
3319,8601,1836,646,5,2,1836,privat,finalizat
3320,8602,2024,1592,5,3,2024,privat,finalizat
3321,8604,1965,1163,2,4,1163,privat,finalizat
3322,8606,1179,,,,,deschis,expirat
3323,8607,2087,649,3,1,2087,privat,finalizat
3324,8608,916,896,3,4,896,deschis,finalizat
3325,8609,2252,947,,,,privat,fara_rezultat
3326,8611,1810,1961,3,2,1810,privat,finalizat
3327,8614,1810,1631,,,,privat,fara_rezultat
3328,8617,689,2031,1,3,2031,privat,finalizat
3329,8618,656,1402,,,,deschis,fara_rezultat
3330,8621,1807,1936,4,2,1807,privat,finalizat
3331,8624,2283,,,,,deschis,expirat
3332,8626,1364,2481,5,3,1364,deschis,finalizat
3333,8628,2326,1672,,,,deschis,fara_rezultat
3334,8630,439,,,,,deschis,expirat
3335,8631,601,,,,,deschis,expirat
3336,8632,2044,601,3,0,2044,privat,finalizat
3337,8633,1148,626,3,2,1148,privat,finalizat
3338,8634,525,2027,5,2,525,privat,finalizat
3339,8635,2355,1030,1,4,1030,privat,finalizat
3340,8636,2284,826,,,,deschis,fara_rezultat
3341,8637,269,708,1,5,708,privat,finalizat
3342,8640,2225,1163,5,1,2225,privat,finalizat
3343,8646,434,1198,5,1,434,privat,finalizat
3344,8648,1022,536,4,0,1022,privat,finalizat
3345,8649,2304,63,,,,privat,fara_rezultat
3346,8650,1213,947,2,5,947,privat,finalizat
3347,8654,737,,,,,deschis,expirat
3348,8659,1495,649,,,,deschis,fara_rezultat
3349,8660,1777,1791,0,4,1791,privat,finalizat
3350,8669,1691,1184,0,4,1184,deschis,finalizat
3351,8675,646,,,,,deschis,expirat
3352,8676,529,198,,,,privat,fara_rezultat
3353,8679,1663,,,,,deschis,expirat
3354,8681,1965,1163,5,3,1965,privat,finalizat
3355,8682,91,1946,4,5,1946,privat,finalizat
3356,8686,1213,,,,,deschis,expirat
3357,8687,1218,1522,0,4,1522,deschis,finalizat
3358,8688,2433,1233,1,5,1233,privat,finalizat
3359,8689,1495,2357,3,1,1495,privat,finalizat
3360,8690,1737,1414,0,4,1414,deschis,finalizat
3361,8693,541,,,,,deschis,expirat
3362,8695,1402,2337,,,,privat,fara_rezultat
3363,8696,2486,1611,4,3,2486,privat,finalizat
3364,8699,249,1708,2,5,1708,privat,finalizat
3365,8701,1364,2486,,,,privat,fara_rezultat
3366,8703,1634,186,,,,deschis,fara_rezultat
3367,8704,1715,335,3,1,1715,privat,finalizat
3368,8705,1079,363,5,4,1079,deschis,finalizat
3369,8708,455,,,,,deschis,expirat
3370,8709,1946,1944,1,4,1944,privat,finalizat
3371,8711,1365,952,5,1,1365,privat,finalizat
3372,8721,1172,1737,3,0,1172,privat,finalizat
3373,8725,1522,1723,4,0,1522,deschis,finalizat
3374,8726,2031,,,,,deschis,expirat
3375,8728,1335,240,,,,privat,fara_rezultat
3376,8730,1480,1599,3,0,1480,privat,finalizat
3377,8732,873,1364,3,0,873,privat,finalizat
3378,8733,873,561,1,4,561,deschis,finalizat
3379,8734,921,1807,2,3,1807,deschis,finalizat
3380,8739,172,878,,,,privat,fara_rezultat
3381,8740,1223,1993,4,0,1223,privat,finalizat
3382,8744,1249,1748,2,3,1748,privat,finalizat
3383,8746,647,13,2,3,13,privat,finalizat
3384,8748,401,1321,4,3,401,privat,finalizat
3385,8750,144,722,2,5,722,privat,finalizat
3386,8755,2003,125,,,,privat,fara_rezultat
3387,8758,656,2109,4,5,2109,privat,finalizat
3388,8760,2455,2434,2,4,2434,privat,finalizat
3389,8765,1284,114,5,3,1284,privat,finalizat
3390,8766,437,598,,,,privat,fara_rezultat
3391,8769,529,1145,3,2,529,privat,finalizat
3392,8776,787,816,5,3,787,deschis,finalizat
3393,8779,952,1028,0,3,1028,privat,finalizat
3394,8782,1536,654,4,2,1536,privat,finalizat
3395,8788,2128,99,5,0,2128,privat,finalizat
3396,8790,1129,91,,,,privat,fara_rezultat
3397,8792,2473,1299,1,3,1299,privat,finalizat
3398,8794,2325,,,,,deschis,expirat
3399,8796,1708,1602,5,1,1708,privat,finalizat
3400,8797,2453,2110,5,2,2453,privat,finalizat
3401,8801,2244,826,3,1,2244,deschis,finalizat
3402,8809,2390,1645,3,5,1645,privat,finalizat
3403,8810,1445,1570,,,,privat,fara_rezultat
3404,8811,1460,,,,,deschis,expirat
3405,8813,1036,1447,1,5,1447,privat,finalizat
3406,8820,453,145,0,4,145,privat,finalizat
3407,8822,689,2363,3,5,2363,privat,finalizat
3408,8823,911,2170,4,5,2170,privat,finalizat
3409,8825,2475,2026,4,2,2475,privat,finalizat
3410,8827,1173,13,0,3,13,deschis,finalizat
3411,8828,857,598,,,,deschis,fara_rezultat
3412,8831,2227,1163,2,3,1163,privat,finalizat
3413,8836,28,2481,3,5,2481,privat,finalizat
3414,8837,2452,,,,,deschis,expirat
3415,8843,852,2196,,,,privat,fara_rezultat
3416,8849,807,646,2,5,646,privat,finalizat
3417,8857,2186,1169,5,0,2186,privat,finalizat
3418,8859,370,2373,2,3,2373,privat,finalizat
3419,8862,1053,2409,5,1,1053,privat,finalizat
3420,8864,534,,,,,deschis,expirat
3421,8880,1354,664,5,4,1354,privat,finalizat
3422,8882,2056,1036,5,2,2056,privat,finalizat
3423,8885,1763,2436,4,5,2436,deschis,finalizat
3424,8887,1549,664,5,0,1549,privat,finalizat
3425,8890,1919,2004,3,2,1919,privat,finalizat
3426,8891,1367,2369,5,1,1367,deschis,finalizat
3427,8892,1961,1414,0,5,1414,deschis,finalizat
3428,8899,2337,886,5,0,2337,privat,finalizat
3429,8900,1633,258,3,1,1633,privat,finalizat
3430,8901,2164,2434,,,,privat,fara_rezultat
3431,8909,190,1256,0,5,1256,privat,finalizat
3432,8915,1836,1953,4,3,1836,privat,finalizat
3433,8920,2309,2087,1,3,2087,privat,finalizat
3434,8921,1791,685,3,1,1791,privat,finalizat
3435,8924,2483,,,,,deschis,expirat
3436,8925,1820,2455,0,4,2455,deschis,finalizat
3437,8928,1614,860,2,4,860,privat,finalizat
3438,8932,1533,345,2,3,345,privat,finalizat
3439,8933,579,1249,,,,privat,fara_rezultat
3440,8936,109,1022,4,0,109,deschis,finalizat
3441,8938,1292,2092,,,,privat,fara_rezultat
3442,8939,538,1890,5,4,538,privat,finalizat
3443,8942,2056,209,1,4,209,privat,finalizat
3444,8945,2120,1721,5,3,2120,privat,finalizat
3445,8947,2281,1367,1,4,1367,privat,finalizat
3446,8948,1961,2120,0,4,2120,privat,finalizat
3447,8954,737,255,5,3,737,privat,finalizat
3448,8955,527,,,,,deschis,expirat
3449,8962,1482,938,4,1,1482,privat,finalizat
3450,8964,1837,645,1,5,645,privat,finalizat
3451,8965,639,1884,1,3,1884,privat,finalizat
3452,8966,2164,1448,0,3,1448,privat,finalizat
3453,8967,1053,1433,5,4,1053,deschis,finalizat
3454,8968,1360,1700,2,4,1700,deschis,finalizat
3455,8969,2310,937,5,0,2310,privat,finalizat
3456,8972,913,1672,1,3,1672,privat,finalizat
3457,8975,192,2192,5,3,192,privat,finalizat
3458,8977,2306,34,1,4,34,deschis,finalizat
3459,8982,627,1878,,,,deschis,fara_rezultat
3460,8985,1944,401,3,5,401,privat,finalizat
3461,8986,538,2090,0,4,2090,privat,finalizat
3462,8991,1687,1471,,,,deschis,fara_rezultat
3463,8995,1777,2035,3,5,2035,deschis,finalizat
3464,8997,2233,743,,,,privat,fara_rezultat
3465,8998,2357,1572,2,5,1572,privat,finalizat
3466,9000,123,1777,5,1,123,privat,finalizat
3467,9001,971,1919,3,4,1919,privat,finalizat
3468,9002,1737,621,5,0,1737,deschis,finalizat
3469,9003,1210,413,2,3,413,privat,finalizat
3470,9005,1094,431,3,2,1094,deschis,finalizat
3471,9006,738,2337,,,,privat,fara_rezultat
3472,9008,2074,2452,,,,deschis,fara_rezultat
3473,9009,504,855,5,0,504,privat,finalizat
3474,9010,2283,2129,,,,privat,fara_rezultat
3475,9012,583,1208,4,2,583,deschis,finalizat
3476,9013,701,1861,2,4,1861,privat,finalizat
3477,9016,2193,30,,,,privat,fara_rezultat
3478,9017,670,114,1,4,114,deschis,finalizat
3479,9023,374,1154,1,4,1154,deschis,finalizat
3480,9025,1946,374,3,2,1946,privat,finalizat
3481,9029,1603,1213,2,4,1213,privat,finalizat
3482,9034,2369,1915,1,5,1915,deschis,finalizat
3483,9037,2393,,,,,deschis,expirat
3484,9038,2262,2498,,,,privat,fara_rezultat
3485,9039,2310,160,,,,deschis,fara_rezultat
3486,9040,1480,82,3,4,82,deschis,finalizat
3487,9041,1519,1927,3,4,1927,privat,finalizat
3488,9044,1691,1184,,,,privat,fara_rezultat
3489,9045,1801,2326,,,,privat,fara_rezultat
3490,9046,654,362,5,2,654,privat,finalizat
3491,9049,1766,210,0,5,210,deschis,finalizat
3492,9058,2095,1198,3,0,2095,deschis,finalizat
3493,9061,1022,2024,4,1,1022,privat,finalizat
3494,9063,1953,1644,1,4,1644,privat,finalizat
3495,9064,311,685,1,3,685,deschis,finalizat
3496,9065,1113,1548,0,3,1548,privat,finalizat
3497,9066,1631,676,5,3,1631,deschis,finalizat
3498,9072,685,1218,3,1,685,privat,finalizat
3499,9074,1367,1213,4,2,1367,privat,finalizat
3500,9076,2151,2213,3,0,2151,privat,finalizat
3501,9080,2164,2483,,,,privat,fara_rezultat
3502,9084,542,468,,,,deschis,fara_rezultat
3503,9085,1257,985,0,4,985,privat,finalizat
3504,9088,1284,76,,,,privat,fara_rezultat
3505,9093,1946,1836,2,5,1836,privat,finalizat
3506,9095,1663,1261,3,5,1261,privat,finalizat
3507,9102,1566,1502,3,4,1502,privat,finalizat
3508,9104,2170,240,3,4,240,privat,finalizat
3509,9108,1633,2067,2,4,2067,privat,finalizat
3510,9109,1003,1389,,,,privat,fara_rezultat
3511,9112,1574,1752,1,3,1752,privat,finalizat
3512,9120,2225,480,5,0,2225,privat,finalizat
3513,9121,119,2024,1,5,2024,deschis,finalizat
3514,9122,2090,1163,,,,privat,fara_rezultat
3515,9127,2284,1359,4,5,1359,privat,finalizat
3516,9128,536,446,3,4,446,privat,finalizat
3517,9129,1808,2095,0,5,2095,privat,finalizat
3518,9130,816,2180,4,3,816,deschis,finalizat
3519,9136,910,664,5,3,910,privat,finalizat
3520,9138,1839,1402,5,4,1839,deschis,finalizat
3521,9147,911,1299,,,,privat,fara_rezultat
3522,9152,1687,1144,3,4,1144,privat,finalizat
3523,9154,1374,144,2,3,144,privat,finalizat
3524,9155,816,538,4,1,816,privat,finalizat
3525,9156,1946,775,3,2,1946,deschis,finalizat
3526,9175,1946,1762,,,,deschis,fara_rezultat
3527,9176,1228,1292,1,5,1292,privat,finalizat
3528,9177,694,2092,1,3,2092,deschis,finalizat
3529,9178,1365,2095,4,0,1365,privat,finalizat
3530,9184,1710,1113,3,1,1710,privat,finalizat
3531,9189,1480,1003,4,3,1480,deschis,finalizat
3532,9190,160,368,1,4,368,deschis,finalizat
3533,9192,1165,899,,,,privat,fara_rezultat
3534,9196,269,197,1,4,197,deschis,finalizat
3535,9197,664,2227,3,5,2227,privat,finalizat
3536,9201,1028,643,3,5,643,privat,finalizat
3537,9204,255,1495,4,0,255,privat,finalizat
3538,9205,1204,,,,,deschis,expirat
3539,9206,1499,1839,,,,deschis,fara_rezultat
3540,9207,461,678,5,3,461,privat,finalizat
3541,9208,2181,1343,1,4,1343,privat,finalizat
3542,9211,1080,1148,5,0,1080,privat,finalizat
3543,9213,878,2355,1,3,2355,privat,finalizat
3544,9214,455,190,0,3,190,privat,finalizat
3545,9219,1365,1870,1,3,1870,privat,finalizat
3546,9220,1495,743,4,2,1495,privat,finalizat
3547,9226,886,970,,,,privat,fara_rezultat
3548,9227,2455,421,,,,deschis,fara_rezultat
3549,9230,67,2426,4,2,67,privat,finalizat
3550,9233,1321,1644,3,0,1321,deschis,finalizat
3551,9234,538,815,4,1,538,privat,finalizat
3552,9235,261,1953,,,,privat,fara_rezultat
3553,9236,261,91,,,,privat,fara_rezultat
3554,9237,2126,1593,,,,privat,fara_rezultat
3555,9244,1388,2224,,,,privat,fara_rezultat
3556,9258,98,1545,5,1,98,privat,finalizat
3557,9261,749,247,3,4,247,privat,finalizat
3558,9263,197,1173,2,4,1173,deschis,finalizat
3559,9269,255,1915,2,4,1915,privat,finalizat
3560,9270,2379,1631,2,5,1631,privat,finalizat
3561,9272,2252,,,,,deschis,expirat
3562,9275,1303,2337,5,1,1303,privat,finalizat
3563,9276,615,966,4,0,615,privat,finalizat
3564,9279,191,,,,,deschis,expirat
3565,9280,2310,28,4,3,2310,privat,finalizat
3566,9282,2149,34,3,5,34,privat,finalizat
3567,9283,985,425,4,3,985,deschis,finalizat
3568,9284,1206,1317,1,3,1317,privat,finalizat
3569,9285,1530,114,5,1,1530,privat,finalizat
3570,9286,1282,749,5,4,1282,privat,finalizat
3571,9288,434,1789,1,5,1789,privat,finalizat
3572,9289,2024,,,,,deschis,expirat
3573,9290,1944,1154,5,4,1944,privat,finalizat
3574,9295,2116,1721,,,,privat,fara_rezultat
3575,9297,2344,713,2,4,713,privat,finalizat
3576,9298,2393,,,,,deschis,expirat
3577,9302,873,2127,,,,deschis,fara_rezultat
3578,9305,2452,2455,4,2,2452,privat,finalizat
3579,9308,2215,1886,1,3,1886,deschis,finalizat
3580,9310,840,186,,,,privat,fara_rezultat
3581,9311,571,269,,,,privat,fara_rezultat
3582,9312,579,2246,2,4,2246,privat,finalizat
3583,9314,198,261,3,4,261,privat,finalizat
3584,9315,1354,1220,3,0,1354,privat,finalizat
3585,9318,787,1018,3,0,787,deschis,finalizat
3586,9320,2471,1269,3,0,2471,privat,finalizat
3587,9321,1836,1944,2,3,1944,privat,finalizat
3588,9322,2224,,,,,deschis,expirat
3589,9323,1401,2357,,,,privat,fara_rezultat
3590,9325,1777,2233,,,,privat,fara_rezultat
3591,9326,2357,1929,4,2,2357,deschis,finalizat
3592,9330,2224,737,3,2,2224,privat,finalizat
3593,9332,2121,367,0,3,367,privat,finalizat
3594,9333,1030,1314,2,3,1314,deschis,finalizat
3595,9338,2180,1022,,,,privat,fara_rezultat
3596,9341,643,1747,0,3,1747,privat,finalizat
3597,9344,643,1022,,,,privat,fara_rezultat
3598,9346,2004,602,5,1,2004,privat,finalizat
3599,9348,1113,1710,4,3,1113,privat,finalizat
3600,9349,971,1681,1,5,1681,deschis,finalizat
3601,9353,2224,602,4,2,2224,privat,finalizat
3602,9355,744,483,1,4,483,privat,finalizat
3603,9356,615,240,0,3,240,privat,finalizat
3604,9357,2213,171,5,2,2213,privat,finalizat
3605,9359,1820,1480,,,,privat,fara_rezultat
3606,9360,1633,1758,3,2,1633,privat,finalizat
3607,9361,2208,334,4,3,2208,deschis,finalizat
3608,9364,192,2399,0,3,2399,privat,finalizat
3609,9365,985,,,,,deschis,expirat
3610,9373,2261,311,3,1,2261,privat,finalizat
3611,9379,297,2445,5,0,297,privat,finalizat
3612,9382,2283,200,0,4,200,privat,finalizat
3613,9387,1000,,,,,deschis,expirat
3614,9388,1495,1262,3,0,1495,privat,finalizat
3615,9389,2183,1039,2,5,1039,privat,finalizat
3616,9392,1720,969,3,1,1720,deschis,finalizat
3617,9395,1098,1792,0,4,1792,privat,finalizat
3618,9396,670,172,3,5,172,deschis,finalizat
3619,9397,209,2056,4,3,209,deschis,finalizat
3620,9398,1411,,,,,deschis,expirat
3621,9401,2012,188,2,3,188,privat,finalizat
3622,9403,1723,2224,,,,deschis,fara_rezultat
3623,9408,2486,2434,2,5,2434,deschis,finalizat
3624,9409,1480,,,,,deschis,expirat
3625,9414,311,1233,0,3,1233,privat,finalizat
3626,9415,1218,,,,,deschis,expirat
3627,9417,27,886,3,5,886,deschis,finalizat
3628,9418,1602,1807,5,0,1602,privat,finalizat
3629,9427,2225,1022,4,0,2225,privat,finalizat
3630,9428,2087,1458,,,,privat,fara_rezultat
3631,9429,1737,1233,3,0,1737,deschis,finalizat
3632,9431,2459,1837,4,0,2459,privat,finalizat
3633,9432,2455,181,,,,privat,fara_rezultat
3634,9433,969,1910,5,3,969,deschis,finalizat
3635,9438,40,1458,4,1,40,privat,finalizat
3636,9442,1411,,,,,deschis,expirat
3637,9443,1502,1810,0,4,1810,deschis,finalizat
3638,9444,1633,1389,3,2,1633,privat,finalizat
3639,9447,1549,2141,4,2,1549,deschis,finalizat
3640,9449,722,1397,5,3,722,privat,finalizat
3641,9458,1837,2297,0,3,2297,privat,finalizat
3642,9459,334,,,,,deschis,expirat
3643,9461,442,792,3,2,442,privat,finalizat
3644,9462,823,584,4,5,584,privat,finalizat
3645,9463,1365,2141,5,2,1365,privat,finalizat
3646,9465,1566,,,,,deschis,expirat
3647,9468,2234,1710,3,0,2234,privat,finalizat
3648,9474,334,1938,4,2,334,privat,finalizat
3649,9477,1173,1856,0,3,1856,privat,finalizat
3650,9478,443,2119,2,4,2119,privat,finalizat
3651,9479,646,,,,,deschis,expirat
3652,9482,1829,2436,5,1,1829,privat,finalizat
3653,9484,1129,1829,4,1,1129,deschis,finalizat
3654,9485,1566,40,5,4,1566,privat,finalizat
3655,9486,1737,1495,0,3,1495,privat,finalizat
3656,9490,1938,2409,2,5,2409,privat,finalizat
3657,9491,331,561,2,5,561,deschis,finalizat
3658,9493,2208,1938,,,,privat,fara_rezultat
3659,9495,1257,2145,,,,deschis,fara_rezultat
3660,9499,434,1773,4,0,434,privat,finalizat
3661,9501,664,1792,4,1,664,privat,finalizat
3662,9502,453,319,5,1,453,privat,finalizat
3663,9504,2369,1414,,,,privat,fara_rezultat
3664,9505,1462,2169,,,,privat,fara_rezultat
3665,9508,2004,319,4,2,2004,deschis,finalizat
3666,9514,1061,1814,,,,privat,fara_rezultat
3667,9517,1163,2090,4,2,1163,privat,finalizat
3668,9518,1163,2304,4,5,2304,deschis,finalizat
3669,9521,1773,198,5,1,1773,deschis,finalizat
3670,9523,234,493,3,5,493,privat,finalizat
3671,9525,1572,1561,3,5,1561,privat,finalizat
3672,9526,1287,1401,,,,privat,fara_rezultat
3673,9532,1170,2109,4,0,1170,privat,finalizat
3674,9533,1839,,,,,deschis,expirat
3675,9534,2434,2110,,,,privat,fara_rezultat
3676,9536,245,504,0,3,504,privat,finalizat
3677,9538,2190,1884,4,5,1884,privat,finalizat
3678,9541,76,2355,5,4,76,privat,finalizat
3679,9544,1261,1773,5,3,1261,privat,finalizat
3680,9547,664,198,4,3,664,privat,finalizat
3681,9548,234,1915,4,5,1915,privat,finalizat
3682,9549,971,174,3,5,174,privat,finalizat
3683,9550,319,2035,,,,deschis,fara_rezultat
3684,9558,1955,,,,,deschis,expirat
3685,9560,1060,1119,1,3,1119,privat,finalizat
3686,9561,1129,1028,2,5,1028,privat,finalizat
3687,9564,1618,210,,,,privat,fara_rezultat
3688,9566,1686,2215,4,5,2215,privat,finalizat
3689,9567,1677,9,,,,privat,fara_rezultat
3690,9573,538,1763,5,2,538,privat,finalizat
3691,9575,1915,649,3,0,1915,privat,finalizat
3692,9586,664,2180,0,3,2180,privat,finalizat
3693,9587,1145,1986,3,2,1145,privat,finalizat
3694,9588,1458,1561,3,4,1561,deschis,finalizat
3695,9590,327,1949,4,2,327,privat,finalizat
3696,9591,2455,1519,0,3,1519,deschis,finalizat
3697,9594,1036,1374,,,,privat,fara_rezultat
3698,9595,656,1499,2,3,1499,deschis,finalizat
3699,9601,970,431,1,3,431,privat,finalizat
3700,9609,1599,1936,0,3,1936,privat,finalizat
3701,9610,604,2209,,,,privat,fara_rezultat
3702,9612,1965,787,5,0,1965,privat,finalizat
3703,9614,2119,1829,,,,privat,fara_rezultat
3704,9619,1592,1269,2,5,1269,deschis,finalizat
3705,9623,775,2348,4,5,2348,privat,finalizat
3706,9624,646,1321,,,,privat,fara_rezultat
3707,9627,1126,1213,4,2,1126,privat,finalizat
3708,9630,938,2363,4,5,2363,privat,finalizat
3709,9633,1708,1602,3,1,1708,deschis,finalizat
3710,9635,2245,247,5,1,2245,privat,finalizat
3711,9637,1530,1030,2,3,1030,deschis,finalizat
3712,9638,2226,2081,,,,deschis,fara_rezultat
3713,9640,643,2436,2,3,2436,privat,finalizat
3714,9647,2151,1391,,,,privat,fara_rezultat
3715,9648,27,1402,0,4,1402,privat,finalizat
3716,9650,924,654,5,4,924,privat,finalizat
3717,9653,98,1677,4,1,98,privat,finalizat
3718,9654,2303,343,0,4,343,privat,finalizat
3719,9660,775,1946,,,,privat,fara_rezultat
3720,9661,1644,1341,2,5,1341,deschis,finalizat
3721,9662,1810,1631,5,1,1810,privat,finalizat
3722,9668,234,1213,4,3,234,privat,finalizat
3723,9669,649,278,,,,privat,fara_rezultat
3724,9671,515,1303,3,5,1303,deschis,finalizat
3725,9672,938,327,3,1,938,privat,finalizat
3726,9677,583,1493,2,4,1493,privat,finalizat
3727,9679,380,34,5,2,380,privat,finalizat
3728,9682,1223,295,3,0,1223,deschis,finalizat
3729,9683,1277,2025,0,3,2025,privat,finalizat
3730,9686,2024,1789,0,3,1789,privat,finalizat
3731,9688,2095,1198,,,,privat,fara_rezultat
3732,9692,2309,651,1,4,651,privat,finalizat
3733,9694,1360,191,,,,privat,fara_rezultat
3734,9696,192,509,4,2,192,privat,finalizat
3735,9701,807,1397,2,5,1397,privat,finalizat
3736,9704,916,1287,,,,privat,fara_rezultat
3737,9706,1126,2120,3,1,1126,privat,finalizat
3738,9707,1631,1681,4,1,1631,privat,finalizat
3739,9708,1723,1179,4,2,1723,privat,finalizat
3740,9711,1391,2213,1,5,2213,privat,finalizat
3741,9713,1884,2455,3,1,1884,privat,finalizat
3742,9717,2181,2192,5,0,2181,privat,finalizat
3743,9718,2399,860,1,4,860,privat,finalizat
3744,9719,186,335,1,5,335,privat,finalizat
3745,9722,1147,951,,,,deschis,fara_rezultat
3746,9723,2142,450,4,1,2142,privat,finalizat
3747,9724,2095,1890,4,1,2095,deschis,finalizat
3748,9731,901,255,,,,privat,fara_rezultat
3749,9732,453,319,2,5,319,privat,finalizat
3750,9733,1113,992,3,5,992,deschis,finalizat
3751,9735,2281,,,,,deschis,expirat
3752,9736,2063,2031,0,3,2031,deschis,finalizat
3753,9737,921,1936,,,,privat,fara_rezultat
3754,9743,1983,210,,,,deschis,fara_rezultat
3755,9746,1856,85,0,5,85,privat,finalizat
3756,9747,1354,538,1,4,538,privat,finalizat
3757,9748,1144,1354,3,1,1144,privat,finalizat
3758,9749,1163,159,1,3,159,deschis,finalizat
3759,9751,1723,1458,0,3,1458,privat,finalizat
3760,9754,2348,1018,2,4,1018,privat,finalizat
3761,9760,1601,2196,4,2,1601,privat,finalizat
3762,9763,2024,2090,1,5,2090,privat,finalizat
3763,9764,295,852,,,,privat,fara_rezultat
3764,9766,2393,297,3,1,2393,privat,finalizat
3765,9768,1389,,,,,deschis,expirat
3766,9770,367,1329,2,4,1329,privat,finalizat
3767,9776,2126,2212,2,5,2212,privat,finalizat
3768,9777,529,643,5,0,529,privat,finalizat
3769,9782,297,1482,4,1,297,privat,finalizat
3770,9786,2127,368,1,4,368,privat,finalizat
3771,9789,2121,2171,2,4,2171,deschis,finalizat
3772,9791,2304,1549,,,,privat,fara_rezultat
3773,9793,1374,694,1,3,694,privat,finalizat
3774,9794,1126,1681,3,1,1126,privat,finalizat
3775,9795,1172,1915,4,2,1172,deschis,finalizat
3776,9797,1470,221,4,3,1470,deschis,finalizat
3777,9798,816,198,4,0,816,privat,finalizat
3778,9799,916,1777,1,3,1777,privat,finalizat
3779,9801,2004,2430,,,,privat,fara_rezultat
3780,9805,34,,,,,deschis,expirat
3781,9807,1228,2325,,,,privat,fara_rezultat
3782,9809,737,2268,5,1,737,privat,finalizat
3783,9811,28,2167,4,1,28,privat,finalizat
3784,9816,1126,651,3,4,651,deschis,finalizat
3785,9817,2169,2281,5,2,2169,privat,finalizat
3786,9821,450,119,,,,deschis,fara_rezultat
3787,9825,2496,2234,4,0,2496,privat,finalizat
3788,9828,2433,,,,,deschis,expirat
3789,9833,1949,370,0,5,370,privat,finalizat
3790,9837,1858,,,,,deschis,expirat
3791,9840,1249,,,,,deschis,expirat
3792,9841,1292,646,2,5,646,privat,finalizat
3793,9842,816,1220,,,,deschis,fara_rezultat
3794,9849,1837,1482,,,,privat,fara_rezultat
3795,9850,689,,,,,deschis,expirat
3796,9856,2113,186,4,1,2113,privat,finalizat
3797,9857,2267,158,1,3,158,deschis,finalizat
3798,9862,91,1411,3,4,1411,privat,finalizat
3799,9867,1603,1113,4,3,1603,privat,finalizat
3800,9868,174,,,,,deschis,expirat
3801,9870,2003,1603,4,2,2003,privat,finalizat
3802,9871,2116,1172,3,5,1172,privat,finalizat
3803,9875,999,1303,4,2,999,privat,finalizat
3804,9876,1820,1936,3,4,1936,privat,finalizat
3805,9878,937,1448,3,1,937,privat,finalizat
3806,9882,670,1601,,,,privat,fara_rezultat
3807,9884,2077,826,5,2,2077,privat,finalizat
3808,9886,1036,2325,0,4,2325,privat,finalizat
3809,9887,2095,1663,1,3,1663,deschis,finalizat
3810,9891,1663,1365,,,,deschis,fara_rezultat
3811,9893,775,1292,2,5,1292,privat,finalizat
3812,9894,1213,1287,4,1,1213,deschis,finalizat
3813,9895,649,1919,1,3,1919,privat,finalizat
3814,9896,1388,1262,4,0,1388,deschis,finalizat
3815,9901,2496,,,,,deschis,expirat
3816,9903,886,713,2,4,713,privat,finalizat
3817,9905,1708,2310,,,,privat,fara_rezultat
3818,9906,730,820,2,3,820,deschis,finalizat
3819,9909,1132,,,,,deschis,expirat
3820,9910,2306,1697,0,4,1697,deschis,finalizat
3821,9911,104,,,,,deschis,expirat
3822,9912,1447,1198,,,,privat,fara_rezultat
3823,9913,91,,,,,deschis,expirat
3824,9916,1018,993,4,5,993,deschis,finalizat
3825,9917,1462,2252,2,4,2252,privat,finalizat
3826,9918,319,1561,1,4,1561,deschis,finalizat
3827,9919,1810,,,,,deschis,expirat
3828,9925,2310,2481,,,,deschis,fara_rezultat
3829,9927,1708,1796,5,1,1708,privat,finalizat
3830,9928,921,1448,2,3,1448,privat,finalizat
3831,9929,1656,878,4,3,1656,deschis,finalizat
3832,9932,1295,2400,3,4,2400,deschis,finalizat
3833,9933,579,,,,,deschis,expirat
3834,9936,807,646,,,,privat,fara_rezultat
3835,9937,1593,694,5,0,1593,privat,finalizat
3836,9939,2024,2471,5,3,2024,privat,finalizat
3837,9942,2357,1113,5,0,2357,deschis,finalizat
3838,9950,2183,2167,2,3,2167,privat,finalizat
3839,9951,561,1602,4,2,561,deschis,finalizat
3840,9952,583,1355,2,3,1355,privat,finalizat
3841,9959,647,876,2,3,876,privat,finalizat
3842,9962,2316,,,,,deschis,expirat
3843,9963,2003,278,4,5,278,privat,finalizat
3844,9966,1284,749,4,1,1284,privat,finalizat
3845,9970,664,434,,,,privat,fara_rezultat
3846,9975,1296,823,5,1,1296,privat,finalizat
3847,9976,1129,1028,2,3,1028,privat,finalizat
3848,9979,1228,1826,,,,privat,fara_rezultat
3849,9982,1299,,,,,deschis,expirat
3850,9984,561,2167,,,,deschis,fara_rezultat
3851,9989,2169,836,3,0,2169,privat,finalizat
3852,9990,1522,493,1,4,493,privat,finalizat
3853,9991,1335,998,1,3,998,privat,finalizat
3854,9994,1341,807,2,3,807,privat,finalizat
3855,9995,1549,2304,2,4,2304,privat,finalizat
3856,9998,911,2297,5,3,911,privat,finalizat
3857,9999,2417,487,3,1,2417,privat,finalizat
3858,10001,442,1901,1,4,1901,deschis,finalizat
3859,10002,775,1228,4,5,1228,privat,finalizat
3860,10003,787,1163,2,4,1163,privat,finalizat
3861,10004,1756,1417,5,1,1756,privat,finalizat
3862,10006,453,602,3,4,602,privat,finalizat
3863,10007,2127,,,,,deschis,expirat
3864,10009,952,,,,,deschis,expirat
3865,10013,1566,1958,4,3,1566,deschis,finalizat
3866,10018,144,1269,1,3,1269,privat,finalizat
3867,10020,1592,646,5,1,1592,privat,finalizat
3868,10024,2090,1986,5,4,2090,privat,finalizat
3869,10026,2496,40,3,4,40,privat,finalizat
3870,10028,1113,1737,0,4,1737,deschis,finalizat
3871,10030,743,621,4,2,743,privat,finalizat
3872,10031,558,2483,0,4,2483,privat,finalizat
3873,10033,1820,2453,2,4,2453,privat,finalizat
3874,10035,34,509,2,4,509,privat,finalizat
3875,10036,2020,158,4,1,2020,privat,finalizat
3876,10039,1890,,,,,deschis,expirat
3877,10041,1228,1644,,,,privat,fara_rezultat
3878,10045,1482,615,4,2,1482,privat,finalizat
3879,10050,380,,,,,deschis,expirat
3880,10051,1883,670,5,4,1883,privat,finalizat
3881,10052,85,1000,5,0,85,privat,finalizat
3882,10054,2056,1762,1,3,1762,privat,finalizat
3883,10055,2142,401,5,2,2142,privat,finalizat
3884,10056,529,1663,0,4,1663,deschis,finalizat
3885,10057,2095,1592,1,5,1592,privat,finalizat
3886,10059,1548,125,0,3,125,deschis,finalizat
3887,10061,1961,1551,0,5,1551,privat,finalizat
3888,10065,1721,2357,4,3,1721,privat,finalizat
3889,10067,737,234,3,2,737,privat,finalizat
3890,10068,2337,549,5,4,2337,privat,finalizat
3891,10072,1645,362,0,5,362,privat,finalizat
3892,10073,2407,622,0,4,622,deschis,finalizat
3893,10074,1801,844,1,3,844,privat,finalizat
3894,10075,1691,2474,2,4,2474,deschis,finalizat
3895,10076,2209,1862,,,,privat,fara_rezultat
3896,10077,1556,295,3,0,1556,deschis,finalizat
3897,10079,1357,1489,5,3,1357,privat,finalizat
3898,10083,91,1098,2,4,1098,deschis,finalizat
3899,10084,2056,1228,,,,deschis,fara_rezultat
3900,10086,2348,646,3,5,646,privat,finalizat
3901,10087,787,2227,0,3,2227,deschis,finalizat
3902,10091,1462,2281,4,1,1462,privat,finalizat
3903,10092,1864,2035,2,3,2035,deschis,finalizat
3904,10095,2035,2430,2,3,2430,privat,finalizat
3905,10096,1581,,,,,deschis,expirat
3906,10098,2393,1391,4,2,2393,privat,finalizat
3907,10100,370,,,,,deschis,expirat
3908,10103,1132,,,,,deschis,expirat
3909,10106,1858,158,2,4,158,privat,finalizat
3910,10108,823,1352,1,5,1352,privat,finalizat
3911,10109,969,1533,,,,privat,fara_rezultat
3912,10111,2142,119,5,0,2142,privat,finalizat
3913,10112,2090,1022,3,1,2090,deschis,finalizat
3914,10122,2003,2004,1,3,2004,privat,finalizat
3915,10125,2297,2344,3,2,2297,privat,finalizat
3916,10126,774,1700,5,4,774,deschis,finalizat
3917,10127,1926,2129,,,,privat,fara_rezultat
3918,10129,2404,774,,,,privat,fara_rezultat
3919,10132,295,1656,2,3,1656,privat,finalizat
3920,10136,1944,401,1,3,401,privat,finalizat
3921,10137,1228,1292,5,4,1228,privat,finalizat
3922,10143,2003,2433,,,,privat,fara_rezultat
3923,10144,2169,1213,3,2,2169,deschis,finalizat
3924,10146,328,2109,5,3,328,privat,finalizat
3925,10147,966,645,3,0,966,deschis,finalizat
3926,10151,913,,,,,deschis,expirat
3927,10153,2145,1685,3,4,1685,privat,finalizat
3928,10154,698,1080,3,0,698,privat,finalizat
3929,10155,852,897,1,4,897,privat,finalizat
3930,10157,1277,1359,3,5,1359,deschis,finalizat
3931,10162,1302,,,,,deschis,expirat
3932,10164,295,2320,4,2,295,privat,finalizat
3933,10167,1022,1269,2,4,1269,privat,finalizat
3934,10168,1574,2475,3,2,1574,privat,finalizat
3935,10170,2090,285,5,1,2090,privat,finalizat
3936,10173,1342,,,,,deschis,expirat
3937,10176,2024,1663,4,3,2024,privat,finalizat
3938,10180,952,1154,1,3,1154,deschis,finalizat
3939,10182,125,1894,1,3,1894,privat,finalizat
3940,10183,1172,1522,0,3,1522,deschis,finalizat
3941,10184,2434,2074,0,3,2074,privat,finalizat
3942,10185,2310,1938,4,0,2310,deschis,finalizat
3943,10188,374,646,2,4,646,privat,finalizat
3944,10191,1687,630,5,0,1687,privat,finalizat
3945,10192,91,374,3,2,91,privat,finalizat
3946,10196,1737,2357,5,2,1737,deschis,finalizat
3947,10200,1165,989,3,5,989,privat,finalizat
3948,10201,362,,,,,deschis,expirat
3949,10202,2306,1332,4,2,2306,privat,finalizat
3950,10207,285,529,5,3,285,privat,finalizat
3951,10208,2035,301,3,0,2035,privat,finalizat
3952,10213,979,563,5,3,979,privat,finalizat
3953,10215,1354,1965,1,4,1965,privat,finalizat
3954,10217,123,743,0,5,743,privat,finalizat
3955,10220,998,1391,5,3,998,privat,finalizat
3956,10221,2481,1364,5,3,2481,privat,finalizat
3957,10224,1856,1363,,,,privat,fara_rezultat
3958,10226,1663,,,,,deschis,expirat
3959,10233,1341,536,3,2,1341,deschis,finalizat
3960,10235,1998,737,4,2,1998,deschis,finalizat
3961,10237,1495,255,3,1,1495,privat,finalizat
3962,10239,1495,1681,,,,privat,fara_rezultat
3963,10241,387,2000,0,3,2000,privat,finalizat
3964,10242,1165,2488,1,4,2488,privat,finalizat
3965,10243,2113,1343,0,4,1343,privat,finalizat
3966,10244,1614,400,3,2,1614,deschis,finalizat
3967,10249,2304,2180,4,2,2304,privat,finalizat
3968,10255,685,2261,0,4,2261,privat,finalizat
3969,10257,1367,1414,5,2,1367,privat,finalizat
3970,10260,1313,689,4,2,1313,deschis,finalizat
3971,10263,1691,1300,5,3,1691,privat,finalizat
3972,10265,1720,969,4,0,1720,privat,finalizat
3973,10268,91,374,4,3,91,privat,finalizat
3974,10269,1965,1261,3,5,1261,privat,finalizat
3975,10271,2304,2090,5,1,2304,privat,finalizat
3976,10274,145,2467,2,4,2467,privat,finalizat
3977,10275,2233,743,,,,deschis,fara_rezultat
3978,10279,1936,1611,3,1,1936,privat,finalizat
3979,10280,1614,2306,,,,privat,fara_rezultat
3980,10282,2203,73,,,,privat,fara_rezultat
3981,10283,1329,289,3,5,289,privat,finalizat
3982,10285,1173,1249,,,,privat,fara_rezultat
3983,10287,1965,1549,5,3,1965,privat,finalizat
3984,10291,1789,434,5,1,1789,deschis,finalizat
3985,10292,2225,1687,,,,privat,fara_rezultat
3986,10293,2348,1341,,,,privat,fara_rezultat
3987,10294,664,1354,0,3,1354,deschis,finalizat
3988,10295,1737,992,,,,privat,fara_rezultat
3989,10296,737,260,4,3,737,privat,finalizat
3990,10298,737,174,0,3,174,privat,finalizat
3991,10299,2169,1919,5,3,2169,privat,finalizat
3992,10300,1218,2433,5,4,1218,privat,finalizat
3993,10302,1113,453,4,2,1113,privat,finalizat
3994,10304,1710,1495,4,3,1710,privat,finalizat
3995,10306,998,1839,4,1,998,deschis,finalizat
3996,10313,2232,1705,,,,deschis,fara_rezultat
3997,10314,2240,149,4,1,2240,deschis,finalizat
3998,10317,1329,1883,1,4,1883,privat,finalizat
3999,10320,1361,1154,4,2,1361,privat,finalizat
4000,10321,91,2056,5,1,91,privat,finalizat
4001,10323,1953,1411,2,4,1411,privat,finalizat
4002,10325,2095,1269,5,0,2095,deschis,finalizat
4003,10326,1172,2309,1,3,2309,privat,finalizat
4004,10327,1721,1737,4,2,1721,deschis,finalizat
4005,10329,2337,2473,4,2,2337,privat,finalizat
4006,10331,730,1480,1,4,1480,privat,finalizat
4007,10336,313,867,2,3,867,privat,finalizat
4008,10351,1129,1163,1,3,1163,privat,finalizat
4009,10353,1762,2316,,,,deschis,fara_rezultat
4010,10354,2261,1791,,,,privat,fara_rezultat
4011,10355,1287,1401,2,5,1401,deschis,finalizat
4012,10356,2120,1367,3,4,1367,privat,finalizat
4013,10360,2224,2268,3,4,2268,deschis,finalizat
4014,10363,301,319,1,5,319,privat,finalizat
4015,10364,1631,40,1,4,40,privat,finalizat
4016,10366,2004,1025,0,5,1025,privat,finalizat
4017,10368,199,483,,,,privat,fara_rezultat
4018,10370,1482,970,3,0,1482,privat,finalizat
4019,10371,970,1499,,,,privat,fara_rezultat
4020,10372,1313,1345,0,3,1345,privat,finalizat
4021,10375,2129,1926,2,3,1926,deschis,finalizat
4022,10376,2208,873,1,3,873,privat,finalizat
4023,10382,334,1433,3,5,1433,privat,finalizat
4024,10385,1184,1546,5,3,1184,privat,finalizat
4025,10387,701,1761,1,5,1761,privat,finalizat
4026,10393,2426,67,,,,privat,fara_rezultat
4027,10394,1352,870,1,5,870,privat,finalizat
4028,10396,1357,455,4,2,1357,privat,finalizat
4029,10397,1173,951,0,4,951,privat,finalizat
4030,10398,2225,1687,3,0,2225,privat,finalizat
4031,10402,119,643,4,5,643,deschis,finalizat
4032,10403,775,1477,5,4,775,deschis,finalizat
4033,10406,443,1417,5,4,443,privat,finalizat
4034,10407,952,529,1,4,529,privat,finalizat
4035,10410,301,2433,2,3,2433,privat,finalizat
4036,10413,2369,649,4,5,649,privat,finalizat
4037,10415,1723,1894,0,3,1894,privat,finalizat
4038,10417,1345,713,1,3,713,privat,finalizat
4039,10420,730,1936,3,5,1936,deschis,finalizat
4040,10421,2127,2481,1,5,2481,privat,finalizat
4041,10422,334,2452,3,0,334,privat,finalizat
4042,10427,1592,2142,1,5,2142,privat,finalizat
4043,10429,1411,1098,1,4,1098,privat,finalizat
4044,10434,1502,651,3,4,651,privat,finalizat
4045,10435,2268,1566,1,3,1566,privat,finalizat
4046,10438,2369,,,,,deschis,expirat
4047,10439,1172,1367,3,2,1172,deschis,finalizat
4048,10441,40,1126,2,3,1126,privat,finalizat
4049,10444,2186,1863,0,3,1863,privat,finalizat
4050,10445,1303,515,5,3,1303,privat,finalizat
4051,10446,2063,2473,,,,privat,fara_rezultat
4052,10449,921,2453,1,4,2453,privat,finalizat
4053,10450,368,1437,5,0,368,privat,finalizat
4054,10453,2113,,,,,deschis,expirat
4055,10455,186,1552,3,1,186,privat,finalizat
4056,10467,2225,1687,5,0,2225,privat,finalizat
4057,10469,1028,198,1,3,198,privat,finalizat
4058,10473,144,779,2,5,779,deschis,finalizat
4059,10477,2467,1287,4,1,2467,privat,finalizat
4060,10481,738,,,,,deschis,expirat
4061,10482,911,1499,3,0,911,privat,finalizat
4062,10484,730,245,3,1,730,privat,finalizat
4063,10485,249,2310,,,,deschis,fara_rezultat
4064,10486,558,1936,1,4,1936,privat,finalizat
4065,10487,331,1521,,,,privat,fara_rezultat
4066,10488,334,331,2,5,331,privat,finalizat
4067,10493,1858,,,,,deschis,expirat
4068,10498,2226,1533,3,2,2226,privat,finalizat
4069,10499,1878,,,,,deschis,expirat
4070,10503,1129,2126,4,0,1129,privat,finalizat
4071,10507,722,33,1,4,33,privat,finalizat
4072,10511,1663,1773,,,,privat,fara_rezultat
4073,10512,1826,1411,0,3,1411,deschis,finalizat
4074,10513,2224,2120,,,,privat,fara_rezultat
4075,10514,2379,,,,,deschis,expirat
4076,10515,1737,2467,5,3,1737,privat,finalizat
4077,10516,971,40,0,3,40,privat,finalizat
4078,10519,651,1126,,,,deschis,fara_rezultat
4079,10522,1820,181,,,,privat,fara_rezultat
4080,10524,2176,1884,3,0,2176,privat,finalizat
4081,10525,1918,2409,4,2,1918,privat,finalizat
4082,10526,1437,1519,2,4,1519,deschis,finalizat
4083,10527,1807,1389,5,3,1807,deschis,finalizat
4084,10528,1132,331,3,1,1132,privat,finalizat
4085,10533,2245,1314,3,2,2245,deschis,finalizat
4086,10534,221,969,3,0,221,privat,finalizat
4087,10537,2471,910,,,,privat,fara_rezultat
4088,10543,601,954,,,,privat,fara_rezultat
4089,10546,1792,1411,4,0,1792,privat,finalizat
4090,10553,583,534,1,4,534,privat,finalizat
4091,10556,1530,672,5,1,1530,privat,finalizat
4092,10562,1210,799,2,5,799,deschis,finalizat
4093,10563,2283,921,2,5,921,privat,finalizat
4094,10565,421,1389,5,1,421,deschis,finalizat
4095,10568,1620,1129,4,5,1129,privat,finalizat
4096,10569,159,1261,0,3,1261,privat,finalizat
4097,10570,1522,174,,,,privat,fara_rezultat
4098,10579,970,911,0,3,911,privat,finalizat
4099,10582,1314,2355,3,0,1314,privat,finalizat
4100,10583,1836,,,,,deschis,expirat
4101,10587,159,787,5,2,159,privat,finalizat
4102,10588,1593,1129,3,1,1593,privat,finalizat
4103,10590,737,2116,4,5,2116,privat,finalizat
4104,10593,2344,1303,4,3,2344,privat,finalizat
4105,10594,2074,,,,,deschis,expirat
4106,10596,1763,2316,3,2,1763,privat,finalizat
4107,10605,260,2169,2,3,2169,deschis,finalizat
4108,10606,319,992,0,5,992,privat,finalizat
4109,10607,937,,,,,deschis,expirat
4110,10608,2404,1039,3,1,2404,privat,finalizat
4111,10609,2283,2110,3,5,2110,privat,finalizat
4112,10611,2283,,,,,deschis,expirat
4113,10612,1645,1683,3,1,1645,privat,finalizat
4114,10614,1470,967,0,5,967,privat,finalizat
4115,10615,2225,775,4,0,2225,privat,finalizat
4116,10618,2092,374,3,2,2092,privat,finalizat
4117,10621,2357,1262,3,2,2357,privat,finalizat
4118,10624,2357,2281,3,1,2357,privat,finalizat
4119,10627,911,1345,4,0,911,deschis,finalizat
4120,10629,1849,10,3,1,1849,privat,finalizat
4121,10635,2074,1938,4,3,2074,privat,finalizat
4122,10636,2113,666,5,1,2113,privat,finalizat
4123,10639,1788,,,,,deschis,expirat
4124,10641,1789,,,,,deschis,expirat
4125,10643,144,1946,3,0,144,privat,finalizat
4126,10651,1218,2035,,,,privat,fara_rezultat
4127,10653,1170,431,4,3,1170,privat,finalizat
4128,10657,2306,1697,0,4,1697,privat,finalizat
4129,10659,1028,1829,4,3,1028,privat,finalizat
4130,10663,1836,2092,3,4,2092,privat,finalizat
4131,10664,446,1944,1,3,1944,deschis,finalizat
4132,10671,1631,676,3,1,1631,privat,finalizat
4133,10672,2281,1522,5,4,2281,privat,finalizat
4134,10675,1566,1551,0,3,1551,privat,finalizat
4135,10683,160,774,,,,privat,fara_rezultat
4136,10687,1613,,,,,deschis,expirat
4137,10690,1685,988,2,4,988,deschis,finalizat
4138,10694,647,1738,2,4,1738,privat,finalizat
4139,10696,646,144,1,5,144,privat,finalizat
4140,10698,722,1762,3,4,1762,privat,finalizat
4141,10699,1036,1374,3,5,1374,privat,finalizat
4142,10700,409,450,5,3,409,privat,finalizat
4143,10701,2325,952,2,4,952,privat,finalizat
4144,10702,536,1953,1,3,1953,deschis,finalizat
4145,10703,2120,183,1,4,183,deschis,finalizat
4146,10704,1213,255,3,2,1213,privat,finalizat
4147,10706,1367,183,3,2,1367,privat,finalizat
4148,10707,1810,1502,3,1,1810,privat,finalizat
4149,10708,1210,,,,,deschis,expirat
4150,10709,2190,1389,4,0,2190,privat,finalizat
4151,10710,2190,1448,4,2,2190,privat,finalizat
4152,10711,1563,6,0,3,6,privat,finalizat
4153,10712,104,225,3,0,104,deschis,finalizat
4154,10715,295,2027,4,1,295,privat,finalizat
4155,10716,1856,1489,5,1,1856,deschis,finalizat
4156,10717,664,779,3,0,664,deschis,finalizat
4157,10718,1144,1789,4,0,1144,privat,finalizat
4158,10719,261,1792,,,,privat,fara_rezultat
4159,10720,775,,,,,deschis,expirat
4160,10721,119,1447,2,4,1447,privat,finalizat
4161,10723,198,1606,2,5,1606,privat,finalizat
4162,10726,1218,602,1,4,602,privat,finalizat
4163,10727,685,896,3,5,896,privat,finalizat
4164,10729,1919,2467,0,3,2467,privat,finalizat
4165,10730,649,2003,5,0,649,privat,finalizat
4166,10731,2357,145,5,0,2357,deschis,finalizat
4167,10732,1401,1179,2,3,1179,privat,finalizat
4168,10733,896,1179,3,2,896,privat,finalizat
4169,10737,260,319,4,0,260,privat,finalizat
4170,10741,1210,413,4,3,1210,privat,finalizat
4171,10742,1169,2354,5,3,1169,privat,finalizat
4172,10745,2127,1633,3,0,2127,privat,finalizat
4173,10746,2452,1758,3,0,2452,privat,finalizat
4174,10747,778,223,0,3,223,privat,finalizat
4175,10748,937,1433,3,1,937,privat,finalizat
4176,10749,561,,,,,deschis,expirat
4177,10752,561,2183,5,0,561,deschis,finalizat
4178,10754,1825,1614,3,5,1614,privat,finalizat
4179,10760,579,1771,5,0,579,privat,finalizat
4180,10765,2024,33,5,2,2024,privat,finalizat
4181,10766,450,1747,2,4,1747,deschis,finalizat
4182,10777,896,1929,2,4,1929,deschis,finalizat
4183,10780,2031,1476,1,4,1476,privat,finalizat
4184,10785,1493,267,3,2,1493,privat,finalizat
4185,10788,860,44,2,4,44,privat,finalizat
4186,10789,2121,1305,2,3,1305,privat,finalizat
4187,10791,197,647,1,4,647,deschis,finalizat
4188,10792,1592,816,2,5,816,privat,finalizat
4189,10793,883,,,,,deschis,expirat
4190,10797,1411,1946,4,3,1411,privat,finalizat
4191,10805,1572,1233,2,5,1233,privat,finalizat
4192,10811,1796,1918,3,5,1918,privat,finalizat
4193,10813,2452,561,0,3,561,privat,finalizat
4194,10815,2404,249,5,4,2404,privat,finalizat
4195,10817,2009,1536,0,4,1536,privat,finalizat
4196,10818,1818,1801,5,3,1818,privat,finalizat
4197,10821,2145,1804,5,1,2145,privat,finalizat
4198,10823,377,2143,4,3,377,privat,finalizat
4199,10824,2171,172,2,5,172,privat,finalizat
4200,10827,1314,1601,4,0,1314,deschis,finalizat
4201,10830,1748,,,,,deschis,expirat
4202,10831,2024,538,3,5,538,deschis,finalizat
4203,10833,2225,1198,,,,privat,fara_rezultat
4204,10835,374,1292,,,,privat,fara_rezultat
4205,10840,2033,2369,,,,privat,fara_rezultat
4206,10842,2379,2041,3,0,2379,privat,finalizat
4207,10846,240,171,2,4,171,privat,finalizat
4208,10847,561,2167,0,4,2167,privat,finalizat
4209,10848,2127,937,3,0,2127,deschis,finalizat
4210,10850,2190,1796,1,3,1796,privat,finalizat
4211,10853,44,1697,2,4,1697,privat,finalizat
4212,10855,1862,158,3,1,1862,privat,finalizat
4213,10862,1154,1549,1,4,1549,privat,finalizat
4214,10863,1220,816,4,2,1220,deschis,finalizat
4215,10867,971,1894,3,5,1894,privat,finalizat
4216,10869,1681,,,,,deschis,expirat
4217,10872,689,799,1,5,799,privat,finalizat
4218,10874,2453,1480,4,5,1480,deschis,finalizat
4219,10875,2434,,,,,deschis,expirat
4220,10876,2404,160,0,3,160,privat,finalizat
4221,10877,1355,1280,,,,privat,fara_rezultat
4222,10878,1858,736,3,0,1858,privat,finalizat
4223,10881,1428,1314,3,4,1314,privat,finalizat
4224,10882,1282,525,4,2,1282,privat,finalizat
4225,10884,1000,2417,5,0,1000,privat,finalizat
4226,10888,1292,646,1,3,646,deschis,finalizat
4227,10890,283,1751,3,1,283,privat,finalizat
4228,10892,1411,1826,5,3,1411,privat,finalizat
4229,10893,1269,1062,2,4,1062,privat,finalizat
4230,10894,612,198,2,5,198,privat,finalizat
4231,10895,261,1829,3,1,261,deschis,finalizat
4232,10896,775,1620,1,3,1620,deschis,finalizat
4233,10899,387,595,,,,privat,fara_rezultat
4234,10903,2129,1926,3,0,2129,privat,finalizat
4235,10904,1053,873,,,,privat,fara_rezultat
4236,10906,1329,367,3,5,367,privat,finalizat
4237,10910,1028,612,5,3,1028,privat,finalizat
4238,10911,1549,2304,3,5,2304,privat,finalizat
4239,10913,1424,2003,1,4,2003,privat,finalizat
4240,10914,778,1004,4,3,778,privat,finalizat
4241,10916,985,61,5,4,985,privat,finalizat
4242,10917,1361,1417,,,,privat,fara_rezultat
4243,10919,787,538,4,0,787,privat,finalizat
4244,10933,2385,937,5,2,2385,privat,finalizat
4245,10934,2310,1039,1,3,1039,privat,finalizat
4246,10936,2326,1300,0,5,1300,deschis,finalizat
4247,10938,67,,,,,deschis,expirat
4248,10941,2119,1354,1,3,1354,privat,finalizat
4249,10944,952,536,,,,privat,fara_rezultat
4250,10945,1953,1098,,,,privat,fara_rezultat
4251,10947,2004,2224,0,5,2224,privat,finalizat
4252,10948,174,1551,,,,privat,fara_rezultat
4253,10950,947,,,,,deschis,expirat
4254,10953,656,2435,,,,privat,fara_rezultat
4255,10959,778,1938,,,,privat,fara_rezultat
4256,10964,1858,425,2,4,425,privat,finalizat
4257,10966,670,2320,2,3,2320,privat,finalizat
4258,10968,1833,,,,,deschis,expirat
4259,10970,1228,,,,,deschis,expirat
4260,10971,1098,443,1,5,443,privat,finalizat
4261,10973,2325,1228,5,2,2325,privat,finalizat
4262,10978,1777,453,0,3,453,privat,finalizat
4263,10983,1796,2164,5,1,1796,privat,finalizat
4264,10984,2183,249,2,5,249,privat,finalizat
4265,10986,623,1901,4,3,623,deschis,finalizat
4266,10988,1363,868,,,,deschis,fara_rezultat
4267,10990,722,2470,,,,privat,fara_rezultat
4268,10993,646,1098,4,1,646,privat,finalizat
4269,10998,1502,651,,,,privat,fara_rezultat
4270,11000,1581,901,4,1,1581,privat,finalizat
4271,11001,493,1388,3,1,493,deschis,finalizat
4272,11002,2004,,,,,deschis,expirat
4273,11004,2393,,,,,deschis,expirat
4274,11007,1004,334,3,4,334,privat,finalizat
4275,11010,2001,1359,4,2,2001,deschis,finalizat
4276,11011,2284,2294,4,2,2284,deschis,finalizat
4277,11012,1294,1771,,,,privat,fara_rezultat
4278,11013,816,1965,,,,privat,fara_rezultat
4279,11014,646,815,5,2,646,privat,finalizat
4280,11015,1168,1292,2,3,1292,privat,finalizat
4281,11017,1687,1144,1,5,1144,privat,finalizat
4282,11019,1789,1773,,,,privat,fara_rezultat
4283,11022,2233,1919,3,4,1919,privat,finalizat
4284,11024,1777,453,5,3,1777,privat,finalizat
4285,11025,2120,1681,3,5,1681,privat,finalizat
4286,11027,327,413,,,,privat,fara_rezultat
4287,11028,1389,558,5,1,1389,deschis,finalizat
4288,11029,1683,188,1,4,188,privat,finalizat
4289,11031,792,2181,1,4,2181,privat,finalizat
4290,11033,1396,,,,,deschis,expirat
4291,11035,988,867,3,1,988,privat,finalizat
4292,11037,1060,1295,3,5,1295,deschis,finalizat
4293,11045,285,261,4,1,285,privat,finalizat
4294,11052,676,183,4,0,676,privat,finalizat
4295,11060,1367,2252,5,4,1367,privat,finalizat
4296,11061,896,278,1,4,278,privat,finalizat
4297,11063,240,,,,,deschis,expirat
4298,11064,745,2344,3,0,745,privat,finalizat
4299,11068,2283,245,3,1,2283,deschis,finalizat
4300,11069,558,245,4,2,558,privat,finalizat
4301,11076,1613,763,0,4,763,privat,finalizat
4302,11077,852,878,2,4,878,deschis,finalizat
4303,11084,2304,1022,4,1,2304,deschis,finalizat
4304,11085,434,,,,,deschis,expirat
4305,11086,646,1154,3,0,646,deschis,finalizat
4306,11087,2095,2471,,,,privat,fara_rezultat
4307,11090,1581,1388,,,,deschis,fara_rezultat
4308,11092,2169,1388,5,1,2169,deschis,finalizat
4309,11093,836,2430,3,1,836,privat,finalizat
4310,11095,1482,909,4,0,1482,privat,finalizat
4311,11097,28,2074,3,1,28,privat,finalizat
4312,11099,561,2455,4,0,561,privat,finalizat
4313,11101,1020,1570,2,4,1570,privat,finalizat
4314,11105,878,1314,0,5,1314,privat,finalizat
4315,11107,1411,1490,4,3,1411,privat,finalizat
4316,11108,1965,630,2,4,630,privat,finalizat
4317,11109,664,285,3,1,664,privat,finalizat
4318,11115,1721,2169,3,4,2169,privat,finalizat
4319,11116,971,1723,3,2,971,privat,finalizat
4320,11117,27,1313,5,1,27,privat,finalizat
4321,11119,2337,1476,2,3,1476,privat,finalizat
4322,11123,186,792,5,2,186,privat,finalizat
4323,11124,44,1445,0,3,1445,privat,finalizat
4324,11129,2294,1736,1,4,1736,privat,finalizat
4325,11131,647,579,3,0,647,deschis,finalizat
4326,11132,2090,1365,2,5,1365,deschis,finalizat
4327,11134,1397,1028,2,5,1028,deschis,finalizat
4328,11136,1471,,,,,deschis,expirat
4329,11137,1663,630,,,,deschis,fara_rezultat
4330,11138,1365,612,3,1,1365,privat,finalizat
4331,11149,2475,1574,0,3,1574,deschis,finalizat
4332,11151,2211,2215,4,1,2211,privat,finalizat
4333,11152,2113,1634,5,1,2113,privat,finalizat
4334,11153,391,295,4,1,391,privat,finalizat
4335,11155,1856,571,4,0,1856,privat,finalizat
4336,11157,1489,1298,4,2,1489,privat,finalizat
4337,11158,643,,,,,deschis,expirat
4338,11161,643,1062,,,,privat,fara_rezultat
4339,11163,722,1417,4,5,1417,deschis,finalizat
4340,11171,676,1810,,,,privat,fara_rezultat
4341,11172,1458,1998,5,4,1458,deschis,finalizat
4342,11173,123,1561,0,5,1561,privat,finalizat
4343,11174,1915,1561,4,3,1915,deschis,finalizat
4344,11184,678,1741,3,0,678,deschis,finalizat
4345,11186,2145,1342,4,3,2145,privat,finalizat
4346,11188,571,1489,2,4,1489,deschis,finalizat
4347,11189,333,876,2,3,876,privat,finalizat
4348,11190,2225,1773,4,0,2225,privat,finalizat
4349,11194,2379,1414,3,0,2379,privat,finalizat
4350,11195,1357,455,4,2,1357,privat,finalizat
4351,11199,2390,207,3,4,207,privat,finalizat
4352,11200,1022,1062,4,3,1022,deschis,finalizat
4353,11201,2119,,,,,deschis,expirat
4354,11202,1870,1965,5,2,1870,privat,finalizat
4355,11204,2404,1700,1,5,1700,privat,finalizat
4356,11210,775,2348,5,2,775,privat,finalizat
4357,11211,319,145,4,5,145,privat,finalizat
4358,11214,453,1791,4,0,453,privat,finalizat
4359,11215,2129,855,1,4,855,privat,finalizat
4360,11218,1256,951,2,4,951,privat,finalizat
4361,11219,1748,777,3,0,1748,privat,finalizat
4362,11223,2325,144,3,4,144,privat,finalizat
4363,11224,737,255,,,,privat,fara_rezultat
4364,11225,2186,2445,2,3,2445,privat,finalizat
4365,11227,1544,85,,,,privat,fara_rezultat
4366,11230,1502,527,4,3,1502,privat,finalizat
4367,11232,2126,612,2,3,612,privat,finalizat
4368,11235,1126,40,,,,privat,fara_rezultat
4369,11238,1789,2304,3,2,1789,privat,finalizat
4370,11245,1098,807,,,,privat,fara_rezultat
4371,11251,493,1522,,,,privat,fara_rezultat
4372,11252,894,1723,5,1,894,deschis,finalizat
4373,11255,234,260,5,2,234,privat,finalizat
4374,11259,2363,715,3,1,2363,deschis,finalizat
4375,11260,2409,2208,4,2,2409,deschis,finalizat
4376,11262,778,,,,,deschis,expirat
4377,11265,2295,367,2,4,367,privat,finalizat
4378,11266,1494,2121,0,4,2121,privat,finalizat
4379,11268,1357,1489,1,3,1489,privat,finalizat
4380,11272,1471,1144,0,3,1144,privat,finalizat
4381,11274,1154,1321,4,2,1154,deschis,finalizat
4382,11277,2003,947,1,3,947,privat,finalizat
4383,11280,171,926,,,,deschis,fara_rezultat
4384,11282,2453,2434,,,,privat,fara_rezultat
4385,11284,1360,1039,1,4,1039,privat,finalizat
4386,11286,2139,6,2,3,6,privat,finalizat
4387,11287,1371,1906,1,4,1906,deschis,finalizat
4388,11288,443,1763,3,0,443,privat,finalizat
4389,11291,1145,1808,4,3,1145,privat,finalizat
4390,11294,40,234,4,1,40,privat,finalizat
4391,11296,453,,,,,deschis,expirat
4392,11297,901,1218,4,0,901,privat,finalizat
4393,11298,2033,1172,0,4,1172,privat,finalizat
4394,11301,2003,901,0,4,901,privat,finalizat
4395,11302,1495,1424,0,3,1424,privat,finalizat
4396,11306,2163,1451,2,3,1451,deschis,finalizat
4397,11308,1862,,,,,deschis,expirat
4398,11309,67,2426,3,1,67,deschis,finalizat
4399,11310,2027,283,5,0,2027,deschis,finalizat
4400,11311,672,2320,3,2,672,privat,finalizat
4401,11312,2244,826,5,2,2244,deschis,finalizat
4402,11313,722,1829,3,0,722,privat,finalizat
4403,11314,2056,1292,2,5,1292,privat,finalizat
4404,11323,2304,2180,3,0,2304,privat,finalizat
4405,11324,1522,1961,,,,deschis,fara_rezultat
4406,11325,1566,869,5,0,1566,deschis,finalizat
4407,11327,215,1522,3,4,1522,privat,finalizat
4408,11328,1522,145,3,2,1522,privat,finalizat
4409,11331,2281,2233,5,1,2281,deschis,finalizat
4410,11333,1169,2344,5,1,1169,deschis,finalizat
4411,11343,1359,470,,,,privat,fara_rezultat
4412,11344,2388,598,3,0,2388,privat,finalizat
4413,11345,876,437,0,3,437,privat,finalizat
4414,11350,145,,,,,deschis,expirat
4415,11353,651,,,,,deschis,expirat
4416,11356,1495,2224,0,5,2224,deschis,finalizat
4417,11359,744,10,1,5,10,privat,finalizat
4418,11368,1645,2265,0,4,2265,privat,finalizat
4419,11373,708,269,4,3,708,privat,finalizat
4420,11374,2417,876,2,5,876,privat,finalizat
4421,11375,1022,2304,1,5,2304,privat,finalizat
4422,11376,450,1411,4,2,450,deschis,finalizat
4423,11377,2092,1829,4,5,1829,privat,finalizat
4424,11378,2142,1663,0,3,1663,privat,finalizat
4425,11381,2095,1756,,,,privat,fara_rezultat
4426,11382,1401,1548,,,,deschis,fara_rezultat
4427,11383,1737,1262,,,,privat,fara_rezultat
4428,11386,2459,,,,,deschis,expirat
4429,11389,2074,,,,,deschis,expirat
4430,11391,1993,2478,,,,privat,fara_rezultat
4431,11396,743,1791,1,3,1791,privat,finalizat
4432,11398,722,2090,0,5,2090,privat,finalizat
4433,11399,525,283,,,,privat,fara_rezultat
4434,11402,1946,1228,3,1,1946,deschis,finalizat
4435,11404,646,,,,,deschis,expirat
4436,11405,1762,1145,1,3,1145,privat,finalizat
4437,11410,1890,993,,,,privat,fara_rezultat
4438,11412,1094,645,0,3,645,privat,finalizat
4439,11413,1476,515,5,2,1476,deschis,finalizat
4440,11414,2452,2385,3,5,2385,privat,finalizat
4441,11423,1494,1751,,,,privat,fara_rezultat
4442,11429,2006,,,,,deschis,expirat
4443,11430,1113,2035,1,5,2035,deschis,finalizat
4444,11436,646,2470,1,4,2470,deschis,finalizat
4445,11438,664,1028,4,1,664,privat,finalizat
4446,11439,450,401,3,5,401,privat,finalizat
4447,11440,901,260,4,2,901,deschis,finalizat
4448,11442,2127,1918,3,4,1918,privat,finalizat
4449,11443,2409,561,2,5,561,privat,finalizat
4450,11445,2095,1773,0,3,1773,privat,finalizat
4451,11446,229,63,1,4,63,privat,finalizat
4452,11454,1361,,,,,deschis,expirat
4453,11457,722,63,2,3,63,privat,finalizat
4454,11465,685,145,0,5,145,privat,finalizat
4455,11469,1587,2337,4,0,1587,privat,finalizat
4456,11471,2110,2283,4,5,2283,privat,finalizat
4457,11476,952,722,1,4,722,privat,finalizat
4458,11478,1424,319,,,,deschis,fara_rezultat
4459,11479,1388,215,,,,privat,fara_rezultat
4460,11481,390,911,3,4,911,deschis,finalizat
4461,11482,1169,1094,,,,privat,fara_rezultat
4462,11488,1546,1691,1,5,1691,privat,finalizat
4463,11494,1397,1763,,,,privat,fara_rezultat
4464,11496,1773,1361,,,,privat,fara_rezultat
4465,11501,952,2092,2,3,2092,privat,finalizat
4466,11502,1213,278,4,1,1213,privat,finalizat
4467,11505,2252,881,3,0,2252,privat,finalizat
4468,11506,2224,881,2,3,881,privat,finalizat
4469,11507,1522,1201,5,3,1522,privat,finalizat
4470,11508,1777,1262,,,,deschis,fara_rezultat
4471,11514,171,2297,2,5,2297,deschis,finalizat
4472,11517,334,820,3,0,334,deschis,finalizat
4473,11521,2417,876,3,2,2417,deschis,finalizat
4474,11522,1946,2092,,,,privat,fara_rezultat
4475,11523,1789,2470,4,0,1789,privat,finalizat
4476,11524,1397,1028,0,5,1028,privat,finalizat
4477,11525,1321,722,1,3,722,privat,finalizat
4478,11528,2224,2467,1,3,2467,privat,finalizat
4479,11530,1126,2252,5,0,1126,deschis,finalizat
4480,11531,138,2393,4,3,138,privat,finalizat
4481,11533,2110,2129,3,1,2110,privat,finalizat
4482,11534,1633,1599,1,4,1599,privat,finalizat
4483,11535,28,1602,4,1,28,privat,finalizat
4484,11537,249,2183,5,3,249,privat,finalizat
4485,11546,1249,708,0,5,708,privat,finalizat
4486,11547,1687,1144,,,,privat,fara_rezultat
4487,11549,883,91,4,1,883,privat,finalizat
4488,11552,1631,1561,4,0,1631,deschis,finalizat
4489,11559,561,,,,,deschis,expirat
4490,11560,334,2183,4,5,2183,deschis,finalizat
4491,11563,1428,,,,,deschis,expirat
4492,11567,664,787,,,,privat,fara_rezultat
4493,11568,643,1953,3,2,643,deschis,finalizat
4494,11572,40,,,,,deschis,expirat
4495,11574,1367,2252,4,3,1367,deschis,finalizat
4496,11577,744,2445,5,3,744,privat,finalizat
4497,11578,1807,2455,5,3,1807,privat,finalizat
4498,11585,1494,878,0,3,878,privat,finalizat
4499,11587,1169,1499,5,4,1169,privat,finalizat
4500,11589,2326,2407,5,4,2326,privat,finalizat
4501,11594,1944,446,,,,privat,fara_rezultat
4502,11596,815,2436,,,,privat,fara_rezultat
4503,11597,1663,159,,,,privat,fara_rezultat
4504,11599,1396,1618,1,3,1618,privat,finalizat
4505,11601,2295,2121,3,1,2295,privat,finalizat
4506,11603,2294,826,5,3,2294,deschis,finalizat
4507,11606,525,1788,0,5,1788,privat,finalizat
4508,11608,1721,174,,,,privat,fara_rezultat
4509,11614,881,260,,,,privat,fara_rezultat
4510,11615,1179,901,,,,deschis,fara_rezultat
4511,11617,1458,1126,2,4,1126,privat,finalizat
4512,11618,2176,1884,0,5,1884,privat,finalizat
4513,11619,1221,623,4,3,1221,privat,finalizat
4514,11624,249,2183,4,2,249,privat,finalizat
4515,11626,1593,446,3,5,446,privat,finalizat
4516,11627,646,480,4,5,480,privat,finalizat
4517,11629,269,979,2,3,979,privat,finalizat
4518,11630,563,,,,,deschis,expirat
4519,11632,1458,1008,4,0,1458,privat,finalizat
4520,11633,493,1025,,,,deschis,fara_rezultat
4521,11635,327,,,,,deschis,expirat
4522,11636,144,1129,,,,privat,fara_rezultat
4523,11637,1477,1036,4,5,1036,privat,finalizat
4524,11641,1460,61,2,3,61,privat,finalizat
4525,11642,1945,1147,,,,deschis,fara_rezultat
4526,11644,1018,2212,2,5,2212,privat,finalizat
4527,11647,1620,1447,,,,privat,fara_rezultat
4528,11649,1944,1593,1,3,1593,privat,finalizat
4529,11652,651,174,,,,privat,fara_rezultat
4530,11654,2169,1388,5,1,2169,privat,finalizat
4531,11658,301,,,,,deschis,expirat
4532,11659,1424,123,4,0,1424,privat,finalizat
4533,11666,647,197,5,2,647,deschis,finalizat
4534,11667,1423,571,4,3,1423,privat,finalizat
4535,11668,2048,202,5,2,2048,privat,finalizat
4536,11673,2304,1549,5,2,2304,privat,finalizat
4537,11679,615,2297,0,3,2297,privat,finalizat
4538,11680,656,799,4,3,656,privat,finalizat
4539,11681,938,1837,,,,deschis,fara_rezultat
4540,11682,334,2486,0,3,2486,deschis,finalizat
4541,11683,2452,2127,2,3,2127,privat,finalizat
4542,11684,249,368,,,,privat,fara_rezultat
4543,11686,2390,583,3,0,2390,privat,finalizat
4544,11690,2209,355,2,4,355,deschis,finalizat
4545,11694,1163,2141,2,4,2141,deschis,finalizat
4546,11695,1836,374,3,1,1836,privat,finalizat
4547,11697,1397,1792,,,,deschis,fara_rezultat
4548,11698,1397,2212,3,0,1397,deschis,finalizat
4549,11699,2141,229,,,,privat,fara_rezultat
4550,11702,910,2317,5,2,910,privat,finalizat
4551,11703,234,1561,3,2,234,privat,finalizat
4552,11705,608,1287,5,2,608,privat,finalizat
4553,11707,1179,415,2,3,415,privat,finalizat
4554,11714,2005,1863,,,,privat,fara_rezultat
4555,11723,2024,285,3,2,2024,privat,finalizat
4556,11726,2325,1490,0,5,1490,privat,finalizat
4557,11728,2379,2041,5,3,2379,privat,finalizat
4558,11730,2369,1929,4,5,1929,privat,finalizat
4559,11739,1807,2164,4,2,1807,privat,finalizat
4560,11743,1579,888,5,2,1579,deschis,finalizat
4561,11744,1252,,,,,deschis,expirat
4562,11745,670,1940,3,5,1940,privat,finalizat
4563,11746,2478,,,,,deschis,expirat
4564,11750,563,1363,,,,deschis,fara_rezultat
4565,11755,1262,1998,0,3,1998,privat,finalizat
4566,11756,1008,1388,5,4,1008,privat,finalizat
4567,11757,1791,916,4,5,916,privat,finalizat
4568,11759,1723,1093,1,3,1093,privat,finalizat
4569,11762,2213,1482,3,2,2213,privat,finalizat
4570,11768,1343,1075,0,5,1075,deschis,finalizat
4571,11770,1676,437,3,0,1676,privat,finalizat
4572,11772,1028,2142,2,3,2142,privat,finalizat
4573,11776,319,1998,3,5,1998,privat,finalizat
4574,11778,1172,737,5,1,1172,privat,finalizat
4575,11779,836,255,3,5,255,deschis,finalizat
4576,11781,2074,1448,3,2,2074,privat,finalizat
4577,11782,28,249,3,5,249,deschis,finalizat
4578,11785,2245,1428,3,1,2245,privat,finalizat
4579,11786,2417,1833,4,2,2417,privat,finalizat
4580,11788,2317,91,,,,privat,fara_rezultat
4581,11791,2404,160,,,,privat,fara_rezultat
4582,11792,561,1519,,,,privat,fara_rezultat
4583,11793,1602,2164,5,1,1602,deschis,finalizat
4584,11795,529,2006,1,3,2006,privat,finalizat
4585,11798,643,,,,,deschis,expirat
4586,11800,883,1018,2,3,1018,privat,finalizat
4587,11801,198,630,1,4,630,privat,finalizat
4588,11810,1502,,,,,deschis,expirat
4589,11811,938,1476,1,3,1476,deschis,finalizat
4590,11821,443,1792,1,3,1792,privat,finalizat
4591,11822,2227,1756,,,,privat,fara_rezultat
4592,11823,1213,1495,5,4,1213,deschis,finalizat
4593,11826,2113,1434,5,4,2113,privat,finalizat
4594,11827,1284,1601,3,0,1284,privat,finalizat
4595,11829,214,1771,3,1,214,privat,finalizat
4596,11833,2009,362,1,3,362,privat,finalizat
4597,11836,1808,,,,,deschis,expirat
4598,11838,1631,,,,,deschis,expirat
4599,11839,1029,651,2,4,651,privat,finalizat
4600,11845,2348,1762,2,4,1762,privat,finalizat
4601,11846,1018,952,1,3,952,privat,finalizat
4602,11848,1365,2142,4,1,1365,privat,finalizat
4603,11850,176,1561,,,,privat,fara_rezultat
4604,11851,1458,,,,,deschis,expirat
4605,11853,869,1462,4,3,869,privat,finalizat
4606,11857,1633,141,,,,deschis,fara_rezultat
4607,11858,1480,1609,4,3,1480,privat,finalizat
4608,11859,28,1053,5,2,28,deschis,finalizat
4609,11865,1284,525,4,2,1284,privat,finalizat
4610,11872,608,1572,4,2,608,deschis,finalizat
4611,11877,1476,390,,,,deschis,fara_rezultat
4612,11883,627,1470,5,2,627,deschis,finalizat
4613,11884,1878,969,,,,deschis,fara_rezultat
4614,11885,1771,979,,,,deschis,fara_rezultat
4615,11886,647,1875,4,5,1875,deschis,finalizat
4616,11887,1411,883,3,4,883,privat,finalizat
4617,11894,1502,2252,5,2,1502,privat,finalizat
4618,11896,1737,1029,,,,privat,fara_rezultat
4619,11898,737,602,,,,privat,fara_rezultat
4620,11900,1845,715,,,,deschis,fara_rezultat
4621,11907,2012,2026,1,3,2026,privat,finalizat
4622,11908,1861,,,,,deschis,expirat
4623,11911,672,2245,0,3,2245,privat,finalizat
4624,11920,2169,493,3,5,493,deschis,finalizat
4625,11921,1462,1681,3,0,1462,privat,finalizat
4626,11922,301,1710,0,3,1710,deschis,finalizat
4627,11927,1723,1401,5,1,1723,privat,finalizat
4628,11928,1721,1113,3,1,1721,privat,finalizat
4629,11931,730,1521,3,1,730,privat,finalizat
4630,11936,792,948,,,,privat,fara_rezultat
4631,11939,197,2442,1,3,2442,privat,finalizat
4632,11942,1129,952,4,1,1129,deschis,finalizat
4633,11945,1789,1354,3,0,1789,privat,finalizat
4634,11947,1965,2227,5,3,1965,deschis,finalizat
4635,11950,1810,527,5,2,1810,deschis,finalizat
4636,11952,971,1233,4,3,971,privat,finalizat
4637,11953,2169,1581,,,,deschis,fara_rezultat
4638,11954,685,916,,,,privat,fara_rezultat
4639,11956,2003,,,,,deschis,expirat
4640,11958,926,745,3,2,926,privat,finalizat
4641,11960,1845,39,2,3,39,privat,finalizat
4642,11963,1169,431,,,,privat,fara_rezultat
4643,11964,1433,2409,,,,privat,fara_rezultat
4644,11966,2310,561,5,2,2310,privat,finalizat
4645,11969,1901,1887,4,2,1901,deschis,finalizat
4646,11970,626,,,,,deschis,expirat
4647,11972,2288,1246,5,0,2288,privat,finalizat
4648,11973,1617,,,,,deschis,expirat
4649,11978,1777,,,,,deschis,expirat
4650,11983,191,774,0,4,774,privat,finalizat
4651,11988,1355,2326,5,0,1355,deschis,finalizat
4652,11989,534,516,1,3,516,privat,finalizat
4653,11998,255,2268,4,3,255,deschis,finalizat
4654,11999,1364,2183,0,5,2183,privat,finalizat
4655,12000,1053,1602,2,4,1602,privat,finalizat
4656,12003,1280,1741,2,4,1741,privat,finalizat
4657,12004,2288,1917,4,2,2288,privat,finalizat
4658,12005,1282,114,3,1,1282,privat,finalizat
4659,12007,664,538,0,3,538,privat,finalizat
4660,12008,304,401,2,5,401,deschis,finalizat
4661,12009,775,1763,0,3,1763,privat,finalizat
4662,12012,2245,,,,,deschis,expirat
4663,12018,1687,1163,4,1,1687,deschis,finalizat
4664,12022,1261,910,2,4,910,privat,finalizat
4665,12024,1907,2109,5,3,1907,deschis,finalizat
4666,12029,787,1870,,,,privat,fara_rezultat
4667,12031,787,229,,,,privat,fara_rezultat
4668,12032,2183,1602,2,3,1602,privat,finalizat
4669,12033,1599,1633,,,,privat,fara_rezultat
4670,12037,158,2037,4,3,158,privat,finalizat
4671,12043,2095,1593,4,2,2095,privat,finalizat
4672,12045,1022,,,,,deschis,expirat
4673,12049,2433,1548,1,4,1548,privat,finalizat
4674,12051,645,,,,,deschis,expirat
4675,12053,561,2310,2,5,2310,privat,finalizat
4676,12057,1931,2189,4,1,1931,privat,finalizat
4677,12061,2142,,,,,deschis,expirat
4678,12063,119,,,,,deschis,expirat
4679,12064,1495,2430,4,3,1495,privat,finalizat
4680,12065,1015,1522,,,,deschis,fara_rezultat
4681,12071,948,1020,,,,deschis,fara_rezultat
4682,12073,443,450,2,3,450,privat,finalizat
4683,12074,2090,,,,,deschis,expirat
4684,12075,2120,651,1,3,651,privat,finalizat
4685,12076,527,,,,,deschis,expirat
4686,12078,301,1287,2,5,1287,privat,finalizat
4687,12087,149,1974,3,5,1974,privat,finalizat
4688,12089,1545,736,3,2,1545,privat,finalizat
4689,12093,1756,1365,2,3,1365,privat,finalizat
4690,12095,2126,1018,3,1,2126,privat,finalizat
4691,12096,787,450,,,,privat,fara_rezultat
4692,12098,374,883,2,4,883,privat,finalizat
4693,12101,2116,1172,3,4,1172,deschis,finalizat
4694,12103,1810,1029,,,,privat,fara_rezultat
4695,12104,1388,183,2,4,183,privat,finalizat
4696,12105,1113,602,1,3,602,deschis,finalizat
4697,12108,2233,1572,0,4,1572,privat,finalizat
4698,12110,656,1299,3,5,1299,deschis,finalizat
4699,12111,138,171,1,4,171,deschis,finalizat
4700,12114,2483,2385,0,3,2385,privat,finalizat
4701,12116,1602,,,,,deschis,expirat
4702,12118,1468,1300,3,1,1468,deschis,finalizat
4703,12122,1129,480,1,3,480,privat,finalizat
4704,12123,446,2316,2,3,2316,deschis,finalizat
4705,12124,2090,2024,1,5,2024,privat,finalizat
4706,12127,2379,1631,3,1,2379,privat,finalizat
4707,12132,493,2309,,,,privat,fara_rezultat
4708,12133,901,255,4,0,901,deschis,finalizat
4709,12134,125,1581,,,,privat,fara_rezultat
4710,12135,1548,,,,,deschis,expirat
4711,12138,1170,1402,3,4,1402,deschis,finalizat
4712,12139,380,1887,,,,deschis,fara_rezultat
4713,12140,335,895,,,,privat,fara_rezultat
4714,12144,391,749,,,,deschis,fara_rezultat
4715,12145,2426,1252,1,3,1252,privat,finalizat
4716,12146,295,2027,,,,privat,fara_rezultat
4717,12147,2001,1085,4,2,2001,deschis,finalizat
4718,12149,612,807,4,1,612,privat,finalizat
4719,12150,1144,1687,4,0,1144,privat,finalizat
4720,12153,119,1154,4,5,1154,privat,finalizat
4721,12156,1367,415,,,,privat,fara_rezultat
4722,12159,1233,894,3,5,894,privat,finalizat
4723,12161,2151,297,,,,privat,fara_rezultat
4724,12163,2067,1611,3,1,2067,privat,finalizat
4725,12164,1758,1884,,,,privat,fara_rezultat
4726,12166,778,,,,,deschis,expirat
4727,12168,210,,,,,deschis,expirat
4728,12169,2044,,,,,deschis,expirat
4729,12170,867,2020,2,4,2020,privat,finalizat
4730,12171,2245,1314,0,3,1314,deschis,finalizat
4731,12175,823,,,,,deschis,expirat
4732,12181,807,1269,3,4,1269,privat,finalizat
4733,12182,1129,2471,0,5,2471,privat,finalizat
4734,12183,2126,450,1,3,450,privat,finalizat
4735,12186,450,1986,3,4,1986,privat,finalizat
4736,12188,1278,434,2,3,434,privat,finalizat
4737,12189,775,2056,4,2,775,deschis,finalizat
4738,12190,125,1603,3,0,125,privat,finalizat
4739,12191,869,651,2,5,651,privat,finalizat
4740,12194,649,255,3,1,649,deschis,finalizat
4741,12195,1581,1915,,,,deschis,fara_rezultat
4742,12196,1113,743,1,5,743,deschis,finalizat
4743,12201,234,1919,3,4,1919,privat,finalizat
4744,12203,737,2224,1,5,2224,privat,finalizat
4745,12204,1345,2473,3,0,1345,privat,finalizat
4746,12205,615,926,4,1,615,privat,finalizat
4747,12206,2459,2005,1,3,2005,privat,finalizat
4748,12210,2409,2434,4,2,2409,privat,finalizat
4749,12212,1519,1192,4,0,1519,deschis,finalizat
4750,12215,639,,,,,deschis,expirat
4751,12217,1536,654,3,1,1536,privat,finalizat
4752,12218,1613,948,5,3,1613,privat,finalizat
4753,12220,2037,2193,1,4,2193,privat,finalizat
4754,12223,647,1544,5,2,647,privat,finalizat
4755,12224,647,2443,3,4,2443,privat,finalizat
4756,12227,529,1792,0,4,1792,privat,finalizat
4757,12229,1354,1808,5,1,1354,privat,finalizat
4758,12233,2357,2281,0,4,2281,privat,finalizat
4759,12235,1401,602,1,4,602,privat,finalizat
4760,12237,234,2116,3,0,234,privat,finalizat
4761,12238,1737,278,3,0,1737,privat,finalizat
4762,12242,1721,,,,,deschis,expirat
4763,12244,1837,2297,2,5,2297,privat,finalizat
4764,12249,558,1521,2,4,1521,deschis,finalizat
4765,12250,201,1801,3,5,1801,privat,finalizat
4766,12252,2000,771,3,4,771,privat,finalizat
4767,12253,357,2475,,,,privat,fara_rezultat
4768,12254,784,509,4,1,784,privat,finalizat
4769,12257,1570,895,1,5,895,privat,finalizat
4770,12258,439,792,,,,privat,fara_rezultat
4771,12261,1246,985,4,5,985,privat,finalizat
4772,12263,1359,,,,,deschis,expirat
4773,12264,1173,,,,,deschis,expirat
4774,12269,1829,1808,0,4,1808,privat,finalizat
4775,12270,1953,2095,1,3,2095,privat,finalizat
4776,12272,2348,1321,2,4,1321,deschis,finalizat
4777,12274,646,952,5,3,646,privat,finalizat
4778,12275,1953,1762,0,3,1762,privat,finalizat
4779,12276,1762,1045,3,0,1762,privat,finalizat
4780,12277,1144,1687,,,,deschis,fara_rezultat
4781,12284,685,1791,3,2,685,deschis,finalizat
4782,12290,1669,176,1,3,176,deschis,finalizat
4783,12291,2186,998,2,5,998,privat,finalizat
4784,12295,2164,181,3,5,181,privat,finalizat
4785,12297,2167,2481,,,,privat,fara_rezultat
4786,12299,207,,,,,deschis,expirat
4787,12300,1888,1504,4,2,1888,privat,finalizat
4788,12302,985,1148,2,3,1148,privat,finalizat
4789,12309,951,13,2,3,13,privat,finalizat
4790,12312,2090,229,5,3,2090,deschis,finalizat
4791,12313,1762,807,1,3,807,deschis,finalizat
4792,12314,1278,1397,3,2,1278,deschis,finalizat
4793,12315,144,816,0,3,816,deschis,finalizat
4794,12317,189,816,1,3,816,privat,finalizat
4795,12318,1773,816,1,4,816,privat,finalizat
4796,12322,1946,374,4,2,1946,privat,finalizat
4797,12323,1593,1762,4,0,1593,privat,finalizat
4798,12324,1810,1566,5,2,1810,privat,finalizat
4799,12330,1482,966,,,,privat,fara_rezultat
4800,12339,1602,2127,4,5,2127,privat,finalizat
4801,12342,2123,1993,5,2,2123,deschis,finalizat
4802,12345,1544,437,0,3,437,privat,finalizat
4803,12350,2471,1145,4,2,2471,privat,finalizat
4804,12352,1098,229,0,5,229,privat,finalizat
4805,12353,1592,,,,,deschis,expirat
4806,12354,1808,1269,,,,deschis,fara_rezultat
4807,12356,1374,1036,,,,privat,fara_rezultat
4808,12358,301,2430,,,,privat,fara_rezultat
4809,12360,2003,,,,,deschis,expirat
4810,12361,145,,,,,deschis,expirat
4811,12362,2467,2369,5,1,2467,privat,finalizat
4812,12363,1126,2041,1,5,2041,privat,finalizat
4813,12364,1287,453,,,,privat,fara_rezultat
4814,12366,39,715,2,5,715,privat,finalizat
4815,12373,2209,1983,3,0,2209,privat,finalizat
4816,12374,98,1080,4,1,98,deschis,finalizat
4817,12375,1000,85,3,2,1000,privat,finalizat
4818,12378,229,816,3,4,816,privat,finalizat
4819,12382,878,2336,,,,privat,fara_rezultat
4820,12395,1354,1965,1,5,1965,privat,finalizat
4821,12396,1919,608,3,1,1919,privat,finalizat
4822,12400,87,154,3,1,87,privat,finalizat
4823,12401,1683,1280,3,0,1683,privat,finalizat
4824,12402,2336,1329,5,0,2336,privat,finalizat
4825,12403,672,1530,3,5,1530,privat,finalizat
4826,12404,2081,,,,,deschis,expirat
4827,12407,446,304,1,4,304,privat,finalizat
4828,12408,1961,1631,,,,privat,fara_rezultat
4829,12409,1391,2297,4,0,1391,privat,finalizat
4830,12419,2212,1808,0,4,1808,deschis,finalizat
4831,12422,1184,913,3,4,913,privat,finalizat
4832,12423,379,107,1,3,107,deschis,finalizat
4833,12424,476,1342,1,4,1342,privat,finalizat
4834,12426,646,2090,0,3,2090,privat,finalizat
4835,12427,443,63,3,2,443,privat,finalizat
4836,12441,1753,1747,1,4,1747,deschis,finalizat
4837,12443,1792,,,,,deschis,expirat
4838,12444,883,480,3,1,883,privat,finalizat
4839,12446,2024,1756,4,5,1756,privat,finalizat
4840,12455,992,2369,,,,deschis,fara_rezultat
4841,12457,2297,2498,5,2,2297,privat,finalizat
4842,12463,439,2223,,,,privat,fara_rezultat
4843,12464,1148,20,3,2,1148,privat,finalizat
4844,12466,1030,76,2,5,76,privat,finalizat
4845,12468,823,584,1,4,584,privat,finalizat
4846,12471,304,2316,5,3,304,deschis,finalizat
4847,12472,229,,,,,deschis,expirat
4848,12473,676,1126,1,3,1126,deschis,finalizat
4849,12476,1522,1008,3,1,1522,privat,finalizat
4850,12477,1566,1958,5,4,1566,privat,finalizat
4851,12480,608,1603,,,,privat,fara_rezultat
4852,12484,1820,2164,1,3,2164,privat,finalizat
4853,12486,953,128,3,1,953,deschis,finalizat
4854,12490,2443,647,5,3,2443,deschis,finalizat
4855,12491,2325,1168,,,,privat,fara_rezultat
4856,12492,1417,1269,,,,privat,fara_rezultat
4857,12494,916,,,,,deschis,expirat
4858,12496,608,2116,2,5,2116,privat,finalizat
4859,12497,2087,947,,,,privat,fara_rezultat
4860,12498,2261,685,1,3,685,deschis,finalizat
4861,12503,2127,1433,2,5,1433,privat,finalizat
4862,12504,1342,1862,,,,privat,fara_rezultat
4863,12505,1359,627,2,4,627,privat,finalizat
4864,12506,1549,2006,,,,privat,fara_rezultat
4865,12508,1354,2470,5,2,1354,privat,finalizat
4866,12509,1762,643,4,3,1762,privat,finalizat
4867,12511,1789,1365,1,3,1365,deschis,finalizat
4868,12513,1145,1946,4,1,1145,privat,finalizat
4869,12516,794,1919,,,,privat,fara_rezultat
4870,12519,1008,1669,4,2,1008,privat,finalizat
4871,12522,327,,,,,deschis,expirat
4872,12523,1313,,,,,deschis,expirat
4873,12524,2063,747,0,4,747,privat,finalizat
4874,12529,1888,,,,,deschis,expirat
4875,12530,678,1122,2,3,1122,privat,finalizat
4876,12536,2355,76,3,2,2355,privat,finalizat
4877,12538,2426,1305,1,4,1305,privat,finalizat
4878,12539,2294,178,,,,deschis,fara_rezultat
4879,12541,1836,480,0,3,480,privat,finalizat
4880,12544,1018,952,,,,privat,fara_rezultat
4881,12546,1029,1894,4,1,1029,privat,finalizat
4882,12548,971,1723,0,4,1723,deschis,finalizat
4883,12551,1603,1233,,,,deschis,fara_rezultat
4884,12558,639,1071,2,3,1071,deschis,finalizat
4885,12560,2453,778,0,5,778,deschis,finalizat
4886,12562,1570,400,4,0,1570,privat,finalizat
4887,12564,91,1154,3,4,1154,privat,finalizat
4888,12566,1278,1747,3,0,1278,privat,finalizat
4889,12568,2024,,,,,deschis,expirat
4890,12570,1808,480,3,2,1808,privat,finalizat
4891,12571,1278,2119,3,2,1278,privat,finalizat
4892,12574,2119,2142,1,4,2142,privat,finalizat
4893,12583,2379,2496,3,5,2496,privat,finalizat
4894,12585,971,2003,4,5,2003,privat,finalizat
4895,12587,1213,,,,,deschis,expirat
4896,12589,2430,1113,5,0,2430,privat,finalizat
4897,12591,1981,2170,,,,deschis,fara_rezultat
4898,12594,2498,171,1,5,171,privat,finalizat
4899,12598,2164,504,3,0,2164,privat,finalizat
4900,12604,1702,1697,3,1,1702,deschis,finalizat
4901,12606,2040,1906,1,5,1906,privat,finalizat
4902,12610,2210,680,3,5,680,deschis,finalizat
4903,12612,119,2095,0,3,2095,privat,finalizat
4904,12613,450,1829,5,4,450,privat,finalizat
4905,12615,538,1986,5,1,538,privat,finalizat
4906,12616,1228,807,0,3,807,privat,finalizat
4907,12618,2227,2119,5,2,2227,privat,finalizat
4908,12621,2095,2142,0,4,2142,privat,finalizat
4909,12624,1710,255,4,5,255,deschis,finalizat
4910,12626,527,1029,,,,deschis,fara_rezultat
4911,12635,87,730,0,5,730,privat,finalizat
4912,12637,1519,223,1,3,223,privat,finalizat
4913,12640,704,666,0,5,666,privat,finalizat
4914,12641,2123,830,5,2,2123,privat,finalizat
4915,12642,1601,1284,,,,privat,fara_rezultat
4916,12645,647,1249,3,2,647,privat,finalizat
4917,12646,1256,435,,,,privat,fara_rezultat
4918,12651,722,1321,5,3,722,privat,finalizat
4919,12662,2261,125,4,0,2261,privat,finalizat
4920,12668,2067,1884,0,3,1884,privat,finalizat
4921,12669,2404,,,,,deschis,expirat
4922,12671,2164,2452,,,,privat,fara_rezultat
4923,12672,14,1536,5,2,14,deschis,finalizat
4924,12673,2474,2326,,,,privat,fara_rezultat
4925,12676,30,2143,2,4,2143,deschis,finalizat
4926,12680,252,1736,0,5,1736,deschis,finalizat
4927,12683,437,2454,3,1,437,deschis,finalizat
4928,12684,529,1763,5,4,529,deschis,finalizat
4929,12687,1620,1986,3,4,1986,privat,finalizat
4930,12688,1036,1477,3,2,1036,privat,finalizat
4931,12693,2180,816,5,3,2180,deschis,finalizat
4932,12700,737,1737,1,5,1737,privat,finalizat
4933,12702,2169,,,,,deschis,expirat
4934,12703,2496,2379,3,0,2496,privat,finalizat
4935,12704,2496,40,5,1,2496,privat,finalizat
4936,12705,1179,176,,,,privat,fara_rezultat
4937,12709,1633,1003,,,,privat,fara_rezultat
4938,12710,2452,1071,5,1,2452,privat,finalizat
4939,12716,1493,989,,,,privat,fara_rezultat
4940,12717,542,149,5,1,542,privat,finalizat
4941,12719,1255,2037,,,,privat,fara_rezultat
4942,12720,367,852,5,2,367,privat,finalizat
4943,12727,1145,,,,,deschis,expirat
4944,12728,2471,2142,0,3,2142,deschis,finalizat
4945,12729,1022,401,3,2,1022,privat,finalizat
4946,12730,2056,209,,,,deschis,fara_rezultat
4947,12731,1278,443,3,0,1278,deschis,finalizat
4948,12732,2227,1870,3,5,1870,privat,finalizat
4949,12733,737,1723,1,3,1723,privat,finalizat
4950,12734,2261,894,2,3,894,privat,finalizat
4951,12737,2003,170,3,5,170,privat,finalizat
4952,12738,1522,,,,,deschis,expirat
4953,12740,223,2486,5,3,223,privat,finalizat
4954,12745,1931,,,,,deschis,expirat
4955,12753,189,1361,4,3,189,deschis,finalizat
4956,12756,954,2002,,,,privat,fara_rezultat
4957,12762,1028,910,0,4,910,privat,finalizat
4958,12763,2095,,,,,deschis,expirat
4959,12765,91,1129,2,4,1129,privat,finalizat
4960,12768,2123,247,4,1,2123,privat,finalizat
4961,12770,345,967,3,1,345,privat,finalizat
4962,12771,1295,1060,3,0,1295,privat,finalizat
4963,12775,1572,2003,0,3,2003,privat,finalizat
4964,12776,191,873,3,0,191,privat,finalizat
4965,12780,1587,1499,5,4,1587,privat,finalizat
4966,12781,1884,,,,,deschis,expirat
4967,12783,678,461,4,1,678,privat,finalizat
4968,12784,1618,1862,0,5,1862,privat,finalizat
4969,12787,285,,,,,deschis,expirat
4970,12790,1289,1758,3,2,1289,privat,finalizat
4971,12795,471,2142,0,5,2142,deschis,finalizat
4972,12796,952,1773,,,,privat,fara_rezultat
4973,12798,2379,2496,2,3,2496,privat,finalizat
4974,12799,794,1025,,,,privat,fara_rezultat
4975,12800,260,1929,4,2,260,privat,finalizat
4976,12802,1758,87,,,,privat,fara_rezultat
4977,12803,771,1451,3,0,771,deschis,finalizat
4978,12807,1833,395,4,2,1833,privat,finalizat
4979,12808,1544,598,1,3,598,privat,finalizat
4980,12809,1278,2470,,,,privat,fara_rezultat
4981,12814,883,1808,0,5,1808,deschis,finalizat
4982,12824,689,26,0,4,26,privat,finalizat
4983,12826,1192,1611,1,3,1611,privat,finalizat
4984,12827,937,1112,5,2,937,privat,finalizat
4985,12829,379,1744,,,,privat,fara_rezultat
4986,12835,2024,2141,3,2,2024,deschis,finalizat
4987,12836,2120,,,,,deschis,expirat
4988,12838,1958,869,1,5,869,deschis,finalizat
4989,12839,1201,255,4,1,1201,deschis,finalizat
4990,12840,1548,255,1,3,255,privat,finalizat
4991,12841,123,301,5,3,123,privat,finalizat
4992,12842,125,1603,3,2,125,privat,finalizat
4993,12851,1255,2203,,,,privat,fara_rezultat
4994,12853,1883,1993,3,2,1883,privat,finalizat
4995,12856,2225,2227,3,0,2225,deschis,finalizat
4996,12858,1388,2087,2,5,2087,privat,finalizat
4997,12859,1915,2087,3,2,1915,privat,finalizat
4998,12864,2208,1884,5,4,2208,privat,finalizat
4999,12867,1529,844,1,3,844,deschis,finalizat
5000,12870,1010,1343,2,4,1343,privat,finalizat
5001,12873,1836,471,1,5,471,privat,finalizat
5002,12874,2095,1829,5,1,2095,privat,finalizat
5003,12876,1028,261,5,3,1028,deschis,finalizat
5004,12881,301,1791,3,4,1791,deschis,finalizat
5005,12884,2035,1233,,,,privat,fara_rezultat
5006,12885,2337,2031,5,3,2337,privat,finalizat
5007,12890,2181,840,3,2,2181,privat,finalizat
5008,12892,1396,2002,2,4,2002,privat,finalizat
5009,12896,1833,1489,5,2,1833,privat,finalizat
5010,12897,1256,2048,5,1,1256,privat,finalizat
5011,12905,1663,,,,,deschis,expirat
5012,12908,123,1791,4,3,123,privat,finalizat
5013,12910,1218,145,1,4,145,privat,finalizat
5014,12912,916,,,,,deschis,expirat
5015,12913,1723,,,,,deschis,expirat
5016,12917,370,799,4,2,370,privat,finalizat
5017,12925,2391,1437,,,,deschis,fara_rezultat
5018,12927,188,,,,,deschis,expirat
5019,12929,1887,1697,,,,privat,fara_rezultat
5020,12933,969,345,4,0,969,privat,finalizat
5021,12934,2165,1771,2,5,1771,privat,finalizat
5022,12936,630,1663,5,0,630,privat,finalizat
5023,12941,1721,1025,1,5,1025,privat,finalizat
5024,12942,1401,1548,0,5,1548,privat,finalizat
5025,12949,2074,1680,3,1,2074,privat,finalizat
5026,12950,778,561,,,,privat,fara_rezultat
5027,12951,2404,1700,2,4,1700,deschis,finalizat
5028,12952,387,583,,,,privat,fara_rezultat
5029,12953,1130,461,,,,privat,fara_rezultat
5030,12956,601,954,,,,privat,fara_rezultat
5031,12957,1396,1766,5,1,1396,privat,finalizat
5032,12961,2180,,,,,deschis,expirat
5033,12962,722,2092,4,3,722,privat,finalizat
5034,12965,1773,,,,,deschis,expirat
5035,12973,255,2261,,,,privat,fara_rezultat
5036,12974,1287,453,3,2,1287,privat,finalizat
5037,12980,1192,2434,1,3,2434,privat,finalizat
5038,12981,191,399,3,0,191,privat,finalizat
5039,12985,2240,335,3,1,2240,privat,finalizat
5040,12994,536,612,,,,privat,fara_rezultat
5041,12995,1036,2056,,,,deschis,fara_rezultat
5042,12999,1113,1572,3,2,1113,privat,finalizat
5043,13000,2063,1499,2,4,1499,privat,finalizat
5044,13001,421,,,,,deschis,expirat
5045,13002,127,1364,,,,privat,fara_rezultat
5046,13004,2391,,,,,deschis,expirat
5047,13010,214,2293,2,3,2293,privat,finalizat
5048,13015,434,1447,4,0,434,privat,finalizat
5049,13020,260,2252,0,3,2252,privat,finalizat
5050,13025,234,1721,,,,deschis,fara_rezultat
5051,13028,2363,715,3,2,2363,privat,finalizat
5052,13029,327,689,,,,privat,fara_rezultat
5053,13030,26,2031,,,,privat,fara_rezultat
5054,13033,938,645,3,4,645,deschis,finalizat
5055,13038,191,1053,5,1,191,deschis,finalizat
5056,13040,1280,474,2,3,474,deschis,finalizat
5057,13041,2149,,,,,deschis,expirat
5058,13042,1615,2448,5,3,1615,privat,finalizat
5059,13044,1269,2471,1,3,2471,deschis,finalizat
5060,13048,2471,1278,,,,privat,fara_rezultat
5061,13051,1581,869,1,5,869,privat,finalizat
5062,13056,183,971,4,2,183,privat,finalizat
5063,13057,176,2369,3,2,176,deschis,finalizat
5064,13063,2283,245,0,5,245,privat,finalizat
5065,13065,558,331,0,3,331,privat,finalizat
5066,13066,1437,,,,,deschis,expirat
5067,13070,380,,,,,deschis,expirat
5068,13071,377,2044,5,4,377,privat,finalizat
5069,13073,1329,830,3,5,830,privat,finalizat
5070,13074,1788,1656,4,2,1788,privat,finalizat
5071,13076,369,1738,2,3,1738,privat,finalizat
5072,13078,1592,,,,,deschis,expirat
5073,13079,1686,14,,,,privat,fara_rezultat
5074,13082,2142,910,3,4,910,deschis,finalizat
5075,13087,1397,643,3,0,1397,privat,finalizat
5076,13088,1397,,,,,deschis,expirat
5077,13089,2044,1804,5,1,2044,deschis,finalizat
5078,13091,1098,,,,,deschis,expirat
5079,13092,643,768,4,1,643,privat,finalizat
5080,13094,1112,2129,,,,deschis,fara_rezultat
5081,13096,431,911,4,3,431,deschis,finalizat
5082,13097,2151,738,5,0,2151,privat,finalizat
5083,13098,1094,938,3,1,1094,privat,finalizat
5084,13101,775,1644,,,,privat,fara_rezultat
5085,13103,836,901,2,5,901,privat,finalizat
5086,13111,916,1113,2,4,1113,deschis,finalizat
5087,13112,916,621,,,,privat,fara_rezultat
5088,13114,1721,2169,0,3,2169,privat,finalizat
5089,13116,909,220,4,5,220,privat,finalizat
5090,13117,409,529,1,3,529,deschis,finalizat
5091,13118,2483,855,,,,privat,fara_rezultat
5092,13124,1519,1758,3,1,1519,deschis,finalizat
5093,13126,154,1389,0,5,1389,privat,finalizat
5094,13127,1946,646,0,3,646,deschis,finalizat
5095,13128,1228,1477,3,1,1228,deschis,finalizat
5096,13129,2467,2004,4,2,2467,privat,finalizat
5097,13130,1126,174,5,0,1126,privat,finalizat
5098,13131,1112,1927,0,5,1927,privat,finalizat
5099,13142,1163,63,5,1,1163,privat,finalizat
5100,13152,1669,1929,,,,privat,fara_rezultat
5101,13155,1760,2224,,,,deschis,fara_rezultat
5102,13160,561,2310,0,4,2310,privat,finalizat
5103,13165,1751,1494,2,4,1494,privat,finalizat
5104,13166,1806,,,,,deschis,expirat
5105,13169,536,993,3,0,536,deschis,finalizat
5106,13170,722,,,,,deschis,expirat
5107,13171,1354,910,4,5,910,privat,finalizat
5108,13173,1397,434,0,3,434,privat,finalizat
5109,13176,1894,,,,,deschis,expirat
5110,13177,255,602,5,3,255,privat,finalizat
5111,13178,255,2116,4,5,2116,privat,finalizat
5112,13181,794,1172,,,,deschis,fara_rezultat
5113,13187,784,1131,0,4,1131,privat,finalizat
5114,13188,380,717,1,3,717,privat,finalizat
5115,13189,1020,1466,5,2,1020,deschis,finalizat
5116,13193,153,1298,2,3,1298,privat,finalizat
5117,13196,1870,1986,,,,privat,fara_rezultat
5118,13197,1292,1228,5,3,1292,privat,finalizat
5119,13198,1018,952,,,,privat,fara_rezultat
5120,13199,2090,,,,,deschis,expirat
5121,13203,2212,1447,5,4,2212,privat,finalizat
5122,13205,916,319,2,4,319,privat,finalizat
5123,13207,301,123,5,4,301,privat,finalizat
5124,13208,1566,869,3,1,1566,privat,finalizat
5125,13211,1345,370,,,,privat,fara_rezultat
5126,13213,1599,1004,4,0,1599,deschis,finalizat
5127,13217,937,2453,4,1,937,privat,finalizat
5128,13219,1974,2181,0,3,2181,privat,finalizat
5129,13220,2454,1147,1,3,1147,deschis,finalizat
5130,13221,1163,1278,5,1,1163,privat,finalizat
5131,13224,2142,1365,0,5,1365,deschis,finalizat
5132,13227,881,794,2,4,794,privat,finalizat
5133,13239,1645,,,,,deschis,expirat
5134,13241,1575,283,0,5,283,deschis,finalizat
5135,13242,2257,2443,4,0,2257,privat,finalizat
5136,13243,2048,1294,,,,deschis,fara_rezultat
5137,13244,1294,190,2,3,190,privat,finalizat
5138,13245,209,1036,,,,privat,fara_rezultat
5139,13248,1292,2325,,,,privat,fara_rezultat
5140,13250,2119,,,,,deschis,expirat
5141,13252,869,1025,5,4,869,privat,finalizat
5142,13253,1631,1551,,,,privat,fara_rezultat
5143,13254,2433,,,,,deschis,expirat
5144,13256,2357,1681,1,4,1681,privat,finalizat
5145,13257,40,183,,,,privat,fara_rezultat
5146,13263,738,2344,3,2,738,privat,finalizat
5147,13264,2310,2481,5,1,2310,privat,finalizat
5148,13266,1493,,,,,deschis,expirat
5149,13269,530,1550,0,3,1550,privat,finalizat
5150,13270,1293,50,1,5,50,privat,finalizat
5151,13272,1856,,,,,deschis,expirat
5152,13273,1278,1753,3,4,1753,privat,finalizat
5153,13276,2227,816,5,0,2227,deschis,finalizat
5154,13278,529,1154,4,1,529,privat,finalizat
5155,13280,1593,446,2,3,446,privat,finalizat
5156,13281,409,2471,3,4,2471,privat,finalizat
5157,13283,2329,894,,,,privat,fara_rezultat
5158,13284,1424,1029,,,,privat,fara_rezultat
5159,13286,1721,,,,,deschis,expirat
5160,13288,1907,1303,0,5,1303,deschis,finalizat
5161,13291,117,2110,5,4,117,privat,finalizat
5162,13293,400,2448,,,,deschis,fara_rezultat
5163,13296,1305,222,,,,privat,fara_rezultat
5164,13297,2119,401,4,5,401,deschis,finalizat
5165,13298,1367,1522,5,1,1367,privat,finalizat
5166,13299,1494,67,2,4,67,deschis,finalizat
5167,13302,190,,,,,deschis,expirat
5168,13303,2142,1397,,,,privat,fara_rezultat
5169,13304,91,1098,5,4,91,privat,finalizat
5170,13307,1886,2211,,,,privat,fara_rezultat
5171,13308,289,670,3,1,289,privat,finalizat
5172,13311,1228,1036,3,4,1036,deschis,finalizat
5173,13312,722,450,0,3,450,deschis,finalizat
5174,13314,144,1946,3,0,144,privat,finalizat
5175,13315,2215,1931,2,4,1931,privat,finalizat
5176,13316,1506,1354,3,1,1506,privat,finalizat
5177,13317,2475,,,,,deschis,expirat
5178,13319,2304,1986,5,1,2304,privat,finalizat
5179,13323,368,28,4,5,28,privat,finalizat
5180,13324,1411,285,0,3,285,privat,finalizat
5181,13327,123,1287,,,,privat,fara_rezultat
5182,13329,1367,2309,,,,privat,fara_rezultat
5183,13331,921,245,5,1,921,deschis,finalizat
5184,13332,2391,778,4,0,2391,privat,finalizat
5185,13340,161,656,5,3,161,privat,finalizat
5186,13341,87,154,,,,deschis,fara_rezultat
5187,13343,1634,439,3,5,439,privat,finalizat
5188,13349,2344,1170,1,3,1170,deschis,finalizat
5189,13352,1926,245,1,5,245,privat,finalizat
5190,13355,630,1354,3,1,630,deschis,finalizat
5191,13358,2309,234,1,3,234,privat,finalizat
5192,13360,1884,1448,3,4,1448,privat,finalizat
5193,13361,1192,,,,,deschis,expirat
5194,13362,2127,974,3,1,2127,privat,finalizat
5195,13364,1756,787,5,3,1756,privat,finalizat
5196,13366,1388,,,,,deschis,expirat
5197,13367,1204,1169,5,1,1204,privat,finalizat
5198,13369,471,,,,,deschis,expirat
5199,13370,1278,1220,3,1,1278,privat,finalizat
5200,13372,2348,1490,3,5,1490,privat,finalizat
5201,13374,2056,1490,1,4,1490,privat,finalizat
5202,13375,91,401,0,4,401,privat,finalizat
5203,13385,1218,2433,4,3,1218,privat,finalizat
5204,13389,2442,85,3,2,2442,privat,finalizat
5205,13392,2056,775,0,3,775,deschis,finalizat
5206,13394,2024,630,2,3,630,deschis,finalizat
5207,13395,1777,,,,,deschis,expirat
5208,13396,1710,123,4,1,1710,deschis,finalizat
5209,13399,2233,,,,,deschis,expirat
5210,13402,974,200,5,0,974,privat,finalizat
5211,13404,127,2074,2,3,2074,privat,finalizat
5212,13406,1672,1691,4,0,1672,deschis,finalizat
5213,13409,1653,20,3,0,1653,deschis,finalizat
5214,13411,1000,2417,2,5,2417,privat,finalizat
5215,13414,807,1145,0,3,1145,deschis,finalizat
5216,13415,1361,1028,2,4,1028,deschis,finalizat
5217,13416,819,787,1,4,787,privat,finalizat
5218,13418,1354,1965,0,3,1965,privat,finalizat
5219,13419,815,1644,,,,deschis,fara_rezultat
5220,13422,685,123,4,2,685,privat,finalizat
5221,13428,2151,2213,4,2,2151,privat,finalizat
5222,13432,1437,937,2,3,937,privat,finalizat
5223,13436,2336,,,,,deschis,expirat
5224,13437,391,525,,,,deschis,fara_rezultat
5225,13441,1477,536,0,3,536,privat,finalizat
5226,13442,1762,119,,,,privat,fara_rezultat
5227,13445,1361,401,1,5,401,privat,finalizat
5228,13454,2003,2116,4,0,2003,privat,finalizat
5229,13455,1581,1201,3,2,1581,privat,finalizat
5230,13457,2169,,,,,deschis,expirat
5231,13458,1029,676,0,3,676,privat,finalizat
5232,13459,926,,,,,deschis,expirat
5233,13461,2189,92,3,1,2189,privat,finalizat
5234,13462,1122,516,0,4,516,privat,finalizat
5235,13464,542,1974,0,3,1974,deschis,finalizat
5236,13465,2192,1563,,,,privat,fara_rezultat
5237,13467,2135,1119,3,1,2135,privat,finalizat
5238,13468,1878,1277,5,1,1878,privat,finalizat
5239,13471,952,471,2,5,471,deschis,finalizat
5240,13472,1620,529,2,3,529,privat,finalizat
5241,13474,229,722,,,,privat,fara_rezultat
5242,13475,1462,2120,4,1,1462,privat,finalizat
5243,13476,1218,1233,,,,privat,fara_rezultat
5244,13477,176,1462,2,4,1462,privat,finalizat
5245,13481,1458,1008,,,,privat,fara_rezultat
5246,13483,1849,2005,4,3,1849,privat,finalizat
5247,13484,1926,2283,3,5,2283,deschis,finalizat
5248,13487,154,2164,2,3,2164,privat,finalizat
5249,13489,1053,1708,1,3,1708,privat,finalizat
5250,13492,2475,654,2,5,654,privat,finalizat
5251,13499,643,1098,4,3,643,privat,finalizat
5252,13500,2072,1803,3,0,2072,deschis,finalizat
5253,13502,2261,1710,5,2,2261,deschis,finalizat
5254,13503,1218,125,,,,privat,fara_rezultat
5255,13506,2281,2033,5,1,2281,privat,finalizat
5256,13514,327,2262,0,3,2262,privat,finalizat
5257,13515,368,561,4,2,368,privat,finalizat
5258,13516,1437,730,,,,deschis,fara_rezultat
5259,13521,1974,2240,,,,deschis,fara_rezultat
5260,13522,1579,703,2,3,703,privat,finalizat
5261,13524,2081,,,,,deschis,expirat
5262,13530,138,620,,,,privat,fara_rezultat
5263,13535,2000,,,,,deschis,expirat
5264,13536,954,476,3,2,954,privat,finalizat
5265,13539,529,189,2,5,189,deschis,finalizat
5266,13540,450,643,,,,deschis,fara_rezultat
5267,13542,98,1246,3,1,98,privat,finalizat
5268,13543,1282,226,1,3,226,deschis,finalizat
5269,13544,1305,1329,2,4,1329,privat,finalizat
5270,13548,1961,1915,1,4,1915,deschis,finalizat
5271,13549,745,2494,5,2,745,privat,finalizat
5272,13551,558,1609,1,3,1609,privat,finalizat
5273,13552,1071,2110,4,0,1071,privat,finalizat
5274,13553,1278,1354,1,4,1354,privat,finalizat
5275,13557,379,654,1,3,654,privat,finalizat
5276,13564,952,2317,,,,deschis,fara_rezultat
5277,13565,1646,2169,4,1,1646,privat,finalizat
5278,13567,105,474,,,,deschis,fara_rezultat
5279,13570,487,269,4,0,487,privat,finalizat
5280,13574,1476,645,3,1,1476,privat,finalizat
5281,13575,639,2483,5,1,639,deschis,finalizat
5282,13577,826,2077,0,3,2077,privat,finalizat
5283,13579,1773,2180,3,4,2180,privat,finalizat
5284,13582,1883,1223,0,3,1223,privat,finalizat
5285,13585,1944,1145,,,,deschis,fara_rezultat
5286,13586,2024,304,3,1,2024,privat,finalizat
5287,13589,495,,,,,deschis,expirat
5288,13593,255,1262,3,0,255,privat,finalizat
5289,13596,2297,1391,3,2,2297,privat,finalizat
5290,13597,2459,620,,,,privat,fara_rezultat
5291,13598,1680,331,3,4,331,privat,finalizat
5292,13601,346,1701,,,,privat,fara_rezultat
5293,13603,2304,1549,4,3,2304,privat,finalizat
5294,13605,1592,1417,3,2,1592,deschis,finalizat
5295,13607,529,952,4,0,529,privat,finalizat
5296,13608,1792,2126,,,,privat,fara_rezultat
5297,13610,1029,1502,3,4,1502,deschis,finalizat
5298,13612,255,1262,3,2,255,deschis,finalizat
5299,13616,327,928,1,5,928,privat,finalizat
5300,13617,1936,1437,0,5,1437,privat,finalizat
5301,13624,2037,1302,0,4,1302,privat,finalizat
5302,13626,377,,,,,deschis,expirat
5303,13627,1321,1018,3,2,1321,privat,finalizat
5304,13630,947,676,,,,deschis,fara_rezultat
5305,13632,2087,2281,1,4,2281,deschis,finalizat
5306,13634,928,370,1,5,370,privat,finalizat
5307,13638,154,639,,,,privat,fara_rezultat
5308,13639,2453,1480,,,,privat,fara_rezultat
5309,13640,2390,188,4,3,2390,privat,finalizat
5310,13647,1814,,,,,deschis,expirat
5311,13650,119,993,4,0,119,deschis,finalizat
5312,13651,1808,1447,5,1,1808,privat,finalizat
5313,13652,536,1946,,,,privat,fara_rezultat
5314,13655,916,992,0,4,992,privat,finalizat
5315,13660,2236,161,4,5,161,privat,finalizat
5316,13663,1936,1547,,,,deschis,fara_rezultat
5317,13665,730,1547,1,3,1547,privat,finalizat
5318,13669,1428,2478,4,2,1428,privat,finalizat
5319,13670,1147,5,4,1,1147,privat,finalizat
5320,13676,664,2471,2,3,2471,privat,finalizat
5321,13680,676,1502,0,4,1502,privat,finalizat
5322,13681,2041,1561,3,0,2041,privat,finalizat
5323,13682,40,1551,3,5,1551,privat,finalizat
5324,13684,278,,,,,deschis,expirat
5325,13685,2261,1401,1,4,1401,privat,finalizat
5326,13690,1981,1922,0,4,1922,privat,finalizat
5327,13691,1299,738,1,3,738,privat,finalizat
5328,13692,1476,,,,,deschis,expirat
5329,13693,1807,2453,1,4,2453,deschis,finalizat
5330,13697,1807,1437,4,2,1807,privat,finalizat
5331,13698,105,1280,2,5,1280,privat,finalizat
5332,13705,2400,530,5,3,2400,deschis,finalizat
5333,13707,993,144,3,4,144,deschis,finalizat
5334,13708,261,694,5,3,261,privat,finalizat
5335,13710,1365,446,3,1,1365,privat,finalizat
5336,13711,374,1341,0,5,1341,privat,finalizat
5337,13713,676,1681,5,4,676,privat,finalizat
5338,13715,896,1710,,,,privat,fara_rezultat
5339,13716,125,2329,2,5,2329,privat,finalizat
5340,13719,200,855,1,3,855,deschis,finalizat
5341,13725,380,165,1,5,165,privat,finalizat
5342,13728,1242,,,,,deschis,expirat
5343,13731,1803,1836,2,5,1836,privat,finalizat
5344,13732,1361,1198,5,4,1361,privat,finalizat
5345,13734,1299,431,3,5,431,privat,finalizat
5346,13738,104,2145,3,1,104,privat,finalizat
5347,13744,2092,443,0,3,443,privat,finalizat
5348,13749,1018,374,5,2,1018,privat,finalizat
5349,13752,2225,1753,5,0,2225,deschis,finalizat
5350,13762,2120,1681,0,5,1681,privat,finalizat
5351,13765,2344,,,,,deschis,expirat
5352,13767,44,1332,2,4,1332,deschis,finalizat
5353,13770,119,,,,,deschis,expirat
5354,13771,1919,2357,,,,privat,fara_rezultat
5355,13773,368,28,,,,privat,fara_rezultat
5356,13776,353,,,,,deschis,expirat
5357,13778,2483,181,2,5,181,deschis,finalizat
5358,13782,1036,,,,,deschis,expirat
5359,13783,1760,1401,,,,deschis,fara_rezultat
5360,13784,1179,2033,3,2,1179,privat,finalizat
5361,13786,1303,886,5,0,1303,deschis,finalizat
5362,13792,708,2454,1,3,2454,privat,finalizat
5363,13800,807,768,,,,privat,fara_rezultat
5364,13802,450,1606,1,3,1606,privat,finalizat
5365,13804,229,722,4,2,229,privat,finalizat
5366,13805,1218,649,1,4,649,privat,finalizat
5367,13806,40,1025,5,1,40,privat,finalizat
5368,13808,1179,1928,0,4,1928,deschis,finalizat
5369,13813,2455,937,1,3,937,privat,finalizat
5370,13818,623,2066,2,5,2066,deschis,finalizat
5371,13820,1387,,,,,deschis,expirat
5372,13821,1242,1295,0,5,1295,privat,finalizat
5373,13823,1256,,,,,deschis,expirat
5374,13824,2454,647,3,4,647,deschis,finalizat
5375,13825,2304,,,,,deschis,expirat
5376,13826,1946,952,,,,privat,fara_rezultat
5377,13827,209,,,,,deschis,expirat
5378,13829,1490,144,,,,deschis,fara_rezultat
5379,13831,794,1093,3,4,1093,privat,finalizat
5380,13833,2379,2041,3,4,2041,privat,finalizat
5381,13835,1218,1791,4,1,1218,deschis,finalizat
5382,13836,1218,1864,,,,privat,fara_rezultat
5383,13841,127,2391,,,,deschis,fara_rezultat
5384,13849,633,1220,1,5,1220,privat,finalizat
5385,13850,787,538,5,2,787,privat,finalizat
5386,13851,2304,1870,3,0,2304,privat,finalizat
5387,13852,1321,1890,3,5,1890,privat,finalizat
5388,13853,1062,1593,2,3,1593,privat,finalizat
5389,13859,2357,170,2,3,170,deschis,finalizat
5390,13861,1810,2169,4,1,1810,privat,finalizat
5391,13862,1915,1669,5,4,1915,privat,finalizat
5392,13863,1113,,,,,deschis,expirat
5393,13869,938,1876,,,,privat,fara_rezultat
5394,13873,2176,154,,,,privat,fara_rezultat
5395,13875,774,191,4,1,774,privat,finalizat
5396,13877,516,379,1,4,379,privat,finalizat
5397,13884,287,1361,,,,privat,fara_rezultat
5398,13886,2225,630,5,0,2225,privat,finalizat
5399,13887,434,1663,2,3,1663,privat,finalizat
5400,13888,1753,633,3,0,1753,privat,finalizat
5401,13891,174,,,,,deschis,expirat
5402,13897,2063,,,,,deschis,expirat
5403,13898,561,2404,2,5,2404,privat,finalizat
5404,13900,200,921,2,4,921,privat,finalizat
5405,13905,627,252,3,5,252,privat,finalizat
5406,13906,2317,,,,,deschis,expirat
5407,13908,664,2470,3,4,2470,privat,finalizat
5408,13913,255,651,0,3,651,privat,finalizat
5409,13916,685,2261,3,1,685,privat,finalizat
5410,13917,894,2467,0,5,2467,privat,finalizat
5411,13918,174,2003,5,2,174,privat,finalizat
5412,13919,894,608,3,0,894,deschis,finalizat
5413,13920,240,1094,3,2,240,privat,finalizat
5414,13926,128,2197,4,0,128,privat,finalizat
5415,13927,542,1976,,,,privat,fara_rezultat
5416,13928,363,736,4,1,363,deschis,finalizat
5417,13931,852,67,3,2,852,deschis,finalizat
5418,13933,967,275,0,3,275,deschis,finalizat
5419,13936,261,,,,,deschis,expirat
5420,13937,2227,2090,5,2,2227,deschis,finalizat
5421,13939,144,612,5,3,144,privat,finalizat
5422,13940,971,,,,,deschis,expirat
5423,13941,1603,992,3,5,992,privat,finalizat
5424,13942,2357,2261,5,4,2357,privat,finalizat
5425,13944,926,938,4,1,926,privat,finalizat
5426,13948,2434,2190,2,4,2190,deschis,finalizat
5427,13949,1289,258,1,3,258,privat,finalizat
5428,13951,2481,2074,5,2,2481,deschis,finalizat
5429,13952,2074,2391,4,3,2074,privat,finalizat
5430,13956,1869,2203,0,4,2203,privat,finalizat
5431,13957,343,1255,5,1,343,deschis,finalizat
5432,13958,289,1883,3,4,1883,deschis,finalizat
5433,13961,435,1256,5,4,435,privat,finalizat
5434,13962,437,487,4,3,437,deschis,finalizat
5435,13964,119,,,,,deschis,expirat
5436,13968,117,2455,1,4,2455,privat,finalizat
5437,13970,2176,2164,3,5,2164,deschis,finalizat
5438,13973,395,979,,,,deschis,fara_rezultat
5439,13974,1036,,,,,deschis,expirat
5440,13975,1645,,,,,deschis,expirat
5441,13977,2471,443,3,0,2471,deschis,finalizat
5442,13980,1261,159,0,3,159,privat,finalizat
5443,13982,261,198,2,4,198,privat,finalizat
5444,13983,1228,1374,2,3,1374,privat,finalizat
5445,13984,1807,1003,0,5,1003,privat,finalizat
5446,13985,87,1936,3,2,87,privat,finalizat
5447,13988,676,1566,2,4,1566,privat,finalizat
5448,13993,1468,989,3,0,1468,deschis,finalizat
5449,13996,852,2171,1,5,2171,privat,finalizat
5450,13997,816,,,,,deschis,expirat
5451,13998,1144,1471,,,,privat,fara_rezultat
5452,13999,1777,1791,3,2,1777,privat,finalizat
5453,14007,1506,1549,,,,privat,fara_rezultat
5454,14008,301,1185,2,5,1185,privat,finalizat
5455,14011,901,1213,5,3,901,privat,finalizat
5456,14012,257,1025,3,2,257,deschis,finalizat
5457,14015,1003,,,,,deschis,expirat
5458,14016,1504,764,,,,deschis,fara_rezultat
5459,14017,1789,109,2,5,109,deschis,finalizat
5460,14021,1495,1179,4,1,1495,privat,finalizat
5461,14028,1544,2442,0,4,2442,privat,finalizat
5462,14029,1953,1490,3,2,1953,privat,finalizat
5463,14030,1361,1803,3,2,1361,privat,finalizat
5464,14032,2325,91,1,5,91,deschis,finalizat
5465,14033,1620,304,3,2,1620,privat,finalizat
5466,14034,1944,33,,,,privat,fara_rezultat
5467,14036,2225,952,3,0,2225,privat,finalizat
5468,14037,807,261,,,,privat,fara_rezultat
5469,14040,802,1093,,,,deschis,fara_rezultat
5470,14044,886,2262,3,5,2262,deschis,finalizat
5471,14046,1360,1519,3,2,1360,deschis,finalizat
5472,14047,1633,639,1,4,639,privat,finalizat
5473,14051,340,852,,,,privat,fara_rezultat
5474,14056,450,2090,0,3,2090,privat,finalizat
5475,14057,1123,883,5,2,1123,deschis,finalizat
5476,14063,1631,,,,,deschis,expirat
5477,14069,921,1936,4,3,921,privat,finalizat
5478,14070,1685,436,1,5,436,privat,finalizat
5479,14071,2288,,,,,deschis,expirat
5480,14072,665,2256,5,1,665,privat,finalizat
5481,14076,619,1829,,,,deschis,fara_rezultat
5482,14081,966,1159,3,2,966,privat,finalizat
5483,14086,2399,895,1,3,895,deschis,finalizat
5484,14087,852,672,3,4,672,privat,finalizat
5485,14088,1494,1966,2,3,1966,privat,finalizat
5486,14089,1489,1814,4,5,1814,deschis,finalizat
5487,14090,2225,1471,3,0,2225,deschis,finalizat
5488,14093,1028,1062,4,1,1028,privat,finalizat
5489,14094,2304,,,,,deschis,expirat
5490,14095,1789,159,1,3,159,privat,finalizat
5491,14097,304,1028,,,,deschis,fara_rezultat
5492,14098,1374,1228,3,2,1374,deschis,finalizat
5493,14105,170,992,,,,privat,fara_rezultat
5494,14108,1561,,,,,deschis,expirat
5495,14110,2262,370,1,3,370,deschis,finalizat
5496,14111,799,2473,1,4,2473,privat,finalizat
5497,14112,909,799,4,2,909,privat,finalizat
5498,14114,249,,,,,deschis,expirat
5499,14119,639,399,2,4,399,privat,finalizat
5500,14121,2037,1324,3,1,2037,deschis,finalizat
5501,14122,670,1627,2,3,1627,privat,finalizat
5502,14123,76,2355,2,3,2355,privat,finalizat
5503,14125,777,,,,,deschis,expirat
5504,14126,1261,189,2,3,189,privat,finalizat
5505,14129,17,493,4,3,17,deschis,finalizat
5506,14130,1646,1462,,,,deschis,fara_rezultat
5507,14131,1369,2233,4,1,1369,privat,finalizat
5508,14132,1391,171,1,3,171,privat,finalizat
5509,14133,2459,2177,,,,deschis,fara_rezultat
5510,14138,87,2067,1,5,2067,privat,finalizat
5511,14142,343,2145,1,3,2145,privat,finalizat
5512,14143,867,,,,,deschis,expirat
5513,14145,1317,1284,5,4,1317,privat,finalizat
5514,14146,1223,2121,3,1,1223,deschis,finalizat
5515,14147,13,1875,4,5,1875,privat,finalizat
5516,14148,214,1061,5,3,214,privat,finalizat
5517,14149,571,,,,,deschis,expirat
5518,14157,285,1123,5,0,285,privat,finalizat
5519,14159,1354,1606,3,5,1606,deschis,finalizat
5520,14160,1397,1944,5,1,1397,privat,finalizat
5521,14162,502,229,2,3,229,privat,finalizat
5522,14164,1144,,,,,deschis,expirat
5523,14170,1522,420,3,2,1522,deschis,finalizat
5524,14177,992,257,,,,privat,fara_rezultat
5525,14179,2224,415,4,2,2224,deschis,finalizat
5526,14181,651,2329,3,0,651,deschis,finalizat
5527,14185,75,,,,,deschis,expirat
5528,14187,174,610,0,3,610,deschis,finalizat
5529,14190,999,,,,,deschis,expirat
5530,14191,909,1299,1,5,1299,privat,finalizat
5531,14192,2208,1004,,,,privat,fara_rezultat
5532,14193,160,368,1,4,368,privat,finalizat
5533,14195,1519,331,0,3,331,privat,finalizat
5534,14196,368,1071,5,2,368,privat,finalizat
5535,14197,154,730,5,0,154,privat,finalizat
5536,14198,774,191,5,1,774,privat,finalizat
5537,14200,697,44,3,5,44,privat,finalizat
5538,14202,840,1613,3,0,840,privat,finalizat
5539,14203,1563,666,3,2,1563,privat,finalizat
5540,14205,479,983,,,,privat,fara_rezultat
5541,14207,967,969,5,1,967,deschis,finalizat
5542,14210,455,1489,3,5,1489,privat,finalizat
5543,14214,285,1756,,,,privat,fara_rezultat
5544,14215,1278,2095,,,,privat,fara_rezultat
5545,14218,2261,255,2,3,255,privat,finalizat
5546,14221,2151,998,5,2,2151,privat,finalizat
5547,14223,615,738,,,,privat,fara_rezultat
5548,14224,328,533,1,3,533,privat,finalizat
5549,14226,1876,715,4,2,1876,deschis,finalizat
5550,14227,1159,747,1,3,747,deschis,finalizat
5551,14228,639,,,,,deschis,expirat
5552,14236,1221,1701,3,2,1221,privat,finalizat
5553,14238,149,1010,5,2,149,privat,finalizat
5554,14240,1858,2392,5,0,1858,privat,finalizat
5555,14242,2295,289,0,5,289,privat,finalizat
5556,14243,1030,2320,3,0,1030,privat,finalizat
5557,14245,2284,1242,3,1,2284,deschis,finalizat
5558,14247,951,2454,,,,deschis,fara_rezultat
5559,14248,2443,,,,,deschis,expirat
5560,14249,1022,529,1,3,529,privat,finalizat
5561,14250,775,2056,5,2,775,deschis,finalizat
5562,14254,119,231,5,0,119,privat,finalizat
5563,14257,2006,285,,,,privat,fara_rezultat
5564,14258,119,1417,,,,privat,fara_rezultat
5565,14260,1179,176,1,5,176,deschis,finalizat
5566,14262,2433,,,,,deschis,expirat
5567,14263,1646,1915,2,3,1915,privat,finalizat
5568,14264,2369,1458,,,,privat,fara_rezultat
5569,14265,453,685,3,4,685,privat,finalizat
5570,14266,311,1369,2,3,1369,privat,finalizat
5571,14267,170,1414,3,2,170,privat,finalizat
5572,14269,1548,743,3,4,743,privat,finalizat
5573,14271,1721,881,4,3,1721,privat,finalizat
5574,14274,715,799,2,5,799,privat,finalizat
5575,14275,1480,2208,3,5,2208,privat,finalizat
5576,14277,774,368,4,1,774,privat,finalizat
5577,14281,1888,764,1,3,764,privat,finalizat
5578,14282,338,516,3,1,338,privat,finalizat
5579,14284,313,1917,5,4,313,privat,finalizat
5580,14285,313,1327,5,0,313,deschis,finalizat
5581,14286,1806,897,1,4,897,deschis,finalizat
5582,14288,1788,391,3,1,1788,privat,finalizat
5583,14290,1865,967,2,4,967,privat,finalizat
5584,14291,13,2388,2,4,2388,privat,finalizat
5585,14295,1163,819,3,1,1163,privat,finalizat
5586,14298,2119,2090,3,4,2090,privat,finalizat
5587,14302,1894,123,3,0,1894,privat,finalizat
5588,14303,1894,737,4,1,1894,privat,finalizat
5589,14306,2120,2281,,,,deschis,fara_rezultat
5590,14307,170,260,0,3,260,privat,finalizat
5591,14308,894,2033,0,3,2033,privat,finalizat
5592,14309,328,2373,3,1,328,privat,finalizat
5593,14313,1476,926,4,3,1476,privat,finalizat
5594,14320,1884,778,,,,deschis,fara_rezultat
5595,14323,1563,1010,,,,deschis,fara_rezultat
5596,14326,425,985,,,,privat,fara_rezultat
5597,14328,897,222,4,1,897,privat,finalizat
5598,14330,2454,1833,3,0,2454,deschis,finalizat
5599,14332,1000,876,1,3,876,privat,finalizat
5600,14334,1789,1365,2,5,1365,privat,finalizat
5601,14338,775,1946,2,5,1946,privat,finalizat
5602,14339,1374,2348,,,,privat,fara_rezultat
5603,14341,2090,1663,4,0,2090,privat,finalizat
5604,14344,1397,2142,1,4,2142,deschis,finalizat
5605,14348,1126,1646,4,0,1126,privat,finalizat
5606,14354,1287,743,0,3,743,privat,finalizat
5607,14356,1928,257,5,3,1928,privat,finalizat
5608,14363,2179,1289,,,,privat,fara_rezultat
5609,14365,1820,2483,,,,privat,fara_rezultat
5610,14373,202,,,,,deschis,expirat
5611,14375,1163,910,3,1,1163,deschis,finalizat
5612,14377,633,529,2,5,529,privat,finalizat
5613,14379,1804,,,,,deschis,expirat
5614,14381,952,536,,,,deschis,fara_rezultat
5615,14382,1354,1756,,,,privat,fara_rezultat
5616,14384,502,1762,0,3,1762,privat,finalizat
5617,14386,289,2355,1,5,2355,privat,finalizat
5618,14387,2027,1993,2,5,1993,privat,finalizat
5619,14390,937,331,3,5,331,deschis,finalizat
5620,14400,1996,2040,4,3,1996,privat,finalizat
5621,14403,1123,536,4,2,1123,privat,finalizat
5622,14404,174,,,,,deschis,expirat
5623,14406,1020,704,3,1,1020,privat,finalizat
5624,14408,823,,,,,deschis,expirat
5625,14409,1549,1753,4,1,1549,privat,finalizat
5626,14414,2348,1826,0,4,1826,deschis,finalizat
5627,14418,1566,75,4,2,1566,privat,finalizat
5628,14419,2120,869,2,3,869,deschis,finalizat
5629,14424,15,200,2,3,200,privat,finalizat
5630,14427,2183,1664,4,1,2183,privat,finalizat
5631,14428,369,1676,,,,privat,fara_rezultat
5632,14429,2454,2158,2,3,2158,deschis,finalizat
5633,14431,409,529,4,0,409,privat,finalizat
5634,14436,75,40,1,5,40,privat,finalizat
5635,14437,1502,,,,,deschis,expirat
5636,14438,1113,1179,1,3,1179,privat,finalizat
5637,14440,15,1003,0,5,1003,privat,finalizat
5638,14444,149,,,,,deschis,expirat
5639,14445,1246,,,,,deschis,expirat
5640,14447,340,670,3,1,340,privat,finalizat
5641,14448,571,1294,3,2,571,privat,finalizat
5642,14451,1361,1269,,,,deschis,fara_rezultat
5643,14453,2119,1593,,,,privat,fara_rezultat
5644,14454,502,,,,,deschis,expirat
5645,14459,1458,176,3,2,1458,privat,finalizat
5646,14463,1796,141,5,1,1796,privat,finalizat
5647,14480,1753,787,2,5,787,privat,finalizat
5648,14481,1965,,,,,deschis,expirat
5649,14484,802,836,,,,privat,fara_rezultat
5650,14487,1499,1839,3,4,1839,privat,finalizat
5651,14498,1836,722,1,4,722,privat,finalizat
5652,14499,1365,1022,3,1,1365,privat,finalizat
5653,14500,1669,602,4,1,1669,privat,finalizat
5654,14501,1631,75,3,0,1631,privat,finalizat
5655,14503,311,1791,3,2,311,privat,finalizat
5656,14504,1462,1551,3,1,1462,privat,finalizat
5657,14505,1391,,,,,deschis,expirat
5658,14506,160,778,4,1,160,privat,finalizat
5659,14508,2306,509,,,,privat,fara_rezultat
5660,14510,1252,,,,,deschis,expirat
5661,14512,979,214,5,2,979,privat,finalizat
5662,14514,1278,2092,5,1,1278,privat,finalizat
5663,14515,450,619,1,5,619,privat,finalizat
5664,14516,480,1953,1,3,1953,privat,finalizat
5665,14517,1965,1756,4,3,1965,privat,finalizat
5666,14520,109,1965,,,,deschis,fara_rezultat
5667,14521,816,,,,,deschis,expirat
5668,14532,2120,,,,,deschis,expirat
5669,14535,1169,,,,,deschis,expirat
5670,14536,656,,,,,deschis,expirat
5671,14537,1400,2186,2,3,2186,privat,finalizat
5672,14539,399,2190,3,1,399,privat,finalizat
5673,14543,2409,639,3,2,2409,privat,finalizat
5674,14544,2453,2486,0,5,2486,deschis,finalizat
5675,14549,1804,,,,,deschis,expirat
5676,14550,604,1579,,,,deschis,fara_rezultat
5677,14551,1530,,,,,deschis,expirat
5678,14552,1751,385,2,3,385,deschis,finalizat
5679,14554,1127,1085,5,4,1127,deschis,finalizat
5680,14557,304,,,,,deschis,expirat
5681,14558,1549,910,5,1,1549,privat,finalizat
5682,14562,1354,1045,5,1,1354,privat,finalizat
5683,14566,1548,1928,5,4,1548,privat,finalizat
5684,14568,1218,1414,0,3,1414,privat,finalizat
5685,14569,794,2120,3,5,2120,deschis,finalizat
5686,14570,2169,1462,,,,privat,fara_rezultat
5687,14571,301,811,0,3,811,deschis,finalizat
5688,14573,909,938,,,,deschis,fara_rezultat
5689,14575,1633,1389,2,3,1389,deschis,finalizat
5690,14576,1602,1927,4,0,1602,deschis,finalizat
5691,14578,2326,1529,,,,deschis,fara_rezultat
5692,14579,207,1741,2,5,1741,deschis,finalizat
5693,14582,1530,391,1,4,391,deschis,finalizat
5694,14586,1022,401,2,4,401,privat,finalizat
5695,14588,2024,,,,,deschis,expirat
5696,14590,1946,2126,0,5,2126,deschis,finalizat
5697,14591,1228,,,,,deschis,expirat
5698,14598,1687,1163,5,0,1687,privat,finalizat
5699,14600,1126,2041,4,5,2041,privat,finalizat
5700,14602,174,881,2,3,881,privat,finalizat
5701,14604,2433,495,0,5,495,deschis,finalizat
5702,14606,1388,2309,0,4,2309,deschis,finalizat
5703,14610,1760,420,3,4,420,deschis,finalizat
5704,14613,2281,,,,,deschis,expirat
5705,14614,1876,2373,2,3,2373,privat,finalizat
5706,14615,1949,799,1,4,799,privat,finalizat
5707,14622,730,,,,,deschis,expirat
5708,14623,2385,974,5,4,2385,privat,finalizat
5709,14624,1796,,,,,deschis,expirat
5710,14626,117,504,,,,privat,fara_rezultat
5711,14630,107,461,3,2,107,privat,finalizat
5712,14638,1085,50,5,2,1085,privat,finalizat
5713,14640,2293,1256,3,5,1256,privat,finalizat
5714,14642,571,565,0,3,565,deschis,finalizat
5715,14652,1401,2035,5,0,1401,deschis,finalizat
5716,14653,1008,176,,,,privat,fara_rezultat
5717,14660,608,415,1,4,415,privat,finalizat
5718,14662,541,431,1,4,431,privat,finalizat
5719,14664,1599,,,,,deschis,expirat
5720,14667,2474,1280,1,3,1280,privat,finalizat
5721,14669,2417,437,2,4,437,privat,finalizat
5722,14672,1808,261,3,1,1808,privat,finalizat
5723,14674,2024,538,3,2,2024,privat,finalizat
5724,14676,1953,401,1,3,401,deschis,finalizat
5725,14678,1397,1411,5,1,1397,privat,finalizat
5726,14682,453,1113,1,3,1113,privat,finalizat
5727,14684,1462,215,4,3,1462,deschis,finalizat
5728,14686,2070,,,,,deschis,expirat
5729,14687,2329,2224,4,1,2329,deschis,finalizat
5730,14689,1581,947,,,,privat,fara_rezultat
5731,14690,737,145,0,3,145,privat,finalizat
5732,14691,541,2354,2,5,2354,privat,finalizat
5733,14692,26,511,2,3,511,privat,finalizat
5734,14693,541,1345,2,3,1345,deschis,finalizat
5735,14700,639,2074,3,5,2074,deschis,finalizat
5736,14706,1529,,,,,deschis,expirat
5737,14711,1246,1917,1,3,1917,deschis,finalizat
5738,14713,1305,1329,3,4,1329,deschis,finalizat
5739,14714,1470,,,,,deschis,expirat
5740,14715,1988,275,5,1,1988,deschis,finalizat
5741,14718,579,565,4,2,579,privat,finalizat
5742,14720,1870,189,1,4,189,privat,finalizat
5743,14723,1163,910,5,3,1163,privat,finalizat
5744,14724,2348,1036,,,,privat,fara_rezultat
5745,14726,1129,1762,,,,privat,fara_rezultat
5746,14728,2004,1775,2,4,1775,privat,finalizat
5747,14729,2087,,,,,deschis,expirat
5748,14730,947,1721,4,1,947,privat,finalizat
5749,14731,1172,260,2,3,260,privat,finalizat
5750,14734,1864,992,0,3,992,deschis,finalizat
5751,14737,1775,1185,3,2,1775,privat,finalizat
5752,14741,1922,2297,,,,privat,fara_rezultat
5753,14743,730,1982,0,3,1982,privat,finalizat
5754,14744,937,1053,3,0,937,privat,finalizat
5755,14745,778,2270,3,5,2270,privat,finalizat
5756,14746,504,82,,,,deschis,fara_rezultat
5757,14747,2452,1448,1,4,1448,privat,finalizat
5758,14751,784,509,4,2,784,privat,finalizat
5759,14753,988,104,3,0,988,deschis,finalizat
5760,14754,2020,436,,,,privat,fara_rezultat
5761,14756,340,1305,3,1,340,deschis,finalizat
5762,14760,2293,269,,,,deschis,fara_rezultat
5763,14763,538,119,4,1,538,privat,finalizat
5764,14765,1018,646,5,2,1018,privat,finalizat
5765,14767,2056,1374,2,5,1374,privat,finalizat
5766,14772,301,311,1,3,311,deschis,finalizat
5767,14774,2070,1495,3,2,2070,privat,finalizat
5768,14776,2116,1093,0,3,1093,privat,finalizat
5769,14777,794,,,,,deschis,expirat
5770,14779,1391,1922,2,3,1922,privat,finalizat
5771,14780,2127,334,5,4,2127,privat,finalizat
5772,14785,820,421,1,5,421,privat,finalizat
5773,14787,730,2453,2,3,2453,privat,finalizat
5774,14788,701,771,5,2,701,privat,finalizat
5775,14790,1246,,,,,deschis,expirat
5776,14794,979,563,3,0,979,privat,finalizat
5777,14795,304,,,,,deschis,expirat
5778,14796,2142,1747,4,2,2142,deschis,finalizat
5779,14799,105,99,2,3,99,privat,finalizat
5780,14801,1617,1067,0,3,1067,privat,finalizat
5781,14802,1030,1252,5,0,1030,deschis,finalizat
5782,14806,819,1261,1,3,1261,privat,finalizat
5783,14807,807,1762,2,3,1762,privat,finalizat
5784,14808,722,1269,0,3,1269,privat,finalizat
5785,14810,1808,1762,4,5,1762,privat,finalizat
5786,14812,954,1955,,,,privat,fara_rezultat
5787,14814,921,1597,3,4,1597,privat,finalizat
5788,14816,971,1919,,,,deschis,fara_rezultat
5789,14820,1355,,,,,deschis,expirat
5790,14826,229,2180,,,,privat,fara_rezultat
5791,14828,998,645,3,0,998,privat,finalizat
5792,14832,468,2223,3,0,468,deschis,finalizat
5793,14835,807,952,0,3,952,privat,finalizat
5794,14837,2227,1261,3,1,2227,privat,finalizat
5795,14840,608,301,,,,privat,fara_rezultat
5796,14842,916,453,4,3,916,deschis,finalizat
5797,14844,252,1959,4,5,1959,privat,finalizat
5798,14846,1411,1490,2,4,1490,deschis,finalizat
5799,14848,2436,,,,,deschis,expirat
5800,14852,1646,,,,,deschis,expirat
5801,14858,1159,938,1,5,938,deschis,finalizat
5802,14859,26,,,,,deschis,expirat
5803,14862,2452,82,,,,privat,fara_rezultat
5804,14865,653,1378,5,4,653,privat,finalizat
5805,14869,1833,2,0,3,2,privat,finalizat
5806,14874,1762,1836,3,1,1762,privat,finalizat
5807,14875,301,1287,0,4,1287,deschis,finalizat
5808,14877,1522,971,,,,privat,fara_rezultat
5809,14878,1572,319,5,2,1572,privat,finalizat
5810,14883,1599,181,0,5,181,privat,finalizat
5811,14884,14,1574,4,1,14,privat,finalizat
5812,14885,165,895,3,4,895,privat,finalizat
5813,14886,1615,1332,,,,privat,fara_rezultat
5814,14888,2485,1955,5,0,2485,deschis,finalizat
5815,14893,1374,1292,3,1,1374,privat,finalizat
5816,14899,1810,651,3,1,1810,privat,finalizat
5817,14904,1364,1982,3,4,1982,privat,finalizat
5818,14906,504,1609,0,3,1609,privat,finalizat
5819,14908,1806,1883,2,3,1883,privat,finalizat
5820,14909,2225,1687,4,1,2225,privat,finalizat
5821,14914,807,119,,,,deschis,fara_rezultat
5822,14915,737,894,3,1,737,privat,finalizat
5823,14918,2070,,,,,deschis,expirat
5824,14919,1201,1548,4,0,1201,privat,finalizat
5825,14921,2309,176,3,2,2309,deschis,finalizat
5826,14922,2496,610,2,3,610,privat,finalizat
5827,14924,2262,2363,0,4,2363,privat,finalizat
5828,14927,117,,,,,deschis,expirat
5829,14931,343,476,,,,privat,fara_rezultat
5830,14938,2056,1374,,,,privat,fara_rezultat
5831,14939,502,304,0,3,304,privat,finalizat
5832,14940,1029,2120,3,0,1029,privat,finalizat
5833,14946,615,1922,2,3,1922,privat,finalizat
5834,14947,249,2385,4,0,249,privat,finalizat
5835,14948,2310,249,3,4,249,privat,finalizat
5836,14949,827,1927,3,2,827,privat,finalizat
5837,14950,2455,1071,1,3,1071,privat,finalizat
5838,14951,1437,1521,3,0,1437,deschis,finalizat
5839,14952,2067,921,3,2,2067,privat,finalizat
5840,14953,921,1444,3,2,921,privat,finalizat
5841,14954,1886,2265,3,4,2265,privat,finalizat
5842,14956,595,1886,1,5,1886,privat,finalizat
5843,14957,2192,,,,,deschis,expirat
5844,14958,295,2478,1,5,2478,deschis,finalizat
5845,14959,876,598,5,1,876,privat,finalizat
5846,14960,2316,198,,,,deschis,fara_rezultat
5847,14965,538,1045,5,1,538,privat,finalizat
5848,14966,144,952,3,1,144,deschis,finalizat
5849,14968,2357,2281,5,4,2357,privat,finalizat
5850,14969,1495,,,,,deschis,expirat
5851,14970,2369,2004,1,4,2004,deschis,finalizat
5852,14974,1949,327,5,3,1949,deschis,finalizat
5853,14977,1053,1192,3,0,1053,privat,finalizat
5854,14982,1080,2209,3,0,1080,deschis,finalizat
5855,14983,601,1545,1,3,1545,privat,finalizat
5856,14986,283,1627,1,3,1627,privat,finalizat
5857,14987,2296,1284,3,0,2296,privat,finalizat
5858,14988,647,598,4,2,647,privat,finalizat
5859,14990,287,1829,5,3,287,deschis,finalizat
5860,14992,1953,952,5,2,1953,privat,finalizat
5861,14993,775,209,0,4,209,deschis,finalizat
5862,14995,619,,,,,deschis,expirat
5863,14999,1566,676,5,1,1566,privat,finalizat
5864,15002,1810,2379,5,4,1810,deschis,finalizat
5865,15004,2297,240,0,5,240,privat,finalizat
5866,15005,515,1333,,,,deschis,fara_rezultat
5867,15008,1053,,,,,deschis,expirat
5868,15010,15,730,3,5,730,privat,finalizat
5869,15012,771,128,4,1,771,privat,finalizat
5870,15013,1148,,,,,deschis,expirat
5871,15017,437,435,,,,privat,fara_rezultat
5872,15018,229,1361,2,3,1361,privat,finalizat
5873,15019,2348,775,4,3,2348,privat,finalizat
5874,15020,1129,2212,5,1,1129,deschis,finalizat
5875,15021,1261,1792,5,3,1261,privat,finalizat
5876,15024,125,1669,2,3,1669,privat,finalizat
5877,15026,2004,1998,1,4,1998,privat,finalizat
5878,15033,2190,1389,,,,privat,fara_rezultat
5879,15038,13,1544,1,5,1544,privat,finalizat
5880,15039,857,2,4,2,857,privat,finalizat
5881,15041,2348,993,1,3,993,deschis,finalizat
5882,15042,538,1354,0,3,1354,privat,finalizat
5883,15043,1361,,,,,deschis,expirat
5884,15046,2116,1737,2,5,1737,privat,finalizat
5885,15048,794,1388,5,1,794,privat,finalizat
5886,15049,2033,170,4,3,2033,privat,finalizat
5887,15053,2087,1201,5,1,2087,privat,finalizat
5888,15055,1401,1287,5,1,1401,privat,finalizat
5889,15056,2366,2329,5,2,2366,privat,finalizat
5890,15059,370,515,0,4,515,privat,finalizat
5891,15060,2213,138,5,3,2213,deschis,finalizat
5892,15066,2167,2074,,,,privat,fara_rezultat
5893,15069,596,1917,0,5,1917,privat,finalizat
5894,15075,374,1374,3,0,374,deschis,finalizat
5895,15078,1228,,,,,deschis,expirat
5896,15080,1663,619,1,4,619,privat,finalizat
5897,15081,2317,198,2,3,198,privat,finalizat
5898,15082,2379,2041,3,4,2041,privat,finalizat
5899,15092,2310,1708,5,1,2310,privat,finalizat
5900,15094,127,1364,1,5,1364,deschis,finalizat
5901,15098,2211,207,3,0,2211,deschis,finalizat
5902,15099,1184,105,4,5,105,privat,finalizat
5903,15102,1788,2478,5,4,1788,privat,finalizat
5904,15103,1060,1865,5,0,1060,privat,finalizat
5905,15106,1973,911,5,1,1973,deschis,finalizat
5906,15110,1228,1138,0,5,1138,privat,finalizat
5907,15111,2348,952,2,5,952,privat,finalizat
5908,15112,1506,,,,,deschis,expirat
5909,15114,476,2002,3,2,476,deschis,finalizat
5910,15116,1329,,,,,deschis,expirat
5911,15117,289,1556,5,3,289,privat,finalizat
5912,15118,802,1522,5,3,802,privat,finalizat
5913,15119,954,1858,1,3,1858,privat,finalizat
5914,15120,985,1917,2,4,1917,privat,finalizat
5915,15122,1865,1910,,,,privat,fara_rezultat
5916,15123,1687,2304,4,2,1687,privat,finalizat
5917,15124,775,1292,0,3,1292,deschis,finalizat
5918,15125,1462,234,3,1,1462,privat,finalizat
5919,15126,1721,2234,,,,privat,fara_rezultat
5920,15127,327,1845,0,4,1845,privat,finalizat
5921,15130,873,2127,5,3,873,privat,finalizat
5922,15132,1460,1148,5,3,1460,privat,finalizat
5923,15135,1401,602,,,,privat,fara_rezultat
5924,15136,170,2234,1,4,2234,privat,finalizat
5925,15141,304,63,,,,deschis,fara_rezultat
5926,15144,1646,1551,2,3,1551,privat,finalizat
5927,15147,1389,1633,2,3,1633,privat,finalizat
5928,15149,1494,1966,2,3,1966,privat,finalizat
5929,15154,619,116,1,3,116,privat,finalizat
5930,15158,1890,1022,4,1,1890,privat,finalizat
5931,15161,685,1603,2,4,1603,privat,finalizat
5932,15167,1907,1839,0,3,1839,privat,finalizat
5933,15171,261,446,4,3,261,privat,finalizat
5934,15174,1763,993,4,3,1763,privat,finalizat
5935,15175,1663,633,4,3,1663,deschis,finalizat
5936,15176,2006,401,5,2,2006,privat,finalizat
5937,15178,1424,1669,,,,privat,fara_rezultat
5938,15179,420,1388,3,0,420,privat,finalizat
5939,15180,257,1262,3,0,257,privat,finalizat
5940,15183,2281,1522,3,4,1522,deschis,finalizat
5941,15184,483,1435,3,1,483,privat,finalizat
5942,15187,2183,1664,,,,privat,fara_rezultat
5943,15188,244,82,0,4,82,privat,finalizat
5944,15191,377,1148,4,0,377,deschis,finalizat
5945,15197,959,1915,3,1,959,deschis,finalizat
5946,15198,176,1283,0,3,1283,privat,finalizat
5947,15201,1400,138,,,,privat,fara_rezultat
5948,15205,2475,658,,,,deschis,fara_rezultat
5949,15206,324,967,5,3,324,privat,finalizat
5950,15208,304,,,,,deschis,expirat
5951,15209,1361,612,4,5,612,privat,finalizat
5952,15212,1354,63,,,,privat,fara_rezultat
5953,15215,1777,1179,,,,deschis,fara_rezultat
5954,15217,2087,493,2,4,493,deschis,finalizat
5955,15218,1113,811,,,,deschis,fara_rezultat
5956,15219,1401,811,5,4,1401,privat,finalizat
5957,15223,2357,415,3,4,415,deschis,finalizat
5958,15225,928,,,,,deschis,expirat
5959,15226,2213,297,3,4,297,privat,finalizat
5960,15228,966,938,3,2,966,privat,finalizat
5961,15229,1192,2455,4,2,1192,privat,finalizat
5962,15236,1788,2123,3,2,1788,privat,finalizat
5963,15237,1806,741,5,1,1806,privat,finalizat
5964,15238,1759,1339,3,2,1759,privat,finalizat
5965,15240,214,565,2,5,565,deschis,finalizat
5966,15243,1592,1220,1,4,1220,privat,finalizat
5967,15244,1762,1028,3,5,1028,privat,finalizat
5968,15246,2471,1028,3,2,2471,privat,finalizat
5969,15248,2304,529,5,2,2304,privat,finalizat
5970,15251,1113,1233,0,4,1233,privat,finalizat
5971,15260,1468,989,,,,privat,fara_rezultat
5972,15261,1570,2399,2,3,2399,privat,finalizat
5973,15266,395,202,2,3,202,privat,finalizat
5974,15268,538,787,,,,privat,fara_rezultat
5975,15269,1965,787,,,,privat,fara_rezultat
5976,15270,1620,2325,3,0,1620,privat,finalizat
5977,15272,1606,630,3,1,1606,privat,finalizat
5978,15275,1760,2281,,,,privat,fara_rezultat
5979,15277,1572,1688,0,4,1688,deschis,finalizat
5980,15278,1646,1961,3,2,1646,privat,finalizat
5981,15287,1626,1332,5,3,1626,privat,finalizat
5982,15288,792,1613,2,4,1613,privat,finalizat
5983,15289,2121,1966,2,5,1966,privat,finalizat
5984,15291,502,779,3,2,502,privat,finalizat
5985,15298,651,959,5,4,651,privat,finalizat
5986,15300,1548,,,,,deschis,expirat
5987,15301,1008,255,4,0,1008,deschis,finalizat
5988,15302,2120,,,,,deschis,expirat
5989,15304,123,2433,3,4,2433,deschis,finalizat
5990,15311,1547,1597,,,,privat,fara_rezultat
5991,15312,2326,1801,2,5,1801,privat,finalizat
5992,15315,2139,6,4,5,6,privat,finalizat
5993,15317,1552,,,,,deschis,expirat
5994,15321,2344,1094,3,1,2344,privat,finalizat
5995,15323,653,1671,0,3,1671,privat,finalizat
5996,15324,2196,2320,2,5,2320,privat,finalizat
5997,15326,1620,443,0,3,443,deschis,finalizat
5998,15327,450,2212,4,0,450,privat,finalizat
5999,15328,1022,1198,4,2,1022,privat,finalizat
6000,15329,1862,1148,2,4,1148,deschis,finalizat
6001,15330,1759,1530,3,5,1530,privat,finalizat
6002,15332,1028,1747,3,5,1747,privat,finalizat
6003,15333,2485,653,4,5,653,privat,finalizat
6004,15336,787,2227,4,3,787,privat,finalizat
6005,15338,2000,701,,,,privat,fara_rezultat
6006,15346,2175,,,,,deschis,expirat
6007,15349,63,1663,1,4,1663,privat,finalizat
6008,15353,672,1206,3,4,1206,deschis,finalizat
6009,15354,374,1098,0,3,1098,privat,finalizat
6010,15355,1292,807,3,0,1292,privat,finalizat
6011,15357,1278,1773,3,1,1278,deschis,finalizat
6012,15359,171,1482,3,1,171,deschis,finalizat
6013,15361,670,2355,0,5,2355,privat,finalizat
6014,15362,1000,598,2,5,598,privat,finalizat
6015,15367,2224,1928,,,,deschis,fara_rezultat
6016,15369,1664,2074,2,4,2074,privat,finalizat
6017,15371,668,598,2,3,598,privat,finalizat
6018,15374,2095,722,4,2,2095,privat,finalizat
6019,15375,1965,159,3,5,159,privat,finalizat
6020,15376,610,2496,5,2,610,privat,finalizat
6021,15379,2485,1804,,,,privat,fara_rezultat
6022,15380,868,563,3,2,868,deschis,finalizat
6023,15382,374,694,,,,deschis,fara_rezultat
6024,15384,1129,883,5,1,1129,deschis,finalizat
6025,15388,1646,1961,5,2,1646,deschis,finalizat
6026,15391,651,,,,,deschis,expirat
6027,15394,2391,1982,,,,privat,fara_rezultat
6028,15395,15,87,2,3,87,privat,finalizat
6029,15398,827,756,0,4,756,privat,finalizat
6030,15399,2474,1208,3,4,1208,deschis,finalizat
6031,15404,646,,,,,deschis,expirat
6032,15405,1953,,,,,deschis,expirat
6033,15407,2436,1123,0,3,1123,privat,finalizat
6034,15408,2108,450,5,4,2108,privat,finalizat
6035,15409,2471,409,,,,deschis,fara_rezultat
6036,15410,319,495,,,,privat,fara_rezultat
6037,15414,2116,1603,,,,privat,fara_rezultat
6038,15416,2357,2433,4,2,2357,privat,finalizat
6039,15419,1973,1849,,,,privat,fara_rezultat
6040,15420,1210,745,1,4,745,privat,finalizat
6041,15424,1355,953,4,3,1355,privat,finalizat
6042,15428,221,,,,,deschis,expirat
6043,15430,646,1808,2,5,1808,privat,finalizat
6044,15431,1756,2024,0,3,2024,privat,finalizat
6045,15437,17,1998,4,2,17,deschis,finalizat
6046,15438,894,2268,,,,privat,fara_rezultat
6047,15439,1961,428,4,5,428,privat,finalizat
6048,15441,1961,1646,2,3,1646,deschis,finalizat
6049,15443,493,,,,,deschis,expirat
6050,15451,128,1504,1,3,1504,deschis,finalizat
6051,15453,67,670,1,4,670,deschis,finalizat
6052,15454,2123,247,3,0,2123,privat,finalizat
6053,15455,672,391,2,3,391,privat,finalizat
6054,15456,214,,,,,deschis,expirat
6055,15457,2,857,0,3,857,privat,finalizat
6056,15460,2119,198,,,,privat,fara_rezultat
6057,15461,1129,450,0,5,450,privat,finalizat
6058,15462,816,116,4,0,816,privat,finalizat
6059,15463,287,,,,,deschis,expirat
6060,15464,1113,1025,2,4,1025,privat,finalizat
6061,15468,1723,518,0,3,518,privat,finalizat
6062,15472,2127,1927,4,0,2127,deschis,finalizat
6063,15473,1192,1927,,,,deschis,fara_rezultat
6064,15474,921,,,,,deschis,expirat
6065,15475,1796,,,,,deschis,expirat
6066,15478,784,1697,3,1,784,privat,finalizat
6067,15479,2478,247,1,3,247,privat,finalizat
6068,15483,396,1098,2,3,1098,deschis,finalizat
6069,15491,1631,651,3,5,651,deschis,finalizat
6070,15493,1113,2035,1,5,2035,privat,finalizat
6071,15500,2170,645,5,2,2170,privat,finalizat
6072,15502,1820,730,3,2,1820,deschis,finalizat
6073,15503,1552,1343,,,,privat,fara_rezultat
6074,15504,603,1974,2,3,1974,privat,finalizat
6075,15506,283,,,,,deschis,expirat
6076,15507,2196,172,,,,privat,fara_rezultat
6077,15508,1357,197,,,,privat,fara_rezultat
6078,15513,787,285,3,0,787,privat,finalizat
6079,15516,538,819,3,4,819,privat,finalizat
6080,15517,1353,,,,,deschis,expirat
6081,15519,1213,260,1,5,260,privat,finalizat
6082,15521,125,,,,,deschis,expirat
6083,15527,1462,651,3,0,1462,privat,finalizat
6084,15528,2459,2151,4,1,2459,privat,finalizat
6085,15530,2445,171,5,1,2445,privat,finalizat
6086,15531,1981,1476,4,3,1981,privat,finalizat
6087,15532,2129,245,1,3,245,privat,finalizat
6088,15533,1480,421,4,5,421,privat,finalizat
6089,15537,2223,1434,0,4,1434,privat,finalizat
6090,15539,1296,481,0,4,481,privat,finalizat
6091,15540,2084,470,5,4,2084,privat,finalizat
6092,15542,231,1341,,,,privat,fara_rezultat
6093,15543,1663,1803,,,,deschis,fara_rezultat
6094,15545,2391,,,,,deschis,expirat
6095,15552,2193,2044,1,3,2044,privat,finalizat
6096,15554,1220,529,3,0,1220,privat,finalizat
6097,15555,779,2212,1,3,2212,privat,finalizat
6098,15556,229,883,3,0,229,privat,finalizat
6099,15561,2081,826,,,,privat,fara_rezultat
6100,15564,1644,646,3,4,646,privat,finalizat
6101,15566,28,,,,,deschis,expirat
6102,15567,1644,2056,,,,privat,fara_rezultat
6103,15569,1278,619,5,4,1278,privat,finalizat
6104,15573,2126,1754,,,,privat,fara_rezultat
6105,15576,1495,1894,1,4,1894,privat,finalizat
6106,15578,2448,891,3,1,2448,privat,finalizat
6107,15582,374,,,,,deschis,expirat
6108,15587,181,1480,4,1,181,privat,finalizat
6109,15591,391,1617,5,4,391,privat,finalizat
6110,15596,2003,1414,4,1,2003,privat,finalizat
6111,15598,2329,1126,0,3,1126,privat,finalizat
6112,15599,1863,1815,,,,privat,fara_rezultat
6113,15601,2176,1884,2,5,1884,privat,finalizat
6114,15603,1144,765,4,1,1144,privat,finalizat
6115,15607,1556,741,4,0,1556,privat,finalizat
6116,15608,1965,2304,3,0,1965,privat,finalizat
6117,15612,63,,,,,deschis,expirat
6118,15613,91,1881,,,,privat,fara_rezultat
6119,15614,916,1998,0,4,1998,deschis,finalizat
6120,15615,1919,718,5,3,1919,privat,finalizat
6121,15616,2357,737,4,2,2357,privat,finalizat
6122,15620,39,370,1,4,370,privat,finalizat
6123,15623,244,1936,4,3,244,privat,finalizat
6124,15624,1508,223,,,,deschis,fara_rezultat
6125,15631,2095,1028,5,1,2095,privat,finalizat
6126,15638,1502,2087,3,4,2087,privat,finalizat
6127,15639,1631,,,,,deschis,expirat
6128,15641,1961,260,3,0,1961,privat,finalizat
6129,15642,26,1949,3,5,1949,privat,finalizat
6130,15643,2452,1433,0,3,1433,privat,finalizat
6131,15645,1360,2067,,,,privat,fara_rezultat
6132,15646,1917,1246,5,3,1917,privat,finalizat
6133,15649,455,708,0,3,708,privat,finalizat
6134,15654,2142,,,,,deschis,expirat
6135,15655,1411,1953,5,2,1411,privat,finalizat
6136,15657,374,633,2,3,633,privat,finalizat
6137,15659,1354,,,,,deschis,expirat
6138,15660,1163,1261,4,0,1163,privat,finalizat
6139,15662,1903,836,1,5,836,privat,finalizat
6140,15664,1777,1369,,,,privat,fara_rezultat
6141,15668,1522,1721,2,5,1721,privat,finalizat
6142,15672,327,515,0,5,515,deschis,finalizat
6143,15674,399,778,,,,privat,fara_rezultat
6144,15678,1611,1609,1,3,1609,privat,finalizat
6145,15679,207,701,1,3,701,privat,finalizat
6146,15680,2306,1697,,,,privat,fara_rezultat
6147,15681,380,2278,3,1,380,privat,finalizat
6148,15683,672,1284,0,3,1284,deschis,finalizat
6149,15684,153,,,,,deschis,expirat
6150,15692,1760,1548,3,1,1760,privat,finalizat
6151,15693,1015,1603,2,4,1603,deschis,finalizat
6152,15694,1178,1688,2,3,1688,privat,finalizat
6153,15698,926,483,1,5,483,deschis,finalizat
6154,15701,191,2127,5,2,191,deschis,finalizat
6155,15702,2190,,,,,deschis,expirat
6156,15703,1323,2409,4,0,1323,privat,finalizat
6157,15707,2288,1327,4,1,2288,privat,finalizat
6158,15709,1575,2121,5,2,1575,privat,finalizat
6159,15718,91,1490,3,4,1490,privat,finalizat
6160,15720,2227,1354,4,2,2227,privat,finalizat
6161,15723,2087,1213,3,0,2087,privat,finalizat
6162,15728,1903,,,,,deschis,expirat
6163,15729,1424,260,0,5,260,privat,finalizat
6164,15734,1519,421,3,4,421,privat,finalizat
6165,15735,2385,,,,,deschis,expirat
6166,15736,1926,117,3,5,117,privat,finalizat
6167,15737,1364,,,,,deschis,expirat
6168,15741,1158,1599,5,2,1158,privat,finalizat
6169,15743,2232,595,,,,deschis,fara_rezultat
6170,15746,2025,2051,,,,privat,fara_rezultat
6171,15748,261,643,1,5,643,privat,finalizat
6172,15749,1278,1753,5,3,1278,privat,finalizat
6173,15753,1488,,,,,deschis,expirat
6174,15761,1488,,,,,deschis,expirat
6175,15763,805,970,4,2,805,privat,finalizat
6176,15767,684,665,3,2,684,privat,finalizat
6177,15769,2001,1954,,,,privat,fara_rezultat
6178,15771,1544,668,3,4,668,privat,finalizat
6179,15772,1397,2180,0,4,2180,privat,finalizat
6180,15775,1303,328,3,1,1303,privat,finalizat
6181,15776,1727,1938,3,0,1727,deschis,finalizat
6182,15780,619,2471,2,5,2471,privat,finalizat
6183,15781,1556,641,3,2,1556,deschis,finalizat
6184,15784,379,2475,4,5,2475,privat,finalizat
6185,15785,1683,1705,3,2,1683,privat,finalizat
6186,15787,1506,816,,,,deschis,fara_rezultat
6187,15792,1839,2373,3,2,1839,deschis,finalizat
6188,15800,2208,2074,3,1,2208,privat,finalizat
6189,15803,453,1488,3,0,453,privat,finalizat
6190,15804,1126,1551,5,2,1126,deschis,finalizat
6191,15806,2445,,,,,deschis,expirat
6192,15807,380,1409,4,5,1409,privat,finalizat
6193,15808,1762,768,2,5,768,privat,finalizat
6194,15810,183,,,,,deschis,expirat
6195,15812,515,,,,,deschis,expirat
6196,15817,787,2227,3,5,2227,deschis,finalizat
6197,15818,1928,2430,5,1,1928,privat,finalizat
6198,15824,374,396,2,5,396,privat,finalizat
6199,15825,401,612,5,0,401,privat,finalizat
6200,15828,2496,40,,,,privat,fara_rezultat
6201,15829,1928,608,4,2,1928,deschis,finalizat
6202,15830,608,319,4,1,608,privat,finalizat
6203,15832,1388,1737,,,,privat,fara_rezultat
6204,15834,1727,249,0,3,249,privat,finalizat
6205,15835,2270,1433,3,5,1433,privat,finalizat
6206,15837,1884,827,3,0,1884,deschis,finalizat
6207,15841,1148,1671,4,0,1148,privat,finalizat
6208,15845,1551,869,3,2,1551,privat,finalizat
6209,15850,1022,2212,3,2,1022,deschis,finalizat
6210,15853,952,2308,0,4,2308,deschis,finalizat
6211,15854,450,261,5,1,450,privat,finalizat
6212,15855,1201,40,1,4,40,privat,finalizat
6213,15863,2453,1547,4,0,2453,deschis,finalizat
6214,15864,730,154,3,2,730,privat,finalizat
6215,15866,2176,1918,0,4,1918,privat,finalizat
6216,15869,2081,823,,,,deschis,fara_rezultat
6217,15870,1249,579,2,4,579,privat,finalizat
6218,15875,1417,1129,4,0,1417,privat,finalizat
6219,15878,125,743,,,,privat,fara_rezultat
6220,15880,1502,527,5,2,1502,privat,finalizat
6221,15881,998,1815,1,3,1815,privat,finalizat
6222,15883,368,2458,5,1,368,deschis,finalizat
6223,15885,730,,,,,deschis,expirat
6224,15892,1022,2072,,,,deschis,fara_rezultat
6225,15894,2471,285,2,3,285,privat,finalizat
6226,15895,285,1592,3,2,285,deschis,finalizat
6227,15896,2090,2227,1,3,2227,privat,finalizat
6228,15898,2233,2357,4,3,2233,privat,finalizat
6229,15900,2033,420,5,3,2033,privat,finalizat
6230,15903,2004,255,5,3,2004,privat,finalizat
6231,15906,454,1723,4,5,1723,deschis,finalizat
6232,15913,2211,,,,,deschis,expirat
6233,15914,1615,192,2,3,192,privat,finalizat
6234,15915,1626,1409,1,3,1409,privat,finalizat
6235,15916,1579,954,,,,privat,fara_rezultat
6236,15917,313,2044,,,,privat,fara_rezultat
6237,15922,1359,1119,0,4,1119,privat,finalizat
6238,15925,571,1061,3,2,571,deschis,finalizat
6239,15928,229,1606,,,,deschis,fara_rezultat
6240,15931,1411,612,0,3,612,privat,finalizat
6241,15932,1361,2447,3,4,2447,privat,finalizat
6242,15936,428,1179,3,0,428,privat,finalizat
6243,15937,947,2324,2,5,2324,privat,finalizat
6244,15938,1760,,,,,deschis,expirat
6245,15939,1777,1185,3,5,1185,privat,finalizat
6246,15944,937,2175,,,,deschis,fara_rezultat
6247,15946,2455,1820,1,3,1820,privat,finalizat
6248,15951,1284,830,2,3,830,privat,finalizat
6249,15952,1127,1972,,,,privat,fara_rezultat
6250,15953,1431,1294,,,,privat,fara_rezultat
6251,15955,1365,189,3,0,1365,privat,finalizat
6252,15956,2056,1228,3,2,2056,privat,finalizat
6253,15961,1502,75,3,2,1502,privat,finalizat
6254,15964,999,1402,0,5,1402,privat,finalizat
6255,15969,1071,2391,3,0,1071,privat,finalizat
6256,15970,974,1975,,,,privat,fara_rezultat
6257,15971,2164,1927,0,3,1927,privat,finalizat
6258,15977,665,2303,3,0,665,deschis,finalizat
6259,15978,391,922,4,5,922,privat,finalizat
6260,15982,91,952,4,1,91,deschis,finalizat
6261,15983,2471,33,5,2,2471,privat,finalizat
6262,15984,916,1287,4,5,1287,privat,finalizat
6263,15989,1876,566,2,5,566,privat,finalizat
6264,15990,1936,154,0,3,154,privat,finalizat
6265,15991,249,1360,5,4,249,privat,finalizat
6266,15992,2452,1938,2,4,1938,privat,finalizat
6267,15994,698,476,3,0,698,privat,finalizat
6268,15998,437,487,3,4,487,privat,finalizat
6269,16000,2224,145,3,2,2224,privat,finalizat
6270,16001,1218,2035,0,5,2035,privat,finalizat
6271,16006,1427,1676,4,1,1427,privat,finalizat
6272,16008,374,2195,1,4,2195,privat,finalizat
6273,16009,775,1946,1,5,1946,privat,finalizat
6274,16012,883,1490,5,4,883,privat,finalizat
6275,16015,1360,1512,2,5,1512,deschis,finalizat
6276,16018,910,819,2,4,819,deschis,finalizat
6277,16019,1919,2120,2,3,2120,deschis,finalizat
6278,16024,778,1508,3,5,1508,deschis,finalizat
6279,16027,1255,1732,5,2,1255,privat,finalizat
6280,16031,434,2142,5,3,434,privat,finalizat
6281,16043,2262,1435,5,2,2262,privat,finalizat
6282,16044,510,15,2,4,15,privat,finalizat
6283,16045,160,1039,3,2,160,privat,finalizat
6284,16047,1563,1976,3,0,1563,privat,finalizat
6285,16050,437,876,4,2,437,privat,finalizat
6286,16052,753,1836,5,2,753,privat,finalizat
6287,16053,1663,2447,4,3,1663,privat,finalizat
6288,16055,1548,1723,1,3,1723,deschis,finalizat
6289,16058,2270,1444,4,0,2270,privat,finalizat
6290,16060,1360,2270,5,3,1360,deschis,finalizat
6291,16061,1982,974,2,4,974,privat,finalizat
6292,16063,948,1614,4,2,948,privat,finalizat
6293,16065,852,,,,,deschis,expirat
6294,16066,525,1525,5,2,525,deschis,finalizat
6295,16078,954,596,,,,privat,fara_rezultat
6296,16079,636,163,5,4,636,deschis,finalizat
6297,16080,2196,,,,,deschis,expirat
6298,16083,762,1249,5,4,762,privat,finalizat
6299,16087,1789,2108,5,1,1789,privat,finalizat
6300,16094,743,1495,,,,privat,fara_rezultat
6301,16100,970,1476,3,2,970,privat,finalizat
6302,16101,1389,1597,4,1,1389,privat,finalizat
6303,16102,873,1602,4,0,873,privat,finalizat
6304,16104,1071,258,,,,deschis,fara_rezultat
6305,16105,704,1707,5,1,704,deschis,finalizat
6306,16108,2325,1138,0,3,1138,privat,finalizat
6307,16111,1566,2309,,,,privat,fara_rezultat
6308,16113,257,1760,,,,privat,fara_rezultat
6309,16114,1928,2116,3,5,2116,privat,finalizat
6310,16116,998,2445,2,4,2445,privat,finalizat
6311,16117,1003,1433,3,5,1433,privat,finalizat
6312,16120,603,1466,0,3,1466,privat,finalizat
6313,16121,867,2020,2,4,2020,privat,finalizat
6314,16123,1506,,,,,deschis,expirat
6315,16125,304,1663,1,5,1663,privat,finalizat
6316,16126,2056,1374,,,,privat,fara_rezultat
6317,16127,412,287,1,4,287,privat,finalizat
6318,16128,1953,2092,,,,privat,fara_rezultat
6319,16129,231,779,1,3,779,privat,finalizat
6320,16130,862,1870,1,3,1870,privat,finalizat
6321,16131,189,2141,0,4,2141,privat,finalizat
6322,16132,1753,198,4,1,1753,privat,finalizat
6323,16133,1965,159,1,4,159,privat,finalizat
6324,16140,451,1237,4,2,451,privat,finalizat
6325,16141,1581,2252,5,1,1581,privat,finalizat
6326,16143,174,971,3,2,174,deschis,finalizat
6327,16147,1301,,,,,deschis,expirat
6328,16149,2067,2176,3,4,2176,privat,finalizat
6329,16150,1071,1982,5,4,1071,privat,finalizat
6330,16153,2215,1065,5,3,2215,privat,finalizat
6331,16156,784,860,1,4,860,deschis,finalizat
6332,16157,1579,,,,,deschis,expirat
6333,16158,830,2336,,,,privat,fara_rezultat
6334,16159,749,385,4,1,749,privat,finalizat
6335,16161,269,1897,2,3,1897,privat,finalizat
6336,16162,579,,,,,deschis,expirat
6337,16163,2471,664,4,1,2471,privat,finalizat
6338,16164,2090,1220,5,3,2090,privat,finalizat
6339,16166,1687,,,,,deschis,expirat
6340,16168,649,916,5,1,649,deschis,finalizat
6341,16169,2233,454,4,1,2233,privat,finalizat
6342,16171,1401,234,0,4,234,privat,finalizat
6343,16172,1353,1603,1,5,1603,privat,finalizat
6344,16177,685,602,2,4,602,privat,finalizat
6345,16180,1170,,,,,deschis,expirat
6346,16184,1437,2176,5,1,1437,privat,finalizat
6347,16187,2176,1053,0,5,1053,deschis,finalizat
6348,16190,697,1563,0,5,1563,privat,finalizat
6349,16191,436,867,4,0,436,privat,finalizat
6350,16192,2037,30,,,,deschis,fara_rezultat
6351,16193,749,2171,5,2,749,privat,finalizat
6352,16194,565,1489,,,,privat,fara_rezultat
6353,16196,1753,2006,4,5,2006,privat,finalizat
6354,16197,434,2436,2,3,2436,privat,finalizat
6355,16199,2147,,,,,deschis,expirat
6356,16201,1789,1965,,,,privat,fara_rezultat
6357,16202,229,287,,,,privat,fara_rezultat
6358,16205,443,409,2,4,409,privat,finalizat
6359,16206,1753,,,,,deschis,expirat
6360,16207,1028,,,,,deschis,expirat
6361,16209,209,1292,2,3,1292,privat,finalizat
6362,16210,471,536,5,3,471,privat,finalizat
6363,16211,816,116,3,0,816,privat,finalizat
6364,16212,1687,1471,3,5,1471,privat,finalizat
6365,16213,231,646,2,4,646,privat,finalizat
6366,16216,1462,,,,,deschis,expirat
6367,16217,2116,,,,,deschis,expirat
6368,16218,676,1915,,,,privat,fara_rezultat
6369,16221,894,1548,,,,deschis,fara_rezultat
6370,16222,2224,2003,,,,privat,fara_rezultat
6371,16225,1968,1961,4,2,1968,privat,finalizat
6372,16227,1400,,,,,deschis,expirat
6373,16230,2151,,,,,deschis,expirat
6374,16231,745,297,0,4,297,privat,finalizat
6375,16233,2175,2455,5,1,2175,privat,finalizat
6376,16234,200,855,,,,privat,fara_rezultat
6377,16242,382,763,4,3,382,deschis,finalizat
6378,16243,1974,839,2,5,839,privat,finalizat
6379,16249,247,2296,,,,privat,fara_rezultat
6380,16253,2,,,,,deschis,expirat
6381,16255,2024,1792,3,0,2024,privat,finalizat
6382,16256,1870,787,4,1,1870,privat,finalizat
6383,16261,319,2430,2,3,2430,deschis,finalizat
6384,16263,1566,676,0,3,676,privat,finalizat
6385,16268,1669,1919,2,3,1919,privat,finalizat
6386,16272,1353,453,1,5,453,privat,finalizat
6387,16273,2329,1093,1,3,1093,privat,finalizat
6388,16275,909,533,0,4,533,privat,finalizat
6389,16278,2176,1289,3,4,1289,privat,finalizat
6390,16282,1389,2208,,,,privat,fara_rezultat
6391,16287,2256,20,0,4,20,deschis,finalizat
6392,16288,479,983,3,4,983,privat,finalizat
6393,16290,1575,1601,1,3,1601,deschis,finalizat
6394,16291,2196,1627,,,,privat,fara_rezultat
6395,16294,153,2165,,,,deschis,fara_rezultat
6396,16296,1944,2316,3,2,1944,deschis,finalizat
6397,16297,1663,,,,,deschis,expirat
6398,16298,261,1198,4,2,261,deschis,finalizat
6399,16301,816,1417,5,0,816,privat,finalizat
6400,16302,285,779,3,2,285,privat,finalizat
6401,16303,2325,753,2,5,753,privat,finalizat
6402,16304,2095,1123,3,1,2095,deschis,finalizat
6403,16305,753,536,1,4,536,deschis,finalizat
6404,16308,619,,,,,deschis,expirat
6405,16310,1144,1754,3,0,1144,privat,finalizat
6406,16317,196,1401,3,0,196,privat,finalizat
6407,16318,1353,,,,,deschis,expirat
6408,16324,1981,799,,,,privat,fara_rezultat
6409,16331,2458,368,,,,deschis,fara_rezultat
6410,16335,461,2215,1,4,2215,deschis,finalizat
6411,16339,948,1075,2,4,1075,privat,finalizat
6412,16340,2139,1634,1,3,1634,privat,finalizat
6413,16341,2040,1766,0,4,1766,privat,finalizat
6414,16346,1423,,,,,deschis,expirat
6415,16348,1763,144,,,,privat,fara_rezultat
6416,16353,1762,1028,,,,deschis,fara_rezultat
6417,16355,787,2141,4,5,2141,privat,finalizat
6418,16357,2004,,,,,deschis,expirat
6419,16359,2329,602,1,3,602,privat,finalizat
6420,16360,2004,2467,,,,privat,fara_rezultat
6421,16362,1775,1126,0,3,1126,privat,finalizat
6422,16363,174,2087,3,0,174,privat,finalizat
6423,16364,1007,319,,,,privat,fara_rezultat
6424,16365,174,2169,5,0,174,privat,finalizat
6425,16366,1401,1998,1,5,1998,deschis,finalizat
6426,16367,894,1710,2,4,1710,privat,finalizat
6427,16370,1646,420,,,,privat,fara_rezultat
6428,16374,854,1547,5,3,854,privat,finalizat
6429,16375,854,1982,5,2,854,privat,finalizat
6430,16377,1132,2310,3,1,1132,deschis,finalizat
6431,16380,2448,863,5,1,2448,deschis,finalizat
6432,16381,2448,2399,4,5,2399,deschis,finalizat
6433,16383,2223,1702,1,4,1702,privat,finalizat
6434,16384,1634,1901,0,3,1901,deschis,finalizat
6435,16385,67,1575,4,2,67,privat,finalizat
6436,16389,2001,77,0,3,77,privat,finalizat
6437,16391,563,579,,,,privat,fara_rezultat
6438,16393,214,565,4,5,565,privat,finalizat
6439,16395,1663,529,5,1,1663,deschis,finalizat
6440,16396,1756,401,4,0,1756,privat,finalizat
6441,16397,502,209,3,0,502,privat,finalizat
6442,16399,1123,2095,0,4,2095,deschis,finalizat
6443,16407,1179,1723,1,4,1723,privat,finalizat
6444,16408,1303,549,2,3,549,privat,finalizat
6445,16411,1323,561,,,,privat,fara_rezultat
6446,16412,1668,873,1,3,873,privat,finalizat
6447,16413,827,1057,2,4,1057,privat,finalizat
6448,16414,2176,730,5,2,2176,privat,finalizat
6449,16417,2009,658,2,3,658,privat,finalizat
6450,16420,593,1378,1,5,1378,privat,finalizat
6451,16423,295,672,4,3,295,privat,finalizat
6452,16425,1249,455,4,3,1249,privat,finalizat
6453,16429,450,779,4,2,450,privat,finalizat
6454,16431,1955,2351,,,,deschis,fara_rezultat
6455,16432,1788,1317,5,4,1788,privat,finalizat
6456,16433,2025,1293,3,1,2025,privat,finalizat
6457,16434,1374,1620,2,4,1620,deschis,finalizat
6458,16435,231,1321,2,3,1321,privat,finalizat
6459,16436,2447,,,,,deschis,expirat
6460,16438,2126,883,3,2,2126,privat,finalizat
6461,16441,2196,2171,3,5,2171,privat,finalizat
6462,16447,1536,1065,,,,privat,fara_rezultat
6463,16453,744,19,3,2,744,privat,finalizat
6464,16454,1587,431,3,0,1587,privat,finalizat
6465,16461,1206,1525,3,1,1206,privat,finalizat
6466,16462,1506,815,3,0,1506,deschis,finalizat
6467,16463,1374,480,0,4,480,privat,finalizat
6468,16465,737,1522,0,3,1522,privat,finalizat
6469,16466,1169,645,3,2,1169,deschis,finalizat
6470,16467,915,875,1,3,875,privat,finalizat
6471,16469,1354,664,3,2,1354,privat,finalizat
6472,16473,2379,1522,5,1,2379,privat,finalizat
6473,16476,1928,1903,,,,privat,fara_rezultat
6474,16479,1758,2452,0,5,2452,privat,finalizat
6475,16480,2113,1131,1,4,1131,privat,finalizat
6476,16481,313,363,3,1,313,privat,finalizat
6477,16484,1763,446,3,2,1763,privat,finalizat
6478,16487,2003,1178,4,1,2003,privat,finalizat
6479,16488,1760,257,4,2,1760,privat,finalizat
6480,16490,1961,610,0,3,610,deschis,finalizat
6481,16491,1998,1414,0,5,1414,privat,finalizat
6482,16493,713,1499,,,,privat,fara_rezultat
6483,16494,1071,827,,,,privat,fara_rezultat
6484,16497,787,1163,,,,deschis,fara_rezultat
6485,16501,231,753,0,3,753,privat,finalizat
6486,16506,1179,649,3,4,649,privat,finalizat
6487,16507,836,1262,3,2,836,privat,finalizat
6488,16508,1903,1401,2,3,1401,deschis,finalizat
6489,16509,301,1353,3,5,1353,privat,finalizat
6490,16512,2035,,,,,deschis,expirat
6491,16513,938,2236,3,1,938,privat,finalizat
6492,16514,511,1313,4,0,511,deschis,finalizat
6493,16521,1396,2392,1,4,2392,privat,finalizat
6494,16524,1022,807,3,0,1022,privat,finalizat
6495,16528,1374,,,,,deschis,expirat
6496,16529,1646,1029,4,5,1029,privat,finalizat
6497,16533,896,1007,3,2,896,privat,finalizat
6498,16535,1113,255,,,,privat,fara_rezultat
6499,16537,1189,,,,,deschis,expirat
6500,16538,2208,421,2,3,421,privat,finalizat
6501,16540,2190,331,1,4,331,privat,finalizat
6502,16541,561,1708,1,4,1708,deschis,finalizat
6503,16542,105,1099,3,1,105,privat,finalizat
6504,16543,1184,,,,,deschis,expirat
6505,16558,176,2268,3,0,176,privat,finalizat
6506,16559,2213,1981,2,3,1981,deschis,finalizat
6507,16560,240,1402,3,0,240,privat,finalizat
6508,16563,2091,2310,4,3,2091,privat,finalizat
6509,16567,863,2306,3,5,2306,privat,finalizat
6510,16573,1228,775,0,5,775,privat,finalizat
6511,16574,2108,2095,5,4,2108,privat,finalizat
6512,16576,1792,261,4,2,1792,privat,finalizat
6513,16578,652,2308,3,4,2308,privat,finalizat
6514,16579,415,420,2,3,420,privat,finalizat
6515,16580,1415,2467,0,5,2467,deschis,finalizat
6516,16582,196,1590,4,0,196,privat,finalizat
6517,16583,1233,1113,3,4,1113,deschis,finalizat
6518,16586,1007,1710,0,4,1710,privat,finalizat
6519,16587,301,1864,,,,privat,fara_rezultat
6520,16590,1669,901,2,5,901,deschis,finalizat
6521,16592,1015,,,,,deschis,expirat
6522,16593,17,651,1,5,651,privat,finalizat
6523,16600,1884,1807,5,0,1884,privat,finalizat
6524,16603,921,1192,,,,privat,fara_rezultat
6525,16606,639,1938,5,1,639,privat,finalizat
6526,16608,1825,1332,5,0,1825,privat,finalizat
6527,16609,547,,,,,deschis,expirat
6528,16614,1098,536,5,2,1098,privat,finalizat
6529,16615,2212,2195,5,2,2212,privat,finalizat
6530,16618,443,1145,2,4,1145,privat,finalizat
6531,16619,2496,959,5,1,2496,privat,finalizat
6532,16621,2138,,,,,deschis,expirat
6533,16622,49,234,2,5,234,deschis,finalizat
6534,16626,1903,1415,1,3,1415,privat,finalizat
6535,16630,1201,,,,,deschis,expirat
6536,16636,1389,2176,4,3,1389,privat,finalizat
6537,16644,76,114,5,1,76,privat,finalizat
6538,16645,2284,856,3,1,2284,privat,finalizat
6539,16647,333,,,,,deschis,expirat
6540,16650,1278,,,,,deschis,expirat
6541,16653,91,1836,,,,deschis,fara_rezultat
6542,16654,2325,2348,1,3,2348,deschis,finalizat
6543,16657,2308,664,,,,privat,fara_rezultat
6544,16660,646,538,2,5,538,privat,finalizat
6545,16661,231,952,,,,privat,fara_rezultat
6546,16665,1113,1401,3,5,1401,privat,finalizat
6547,16666,1721,1237,5,3,1721,privat,finalizat
6548,16669,1458,2281,,,,deschis,fara_rezultat
6549,16671,1462,676,3,1,1462,privat,finalizat
6550,16675,220,,,,,deschis,expirat
6551,16677,334,1633,4,0,334,privat,finalizat
6552,16680,1158,2434,,,,privat,fara_rezultat
6553,16682,1004,,,,,deschis,expirat
6554,16684,362,825,0,3,825,privat,finalizat
6555,16686,1451,1752,2,5,1752,privat,finalizat
6556,16689,382,,,,,deschis,expirat
6557,16691,1257,503,5,2,1257,privat,finalizat
6558,16697,2294,50,,,,privat,fara_rezultat
6559,16698,2284,2025,2,4,2025,privat,finalizat
6560,16702,619,1620,4,2,619,privat,finalizat
6561,16704,633,450,5,0,633,deschis,finalizat
6562,16707,2147,779,,,,privat,fara_rezultat
6563,16708,775,862,0,5,862,privat,finalizat
6564,16709,1123,1354,0,3,1354,deschis,finalizat
6565,16712,2070,420,4,3,2070,privat,finalizat
6566,16714,1572,319,5,2,1572,privat,finalizat
6567,16715,1737,40,0,3,40,privat,finalizat
6568,16716,685,1178,2,5,1178,privat,finalizat
6569,16720,2031,2363,1,3,2363,privat,finalizat
6570,16721,715,370,5,3,715,privat,finalizat
6571,16726,2067,,,,,deschis,expirat
6572,16727,1975,,,,,deschis,expirat
6573,16730,34,1707,,,,deschis,fara_rezultat
6574,16731,335,1075,2,3,1075,privat,finalizat
6575,16734,1653,1246,1,5,1246,privat,finalizat
6576,16735,830,2171,0,3,2171,deschis,finalizat
6577,16736,172,391,,,,deschis,fara_rezultat
6578,16738,391,525,2,3,525,deschis,finalizat
6579,16742,119,198,,,,privat,fara_rezultat
6580,16746,443,2108,1,5,2108,privat,finalizat
6581,16747,1228,2325,4,3,1228,privat,finalizat
6582,16751,1354,2006,,,,deschis,fara_rezultat
6583,16752,2261,1603,,,,deschis,fara_rezultat
6584,16753,2033,1093,4,3,2033,deschis,finalizat
6585,16754,901,1461,,,,privat,fara_rezultat
6586,16760,1488,1007,1,3,1007,privat,finalizat
6587,16761,1968,1590,4,0,1968,privat,finalizat
6588,16772,921,1633,3,1,921,privat,finalizat
6589,16774,937,1609,5,3,937,privat,finalizat
6590,16775,249,160,2,4,160,privat,finalizat
6591,16779,34,792,,,,deschis,fara_rezultat
6592,16780,6,603,5,1,6,privat,finalizat
6593,16787,960,915,2,5,915,deschis,finalizat
6594,16791,1506,619,1,3,619,privat,finalizat
6595,16792,471,768,4,1,471,privat,finalizat
6596,16793,432,2180,2,5,2180,privat,finalizat
6597,16795,1753,285,1,5,285,privat,finalizat
6598,16796,2119,,,,,deschis,expirat
6599,16799,91,722,1,3,722,privat,finalizat
6600,16800,1961,,,,,deschis,expirat
6601,16802,176,958,,,,privat,fara_rezultat
6602,16803,49,257,1,4,257,privat,finalizat
6603,16807,1522,2003,3,0,1522,privat,finalizat
6604,16808,1566,610,0,3,610,privat,finalizat
6605,16809,1201,1572,5,2,1201,privat,finalizat
6606,16812,970,738,3,5,738,privat,finalizat
6607,16817,2391,2486,4,1,2391,deschis,finalizat
6608,16819,2456,1300,4,0,2456,privat,finalizat
6609,16821,1165,1703,3,5,1703,privat,finalizat
6610,16823,701,2163,,,,privat,fara_rezultat
6611,16825,1707,792,2,5,792,deschis,finalizat
6612,16827,1615,1332,4,2,1615,privat,finalizat
6613,16830,98,1804,3,4,1804,privat,finalizat
6614,16831,2478,749,2,4,749,privat,finalizat
6615,16832,1812,1556,,,,deschis,fara_rezultat
6616,16836,1140,1833,4,2,1140,privat,finalizat
6617,16838,722,144,5,3,722,privat,finalizat
6618,16841,2225,2317,5,0,2225,privat,finalizat
6619,16842,1747,189,3,4,189,privat,finalizat
6620,16845,412,1808,0,4,1808,privat,finalizat
6621,16848,2316,1792,2,4,1792,privat,finalizat
6622,16853,2070,1775,,,,privat,fara_rezultat
6623,16854,1760,992,3,1,1760,privat,finalizat
6624,16857,974,1192,3,2,974,privat,finalizat
6625,16858,873,2404,,,,privat,fara_rezultat
6626,16862,974,1807,3,1,974,deschis,finalizat
6627,16864,1342,954,4,2,1342,deschis,finalizat
6628,16868,749,1656,2,5,1656,privat,finalizat
6629,16877,2128,1468,3,1,2128,deschis,finalizat
6630,16878,1504,622,3,1,1504,deschis,finalizat
6631,16885,1365,1417,3,2,1365,privat,finalizat
6632,16886,2471,1593,3,2,2471,deschis,finalizat
6633,16888,2056,,,,,deschis,expirat
6634,16893,1242,1736,,,,privat,fara_rezultat
6635,16894,234,49,4,1,234,deschis,finalizat
6636,16897,1753,819,3,0,1753,privat,finalizat
6637,16901,399,127,5,3,399,privat,finalizat
6638,16902,461,438,,,,privat,fara_rezultat
6639,16907,434,450,3,4,450,deschis,finalizat
6640,16908,2225,883,,,,privat,fara_rezultat
6641,16910,1810,651,5,4,1810,privat,finalizat
6642,16911,1599,1003,4,5,1003,privat,finalizat
6643,16915,768,1198,1,4,1198,deschis,finalizat
6644,16921,215,,,,,deschis,expirat
6645,16924,2164,2453,3,2,2164,deschis,finalizat
6646,16926,1926,117,2,3,117,privat,finalizat
6647,16931,2308,434,2,4,434,privat,finalizat
6648,16933,1397,1028,0,3,1028,privat,finalizat
6649,16935,2329,1126,0,3,1126,privat,finalizat
6650,16937,1126,802,,,,deschis,fara_rezultat
6651,16939,2070,682,0,4,682,privat,finalizat
6652,16941,196,2233,5,0,196,privat,finalizat
6653,16943,1581,1201,3,4,1201,deschis,finalizat
6654,16947,1122,595,5,4,1122,privat,finalizat
6655,16948,2128,387,,,,privat,fara_rezultat
6656,16949,1901,57,4,1,1901,privat,finalizat
6657,16955,1832,2499,3,0,1832,privat,finalizat
6658,16956,816,2304,3,4,2304,privat,finalizat
6659,16957,1062,694,4,0,1062,privat,finalizat
6660,16958,502,2219,0,4,2219,privat,finalizat
6661,16959,862,1663,1,3,1663,privat,finalizat
6662,16962,174,1915,3,1,174,privat,finalizat
6663,16964,1631,1566,4,3,1631,privat,finalizat
6664,16970,656,938,4,1,656,deschis,finalizat
6665,16971,2109,,,,,deschis,expirat
6666,16972,1299,747,2,3,747,privat,finalizat
6667,16975,2148,659,5,1,2148,privat,finalizat
6668,16978,2145,684,5,2,2145,privat,finalizat
6669,16980,283,1806,,,,privat,fara_rezultat
6670,16988,722,1018,,,,privat,fara_rezultat
6671,16990,1283,1008,4,0,1283,deschis,finalizat
6672,16991,2120,682,3,2,2120,privat,finalizat
6673,16994,970,1863,0,5,1863,privat,finalizat
6674,17000,1856,777,4,2,1856,privat,finalizat
6675,17001,2436,630,1,3,630,privat,finalizat
6676,17003,2070,,,,,deschis,expirat
6677,17007,311,1929,0,3,1929,deschis,finalizat
6678,17019,295,,,,,deschis,expirat
6679,17021,2158,1431,5,3,2158,privat,finalizat
6680,17023,450,529,2,4,529,privat,finalizat
6681,17026,2024,2389,1,3,2389,deschis,finalizat
6682,17029,862,536,,,,deschis,fara_rezultat
6683,17030,1022,1762,,,,privat,fara_rezultat
6684,17031,538,815,3,1,538,privat,finalizat
6685,17034,2004,1458,1,3,1458,privat,finalizat
6686,17035,971,1415,3,1,971,privat,finalizat
6687,17038,1126,802,4,5,802,privat,finalizat
6688,17039,2329,2324,,,,privat,fara_rezultat
6689,17041,608,2261,3,0,608,privat,finalizat
6690,17042,1172,958,3,2,1172,deschis,finalizat
6691,17045,864,541,3,2,864,privat,finalizat
6692,17046,744,615,3,0,744,privat,finalizat
6693,17047,2236,2047,,,,privat,fara_rezultat
6694,17051,1208,1300,3,1,1208,privat,finalizat
6695,17055,61,698,4,2,61,privat,finalizat
6696,17058,1833,1363,,,,privat,fara_rezultat
6697,17059,1663,412,3,5,412,privat,finalizat
6698,17062,775,1946,0,3,1946,deschis,finalizat
6699,17064,1361,630,0,4,630,privat,finalizat
6700,17065,775,2325,3,2,775,privat,finalizat
6701,17066,1944,1198,5,4,1944,privat,finalizat
6702,17070,971,1015,,,,privat,fara_rezultat
6703,17071,234,,,,,deschis,expirat
6704,17073,39,26,1,4,26,privat,finalizat
6705,17075,1480,,,,,deschis,expirat
6706,17083,2336,878,5,1,2336,deschis,finalizat
6707,17086,1018,1198,3,5,1198,privat,finalizat
6708,17089,1789,1753,,,,privat,fara_rezultat
6709,17098,1483,894,0,3,894,deschis,finalizat
6710,17100,649,2224,0,3,2224,privat,finalizat
6711,17105,431,1587,2,3,1587,privat,finalizat
6712,17110,191,873,3,4,873,deschis,finalizat
6713,17112,461,338,5,3,461,privat,finalizat
6714,17118,1148,1378,,,,privat,fara_rezultat
6715,17120,2351,2143,1,5,2143,deschis,finalizat
6716,17123,646,2348,,,,privat,fara_rezultat
6717,17124,480,502,3,0,480,deschis,finalizat
6718,17126,2308,63,3,1,2308,privat,finalizat
6719,17135,928,533,2,3,533,privat,finalizat
6720,17136,1301,328,0,5,328,privat,finalizat
6721,17137,2473,715,5,1,2473,privat,finalizat
6722,17140,399,,,,,deschis,expirat
6723,17141,127,,,,,deschis,expirat
6724,17145,1184,1130,,,,privat,fara_rezultat
6725,17149,98,225,1,3,225,privat,finalizat
6726,17150,684,2209,4,0,684,privat,finalizat
6727,17152,2196,1067,0,4,1067,privat,finalizat
6728,17155,1965,2304,2,3,2304,privat,finalizat
6729,17165,2138,453,0,4,453,deschis,finalizat
6730,17166,1737,1008,3,1,1737,privat,finalizat
6731,17168,234,1721,4,2,234,privat,finalizat
6732,17170,2213,,,,,deschis,expirat
6733,17171,774,160,5,2,774,privat,finalizat
6734,17175,974,2183,1,4,2183,privat,finalizat
6735,17176,991,,,,,deschis,expirat
6736,17181,1147,777,5,2,1147,privat,finalizat
6737,17182,1144,1965,4,2,1144,privat,finalizat
6738,17185,883,,,,,deschis,expirat
6739,17187,502,2092,3,2,502,privat,finalizat
6740,17188,1218,1287,3,4,1287,privat,finalizat
6741,17190,2003,1669,5,0,2003,privat,finalizat
6742,17191,1369,,,,,deschis,expirat
6743,17192,1775,257,3,4,257,deschis,finalizat
6744,17193,1218,1483,4,0,1218,privat,finalizat
6745,17201,1907,926,1,3,926,privat,finalizat
6746,17204,1448,258,5,2,1448,deschis,finalizat
6747,17205,1112,1807,3,1,1112,privat,finalizat
6748,17206,419,1521,5,1,419,privat,finalizat
6749,17207,419,,,,,deschis,expirat
6750,17208,2037,417,1,4,417,privat,finalizat
6751,17210,1883,1339,0,4,1339,privat,finalizat
6752,17211,1147,1363,3,1,1147,privat,finalizat
6753,17213,197,2454,1,3,2454,privat,finalizat
6754,17216,775,231,5,3,775,privat,finalizat
6755,17221,1354,1986,3,0,1354,deschis,finalizat
6756,17222,1228,1477,,,,privat,fara_rezultat
6757,17223,1451,1744,,,,privat,fara_rezultat
6758,17226,387,1861,2,5,1861,privat,finalizat
6759,17231,1480,1112,1,4,1112,privat,finalizat
6760,17234,744,2445,3,2,744,privat,finalizat
6761,17236,774,1700,3,0,774,privat,finalizat
6762,17237,1208,1781,1,3,1781,privat,finalizat
6763,17238,442,70,1,4,70,privat,finalizat
6764,17239,257,1603,4,3,257,deschis,finalizat
6765,17240,1903,41,3,4,41,privat,finalizat
6766,17242,1873,,,,,deschis,expirat
6767,17243,2121,385,4,3,2121,privat,finalizat
6768,17246,2455,1003,5,4,2455,privat,finalizat
6769,17251,1544,1256,5,3,1544,privat,finalizat
6770,17252,951,1357,5,4,951,privat,finalizat
6771,17256,453,1007,4,5,1007,privat,finalizat
6772,17258,887,1928,3,0,887,privat,finalizat
6773,17259,541,926,1,4,926,privat,finalizat
6774,17263,787,2219,3,2,787,privat,finalizat
6775,17265,1775,1590,0,3,1590,privat,finalizat
6776,17267,1519,407,1,4,407,privat,finalizat
6777,17268,1982,399,2,5,399,deschis,finalizat
6778,17269,2240,346,3,5,346,privat,finalizat
6779,17270,206,,,,,deschis,expirat
6780,17272,652,633,,,,privat,fara_rezultat
6781,17274,722,,,,,deschis,expirat
6782,17277,420,75,1,5,75,privat,finalizat
6783,17279,428,1179,4,2,428,privat,finalizat
6784,17288,538,409,3,2,538,privat,finalizat
6785,17291,40,1497,4,0,40,privat,finalizat
6786,17294,682,587,,,,privat,fara_rezultat
6787,17295,1646,1367,0,4,1367,privat,finalizat
6788,17296,1631,255,3,0,1631,privat,finalizat
6789,17297,1849,2005,5,3,1849,privat,finalizat
6790,17304,14,825,3,0,14,privat,finalizat
6791,17310,1361,2147,3,2,1361,privat,finalizat
6792,17311,1687,1506,4,1,1687,privat,finalizat
6793,17313,1278,91,3,2,1278,privat,finalizat
6794,17318,958,170,3,5,170,privat,finalizat
6795,17320,1928,2340,,,,deschis,fara_rezultat
6796,17321,49,196,0,5,196,privat,finalizat
6797,17323,1303,1266,3,4,1266,privat,finalizat
6798,17324,2175,,,,,deschis,expirat
6799,17326,2181,1613,,,,privat,fara_rezultat
6800,17331,1773,409,5,3,1773,privat,finalizat
6801,17337,40,2309,3,0,40,privat,finalizat
6802,17338,56,49,1,3,49,privat,finalizat
6803,17345,1483,,,,,deschis,expirat
6804,17348,909,1299,4,0,909,privat,finalizat
6805,17349,2074,,,,,deschis,expirat
6806,17353,1715,839,,,,deschis,fara_rezultat
6807,17356,1246,363,,,,deschis,fara_rezultat
6808,17359,627,789,1,3,789,privat,finalizat
6809,17362,1986,1354,1,3,1354,privat,finalizat
6810,17363,1836,1292,1,3,1292,deschis,finalizat
6811,17365,1365,1606,4,1,1365,privat,finalizat
6812,17366,1098,768,2,3,768,privat,finalizat
6813,17373,676,1174,3,0,676,privat,finalizat
6814,17376,319,451,0,3,451,privat,finalizat
6815,17380,2176,1936,5,1,2176,deschis,finalizat
6816,17381,1708,2481,,,,deschis,fara_rezultat
6817,17384,14,531,3,4,531,privat,finalizat
6818,17385,1332,2448,3,4,2448,privat,finalizat
6819,17386,1825,206,2,5,206,privat,finalizat
6820,17387,2256,596,0,4,596,privat,finalizat
6821,17388,852,2196,3,1,852,deschis,finalizat
6822,17392,412,91,5,0,412,privat,finalizat
6823,17396,2126,1397,2,4,1397,deschis,finalizat
6824,17400,2070,170,4,1,2070,privat,finalizat
6825,17401,1008,1458,3,4,1458,deschis,finalizat
6826,17402,1201,947,5,3,1201,privat,finalizat
6827,17404,1522,2369,,,,privat,fara_rezultat
6828,17405,1461,929,3,0,1461,privat,finalizat
6829,17410,1668,1927,5,0,1668,privat,finalizat
6830,17411,1708,1360,,,,deschis,fara_rezultat
6831,17412,974,191,1,5,191,privat,finalizat
6832,17415,1801,1683,1,5,1683,deschis,finalizat
6833,17417,1819,583,2,3,583,privat,finalizat
6834,17420,1945,1748,3,1,1945,privat,finalizat
6835,17424,630,1549,4,0,630,privat,finalizat
6836,17431,646,446,2,4,446,deschis,finalizat
6837,17432,1522,,,,,deschis,expirat
6838,17433,2281,1172,5,4,2281,privat,finalizat
6839,17437,1735,2340,,,,privat,fara_rezultat
6840,17439,2169,649,3,0,2169,privat,finalizat
6841,17440,1631,,,,,deschis,expirat
6842,17443,2445,171,3,1,2445,deschis,finalizat
6843,17444,928,370,2,5,370,privat,finalizat
6844,17445,1547,419,4,5,419,privat,finalizat
6845,17447,1547,154,3,2,1547,deschis,finalizat
6846,17453,1940,830,2,5,830,deschis,finalizat
6847,17456,1373,826,5,0,1373,deschis,finalizat
6848,17457,269,395,3,1,269,privat,finalizat
6849,17458,432,,,,,deschis,expirat
6850,17460,260,1179,5,3,260,privat,finalizat
6851,17465,2304,2227,5,2,2304,privat,finalizat
6852,17466,659,2016,1,3,2016,privat,finalizat
6853,17468,1959,2294,,,,privat,fara_rezultat
6854,17469,862,,,,,deschis,expirat
6855,17472,612,287,0,5,287,deschis,finalizat
6856,17473,2488,2009,1,5,2009,privat,finalizat
6857,17474,1305,2426,4,3,1305,privat,finalizat
6858,17475,1373,1352,1,3,1352,privat,finalizat
6859,17476,619,1144,1,5,1144,deschis,finalizat
6860,17480,1018,1763,3,4,1763,deschis,finalizat
6861,17483,1158,921,3,1,1158,deschis,finalizat
6862,17485,242,2196,2,4,2196,privat,finalizat
6863,17486,285,1663,1,3,1663,privat,finalizat
6864,17488,1144,,,,,deschis,expirat
6865,17490,2340,,,,,deschis,expirat
6866,17492,1296,680,,,,privat,fara_rezultat
6867,17494,145,495,3,2,145,privat,finalizat
6868,17497,1435,2109,1,4,2109,privat,finalizat
6869,17499,738,240,,,,deschis,fara_rezultat
6870,17501,1807,1437,1,3,1437,privat,finalizat
6871,17504,1237,1262,,,,deschis,fara_rezultat
6872,17506,2283,245,3,1,2283,privat,finalizat
6873,17509,670,114,2,5,114,privat,finalizat
6874,17510,2165,1048,1,5,1048,privat,finalizat
6875,17514,2120,,,,,deschis,expirat
6876,17517,2185,370,3,1,2185,privat,finalizat
6877,17519,1389,,,,,deschis,expirat
6878,17531,391,1107,3,4,1107,privat,finalizat
6879,17533,2470,144,4,0,2470,deschis,finalizat
6880,17534,1789,1506,,,,privat,fara_rezultat
6881,17535,198,1138,3,0,198,privat,finalizat
6882,17539,2138,1233,4,2,2138,privat,finalizat
6883,17540,2120,1497,1,3,1497,privat,finalizat
6884,17541,958,2003,,,,privat,fara_rezultat
6885,17542,1760,1603,,,,privat,fara_rezultat
6886,17547,656,1169,0,4,1169,privat,finalizat
6887,17551,701,2163,3,4,2163,privat,finalizat
6888,17552,2485,736,3,2,2485,privat,finalizat
6889,17559,2056,1477,1,3,1477,privat,finalizat
6890,17561,1397,,,,,deschis,expirat
6891,17564,1646,,,,,deschis,expirat
6892,17565,1775,2224,5,1,1775,privat,finalizat
6893,17568,183,1029,4,1,183,privat,finalizat
6894,17569,2369,1007,4,2,2369,privat,finalizat
6895,17573,744,1204,4,0,744,privat,finalizat
6896,17578,2176,1820,5,4,2176,privat,finalizat
6897,17583,697,2278,1,3,2278,privat,finalizat
6898,17586,1359,1959,1,4,1959,privat,finalizat
6899,17589,1129,1018,5,1,1129,privat,finalizat
6900,17591,2119,471,,,,deschis,fara_rezultat
6901,17594,1228,2348,1,4,2348,privat,finalizat
6902,17600,41,958,1,4,958,privat,finalizat
6903,17604,999,1839,5,1,999,privat,finalizat
6904,17610,2009,622,3,2,2009,deschis,finalizat
6905,17613,603,,,,,deschis,expirat
6906,17614,636,2418,1,3,2418,privat,finalizat
6907,17615,2485,698,,,,privat,fara_rezultat
6908,17617,951,579,3,0,951,privat,finalizat
6909,17618,1676,708,5,0,1676,privat,finalizat
6910,17619,432,1944,,,,privat,fara_rezultat
6911,17622,664,2095,5,0,664,privat,finalizat
6912,17626,1944,1808,2,4,1808,deschis,finalizat
6913,17627,633,819,1,4,819,deschis,finalizat
6914,17628,17,145,3,0,17,privat,finalizat
6915,17629,170,1928,3,4,1928,privat,finalizat
6916,17630,1688,2035,4,0,1688,privat,finalizat
6917,17631,1810,2324,2,4,2324,privat,finalizat
6918,17636,2120,2366,5,2,2120,deschis,finalizat
6919,17637,541,328,3,0,541,deschis,finalizat
6920,17638,909,713,2,4,713,deschis,finalizat
6921,17643,334,1621,1,5,1621,privat,finalizat
6922,17645,1727,1807,4,0,1727,privat,finalizat
6923,17647,1702,1887,5,2,1702,deschis,finalizat
6924,17650,830,1282,0,3,1282,deschis,finalizat
6925,17651,1296,2081,5,1,1296,privat,finalizat
6926,17655,231,2195,1,3,2195,deschis,finalizat
6927,17661,2261,894,1,4,894,privat,finalizat
6928,17662,2116,1401,4,0,2116,privat,finalizat
6929,17663,2004,896,5,1,2004,deschis,finalizat
6930,17664,2224,1237,,,,deschis,fara_rezultat
6931,17666,2138,2433,3,1,2138,privat,finalizat
6932,17668,541,656,5,0,541,privat,finalizat
6933,17669,1708,,,,,deschis,expirat
6934,17672,1444,274,3,0,1444,privat,finalizat
6935,17677,2192,792,2,5,792,privat,finalizat
6936,17681,1862,1077,0,3,1077,privat,finalizat
6937,17683,2090,,,,,deschis,expirat
6938,17685,807,,,,,deschis,expirat
6939,17688,2116,,,,,deschis,expirat
6940,17690,1367,174,3,4,174,privat,finalizat
6941,17694,1735,255,3,1,1735,deschis,finalizat
6942,17695,886,1459,3,1,886,privat,finalizat
6943,17696,2337,2435,4,0,2337,privat,finalizat
6944,17700,1444,558,5,3,1444,deschis,finalizat
6945,17702,1727,1224,5,4,1727,deschis,finalizat
6946,17705,1079,436,2,3,436,deschis,finalizat
6947,17706,242,1601,4,3,242,privat,finalizat
6948,17708,119,1747,,,,deschis,fara_rezultat
6949,17716,1224,1508,4,5,1508,privat,finalizat
6950,17718,1256,,,,,deschis,expirat
6951,17721,2308,816,,,,deschis,fara_rezultat
6952,17727,1130,534,1,3,534,privat,finalizat
6953,17739,895,840,1,3,840,privat,finalizat
6954,17740,313,698,5,0,313,privat,finalizat
6955,17741,1128,2478,1,5,2478,privat,finalizat
6956,17746,1023,2296,3,4,2296,deschis,finalizat
6957,17751,2436,2126,2,5,2126,deschis,finalizat
6958,17754,2126,1754,0,3,1754,privat,finalizat
6959,17755,1007,145,0,5,145,privat,finalizat
6960,17756,1495,170,,,,privat,fara_rezultat
6961,17763,75,802,3,5,802,deschis,finalizat
6962,17765,2407,2148,4,1,2407,privat,finalizat
6963,17767,1756,1220,3,4,1220,privat,finalizat
6964,17771,49,145,5,1,49,privat,finalizat
6965,17773,382,542,1,4,542,privat,finalizat
6966,17775,367,672,3,2,367,deschis,finalizat
6967,17777,179,269,5,3,179,privat,finalizat
6968,17778,2304,2227,,,,privat,fara_rezultat
6969,17779,1022,2142,1,3,2142,deschis,finalizat
6970,17780,2126,480,,,,privat,fara_rezultat
6971,17781,480,1292,5,1,480,privat,finalizat
6972,17783,1946,1269,2,5,1269,privat,finalizat
6973,17785,1549,2304,1,5,2304,deschis,finalizat
6974,17787,1411,1890,0,3,1890,deschis,finalizat
6975,17796,1845,339,1,3,339,privat,finalizat
6976,17797,1345,747,4,0,1345,privat,finalizat
6977,17800,2016,989,2,4,989,deschis,finalizat
6978,17802,1105,1906,4,0,1105,privat,finalizat
6979,17803,741,67,3,1,741,privat,finalizat
6980,17805,197,1431,2,3,1431,deschis,finalizat
6981,17807,63,1397,1,5,1397,privat,finalizat
6982,17809,144,1592,1,5,1592,privat,finalizat
6983,17814,1007,1777,5,3,1007,deschis,finalizat
6984,17815,1566,610,4,5,610,privat,finalizat
6985,17818,864,2354,,,,privat,fara_rezultat
6986,17820,1169,2473,5,3,1169,privat,finalizat
6987,17821,1192,,,,,deschis,expirat
6988,17822,2286,581,,,,privat,fara_rezultat
6989,17831,53,177,3,2,53,privat,finalizat
6990,17832,1292,1881,,,,privat,fara_rezultat
6991,17834,807,,,,,deschis,expirat
6992,17840,610,527,,,,privat,fara_rezultat
6993,17841,1262,453,4,5,453,privat,finalizat
6994,17843,420,1681,3,4,1681,privat,finalizat
6995,17848,1587,1839,,,,deschis,fara_rezultat
6996,17856,854,1071,4,1,854,privat,finalizat
6997,17858,1683,899,3,0,1683,privat,finalizat
6998,17862,574,2454,4,2,574,privat,finalizat
6999,17872,1631,802,5,1,1631,deschis,finalizat
7000,17877,1415,685,5,1,1415,privat,finalizat
7001,17878,1367,1461,4,0,1367,privat,finalizat
7002,17886,1112,827,4,5,827,privat,finalizat
7003,17889,163,,,,,deschis,expirat
7004,17890,2351,1148,1,4,1148,deschis,finalizat
7005,17891,2196,,,,,deschis,expirat
7006,17896,159,2180,,,,privat,fara_rezultat
7007,17908,602,718,0,3,718,privat,finalizat
7008,17913,561,1982,3,1,561,privat,finalizat
7009,17916,774,1039,5,1,774,deschis,finalizat
7010,17917,1099,,,,,deschis,expirat
7011,17919,16,1996,5,0,16,privat,finalizat
7012,17921,2196,1525,1,5,1525,privat,finalizat
7013,17922,1489,2246,4,5,2246,privat,finalizat
7014,17924,396,480,0,3,480,deschis,finalizat
7015,17925,1870,2126,5,0,1870,deschis,finalizat
7016,17930,517,1417,1,4,1417,privat,finalizat
7017,17934,1549,765,,,,deschis,fara_rezultat
7018,17936,1944,1829,0,3,1829,privat,finalizat
7019,17939,257,49,2,5,49,privat,finalizat
7020,17943,2393,1509,3,1,2393,deschis,finalizat
7021,17949,28,2458,0,3,2458,privat,finalizat
7022,17952,1825,1563,,,,privat,fara_rezultat
7023,17953,2278,697,4,1,2278,deschis,finalizat
7024,17955,30,884,5,4,30,privat,finalizat
7025,17970,2016,1691,2,5,1691,deschis,finalizat
7026,17973,875,,,,,deschis,expirat
7027,17974,1036,1374,2,5,1374,deschis,finalizat
7028,17975,862,480,,,,privat,fara_rezultat
7029,17983,1401,1262,1,4,1262,deschis,finalizat
7030,17986,2308,1261,3,4,1261,privat,finalizat
7031,17988,952,409,1,5,409,privat,finalizat
7032,17990,1129,1620,4,3,1129,deschis,finalizat
7033,17991,1369,1760,0,5,1760,privat,finalizat
7034,17992,1415,602,,,,privat,fara_rezultat
7035,17993,2475,,,,,deschis,expirat
7036,17994,2022,1434,0,5,1434,privat,finalizat
7037,17995,453,2035,2,3,2035,privat,finalizat
7038,17997,837,2329,1,5,2329,privat,finalizat
7039,17999,854,407,3,0,854,privat,finalizat
7040,18002,2325,1292,1,3,1292,deschis,finalizat
7041,18004,311,2430,,,,deschis,fara_rezultat
7042,18009,595,677,1,3,677,privat,finalizat
7043,18011,1773,1278,0,5,1278,privat,finalizat
7044,18012,1007,1548,4,5,1548,deschis,finalizat
7045,18015,2127,1004,4,2,2127,privat,finalizat
7046,18019,536,1154,,,,privat,fara_rezultat
7047,18022,2116,1929,5,3,2116,privat,finalizat
7048,18025,820,244,3,2,820,deschis,finalizat
7049,18026,2474,460,3,4,460,deschis,finalizat
7050,18027,1887,1552,0,4,1552,privat,finalizat
7051,18029,2196,1993,,,,privat,fara_rezultat
7052,18031,1489,2442,0,4,2442,privat,finalizat
7053,18035,1400,1402,1,3,1402,privat,finalizat
7054,18036,481,50,,,,privat,fara_rezultat
7055,18037,1129,768,,,,privat,fara_rezultat
7056,18038,1803,2092,3,2,1803,privat,finalizat
7057,18039,109,2227,4,3,109,privat,finalizat
7058,18041,1836,144,0,4,144,privat,finalizat
7059,18045,2116,1961,5,2,2116,deschis,finalizat
7060,18047,1929,916,,,,privat,fara_rezultat
7061,18049,1172,2070,1,3,2070,privat,finalizat
7062,18050,615,845,,,,privat,fara_rezultat
7063,18053,873,2409,5,2,873,privat,finalizat
7064,18055,1519,2487,4,1,1519,privat,finalizat
7065,18057,2391,258,,,,privat,fara_rezultat
7066,18058,639,1112,5,2,639,privat,finalizat
7067,18062,547,,,,,deschis,expirat
7068,18064,1148,158,5,2,1148,privat,finalizat
7069,18069,1953,119,0,3,119,deschis,finalizat
7070,18075,1008,1213,,,,privat,fara_rezultat
7071,18079,2487,2455,3,0,2487,privat,finalizat
7072,18080,1645,188,5,1,1645,privat,finalizat
7073,18081,728,623,1,3,623,deschis,finalizat
7074,18082,1255,2154,4,3,1255,privat,finalizat
7075,18089,536,1361,0,4,1361,privat,finalizat
7076,18092,454,2252,0,5,2252,privat,finalizat
7077,18094,1669,1961,0,5,1961,privat,finalizat
7078,18095,2369,56,3,1,2369,privat,finalizat
7079,18099,2252,,,,,deschis,expirat
7080,18102,2262,533,5,4,2262,privat,finalizat
7081,18104,2091,1053,,,,privat,fara_rezultat
7082,18107,1389,1508,1,4,1508,deschis,finalizat
7083,18108,921,820,0,4,820,deschis,finalizat
7084,18110,2110,730,4,1,2110,privat,finalizat
7085,18111,1355,1672,,,,privat,fara_rezultat
7086,18112,1645,1275,1,4,1275,privat,finalizat
7087,18113,891,2448,1,3,2448,privat,finalizat
7088,18119,1277,,,,,deschis,expirat
7089,18123,2304,159,1,3,159,privat,finalizat
7090,18125,2471,765,1,4,765,privat,finalizat
7091,18128,2090,630,2,5,630,privat,finalizat
7092,18129,753,694,5,1,753,privat,finalizat
7093,18131,502,2119,1,3,2119,privat,finalizat
7094,18139,958,896,4,2,958,privat,finalizat
7095,18143,69,,,,,deschis,expirat
7096,18147,1820,122,4,3,1820,privat,finalizat
7097,18148,191,249,1,3,249,privat,finalizat
7098,18150,736,523,4,1,736,privat,finalizat
7099,18153,336,1695,4,5,1695,privat,finalizat
7100,18158,1753,1278,3,4,1278,privat,finalizat
7101,18159,432,401,1,4,401,privat,finalizat
7102,18163,2120,1461,5,2,2120,privat,finalizat
7103,18164,2366,183,2,3,183,privat,finalizat
7104,18165,2430,621,5,1,2430,privat,finalizat
7105,18167,1113,56,3,5,56,deschis,finalizat
7106,18170,1810,651,4,0,1810,privat,finalizat
7107,18174,778,1004,3,0,778,deschis,finalizat
7108,18176,774,1323,3,1,774,privat,finalizat
7109,18182,2267,1080,5,4,2267,privat,finalizat
7110,18184,2025,84,3,1,2025,privat,finalizat
7111,18187,2095,952,4,0,2095,privat,finalizat
7112,18191,1663,787,1,5,787,privat,finalizat
7113,18193,1965,189,,,,privat,fara_rezultat
7114,18194,2120,1919,5,0,2120,privat,finalizat
7115,18196,1172,428,4,5,428,privat,finalizat
7116,18198,319,,,,,deschis,expirat
7117,18199,794,959,4,5,959,privat,finalizat
7118,18200,451,1495,,,,privat,fara_rezultat
7119,18204,2236,,,,,deschis,expirat
7120,18205,854,1448,,,,privat,fara_rezultat
7121,18215,2293,,,,,deschis,expirat
7122,18216,2388,1000,3,1,2388,privat,finalizat
7123,18219,1098,2072,2,4,2072,deschis,finalizat
7124,18221,1621,334,3,0,1621,privat,finalizat
7125,18222,1067,1336,3,0,1067,privat,finalizat
7126,18223,852,741,5,1,852,deschis,finalizat
7127,18224,2489,1865,5,3,2489,privat,finalizat
7128,18225,455,565,2,3,565,privat,finalizat
7129,18226,1644,,,,,deschis,expirat
7130,18228,664,2119,4,1,664,privat,finalizat
7131,18230,324,,,,,deschis,expirat
7132,18235,119,536,3,2,119,privat,finalizat
7133,18236,952,775,4,2,952,privat,finalizat
7134,18238,664,1220,1,4,1220,privat,finalizat
7135,18240,15,921,,,,privat,fara_rezultat
7136,18242,670,1759,1,4,1759,deschis,finalizat
7137,18249,2232,1087,,,,privat,fara_rezultat
7138,18250,542,,,,,deschis,expirat
7139,18251,1804,601,3,0,1804,privat,finalizat
7140,18254,453,41,1,3,41,deschis,finalizat
7141,18255,1462,1646,4,2,1462,deschis,finalizat
7142,18257,2239,1162,4,3,2239,privat,finalizat
7143,18261,974,1599,3,0,974,deschis,finalizat
7144,18262,827,1071,2,5,1071,privat,finalizat
7145,18264,1163,1965,5,1,1163,privat,finalizat
7146,18266,722,1836,3,0,722,privat,finalizat
7147,18272,214,1061,3,2,214,privat,finalizat
7148,18280,454,,,,,deschis,expirat
7149,18282,894,1894,0,4,1894,privat,finalizat
7150,18292,1936,1112,4,5,1112,privat,finalizat
7151,18295,122,1112,,,,privat,fara_rezultat
7152,18296,994,721,2,3,721,privat,finalizat
7153,18300,2108,2119,3,2,2108,privat,finalizat
7154,18302,1965,2024,4,0,1965,privat,finalizat
7155,18305,1353,1178,1,4,1178,privat,finalizat
7156,18306,1483,1488,4,3,1483,privat,finalizat
7157,18307,773,2185,0,4,2185,privat,finalizat
7158,18311,924,1930,3,4,1930,privat,finalizat
7159,18313,951,644,,,,deschis,fara_rezultat
7160,18314,2257,598,5,0,2257,privat,finalizat
7161,18318,1549,1870,0,3,1870,privat,finalizat
7162,18320,883,287,3,5,287,privat,finalizat
7163,18321,1401,929,2,4,929,privat,finalizat
7164,18322,1688,,,,,deschis,expirat
7165,18323,1458,1737,,,,privat,fara_rezultat
7166,18324,493,1126,2,4,1126,privat,finalizat
7167,18325,1551,518,1,3,518,privat,finalizat
7168,18326,453,685,2,4,685,deschis,finalizat
7169,18327,255,2268,2,3,2268,deschis,finalizat
7170,18329,1482,744,1,4,744,privat,finalizat
7171,18333,1727,1664,4,2,1727,privat,finalizat
7172,18334,2091,1668,3,5,1668,privat,finalizat
7173,18336,1976,949,2,5,949,privat,finalizat
7174,18338,192,1466,1,5,1466,deschis,finalizat
7175,18339,1371,2040,3,0,1371,privat,finalizat
7176,18344,304,1361,4,2,304,privat,finalizat
7177,18345,1098,536,3,0,1098,privat,finalizat
7178,18346,261,2389,,,,privat,fara_rezultat
7179,18349,1944,2348,4,0,1944,deschis,finalizat
7180,18353,1178,1710,3,4,1710,privat,finalizat
7181,18354,1723,454,,,,privat,fara_rezultat
7182,18355,2116,2268,2,5,2268,privat,finalizat
7183,18357,1566,75,5,1,1566,deschis,finalizat
7184,18359,1170,1169,2,4,1169,deschis,finalizat
7185,18360,161,138,0,3,138,privat,finalizat
7186,18366,1602,1360,0,4,1360,deschis,finalizat
7187,18367,1700,2404,5,3,1700,deschis,finalizat
7188,18372,863,2306,1,5,2306,privat,finalizat
7189,18376,1878,2025,3,4,2025,privat,finalizat
7190,18386,2035,1721,0,4,1721,deschis,finalizat
7191,18389,1548,451,5,3,1548,privat,finalizat
7192,18393,602,,,,,deschis,expirat
7193,18394,928,,,,,deschis,expirat
7194,18395,2031,1303,4,3,2031,privat,finalizat
7195,18396,2404,1039,3,4,1039,privat,finalizat
7196,18398,2176,827,0,5,827,deschis,finalizat
7197,18401,1727,2458,3,5,2458,privat,finalizat
7198,18405,363,691,4,0,363,deschis,finalizat
7199,18406,2288,313,2,4,313,privat,finalizat
7200,18407,1023,1617,4,1,1023,privat,finalizat
7201,18409,563,190,,,,deschis,fara_rezultat
7202,18420,1354,1408,3,1,1354,deschis,finalizat
7203,18421,529,198,,,,privat,fara_rezultat
7204,18422,1028,664,0,3,664,privat,finalizat
7205,18425,1844,2308,,,,privat,fara_rezultat
7206,18426,414,1361,4,3,414,privat,finalizat
7207,18431,1775,176,5,4,1775,privat,finalizat
7208,18435,1566,1958,3,1,1566,privat,finalizat
7209,18436,1093,794,0,4,794,deschis,finalizat
7210,18437,196,174,,,,privat,fara_rezultat
7211,18439,610,,,,,deschis,expirat
7212,18442,1170,1837,1,5,1837,privat,finalizat
7213,18443,1204,1400,,,,deschis,fara_rezultat
7214,18445,2373,713,1,4,713,privat,finalizat
7215,18446,926,738,3,5,738,privat,finalizat
7216,18449,1547,1004,3,4,1004,privat,finalizat
7217,18452,1364,142,2,4,142,deschis,finalizat
7218,18453,820,244,4,0,820,privat,finalizat
7219,18454,1727,181,3,1,1727,privat,finalizat
7220,18457,991,1280,4,2,991,deschis,finalizat
7221,18460,697,1626,4,1,697,deschis,finalizat
7222,18463,2040,1906,2,5,1906,privat,finalizat
7223,18466,1317,,,,,deschis,expirat
7224,18470,2244,904,3,5,904,privat,finalizat
7225,18471,435,979,5,0,435,privat,finalizat
7226,18476,646,1836,1,5,1836,deschis,finalizat
7227,18478,952,1836,4,2,952,privat,finalizat
7228,18480,2219,1747,0,3,1747,privat,finalizat
7229,18481,396,536,4,3,396,deschis,finalizat
7230,18482,1408,1965,2,4,1965,deschis,finalizat
7231,18486,374,,,,,deschis,expirat
7232,18488,1760,992,2,5,992,privat,finalizat
7233,18489,453,,,,,deschis,expirat
7234,18491,2340,2369,,,,privat,fara_rezultat
7235,18492,2433,1113,0,5,1113,privat,finalizat
7236,18493,929,1919,,,,privat,fara_rezultat
7237,18495,49,420,3,5,420,privat,finalizat
7238,18497,610,1810,4,1,610,deschis,finalizat
7239,18498,1495,2467,4,5,2467,privat,finalizat
7240,18500,2003,234,,,,privat,fara_rezultat
7241,18503,1482,554,3,5,554,privat,finalizat
7242,18512,2183,368,2,5,368,privat,finalizat
7243,18519,1302,503,5,0,1302,deschis,finalizat
7244,18520,104,1246,,,,privat,fara_rezultat
7245,18521,247,1940,5,1,247,deschis,finalizat
7246,18522,2235,1575,,,,privat,fara_rezultat
7247,18527,619,2006,,,,privat,fara_rezultat
7248,18528,1354,432,5,1,1354,privat,finalizat
7249,18531,722,1747,,,,privat,fara_rezultat
7250,18532,184,1062,2,4,1062,privat,finalizat
7251,18538,901,1669,4,2,901,privat,finalizat
7252,18540,69,339,1,3,339,deschis,finalizat
7253,18542,1266,970,4,2,1266,privat,finalizat
7254,18545,2455,1982,1,4,1982,deschis,finalizat
7255,18547,2074,1224,5,1,2074,privat,finalizat
7256,18548,1158,142,1,4,142,privat,finalizat
7257,18550,701,2009,3,5,2009,deschis,finalizat
7258,18553,1825,165,3,2,1825,privat,finalizat
7259,18556,2048,455,2,4,455,privat,finalizat
7260,18558,450,1361,,,,privat,fara_rezultat
7261,18559,2348,279,1,3,279,deschis,finalizat
7262,18562,2348,1822,1,5,1822,deschis,finalizat
7263,18564,1408,1592,3,2,1408,deschis,finalizat
7264,18566,229,1022,5,3,229,privat,finalizat
7265,18567,231,1292,3,5,1292,privat,finalizat
7266,18570,1777,1483,1,4,1483,deschis,finalizat
7267,18571,737,2116,1,4,2116,privat,finalizat
7268,18572,1903,,,,,deschis,expirat
7269,18574,2224,1688,,,,privat,fara_rezultat
7270,18580,2281,1915,4,3,2281,privat,finalizat
7271,18581,1353,41,1,5,41,privat,finalizat
7272,18582,2003,1737,,,,privat,fara_rezultat
7273,18584,1262,1218,5,4,1262,privat,finalizat
7274,18587,196,881,4,2,196,deschis,finalizat
7275,18588,911,2337,5,0,911,deschis,finalizat
7276,18589,1299,,,,,deschis,expirat
7277,18590,553,2262,3,5,2262,privat,finalizat
7278,18591,1938,1289,5,3,1938,privat,finalizat
7279,18592,974,407,1,3,407,privat,finalizat
7280,18595,1546,1006,1,5,1006,deschis,finalizat
7281,18596,1184,1309,,,,privat,fara_rezultat
7282,18602,2485,2256,5,0,2485,deschis,finalizat
7283,18603,2392,1618,1,5,1618,deschis,finalizat
7284,18604,67,,,,,deschis,expirat
7285,18605,1533,1695,2,5,1695,privat,finalizat
7286,18608,1676,2388,,,,privat,fara_rezultat
7287,18609,1256,579,2,5,579,privat,finalizat
7288,18610,2056,1477,,,,privat,fara_rezultat
7289,18611,1036,775,,,,deschis,fara_rezultat
7290,18612,619,1753,1,5,1753,deschis,finalizat
7291,18613,229,1417,3,2,229,privat,finalizat
7292,18617,2329,1572,1,3,1572,privat,finalizat
7293,18621,916,1534,5,2,916,privat,finalizat
7294,18626,1071,1668,3,5,1668,privat,finalizat
7295,18627,2487,,,,,deschis,expirat
7296,18629,1758,778,1,4,778,deschis,finalizat
7297,18631,122,258,0,4,258,deschis,finalizat
7298,18633,1493,474,0,3,474,privat,finalizat
7299,18635,2037,1255,,,,deschis,fara_rezultat
7300,18637,289,1617,3,2,289,privat,finalizat
7301,18644,1965,189,5,2,1965,privat,finalizat
7302,18646,1379,1220,4,0,1379,privat,finalizat
7303,18647,1154,2316,2,5,2316,privat,finalizat
7304,18648,1361,2072,4,5,2072,privat,finalizat
7305,18649,168,363,2,3,363,privat,finalizat
7306,18656,1826,779,,,,deschis,fara_rezultat
7307,18659,144,412,4,2,144,deschis,finalizat
7308,18663,1355,2456,0,5,2456,privat,finalizat
7309,18665,741,1806,2,4,1806,privat,finalizat
7310,18666,2320,1883,1,3,1883,deschis,finalizat
7311,18667,1336,114,4,2,1336,privat,finalizat
7312,18668,749,1067,2,5,1067,privat,finalizat
7313,18672,816,2227,3,5,2227,deschis,finalizat
7314,18674,1965,401,4,0,1965,privat,finalizat
7315,18675,966,541,1,3,541,deschis,finalizat
7316,18679,884,523,3,1,884,privat,finalizat
7317,18681,2121,222,1,3,222,deschis,finalizat
7318,18682,1073,,,,,deschis,expirat
7319,18684,787,304,3,1,787,deschis,finalizat
7320,18685,2119,1321,3,0,2119,deschis,finalizat
7321,18687,1007,896,2,4,896,privat,finalizat
7322,18690,327,1845,0,3,1845,privat,finalizat
7323,18691,617,1192,1,3,1192,privat,finalizat
7324,18696,2225,1397,3,0,2225,privat,finalizat
7325,18699,261,1417,2,4,1417,privat,finalizat
7326,18700,1773,2108,5,2,1773,privat,finalizat
7327,18702,451,1929,1,3,1929,deschis,finalizat
7328,18711,685,1025,0,5,1025,deschis,finalizat
7329,18713,2344,2498,,,,privat,fara_rezultat
7330,18714,87,2110,3,5,2110,privat,finalizat
7331,18719,2225,768,5,0,2225,privat,finalizat
7332,18723,896,311,3,1,896,privat,finalizat
7333,18725,959,1581,3,5,1581,deschis,finalizat
7334,18727,2003,901,1,4,901,privat,finalizat
7335,18729,2363,2435,4,2,2363,privat,finalizat
7336,18730,1499,2337,4,2,1499,privat,finalizat
7337,18737,1708,2404,2,4,2404,privat,finalizat
7338,18741,76,1023,4,1,76,deschis,finalizat
7339,18746,1808,,,,,deschis,expirat
7340,18747,396,409,0,3,409,privat,finalizat
7341,18749,1163,1506,4,0,1163,deschis,finalizat
7342,18750,1808,480,4,3,1808,deschis,finalizat
7343,18751,2348,1803,0,4,1803,deschis,finalizat
7344,18752,649,451,5,2,649,privat,finalizat
7345,18753,2070,1388,5,3,2070,deschis,finalizat
7346,18757,2272,845,,,,privat,fara_rezultat
7347,18758,696,645,4,2,696,privat,finalizat
7348,18759,1266,2337,3,1,1266,deschis,finalizat
7349,18761,1615,2399,2,3,2399,deschis,finalizat
7350,18763,1028,1747,3,1,1028,deschis,finalizat
7351,18765,1098,1829,4,1,1098,privat,finalizat
7352,18766,1367,1283,4,3,1367,privat,finalizat
7353,18768,2138,,,,,deschis,expirat
7354,18769,2003,1894,1,5,1894,deschis,finalizat
7355,18772,836,1287,3,2,836,privat,finalizat
7356,18774,1599,921,4,3,1599,privat,finalizat
7357,18776,2455,,,,,deschis,expirat
7358,18777,778,,,,,deschis,expirat
7359,18787,1198,1844,2,4,1844,deschis,finalizat
7360,18790,1022,1123,4,3,1022,deschis,finalizat
7361,18792,1154,1411,3,2,1154,privat,finalizat
7362,18794,1018,,,,,deschis,expirat
7363,18795,450,285,4,5,285,privat,finalizat
7364,18796,1620,1028,3,4,1028,privat,finalizat
7365,18798,1093,2357,4,1,1093,privat,finalizat
7366,18799,301,621,1,5,621,deschis,finalizat
7367,18805,170,255,3,0,170,privat,finalizat
7368,18806,1522,1201,3,4,1201,privat,finalizat
7369,18807,170,2366,0,3,2366,privat,finalizat
7370,18808,2379,1810,0,4,1810,deschis,finalizat
7371,18810,1534,1007,,,,privat,fara_rezultat
7372,18811,1301,1303,0,3,1303,privat,finalizat
7373,18812,1170,2115,0,3,2115,deschis,finalizat
7374,18813,1981,,,,,deschis,expirat
7375,18816,2452,,,,,deschis,expirat
7376,18819,2385,2167,3,1,2385,deschis,finalizat
7377,18824,1241,,,,,deschis,expirat
7378,18825,2149,1466,2,5,1466,deschis,finalizat
7379,18826,367,1252,5,4,367,privat,finalizat
7380,18827,1352,1533,0,5,1533,privat,finalizat
7381,18832,1123,91,5,4,1123,privat,finalizat
7382,18835,1123,414,4,1,1123,privat,finalizat
7383,18837,517,1944,0,3,1944,deschis,finalizat
7384,18841,454,602,0,3,602,privat,finalizat
7385,18842,959,1502,0,4,1502,privat,finalizat
7386,18845,2224,1688,4,1,2224,deschis,finalizat
7387,18848,651,1551,4,1,651,privat,finalizat
7388,18851,854,873,,,,privat,fara_rezultat
7389,18854,948,1188,3,1,948,privat,finalizat
7390,18858,2478,,,,,deschis,expirat
7391,18859,1030,1284,2,3,1284,deschis,finalizat
7392,18863,807,536,5,4,807,privat,finalizat
7393,18864,529,538,5,3,529,privat,finalizat
7394,18870,1789,287,3,0,1789,privat,finalizat
7395,18872,2119,529,2,3,529,privat,finalizat
7396,18873,517,807,4,5,807,privat,finalizat
7397,18876,170,255,4,1,170,privat,finalizat
7398,18879,1810,1502,4,1,1810,privat,finalizat
7399,18884,2261,1218,3,0,2261,privat,finalizat
7400,18885,2168,196,3,2,2168,privat,finalizat
7401,18892,2445,541,5,0,2445,privat,finalizat
7402,18893,696,1094,4,0,696,privat,finalizat
7403,18894,1435,2047,3,1,1435,privat,finalizat
7404,18899,1057,827,3,2,1057,privat,finalizat
7405,18901,1158,2458,,,,privat,fara_rezultat
7406,18905,1931,,,,,deschis,expirat
7407,18908,308,1221,0,4,1221,privat,finalizat
7408,18909,653,698,1,3,698,privat,finalizat
7409,18910,1378,1148,,,,deschis,fara_rezultat
7410,18913,1489,579,2,5,579,privat,finalizat
7411,18914,868,979,1,4,979,privat,finalizat
7412,18916,1753,1620,,,,privat,fara_rezultat
7413,18921,409,1278,2,4,1278,privat,finalizat
7414,18923,2386,301,1,5,301,privat,finalizat
7415,18926,49,428,4,2,49,deschis,finalizat
7416,18929,428,1739,2,5,1739,privat,finalizat
7417,18931,2120,1414,3,4,1414,privat,finalizat
7418,18936,2153,1266,3,1,2153,privat,finalizat
7419,18937,2393,696,3,1,2393,deschis,finalizat
7420,18939,1299,1014,3,0,1299,deschis,finalizat
7421,18946,510,581,4,3,510,privat,finalizat
7422,18947,267,1474,,,,privat,fara_rezultat
7423,18948,1241,380,,,,privat,fara_rezultat
7424,18950,1131,1974,,,,privat,fara_rezultat
7425,18951,410,2038,3,2,410,privat,finalizat
7426,18952,242,878,2,4,878,privat,finalizat
7427,18953,1284,525,2,3,525,privat,finalizat
7428,18956,2090,768,5,0,2090,privat,finalizat
7429,18959,643,1620,2,5,1620,privat,finalizat
7430,18960,285,,,,,deschis,expirat
7431,18964,432,630,2,3,630,deschis,finalizat
7432,18967,587,1646,5,2,587,privat,finalizat
7433,18968,1777,311,4,3,1777,privat,finalizat
7434,18974,1488,737,3,5,737,privat,finalizat
7435,18980,297,2031,3,0,297,deschis,finalizat
7436,18982,2063,740,,,,deschis,fara_rezultat
7437,18983,1926,2286,1,4,2286,privat,finalizat
7438,18989,154,,,,,deschis,expirat
7439,18992,2242,1010,,,,privat,fara_rezultat
7440,19000,2489,707,0,5,707,privat,finalizat
7441,19001,84,,,,,deschis,expirat
7442,19002,951,,,,,deschis,expirat
7443,19004,951,708,3,0,951,privat,finalizat
7444,19005,951,598,2,4,598,privat,finalizat
7445,19006,285,2090,1,3,2090,privat,finalizat
7446,19007,643,184,3,0,643,privat,finalizat
7447,19012,952,1411,2,4,1411,deschis,finalizat
7448,19013,883,1836,4,0,883,privat,finalizat
7449,19016,1549,819,5,3,1549,privat,finalizat
7450,19018,2138,278,1,5,278,privat,finalizat
7451,19022,610,2087,3,0,610,privat,finalizat
7452,19033,1301,1435,2,3,1435,privat,finalizat
7453,19037,854,331,2,4,331,privat,finalizat
7454,19038,1633,2453,1,3,2453,deschis,finalizat
7455,19039,504,1480,3,2,504,privat,finalizat
7456,19041,1309,1781,0,3,1781,privat,finalizat
7457,19042,2016,1355,,,,deschis,fara_rezultat
7458,19045,603,792,2,5,792,privat,finalizat
7459,19048,104,1031,4,0,104,privat,finalizat
7460,19050,985,,,,,deschis,expirat
7461,19054,1652,435,5,4,1652,privat,finalizat
7462,19055,1298,2165,3,5,2165,deschis,finalizat
7463,19056,979,455,,,,deschis,fara_rezultat
7464,19058,1762,2317,3,1,1762,privat,finalizat
7465,19062,198,1890,4,5,1890,deschis,finalizat
7466,19064,1018,807,4,2,1018,privat,finalizat
7467,19069,125,602,,,,deschis,fara_rezultat
7468,19073,1605,1459,5,3,1605,privat,finalizat
7469,19080,2409,1664,5,3,2409,deschis,finalizat
7470,19089,242,76,,,,privat,fara_rezultat
7471,19093,84,178,3,1,84,deschis,finalizat
7472,19096,2090,409,3,1,2090,privat,finalizat
7473,19097,2056,1374,3,2,2056,privat,finalizat
7474,19098,231,1836,2,4,1836,privat,finalizat
7475,19102,2304,1687,1,3,1687,privat,finalizat
7476,19104,1645,357,3,4,357,privat,finalizat
7477,19106,1336,340,5,0,1336,deschis,finalizat
7478,19107,1060,1119,5,4,1060,privat,finalizat
7479,19108,1946,1447,1,4,1447,privat,finalizat
7480,19110,1620,2126,3,2,1620,privat,finalizat
7481,19118,1751,1575,,,,privat,fara_rezultat
7482,19120,529,1220,3,5,1220,privat,finalizat
7483,19122,2369,2430,4,2,2369,privat,finalizat
7484,19124,2310,756,,,,deschis,fara_rezultat
7485,19126,2142,1269,5,1,2142,privat,finalizat
7486,19127,450,1663,2,3,1663,deschis,finalizat
7487,19128,926,1170,5,0,926,privat,finalizat
7488,19130,2310,2458,5,4,2310,privat,finalizat
7489,19131,2087,1458,,,,privat,fara_rezultat
7490,19134,2190,1192,2,4,1192,privat,finalizat
7491,19135,105,1781,,,,privat,fara_rezultat
7492,19142,1592,1535,1,4,1535,privat,finalizat
7493,19143,2348,1490,4,5,1490,privat,finalizat
7494,19144,1411,1762,2,3,1762,deschis,finalizat
7495,19152,455,147,,,,privat,fara_rezultat
7496,19158,1844,2095,5,2,1844,privat,finalizat
7497,19161,971,2033,3,5,2033,privat,finalizat
7498,19162,794,196,3,4,196,deschis,finalizat
7499,19164,1973,620,4,1,1973,privat,finalizat
7500,19165,1159,26,5,3,1159,privat,finalizat
7501,19169,2452,1057,,,,deschis,fara_rezultat
7502,19171,921,1112,4,5,1112,privat,finalizat
7503,19178,574,1856,5,1,574,deschis,finalizat
7504,19181,471,450,4,2,471,privat,finalizat
7505,19182,1278,652,4,3,1278,privat,finalizat
7506,19184,676,869,5,4,676,privat,finalizat
7507,19185,737,2233,3,5,2233,privat,finalizat
7508,19190,1483,,,,,deschis,expirat
7509,19192,1837,2170,4,3,1837,privat,finalizat
7510,19193,1224,399,1,4,399,deschis,finalizat
7511,19194,1389,2164,,,,privat,fara_rezultat
7512,19195,1840,99,1,5,99,privat,finalizat
7513,19201,574,1748,2,4,1748,privat,finalizat
7514,19206,471,1145,,,,privat,fara_rezultat
7515,19208,1762,862,0,3,862,privat,finalizat
7516,19211,2227,765,2,4,765,privat,finalizat
7517,19214,125,1723,0,5,1723,privat,finalizat
7518,19216,2233,2366,1,5,2366,privat,finalizat
7519,19218,1497,,,,,deschis,expirat
7520,19220,2498,1605,4,0,2498,deschis,finalizat
7521,19221,1981,615,,,,privat,fara_rezultat
7522,19223,1364,2404,0,5,2404,deschis,finalizat
7523,19224,1884,1508,3,5,1508,privat,finalizat
7524,19229,380,840,5,4,380,privat,finalizat
7525,19231,296,,,,,deschis,expirat
7526,19232,1676,,,,,deschis,expirat
7527,19233,1965,1471,2,3,1471,deschis,finalizat
7528,19236,802,1201,3,2,802,privat,finalizat
7529,19237,2467,881,4,3,2467,privat,finalizat
7530,19238,971,929,3,1,971,privat,finalizat
7531,19243,587,1462,5,4,587,privat,finalizat
7532,19247,251,2487,0,4,2487,deschis,finalizat
7533,19250,419,558,3,1,419,privat,finalizat
7534,19251,674,,,,,deschis,expirat
7535,19254,367,2320,2,5,2320,privat,finalizat
7536,19255,647,2454,4,0,647,privat,finalizat
7537,19256,1506,2024,3,1,1506,privat,finalizat
7538,19257,1408,787,1,4,787,privat,finalizat
7539,19260,643,1829,3,1,643,privat,finalizat
7540,19261,2090,619,3,1,2090,deschis,finalizat
7541,19262,184,1098,4,3,184,privat,finalizat
7542,19263,2304,1278,4,2,2304,privat,finalizat
7543,19265,1145,1228,5,0,1145,privat,finalizat
7544,19266,1361,432,2,5,432,privat,finalizat
7545,19268,125,1113,3,2,125,privat,finalizat
7546,19269,1566,802,5,2,1566,privat,finalizat
7547,19271,2311,1213,5,2,2311,deschis,finalizat
7548,19274,958,,,,,deschis,expirat
7549,19276,1572,1262,2,3,1262,privat,finalizat
7550,19279,541,1266,,,,deschis,fara_rezultat
7551,19280,249,160,3,4,160,privat,finalizat
7552,19282,2175,1158,5,2,2175,deschis,finalizat
7553,19283,1668,2391,4,1,1668,privat,finalizat
7554,19287,149,442,3,2,149,privat,finalizat
7555,19289,1570,,,,,deschis,expirat
7556,19290,1563,,,,,deschis,expirat
7557,19293,1525,1206,1,5,1206,privat,finalizat
7558,19294,670,741,3,5,741,deschis,finalizat
7559,19295,2076,562,,,,privat,fara_rezultat
7560,19296,1048,214,3,0,1048,privat,finalizat
7561,19301,2227,189,5,2,2227,deschis,finalizat
7562,19304,1354,2119,4,0,1354,deschis,finalizat
7563,19305,1822,231,3,1,1822,privat,finalizat
7564,19306,633,1606,0,3,1606,privat,finalizat
7565,19310,2366,2120,0,3,2120,privat,finalizat
7566,19313,2116,1093,5,2,2116,deschis,finalizat
7567,19314,2261,1864,3,1,2261,privat,finalizat
7568,19318,319,415,,,,privat,fara_rezultat
7569,19321,2153,1094,3,4,1094,privat,finalizat
7570,19322,2186,999,4,0,2186,privat,finalizat
7571,19325,244,730,,,,privat,fara_rezultat
7572,19326,2129,1926,3,2,2129,deschis,finalizat
7573,19327,1192,82,5,4,1192,privat,finalizat
7574,19328,1451,2009,4,3,1451,privat,finalizat
7575,19331,863,2306,2,3,2306,privat,finalizat
7576,19336,904,1954,5,4,904,privat,finalizat
7577,19337,455,868,1,3,868,privat,finalizat
7578,19338,2,1945,1,4,1945,privat,finalizat
7579,19340,184,,,,,deschis,expirat
7580,19341,1144,1549,4,0,1144,privat,finalizat
7581,19344,184,1123,2,4,1123,privat,finalizat
7582,19345,869,2281,0,4,2281,privat,finalizat
7583,19346,1561,415,4,1,1561,privat,finalizat
7584,19350,123,2138,1,3,2138,privat,finalizat
7585,19352,1981,1509,3,0,1981,deschis,finalizat
7586,19354,511,327,2,5,327,deschis,finalizat
7587,19357,1360,28,2,5,28,deschis,finalizat
7588,19366,1869,1148,4,2,1869,privat,finalizat
7589,19368,343,,,,,deschis,expirat
7590,19369,525,1993,2,4,1993,deschis,finalizat
7591,19370,214,868,3,5,868,privat,finalizat
7592,19372,563,979,0,4,979,privat,finalizat
7593,19373,1354,529,3,0,1354,privat,finalizat
7594,19376,432,1145,,,,privat,fara_rezultat
7595,19377,807,1881,0,5,1881,deschis,finalizat
7596,19380,1756,1354,2,5,1354,privat,finalizat
7597,19382,319,1572,4,5,1572,deschis,finalizat
7598,19388,1093,1721,3,4,1721,privat,finalizat
7599,19389,1287,311,5,2,1287,privat,finalizat
7600,19394,907,,,,,deschis,expirat
7601,19395,2399,1873,1,4,1873,privat,finalizat
7602,19396,2240,382,4,2,2240,privat,finalizat
7603,19399,2037,377,2,5,377,privat,finalizat
7604,19401,2226,2489,0,3,2489,deschis,finalizat
7605,19403,2165,1294,5,3,2165,privat,finalizat
7606,19404,775,,,,,deschis,expirat
7607,19410,1018,144,3,1,1018,privat,finalizat
7608,19412,1174,651,4,1,1174,privat,finalizat
7609,19413,1791,,,,,deschis,expirat
7610,19415,1673,,,,,deschis,expirat
7611,19416,1864,495,0,5,495,privat,finalizat
7612,19417,737,1688,1,3,1688,privat,finalizat
7613,19419,1775,1213,2,3,1213,privat,finalizat
7614,19422,1949,970,0,3,970,deschis,finalizat
7615,19423,2262,2031,2,4,2031,deschis,finalizat
7616,19427,1433,1360,0,3,1360,privat,finalizat
7617,19431,2407,2128,1,5,2128,privat,finalizat
7618,19433,1454,964,3,5,964,privat,finalizat
7619,19437,1762,2147,2,4,2147,privat,finalizat
7620,19442,2348,1826,1,5,1826,privat,finalizat
7621,19446,1548,,,,,deschis,expirat
7622,19451,1723,2087,4,3,1723,deschis,finalizat
7623,19452,610,518,5,1,610,privat,finalizat
7624,19461,251,127,,,,deschis,fara_rezultat
7625,19464,1633,2208,3,5,2208,privat,finalizat
7626,19466,1574,1912,4,1,1574,privat,finalizat
7627,19467,2390,1355,4,1,2390,privat,finalizat
7628,19471,197,1357,4,1,197,privat,finalizat
7629,19482,1549,1773,,,,privat,fara_rezultat
7630,19483,633,664,1,3,664,privat,finalizat
7631,19485,1688,255,3,2,1688,privat,finalizat
7632,19486,938,732,4,3,938,deschis,finalizat
7633,19489,771,2232,1,4,2232,privat,finalizat
7634,19491,471,502,3,1,471,deschis,finalizat
7635,19493,633,1022,5,2,633,privat,finalizat
7636,19495,749,1023,1,5,1023,privat,finalizat
7637,19498,1597,,,,,deschis,expirat
7638,19504,730,274,3,1,730,privat,finalizat
7639,19506,2065,,,,,deschis,expirat
7640,19507,234,2366,,,,privat,fara_rezultat
7641,19511,2142,,,,,deschis,expirat
7642,19515,1201,2324,2,4,2324,privat,finalizat
7643,19516,1864,685,4,3,1864,privat,finalizat
7644,19519,2165,179,0,5,179,privat,finalizat
7645,19521,229,1986,2,3,1986,privat,finalizat
7646,19522,722,1953,,,,deschis,fara_rezultat
7647,19523,1145,184,5,4,1145,privat,finalizat
7648,19525,1145,,,,,deschis,expirat
7649,19526,1411,646,,,,privat,fara_rezultat
7650,19527,1360,,,,,deschis,expirat
7651,19529,2417,179,4,5,179,privat,finalizat
7652,19530,1045,815,,,,privat,fara_rezultat
7653,19532,1763,1129,2,3,1129,privat,finalizat
7654,19534,2389,538,3,0,2389,privat,finalizat
7655,19539,1760,1561,3,1,1760,privat,finalizat
7656,19545,864,1499,,,,privat,fara_rezultat
7657,19547,2175,82,1,3,82,privat,finalizat
7658,19550,1708,1727,4,2,1708,privat,finalizat
7659,19553,1099,1705,3,5,1705,privat,finalizat
7660,19556,749,1883,3,1,749,privat,finalizat
7661,19560,1374,374,4,2,1374,deschis,finalizat
7662,19563,959,420,3,1,959,privat,finalizat
7663,19567,1572,170,2,5,170,privat,finalizat
7664,19572,1876,2363,1,4,2363,privat,finalizat
7665,19577,820,1609,,,,privat,fara_rezultat
7666,19578,2216,1184,3,5,1184,privat,finalizat
7667,19582,1140,5,3,1,1140,privat,finalizat
7668,19584,2056,1228,2,4,1228,privat,finalizat
7669,19585,1606,2142,5,3,1606,privat,finalizat
7670,19586,1870,2006,4,0,1870,privat,finalizat
7671,19587,450,119,3,0,450,deschis,finalizat
7672,19590,1762,446,3,5,446,privat,finalizat
7673,19591,2308,304,5,1,2308,privat,finalizat
7674,19594,49,1424,5,4,49,privat,finalizat
7675,19595,837,,,,,deschis,expirat
7676,19597,1369,1483,5,2,1369,privat,finalizat
7677,19602,1633,1444,,,,privat,fara_rezultat
7678,19603,617,1820,0,3,1820,privat,finalizat
7679,19610,601,,,,,deschis,expirat
7680,19612,1249,1489,,,,privat,fara_rezultat
7681,19613,1249,,,,,deschis,expirat
7682,19615,1018,646,5,3,1018,privat,finalizat
7683,19619,1095,,,,,deschis,expirat
7684,19622,1095,1129,1,5,1129,privat,finalizat
7685,19626,1928,929,4,3,1928,privat,finalizat
7686,19627,901,1367,1,3,1367,privat,finalizat
7687,19629,170,56,4,1,170,deschis,finalizat
7688,19630,1735,649,4,3,1735,privat,finalizat
7689,19631,2186,,,,,deschis,expirat
7690,19632,1299,,,,,deschis,expirat
7691,19633,738,1402,3,2,738,deschis,finalizat
7692,19634,2063,1313,5,0,2063,privat,finalizat
7693,19635,1807,181,3,5,181,privat,finalizat
7694,19636,639,82,1,3,82,deschis,finalizat
7695,19637,921,1975,1,3,1975,privat,finalizat
7696,19640,1689,1744,1,5,1744,privat,finalizat
7697,19641,1546,1184,2,5,1184,privat,finalizat
7698,19644,335,1715,0,4,1715,privat,finalizat
7699,19646,1252,67,1,3,67,deschis,finalizat
7700,19650,296,333,5,0,296,deschis,finalizat
7701,19651,816,2024,,,,deschis,fara_rezultat
7702,19652,1944,2447,3,5,2447,deschis,finalizat
7703,19653,471,722,0,4,722,privat,finalizat
7704,19654,1953,182,3,2,1953,privat,finalizat
7705,19660,1631,1958,5,1,1631,privat,finalizat
7706,19663,621,,,,,deschis,expirat
7707,19664,1739,2311,2,5,2311,privat,finalizat
7708,19669,2067,,,,,deschis,expirat
7709,19670,1668,399,5,4,1668,privat,finalizat
7710,19675,891,1133,5,4,891,deschis,finalizat
7711,19676,867,2020,5,3,867,privat,finalizat
7712,19680,109,1354,3,0,109,privat,finalizat
7713,19682,612,536,4,1,612,deschis,finalizat
7714,19686,1036,231,2,3,231,privat,finalizat
7715,19687,2033,1968,,,,deschis,fara_rezultat
7716,19689,1401,1929,0,4,1929,privat,finalizat
7717,19690,2467,2004,4,3,2467,privat,finalizat
7718,19691,2366,,,,,deschis,expirat
7719,19696,827,1112,5,2,827,privat,finalizat
7720,19706,1489,2259,1,4,2259,privat,finalizat
7721,19708,1354,1773,5,1,1354,privat,finalizat
7722,19709,1292,91,0,3,91,privat,finalizat
7723,19713,602,495,5,0,602,privat,finalizat
7724,19714,249,1132,3,1,249,deschis,finalizat
7725,19716,2232,207,3,5,207,privat,finalizat
7726,19719,868,1771,,,,deschis,fara_rezultat
7727,19721,775,1374,2,3,1374,privat,finalizat
7728,19725,2389,1365,3,2,2389,privat,finalizat
7729,19731,319,,,,,deschis,expirat
7730,19732,2098,544,,,,privat,fara_rezultat
7731,19733,1374,807,2,3,807,deschis,finalizat
7732,19738,873,937,2,3,937,privat,finalizat
7733,19739,701,1130,2,3,1130,deschis,finalizat
7734,19741,2288,2193,5,1,2288,privat,finalizat
7735,19742,229,471,3,2,229,privat,finalizat
7736,19747,2208,2074,,,,privat,fara_rezultat
7737,19749,480,446,3,4,446,privat,finalizat
7738,19751,2065,743,1,3,743,privat,finalizat
7739,19753,1483,453,1,4,453,deschis,finalizat
7740,19754,1664,2167,5,2,1664,privat,finalizat
7741,19755,1020,57,,,,privat,fara_rezultat
7742,19756,285,833,1,4,833,privat,finalizat
7743,19760,1071,778,3,0,1071,privat,finalizat
7744,19765,1007,1791,4,3,1007,privat,finalizat
7745,19772,1132,1071,,,,deschis,fara_rezultat
7746,19775,1018,502,1,4,502,privat,finalizat
7747,19776,450,434,2,3,434,privat,finalizat
7748,19782,1922,2185,4,3,1922,deschis,finalizat
7749,19783,2393,2005,2,3,2005,privat,finalizat
7750,19784,687,1555,5,3,687,privat,finalizat
7751,19786,937,406,3,4,406,privat,finalizat
7752,19789,954,110,0,5,110,privat,finalizat
7753,19790,98,684,4,3,98,deschis,finalizat
7754,19792,1423,2293,5,2,1423,privat,finalizat
7755,19793,2056,2325,3,2,2056,privat,finalizat
7756,19811,149,1020,5,3,149,deschis,finalizat
7757,19814,668,1431,4,0,668,privat,finalizat
7758,19815,1856,179,,,,privat,fara_rezultat
7759,19818,1411,2436,0,5,2436,privat,finalizat
7760,19819,2317,633,2,3,633,privat,finalizat
7761,19820,722,63,5,3,722,privat,finalizat
7762,19822,285,63,2,3,63,deschis,finalizat
7763,19823,1870,432,5,1,1870,privat,finalizat
7764,19828,610,2041,3,1,610,privat,finalizat
7765,19830,370,26,0,3,26,privat,finalizat
7766,19831,1266,864,0,3,864,privat,finalizat
7767,19832,1313,27,5,3,1313,deschis,finalizat
7768,19834,1003,639,5,2,1003,privat,finalizat
7769,19838,1547,141,1,3,141,deschis,finalizat
7770,19839,1389,1918,0,3,1918,deschis,finalizat
7771,19840,820,223,0,3,223,privat,finalizat
7772,19841,503,210,3,0,503,deschis,finalizat
7773,19842,1284,1023,0,4,1023,privat,finalizat
7774,19844,1676,85,3,0,1676,privat,finalizat
7775,19845,1129,2316,4,3,1129,privat,finalizat
7776,19846,862,722,5,3,862,privat,finalizat
7777,19847,231,646,1,3,646,privat,finalizat
7778,19848,1663,1506,3,4,1506,privat,finalizat
7779,19849,1946,1591,5,0,1946,privat,finalizat
7780,19859,1179,125,0,4,125,privat,finalizat
7781,19861,2233,17,1,4,17,deschis,finalizat
7782,19862,1401,1262,2,5,1262,privat,finalizat
7783,19863,1189,314,0,3,314,privat,finalizat
7784,19865,1508,82,4,3,1508,privat,finalizat
7785,19867,974,2487,0,3,2487,privat,finalizat
7786,19868,2455,1437,2,3,1437,privat,finalizat
7787,19869,510,2129,2,4,2129,privat,finalizat
7788,19871,1494,625,4,5,625,deschis,finalizat
7789,19874,2,2246,4,1,2,privat,finalizat
7790,19876,1549,2024,,,,privat,fara_rezultat
7791,19879,1620,2072,,,,privat,fara_rezultat
7792,19885,2432,1029,,,,deschis,fara_rezultat
7793,19895,1633,1112,2,5,1112,privat,finalizat
7794,19897,379,2189,0,5,2189,privat,finalizat
7795,19901,1023,,,,,deschis,expirat
7796,19903,1387,2244,,,,deschis,fara_rezultat
7797,19906,775,1292,,,,privat,fara_rezultat
7798,19910,1944,409,1,4,409,privat,finalizat
7799,19911,2095,2024,4,3,2095,deschis,finalizat
7800,19912,412,643,5,4,412,privat,finalizat
7801,19913,1760,1928,4,1,1760,deschis,finalizat
7802,19929,2487,1467,2,4,1467,privat,finalizat
7803,19930,1323,1158,3,1,1323,privat,finalizat
7804,19931,558,245,4,1,558,deschis,finalizat
7805,19932,357,379,3,1,357,privat,finalizat
7806,19934,379,134,3,4,134,privat,finalizat
7807,19935,2149,1697,4,2,2149,privat,finalizat
7808,19938,1329,1600,5,0,1329,privat,finalizat
7809,19941,369,,,,,deschis,expirat
7810,19945,428,2467,4,2,428,privat,finalizat
7811,19953,1302,592,,,,deschis,fara_rezultat
7812,19956,1411,1220,,,,deschis,fara_rezultat
7813,19957,1931,2094,4,3,1931,deschis,finalizat
7814,19961,338,595,4,2,338,deschis,finalizat
7815,19967,538,1712,5,2,538,deschis,finalizat
7816,19969,802,1821,,,,privat,fara_rezultat
7817,19971,2354,2337,,,,deschis,fara_rezultat
7818,19976,2139,895,5,2,2139,privat,finalizat
7819,19977,396,517,5,3,396,privat,finalizat
7820,19978,1098,,,,,deschis,expirat
7821,19980,1547,1807,3,5,1807,privat,finalizat
7822,19982,1063,1695,1,4,1695,privat,finalizat
7823,19984,319,2065,4,5,2065,deschis,finalizat
7824,19985,2033,1522,1,4,1522,privat,finalizat
7825,19988,748,,,,,deschis,expirat
7826,19990,1098,2072,3,5,2072,privat,finalizat
7827,19992,1773,,,,,deschis,expirat
7828,19994,1894,1388,4,3,1894,privat,finalizat
7829,19997,2317,538,2,5,538,privat,finalizat
7830,20002,1982,1918,,,,privat,fara_rezultat
7831,20007,502,1341,4,3,502,privat,finalizat
7832,20009,1803,2497,2,4,2497,privat,finalizat
7833,20013,685,,,,,deschis,expirat
7834,20020,1301,1853,0,3,1853,privat,finalizat
7835,20021,2404,1323,1,3,1323,privat,finalizat
7836,20022,1727,1158,,,,privat,fara_rezultat
7837,20029,1018,883,4,2,1018,deschis,finalizat
7838,20033,401,862,3,1,401,deschis,finalizat
7839,20034,434,2095,1,5,2095,privat,finalizat
7840,20035,802,518,0,5,518,deschis,finalizat
7841,20039,1572,2357,3,4,2357,privat,finalizat
7842,20040,1424,1093,2,5,1093,deschis,finalizat
7843,20042,1810,,,,,deschis,expirat
7844,20044,138,2337,4,1,138,privat,finalizat
7845,20051,1125,362,,,,deschis,fara_rezultat
7846,20052,366,400,2,5,400,deschis,finalizat
7847,20053,551,377,3,1,551,deschis,finalizat
7848,20055,2257,1427,5,3,2257,deschis,finalizat
7849,20057,2095,1062,4,1,2095,privat,finalizat
7850,20058,664,1292,4,0,664,deschis,finalizat
7851,20059,1836,2195,3,4,2195,privat,finalizat
7852,20060,2436,2212,1,4,2212,deschis,finalizat
7853,20061,633,1028,,,,deschis,fara_rezultat
7854,20064,119,,,,,deschis,expirat
7855,20065,432,1490,3,1,432,deschis,finalizat
7856,20072,887,1688,3,0,887,deschis,finalizat
7857,20073,901,170,4,0,901,privat,finalizat
7858,20078,1389,2270,,,,privat,fara_rezultat
7859,20086,2417,1738,0,5,1738,privat,finalizat
7860,20088,2142,1379,4,3,2142,privat,finalizat
7861,20089,182,285,0,4,285,privat,finalizat
7862,20094,1490,1822,,,,privat,fara_rezultat
7863,20095,536,883,3,2,536,privat,finalizat
7864,20104,837,2035,4,1,837,privat,finalizat
7865,20105,1723,651,,,,privat,fara_rezultat
7866,20106,1178,958,1,4,958,privat,finalizat
7867,20107,1482,615,3,1,1482,deschis,finalizat
7868,20108,1578,2297,,,,privat,fara_rezultat
7869,20112,1444,2332,0,3,2332,privat,finalizat
7870,20115,1484,1332,4,1,1484,privat,finalizat
7871,20116,2439,1302,5,2,2439,privat,finalizat
7872,20121,787,,,,,deschis,expirat
7873,20126,1283,1603,4,2,1283,privat,finalizat
7874,20128,1008,1561,3,1,1008,privat,finalizat
7875,20130,1968,2369,4,3,1968,privat,finalizat
7876,20132,2170,515,4,2,2170,privat,finalizat
7877,20133,515,1299,0,3,1299,privat,finalizat
7878,20134,1313,413,4,5,413,privat,finalizat
7879,20139,1796,191,0,4,191,privat,finalizat
7880,20141,781,2171,3,1,781,deschis,finalizat
7881,20142,2295,268,,,,privat,fara_rezultat
7882,20144,214,147,0,4,147,privat,finalizat
7883,20152,2065,1572,1,4,1572,deschis,finalizat
7884,20153,894,2003,0,3,2003,deschis,finalizat
7885,20155,2496,,,,,deschis,expirat
7886,20156,2261,2035,5,4,2261,privat,finalizat
7887,20157,1238,75,3,1,1238,privat,finalizat
7888,20158,196,1172,5,4,196,deschis,finalizat
7889,20160,334,2127,2,5,2127,deschis,finalizat
7890,20161,2183,223,4,2,2183,privat,finalizat
7891,20162,2483,1597,,,,privat,fara_rezultat
7892,20164,1410,1570,4,3,1410,privat,finalizat
7893,20166,163,653,5,2,163,deschis,finalizat
7894,20168,884,636,4,1,884,privat,finalizat
7895,20169,1073,1854,4,0,1073,privat,finalizat
7896,20171,1298,2165,0,4,2165,privat,finalizat
7897,20174,2299,184,,,,deschis,fara_rezultat
7898,20177,1775,929,4,3,1775,privat,finalizat
7899,20178,1777,887,0,4,887,privat,finalizat
7900,20181,775,1228,1,3,1228,privat,finalizat
7901,20186,1339,391,,,,privat,fara_rezultat
7902,20187,1663,,,,,deschis,expirat
7903,20191,379,1672,4,1,379,privat,finalizat
7904,20192,1080,2370,2,3,2370,privat,finalizat
7905,20199,33,2006,,,,deschis,fara_rezultat
7906,20202,161,1853,5,2,161,deschis,finalizat
7907,20203,994,2451,1,4,2451,deschis,finalizat
7908,20205,1023,922,,,,privat,fara_rezultat
7909,20206,2471,1754,,,,privat,fara_rezultat
7910,20209,1482,1555,1,5,1555,privat,finalizat
7911,20210,1645,1275,2,3,1275,deschis,finalizat
7912,20212,1350,295,1,4,295,privat,finalizat
7913,20213,823,1387,0,4,1387,privat,finalizat
7914,20217,1169,1482,,,,privat,fara_rezultat
7915,20220,691,377,4,3,691,deschis,finalizat
7916,20222,1140,1173,,,,deschis,fara_rezultat
7917,20224,227,480,5,1,227,privat,finalizat
7918,20225,1154,1447,,,,privat,fara_rezultat
7919,20233,154,849,2,4,849,privat,finalizat
7920,20234,873,700,3,2,873,deschis,finalizat
7921,20238,1928,1646,1,4,1646,privat,finalizat
7922,20239,1415,1561,2,4,1561,deschis,finalizat
7923,20246,191,403,4,0,191,privat,finalizat
7924,20249,883,633,,,,deschis,fara_rezultat
7925,20250,1593,722,3,2,1593,privat,finalizat
7926,20251,2325,1644,0,4,1644,privat,finalizat
7927,20252,1220,2095,3,1,1220,privat,finalizat
7928,20253,1775,2168,5,1,1775,privat,finalizat
7929,20255,1961,2033,5,3,1961,privat,finalizat
7930,20257,1029,1414,4,0,1029,privat,finalizat
7931,20259,2003,2327,4,2,2003,deschis,finalizat
7932,20261,2496,1631,1,3,1631,deschis,finalizat
7933,20265,921,730,,,,privat,fara_rezultat
7934,20268,663,1966,,,,privat,fara_rezultat
7935,20270,852,2171,,,,privat,fara_rezultat
7936,20271,1431,1423,5,1,1431,deschis,finalizat
7937,20274,1154,304,,,,privat,fara_rezultat
7938,20275,1098,2219,0,3,2219,privat,finalizat
7939,20276,396,1836,5,2,396,privat,finalizat
7940,20277,1369,1488,3,0,1369,privat,finalizat
7941,20279,75,1025,5,0,75,privat,finalizat
7942,20282,1178,1179,,,,privat,fara_rezultat
7943,20285,1578,2318,,,,privat,fara_rezultat
7944,20295,2092,446,1,3,446,privat,finalizat
7945,20301,2386,301,1,3,301,privat,finalizat
7946,20304,737,1424,3,2,737,deschis,finalizat
7947,20305,2070,373,,,,privat,fara_rezultat
7948,20306,2120,,,,,deschis,expirat
7949,20307,2327,49,3,5,49,privat,finalizat
7950,20309,301,2386,3,2,301,deschis,finalizat
7951,20311,1499,645,5,3,1499,privat,finalizat
7952,20312,1922,1863,3,0,1922,privat,finalizat
7953,20314,117,2283,2,3,2283,privat,finalizat
7954,20315,1611,730,4,3,1611,privat,finalizat
7955,20317,1480,1680,3,5,1680,privat,finalizat
7956,20323,252,1127,5,1,252,privat,finalizat
7957,20326,2108,910,0,3,910,privat,finalizat
7958,20331,1477,1036,5,2,1477,privat,finalizat
7959,20333,319,311,3,2,319,privat,finalizat
7960,20341,656,843,,,,privat,fara_rezultat
7961,20343,15,,,,,deschis,expirat
7962,20346,2455,581,4,0,2455,privat,finalizat
7963,20347,1437,1433,3,0,1437,privat,finalizat
7964,20348,677,357,1,5,357,privat,finalizat
7965,20353,2171,1601,5,3,2171,privat,finalizat
7966,20358,396,1062,4,5,1062,deschis,finalizat
7967,20360,2348,646,2,5,646,privat,finalizat
7968,20361,694,775,5,4,694,deschis,finalizat
7969,20365,1365,787,3,4,787,deschis,finalizat
7970,20366,1591,,,,,deschis,expirat
7971,20367,2006,1986,,,,privat,fara_rezultat
7972,20369,1681,869,,,,privat,fara_rezultat
7973,20370,2496,527,4,0,2496,deschis,finalizat
7974,20373,1502,,,,,deschis,expirat
7975,20389,287,1881,5,0,287,deschis,finalizat
7976,20392,1198,1803,3,2,1198,privat,finalizat
7977,20395,1287,896,,,,privat,fara_rezultat
7978,20402,511,27,5,4,511,privat,finalizat
7979,20404,2354,1169,5,4,2354,privat,finalizat
7980,20408,1611,1521,2,3,1521,privat,finalizat
7981,20411,1075,623,4,3,1075,deschis,finalizat
7982,20417,1471,765,3,5,765,privat,finalizat
7983,20418,862,1763,1,5,1763,privat,finalizat
7984,20423,1821,,,,,deschis,expirat
7985,20425,1238,947,,,,privat,fara_rezultat
7986,20428,2196,1128,5,3,2196,privat,finalizat
7987,20433,952,1503,0,3,1503,privat,finalizat
7988,20437,2148,1657,,,,deschis,fara_rezultat
7989,20438,736,2370,2,5,2370,privat,finalizat
7990,20439,1342,1080,4,5,1080,privat,finalizat
7991,20441,1753,1506,1,5,1506,privat,finalizat
7992,20443,1669,1572,5,3,1669,privat,finalizat
7993,20444,1547,1521,5,3,1547,privat,finalizat
7994,20445,1680,,,,,deschis,expirat
7995,20446,2304,816,5,2,2304,privat,finalizat
7996,20447,819,1619,5,1,819,privat,finalizat
7997,20452,2031,886,2,3,886,privat,finalizat
7998,20454,1693,937,0,3,937,privat,finalizat
7999,20455,1280,1691,4,2,1280,privat,finalizat
8000,20456,1672,1703,,,,privat,fara_rezultat
8001,20457,764,357,2,3,357,privat,finalizat
8002,20459,636,,,,,deschis,expirat
8003,20460,324,1988,3,4,1988,privat,finalizat
8004,20462,722,1098,5,2,722,privat,finalizat
8005,20469,478,1087,1,5,1087,privat,finalizat
8006,20476,1944,,,,,deschis,expirat
8007,20477,896,2430,5,1,896,deschis,finalizat
8008,20479,1853,2373,3,4,2373,deschis,finalizat
8009,20481,2067,1192,5,3,2067,privat,finalizat
8010,20482,2450,969,3,4,969,privat,finalizat
8011,20487,883,91,3,1,883,privat,finalizat
8012,20488,779,,,,,deschis,expirat
8013,20489,787,1747,3,1,787,privat,finalizat
8014,20491,2379,1174,3,5,1174,deschis,finalizat
8015,20493,1598,608,4,2,1598,privat,finalizat
8016,20496,2233,,,,,deschis,expirat
8017,20499,210,1992,1,3,1992,privat,finalizat
8018,20500,551,698,2,3,698,privat,finalizat
8019,20503,1944,652,,,,deschis,fara_rezultat
8020,20512,170,958,3,5,958,privat,finalizat
8021,20520,2487,827,,,,privat,fara_rezultat
8022,20521,1132,191,,,,deschis,fara_rezultat
8023,20523,1888,461,2,4,461,deschis,finalizat
8024,20524,1634,949,1,3,949,privat,finalizat
8025,20525,1677,2392,,,,privat,fara_rezultat
8026,20530,242,663,2,4,663,privat,finalizat
8027,20534,883,396,,,,privat,fara_rezultat
8028,20536,1836,952,5,2,1836,privat,finalizat
8029,20537,1549,1682,3,0,1549,privat,finalizat
8030,20538,1408,910,0,3,910,privat,finalizat
8031,20542,2379,373,2,3,373,privat,finalizat
8032,20546,2498,655,1,3,655,privat,finalizat
8033,20548,1926,419,,,,deschis,fara_rezultat
8034,20552,107,362,4,2,107,privat,finalizat
8035,20554,697,2448,5,4,697,privat,finalizat
8036,20559,1028,,,,,deschis,expirat
8037,20560,471,2195,4,3,471,privat,finalizat
8038,20561,1773,1379,,,,privat,fara_rezultat
8039,20562,1946,,,,,deschis,expirat
8040,20564,1458,887,4,0,1458,privat,finalizat
8041,20565,1551,1155,,,,privat,fara_rezultat
8042,20567,1388,,,,,deschis,expirat
8043,20568,656,,,,,deschis,expirat
8044,20569,696,1094,4,2,696,privat,finalizat
8045,20570,756,28,,,,privat,fara_rezultat
8046,20573,1633,2455,0,3,2455,privat,finalizat
8047,20578,1294,2048,2,3,2048,privat,finalizat
8048,20580,819,2006,,,,deschis,fara_rezultat
8049,20583,1220,538,,,,privat,fara_rezultat
8050,20590,2324,,,,,deschis,expirat
8051,20592,1213,1894,,,,privat,fara_rezultat
8052,20601,1132,2183,5,4,1132,privat,finalizat
8053,20604,946,461,,,,privat,fara_rezultat
8054,20610,246,13,4,1,246,privat,finalizat
8055,20612,1341,1145,,,,privat,fara_rezultat
8056,20613,304,2317,,,,deschis,fara_rezultat
8057,20618,1287,1760,2,3,1760,privat,finalizat
8058,20624,1968,1631,,,,deschis,fara_rezultat
8059,20627,2340,,,,,deschis,expirat
8060,20629,1502,415,,,,deschis,fara_rezultat
8061,20630,1578,,,,,deschis,expirat
8062,20631,730,1611,2,5,1611,deschis,finalizat
8063,20632,127,1796,4,1,127,privat,finalizat
8064,20633,1611,141,2,4,141,deschis,finalizat
8065,20641,1940,1759,4,2,1940,privat,finalizat
8066,20643,296,1140,2,4,1140,privat,finalizat
8067,20649,2308,2024,,,,privat,fara_rezultat
8068,20650,779,816,0,4,816,privat,finalizat
8069,20654,2477,2317,0,4,2317,privat,finalizat
8070,20656,517,753,,,,privat,fara_rezultat
8071,20657,502,1763,2,3,1763,privat,finalizat
8072,20660,1401,767,,,,privat,fara_rezultat
8073,20668,300,428,5,1,300,deschis,finalizat
8074,20670,1735,1998,3,5,1998,deschis,finalizat
8075,20671,649,1237,4,0,649,privat,finalizat
8076,20672,297,2096,1,5,2096,privat,finalizat
8077,20673,805,2445,3,2,805,privat,finalizat
8078,20675,745,713,3,1,745,privat,finalizat
8079,20677,2331,2151,1,3,2151,privat,finalizat
8080,20678,368,,,,,deschis,expirat
8081,20681,2183,2310,,,,deschis,fara_rezultat
8082,20682,2067,,,,,deschis,expirat
8083,20686,438,379,0,5,379,privat,finalizat
8084,20689,1246,2418,4,1,1246,deschis,finalizat
8085,20691,1330,,,,,deschis,expirat
8086,20693,1600,1601,1,5,1601,deschis,finalizat
8087,20695,1575,2426,,,,privat,fara_rezultat
8088,20697,1331,2178,3,1,1331,privat,finalizat
8089,20702,722,1123,5,1,722,privat,finalizat
8090,20704,229,1844,4,5,1844,privat,finalizat
8091,20705,2397,144,4,1,2397,privat,finalizat
8092,20706,643,,,,,deschis,expirat
8093,20708,1036,1374,2,5,1374,privat,finalizat
8094,20712,2261,1233,2,4,1233,privat,finalizat
8095,20717,608,1461,4,3,608,privat,finalizat
8096,20721,1210,799,,,,privat,fara_rezultat
8097,20724,1349,2208,1,4,2208,deschis,finalizat
8098,20725,2384,,,,,deschis,expirat
8099,20726,406,28,1,4,28,privat,finalizat
8100,20731,604,417,,,,privat,fara_rezultat
8101,20733,2103,2418,4,1,2103,privat,finalizat
8102,20737,2442,2417,4,2,2442,privat,finalizat
8103,20742,285,2497,1,5,2497,privat,finalizat
8104,20744,1022,1062,1,3,1062,privat,finalizat
8105,20747,184,209,4,1,184,deschis,finalizat
8106,20750,676,2309,5,4,676,privat,finalizat
8107,20752,1688,608,4,3,1688,privat,finalizat
8108,20755,651,1155,3,1,651,privat,finalizat
8109,20756,2467,1739,4,2,2467,privat,finalizat
8110,20758,2340,1903,3,2,2340,privat,finalizat
8111,20763,2354,171,,,,privat,fara_rezultat
8112,20766,1433,399,0,3,399,deschis,finalizat
8113,20768,1360,2404,2,5,2404,privat,finalizat
8114,20769,820,778,1,3,778,privat,finalizat
8115,20770,2384,,,,,deschis,expirat
8116,20773,678,1275,1,3,1275,privat,finalizat
8117,20775,2016,659,4,2,2016,privat,finalizat
8118,20776,103,,,,,deschis,expirat
8119,20777,476,547,,,,privat,fara_rezultat
8120,20779,672,1525,,,,privat,fara_rezultat
8121,20781,2295,1390,0,5,1390,privat,finalizat
8122,20782,1352,1293,4,3,1352,privat,finalizat
8123,20783,179,2107,2,4,2107,deschis,finalizat
8124,20785,633,,,,,deschis,expirat
8125,20786,1361,2212,3,4,2212,privat,finalizat
8126,20787,646,1490,3,0,646,privat,finalizat
8127,20788,1365,,,,,deschis,expirat
8128,20789,285,,,,,deschis,expirat
8129,20791,517,1129,2,4,1129,privat,finalizat
8130,20793,1522,420,,,,privat,fara_rezultat
8131,20798,676,17,5,3,676,privat,finalizat
8132,20799,2003,1739,2,3,1739,deschis,finalizat
8133,20801,1458,2033,,,,deschis,fara_rezultat
8134,20802,1353,1178,0,5,1178,privat,finalizat
8135,20803,1461,,,,,deschis,expirat
8136,20807,1717,1189,0,3,1189,privat,finalizat
8137,20812,2286,1521,1,5,1521,privat,finalizat
8138,20814,1508,937,1,3,937,privat,finalizat
8139,20815,1521,122,1,3,122,privat,finalizat
8140,20818,207,968,2,4,968,privat,finalizat
8141,20820,1613,860,4,2,1613,privat,finalizat
8142,20821,206,1615,,,,deschis,fara_rezultat
8143,20822,596,2205,1,3,2205,privat,finalizat
8144,20823,1858,2103,3,0,1858,privat,finalizat
8145,20824,1302,476,3,1,1302,privat,finalizat
8146,20825,1329,222,,,,deschis,fara_rezultat
8147,20826,917,2135,1,4,2135,privat,finalizat
8148,20827,296,708,2,5,708,deschis,finalizat
8149,20828,979,2440,4,5,2440,deschis,finalizat
8150,20829,1814,100,5,4,1814,privat,finalizat
8151,20833,2436,198,3,5,198,privat,finalizat
8152,20835,1753,2447,3,2,1753,privat,finalizat
8153,20839,1462,2252,,,,privat,fara_rezultat
8154,20840,1919,1739,,,,privat,fara_rezultat
8155,20841,2003,,,,,deschis,expirat
8156,20842,1739,1213,1,4,1213,deschis,finalizat
8157,20847,778,,,,,deschis,expirat
8158,20849,2270,1508,5,0,2270,privat,finalizat
8159,20850,142,223,4,3,142,privat,finalizat
8160,20853,2190,,,,,deschis,expirat
8161,20854,866,1801,,,,deschis,fara_rezultat
8162,20855,2189,994,5,4,2189,deschis,finalizat
8163,20861,1883,945,4,3,1883,privat,finalizat
8164,20862,1627,289,,,,privat,fara_rezultat
8165,20865,77,1988,5,2,77,privat,finalizat
8166,20871,2227,1965,4,5,1965,deschis,finalizat
8167,20872,1663,1408,0,3,1408,privat,finalizat
8168,20873,910,529,3,0,910,privat,finalizat
8169,20875,1374,209,5,1,1374,privat,finalizat
8170,20876,1836,2447,1,3,2447,privat,finalizat
8171,20884,1983,163,1,5,163,privat,finalizat
8172,20885,51,,,,,deschis,expirat
8173,20897,960,584,4,1,960,privat,finalizat
8174,20901,2268,737,3,1,2268,deschis,finalizat
8175,20902,1401,255,1,3,255,deschis,finalizat
8176,20905,798,390,1,3,390,privat,finalizat
8177,20906,1973,2331,3,0,1973,privat,finalizat
8178,20908,1130,516,4,5,516,privat,finalizat
8179,20913,819,2471,4,5,2471,privat,finalizat
8180,20924,2424,512,,,,privat,fara_rezultat
8181,20925,653,2370,5,3,653,deschis,finalizat
8182,20926,1428,983,1,5,983,privat,finalizat
8183,20929,1522,2003,2,3,2003,deschis,finalizat
8184,20936,873,700,3,0,873,privat,finalizat
8185,20937,2183,223,,,,privat,fara_rezultat
8186,20943,287,722,5,3,287,privat,finalizat
8187,20946,952,883,4,2,952,privat,finalizat
8188,20947,862,1098,4,0,862,deschis,finalizat
8189,20956,1688,1669,3,2,1688,deschis,finalizat
8190,20960,300,887,5,2,300,privat,finalizat
8191,20961,687,1482,4,1,687,privat,finalizat
8192,20963,1006,1657,3,5,1657,privat,finalizat
8193,20964,1434,1221,2,3,1221,privat,finalizat
8194,20965,547,1834,3,0,547,privat,finalizat
8195,20966,1713,1223,,,,deschis,fara_rezultat
8196,20967,2466,754,4,5,754,privat,finalizat
8197,20972,231,1946,2,3,1946,privat,finalizat
8198,20974,261,1503,0,5,1503,privat,finalizat
8199,20978,2471,1620,4,0,2471,privat,finalizat
8200,20981,125,958,0,5,958,privat,finalizat
8201,20985,1837,2297,4,5,2297,privat,finalizat
8202,20988,2391,490,3,2,2391,privat,finalizat
8203,20990,2167,1918,3,0,2167,privat,finalizat
8204,20991,2067,,,,,deschis,expirat
8205,20992,1468,1819,,,,privat,fara_rezultat
8206,20994,2145,121,,,,deschis,fara_rezultat
8207,20996,918,1322,2,5,1322,privat,finalizat
8208,21001,2227,,,,,deschis,expirat
8209,21004,1696,1365,,,,privat,fara_rezultat
8210,21007,916,123,,,,privat,fara_rezultat
8211,21018,1159,2109,3,0,1159,privat,finalizat
8212,21019,2391,1512,,,,privat,fara_rezultat
8213,21020,181,2455,0,3,2455,privat,finalizat
8214,21022,860,441,4,0,860,privat,finalizat
8215,21024,172,2166,3,1,172,privat,finalizat
8216,21026,1871,754,2,3,754,privat,finalizat
8217,21032,2325,1374,0,3,1374,privat,finalizat
8218,21033,1361,397,0,4,397,privat,finalizat
8219,21035,1903,916,3,4,916,deschis,finalizat
8220,21037,1185,145,4,1,1185,deschis,finalizat
8221,21039,2070,,,,,deschis,expirat
8222,21045,328,715,2,4,715,privat,finalizat
8223,21047,2483,1884,,,,privat,fara_rezultat
8224,21048,756,2409,1,4,2409,privat,finalizat
8225,21050,2091,368,5,3,2091,privat,finalizat
8226,21053,1691,2016,1,5,2016,privat,finalizat
8227,21055,2285,547,,,,privat,fara_rezultat
8228,21057,1917,1869,,,,privat,fara_rezultat
8229,21058,2123,273,3,1,2123,privat,finalizat
8230,21062,1354,910,3,2,1354,deschis,finalizat
8231,21063,1408,33,1,4,33,privat,finalizat
8232,21071,676,1367,4,0,676,deschis,finalizat
8233,21072,608,1928,2,3,1928,deschis,finalizat
8234,21074,2386,1262,2,5,1262,deschis,finalizat
8235,21075,929,958,,,,privat,fara_rezultat
8236,21079,2391,2074,0,4,2074,deschis,finalizat
8237,21081,854,421,3,1,854,privat,finalizat
8238,21084,1645,1705,3,0,1645,privat,finalizat
8239,21085,89,,,,,deschis,expirat
8240,21090,1154,2072,1,5,2072,privat,finalizat
8241,21093,1254,619,5,0,1254,deschis,finalizat
8242,21096,1826,1953,2,5,1953,privat,finalizat
8243,21102,432,2447,,,,deschis,fara_rezultat
8244,21103,412,1397,,,,privat,fara_rezultat
8245,21106,1483,1369,0,5,1369,deschis,finalizat
8246,21108,2433,193,4,5,193,deschis,finalizat
8247,21111,464,176,3,1,464,privat,finalizat
8248,21112,373,234,4,1,373,deschis,finalizat
8249,21115,2386,49,0,3,49,privat,finalizat
8250,21118,1353,193,1,5,193,privat,finalizat
8251,21124,2331,805,4,0,2331,deschis,finalizat
8252,21125,10,2213,4,3,10,privat,finalizat
8253,21127,909,1191,5,2,909,privat,finalizat
8254,21130,921,2286,3,1,921,privat,finalizat
8255,21131,1664,406,,,,privat,fara_rezultat
8256,21134,1057,141,3,2,1057,deschis,finalizat
8257,21141,1355,1781,4,1,1355,privat,finalizat
8258,21144,1241,2079,,,,privat,fara_rezultat
8259,21145,2149,840,,,,privat,fara_rezultat
8260,21146,404,,,,,deschis,expirat
8261,21149,2123,226,3,1,2123,privat,finalizat
8262,21150,852,,,,,deschis,expirat
8263,21151,749,2478,1,3,2478,privat,finalizat
8264,21152,197,2293,1,4,2293,privat,finalizat
8265,21156,1822,2470,,,,privat,fara_rezultat
8266,21161,125,2327,2,4,2327,privat,finalizat
8267,21162,1502,1566,5,2,1502,deschis,finalizat
8268,21164,1673,2329,5,4,1673,privat,finalizat
8269,21166,1903,743,2,5,743,privat,finalizat
8270,21172,639,1796,5,3,639,privat,finalizat
8271,21175,490,1003,4,2,490,privat,finalizat
8272,21180,1268,840,3,2,1268,privat,finalizat
8273,21181,954,1653,3,5,1653,deschis,finalizat
8274,21182,2424,2267,3,1,2424,privat,finalizat
8275,21183,691,1327,4,0,691,privat,finalizat
8276,21184,830,1336,,,,privat,fara_rezultat
8277,21186,1945,1738,0,3,1738,privat,finalizat
8278,21191,1146,579,4,5,579,privat,finalizat
8279,21194,1254,910,5,1,1254,privat,finalizat
8280,21200,819,664,3,1,819,privat,finalizat
8281,21206,1946,261,4,2,1946,privat,finalizat
8282,21207,1696,2471,1,3,2471,privat,finalizat
8283,21209,1062,182,3,0,1062,privat,finalizat
8284,21211,1461,1522,,,,privat,fara_rezultat
8285,21212,767,1179,2,3,1179,privat,finalizat
8286,21213,1401,2369,0,4,2369,privat,finalizat
8287,21214,1213,1495,3,2,1213,privat,finalizat
8288,21216,1155,1669,3,0,1155,privat,finalizat
8289,21219,676,947,3,1,676,privat,finalizat
8290,21222,339,,,,,deschis,expirat
8291,21228,1057,403,0,4,403,privat,finalizat
8292,21231,827,778,2,3,778,privat,finalizat
8293,21232,1602,331,3,4,331,privat,finalizat
8294,21234,1563,2022,5,3,1563,privat,finalizat
8295,21241,475,2001,5,3,475,privat,finalizat
8296,21243,1833,951,4,1,1833,privat,finalizat
8297,21245,816,633,4,0,816,deschis,finalizat
8298,21250,1201,1548,3,2,1201,privat,finalizat
8299,21256,40,75,3,0,40,deschis,finalizat
8300,21257,837,1929,3,4,1929,deschis,finalizat
8301,21263,676,174,3,4,174,privat,finalizat
8302,21264,1566,587,4,0,1566,privat,finalizat
8303,21265,2115,1170,1,4,1170,privat,finalizat
8304,21271,2067,1796,,,,privat,fara_rezultat
8305,21272,2176,638,4,3,2176,privat,finalizat
8306,21275,101,2483,3,1,101,deschis,finalizat
8307,21279,70,2113,5,4,70,deschis,finalizat
8308,21285,321,741,0,4,741,privat,finalizat
8309,21289,1098,,,,,deschis,expirat
8310,21290,1411,646,,,,privat,fara_rezultat
8311,21299,1663,401,1,3,401,privat,finalizat
8312,21300,1408,1592,2,3,1592,deschis,finalizat
8313,21301,1762,1198,5,1,1762,privat,finalizat
8314,21307,2004,887,,,,privat,fara_rezultat
8315,21315,2091,,,,,deschis,expirat
8316,21317,977,2481,0,3,2481,privat,finalizat
8317,21319,1519,827,4,3,1519,deschis,finalizat
8318,21320,617,274,1,5,274,privat,finalizat
8319,21321,99,1493,4,2,99,privat,finalizat
8320,21322,438,461,2,3,461,privat,finalizat
8321,21326,173,1293,3,1,173,privat,finalizat
8322,21329,876,1147,1,3,1147,privat,finalizat
8323,21330,434,1756,0,4,1756,deschis,finalizat
8324,21332,2147,883,3,1,2147,deschis,finalizat
8325,21334,1045,2212,,,,deschis,fara_rezultat
8326,21335,585,,,,,deschis,expirat
8327,21336,1165,,,,,deschis,expirat
8328,21340,2285,,,,,deschis,expirat
8329,21341,749,1203,0,3,1203,privat,finalizat
8330,21345,1619,1986,3,0,1619,privat,finalizat
8331,21349,443,529,4,2,443,privat,finalizat
8332,21350,619,2497,0,3,2497,privat,finalizat
8333,21351,2147,1630,5,4,2147,privat,finalizat
8334,21352,1657,387,2,5,387,privat,finalizat
8335,21354,1107,945,3,5,945,privat,finalizat
8336,21356,670,,,,,deschis,expirat
8337,21358,823,680,,,,privat,fara_rezultat
8338,21359,1408,471,3,2,1408,privat,finalizat
8339,21360,2329,,,,,deschis,expirat
8340,21361,2404,1360,,,,privat,fara_rezultat
8341,21362,1758,937,,,,privat,fara_rezultat
8342,21363,1801,1909,3,4,1909,deschis,finalizat
8343,21364,1620,434,,,,deschis,fara_rezultat
8344,21365,1773,2308,,,,privat,fara_rezultat
8345,21367,953,516,0,4,516,privat,finalizat
8346,21370,1788,1812,,,,deschis,fara_rezultat
8347,21371,722,91,4,1,722,privat,finalizat
8348,21373,1566,174,,,,privat,fara_rezultat
8349,21376,1907,69,0,4,69,privat,finalizat
8350,21377,1697,863,,,,privat,fara_rezultat
8351,21378,2370,736,,,,privat,fara_rezultat
8352,21379,1358,1874,3,5,1874,privat,finalizat
8353,21380,1144,,,,,deschis,expirat
8354,21381,443,397,3,5,397,privat,finalizat
8355,21383,652,1754,3,2,652,privat,finalizat
8356,21384,2430,145,4,5,145,privat,finalizat
8357,21385,881,183,2,4,183,deschis,finalizat
8358,21386,1262,1572,3,0,1262,privat,finalizat
8359,21387,2285,1782,3,4,1782,privat,finalizat
8360,21391,1365,1254,0,3,1254,privat,finalizat
8361,21392,2348,1477,2,3,1477,privat,finalizat
8362,21395,1593,1198,4,3,1593,privat,finalizat
8363,21396,1374,536,2,3,536,privat,finalizat
8364,21397,1198,1095,3,2,1198,deschis,finalizat
8365,21401,1369,2369,0,4,2369,privat,finalizat
8366,21403,2496,40,5,0,2496,deschis,finalizat
8367,21404,1029,,,,,deschis,expirat
8368,21407,495,1710,4,3,495,deschis,finalizat
8369,21411,1717,1303,2,3,1303,privat,finalizat
8370,21413,1599,2164,3,5,2164,deschis,finalizat
8371,21416,2475,1866,,,,deschis,fara_rezultat
8372,21418,888,2209,,,,privat,fara_rezultat
8373,21420,1806,1966,5,4,1806,privat,finalizat
8374,21423,2147,2299,3,1,2147,deschis,finalizat
8375,21425,1524,646,1,3,646,privat,finalizat
8376,21426,1022,2397,,,,privat,fara_rezultat
8377,21429,894,1185,,,,privat,fara_rezultat
8378,21431,959,1681,3,0,959,deschis,finalizat
8379,21432,1760,1929,2,4,1929,privat,finalizat
8380,21435,79,2344,5,3,79,deschis,finalizat
8381,21436,138,211,3,4,211,privat,finalizat
8382,21438,154,1112,,,,deschis,fara_rezultat
8383,21440,1323,2385,,,,privat,fara_rezultat
8384,21442,1661,2399,,,,privat,fara_rezultat
8385,21444,186,149,1,4,149,privat,finalizat
8386,21446,1988,1724,0,4,1724,privat,finalizat
8387,21454,992,257,1,4,257,privat,finalizat
8388,21455,255,454,1,4,454,privat,finalizat
8389,21456,608,1534,3,0,608,privat,finalizat
8390,21457,2116,1388,5,3,2116,privat,finalizat
8391,21458,1710,767,5,1,1710,privat,finalizat
8392,21459,420,1222,5,1,420,privat,finalizat
8393,21460,1263,1222,4,3,1263,privat,finalizat
8394,21462,1159,2363,3,5,2363,privat,finalizat
8395,21463,2453,2486,3,1,2453,deschis,finalizat
8396,21467,28,2167,4,1,28,privat,finalizat
8397,21468,1053,1519,5,4,1053,privat,finalizat
8398,21471,1658,221,3,5,221,privat,finalizat
8399,21476,396,1411,,,,privat,fara_rezultat
8400,21477,722,279,5,1,722,privat,finalizat
8401,21479,1397,529,,,,privat,fara_rezultat
8402,21486,1691,1781,0,3,1781,privat,finalizat
8403,21490,1339,,,,,deschis,expirat
8404,21494,144,412,4,1,144,privat,finalizat
8405,21495,2317,1524,5,2,2317,privat,finalizat
8406,21501,1549,159,2,3,159,privat,finalizat
8407,21502,1763,1944,1,5,1944,privat,finalizat
8408,21503,432,1762,4,3,432,deschis,finalizat
8409,21504,2024,2090,0,3,2090,privat,finalizat
8410,21505,1810,610,2,4,610,deschis,finalizat
8411,21509,2070,,,,,deschis,expirat
8412,21511,1458,1522,2,5,1522,privat,finalizat
8413,21518,1673,1093,,,,privat,fara_rezultat
8414,21521,966,566,4,2,966,deschis,finalizat
8415,21523,1191,713,2,3,713,deschis,finalizat
8416,21524,977,2270,,,,deschis,fara_rezultat
8417,21528,249,2481,5,1,249,privat,finalizat
8418,21532,274,977,0,3,977,privat,finalizat
8419,21537,2485,2370,4,1,2485,privat,finalizat
8420,21538,321,852,5,0,321,privat,finalizat
8421,21539,1286,,,,,deschis,expirat
8422,21540,1357,202,,,,privat,fara_rezultat
8423,21541,177,435,5,3,177,privat,finalizat
8424,21544,883,1098,3,2,883,privat,finalizat
8425,21548,471,198,4,5,198,privat,finalizat
8426,21550,396,320,1,3,320,privat,finalizat
8427,21552,2432,183,4,1,2432,deschis,finalizat
8428,21555,2331,431,3,0,2331,privat,finalizat
8429,21556,1266,2099,3,0,1266,deschis,finalizat
8430,21557,1349,2067,3,4,2067,privat,finalizat
8431,21560,2416,1223,1,3,1223,privat,finalizat
8432,21562,268,,,,,deschis,expirat
8433,21564,633,910,0,5,910,privat,finalizat
8434,21567,1095,815,0,3,815,deschis,finalizat
8435,21572,2477,2427,2,5,2427,privat,finalizat
8436,21574,373,1502,5,1,373,privat,finalizat
8437,21575,901,682,2,5,682,privat,finalizat
8438,21576,1370,260,,,,deschis,fara_rezultat
8439,21577,685,156,2,4,156,deschis,finalizat
8440,21578,1155,2432,3,2,1155,privat,finalizat
8441,21579,41,916,,,,privat,fara_rezultat
8442,21584,656,2363,2,3,2363,privat,finalizat
8443,21588,1982,,,,,deschis,expirat
8444,21591,2346,2216,4,0,2346,privat,finalizat
8445,21592,1608,1375,1,3,1375,privat,finalizat
8446,21593,2278,2137,3,5,2137,privat,finalizat
8447,21601,1365,1682,4,0,1365,privat,finalizat
8448,21603,529,287,5,3,529,deschis,finalizat
8449,21606,2268,2329,3,1,2268,privat,finalizat
8450,21609,2329,1548,5,4,2329,privat,finalizat
8451,21611,2120,174,,,,privat,fara_rezultat
8452,21612,454,,,,,deschis,expirat
8453,21614,2433,1903,0,3,1903,privat,finalizat
8454,21615,176,1688,5,2,176,privat,finalizat
8455,21619,138,1560,1,4,1560,privat,finalizat
8456,21622,1094,,,,,deschis,expirat
8457,21623,274,,,,,deschis,expirat
8458,21624,1633,419,3,4,419,deschis,finalizat
8459,21631,2492,1909,2,5,1909,privat,finalizat
8460,21633,988,313,4,2,988,privat,finalizat
8461,21634,1979,2426,1,5,2426,privat,finalizat
8462,21635,1720,,,,,deschis,expirat
8463,21636,2244,584,5,3,2244,privat,finalizat
8464,21638,2158,1173,3,2,2158,privat,finalizat
8465,21641,862,,,,,deschis,expirat
8466,21644,1592,652,1,5,652,deschis,finalizat
8467,21645,1953,1524,4,0,1953,privat,finalizat
8468,21647,1341,229,3,4,229,privat,finalizat
8469,21651,348,1737,1,4,1737,privat,finalizat
8470,21653,420,,,,,deschis,expirat
8471,21654,1218,311,,,,deschis,fara_rezultat
8472,21660,2145,210,3,0,2145,privat,finalizat
8473,21661,1282,295,3,0,1282,deschis,finalizat
8474,21662,412,1535,2,3,1535,deschis,finalizat
8475,21665,227,1278,4,0,227,privat,finalizat
8476,21672,1201,1155,5,3,1201,privat,finalizat
8477,21673,2305,1483,,,,privat,fara_rezultat
8478,21674,802,196,4,0,802,deschis,finalizat
8479,21675,887,257,4,0,887,privat,finalizat
8480,21676,1495,1369,5,4,1495,privat,finalizat
8481,21677,311,41,1,3,41,privat,finalizat
8482,21679,2433,916,2,3,916,privat,finalizat
8483,21680,732,1907,3,2,732,privat,finalizat
8484,21681,966,2253,,,,privat,fara_rezultat
8485,21682,1459,1014,,,,privat,fara_rezultat
8486,21683,1170,1162,2,3,1162,privat,finalizat
8487,21684,849,1796,4,2,849,privat,finalizat
8488,21689,2346,968,3,1,2346,deschis,finalizat
8489,21690,520,,,,,deschis,expirat
8490,21693,2149,,,,,deschis,expirat
8491,21695,2417,1173,5,2,2417,privat,finalizat
8492,21705,1079,1869,4,3,1079,deschis,finalizat
8493,21706,2245,2416,,,,deschis,fara_rezultat
8494,21707,296,1256,4,3,296,privat,finalizat
8495,21709,1844,502,5,0,1844,privat,finalizat
8496,21712,1036,1477,,,,privat,fara_rezultat
8497,21716,993,1095,3,2,993,privat,finalizat
8498,21717,2474,2016,4,2,2474,privat,finalizat
8499,21718,2303,884,1,3,884,privat,finalizat
8500,21721,805,1391,4,1,805,privat,finalizat
8501,21723,87,1611,2,4,1611,privat,finalizat
8502,21727,301,811,2,3,811,privat,finalizat
8503,21728,2120,1263,4,1,2120,privat,finalizat
8504,21732,617,638,3,1,617,privat,finalizat
8505,21737,2299,1341,,,,privat,fara_rezultat
8506,21743,1257,703,4,5,703,deschis,finalizat
8507,21747,1619,2198,5,3,1619,privat,finalizat
8508,21748,2056,2325,5,3,2056,privat,finalizat
8509,21749,450,1712,5,4,450,deschis,finalizat
8510,21756,2044,2193,5,3,2044,privat,finalizat
8511,21757,2454,53,2,4,53,privat,finalizat
8512,21758,1144,,,,,deschis,expirat
8513,21760,41,1262,0,5,1262,privat,finalizat
8514,21761,1126,1367,,,,privat,fara_rezultat
8515,21763,820,638,,,,privat,fara_rezultat
8516,21766,2205,168,,,,privat,fara_rezultat
8517,21767,2320,543,4,2,2320,privat,finalizat
8518,21768,919,153,4,0,919,privat,finalizat
8519,21770,279,1198,3,1,279,privat,finalizat
8520,21778,1756,33,4,0,1756,privat,finalizat
8521,21780,1361,815,3,1,1361,privat,finalizat
8522,21782,231,1644,,,,deschis,fara_rezultat
8523,21786,1566,869,3,1,1566,privat,finalizat
8524,21791,1201,1093,,,,privat,fara_rezultat
8525,21793,2252,2324,3,5,2324,privat,finalizat
8526,21797,28,406,3,0,28,privat,finalizat
8527,21798,2074,1071,3,2,2074,privat,finalizat
8528,21801,827,101,,,,privat,fara_rezultat
8529,21807,1133,34,0,4,34,deschis,finalizat
8530,21809,2466,1352,5,3,2466,deschis,finalizat
8531,21811,2198,833,1,5,833,deschis,finalizat
8532,21812,471,2126,5,3,471,privat,finalizat
8533,21815,1477,775,1,5,775,privat,finalizat
8534,21816,2470,,,,,deschis,expirat
8535,21818,720,348,,,,privat,fara_rezultat
8536,21819,41,755,1,3,755,privat,finalizat
8537,21820,824,2445,0,3,2445,privat,finalizat
8538,21828,2478,,,,,deschis,expirat
8539,21829,883,1411,,,,privat,fara_rezultat
8540,21830,1696,1593,4,1,1696,privat,finalizat
8541,21831,722,304,,,,deschis,fara_rezultat
8542,21832,1018,1946,5,1,1018,privat,finalizat
8543,21835,261,91,2,5,91,privat,finalizat
8544,21836,255,,,,,deschis,expirat
8545,21837,1929,2033,4,5,2033,privat,finalizat
8546,21840,464,1958,,,,privat,fara_rezultat
8547,21841,1222,1415,4,0,1222,privat,finalizat
8548,21842,794,2340,,,,deschis,fara_rezultat
8549,21845,1973,10,4,2,1973,deschis,finalizat
8550,21847,1668,2091,0,5,2091,privat,finalizat
8551,21848,399,2258,2,4,2258,privat,finalizat
8552,21849,127,756,0,3,756,privat,finalizat
8553,21850,1683,1761,,,,deschis,fara_rezultat
8554,21862,184,537,4,5,537,privat,finalizat
8555,21863,1397,1619,1,5,1619,deschis,finalizat
8556,21864,1358,209,4,0,1358,deschis,finalizat
8557,21867,1408,833,,,,privat,fara_rezultat
8558,21868,1946,2427,5,4,1946,deschis,finalizat
8559,21869,1144,1687,0,3,1687,privat,finalizat
8560,21875,199,,,,,deschis,expirat
8561,21876,1837,999,,,,deschis,fara_rezultat
8562,21885,2123,2416,4,5,2416,privat,finalizat
8563,21890,1593,2006,1,3,2006,deschis,finalizat
8564,21892,1095,2147,3,5,2147,privat,finalizat
8565,21893,1844,1944,5,1,1844,privat,finalizat
8566,21894,1354,1254,3,1,1354,privat,finalizat
8567,21897,2299,1826,,,,privat,fara_rezultat
8568,21899,1424,1369,4,3,1424,deschis,finalizat
8569,21900,1495,1263,2,4,1263,privat,finalizat
8570,21901,1894,1461,2,4,1461,privat,finalizat
8571,21902,1424,1603,,,,privat,fara_rezultat
8572,21904,1646,1029,0,3,1029,privat,finalizat
8573,21912,1448,2258,0,4,2258,deschis,finalizat
8574,21919,953,595,3,5,595,privat,finalizat
8575,21921,1329,2166,3,2,1329,privat,finalizat
8576,21922,2295,1305,2,4,1305,privat,finalizat
8577,21923,1525,289,1,5,289,privat,finalizat
8578,21925,1146,777,,,,privat,fara_rezultat
8579,21926,100,1048,5,3,100,privat,finalizat
8580,21927,1808,1232,4,2,1808,privat,finalizat
8581,21928,1361,753,3,0,1361,privat,finalizat
8582,21931,536,952,,,,deschis,fara_rezultat
8583,21932,285,1278,1,3,1278,deschis,finalizat
8584,21934,49,2243,0,3,2243,privat,finalizat
8585,21937,1462,2281,5,2,1462,deschis,finalizat
8586,21941,615,171,2,3,171,privat,finalizat
8587,21942,413,327,5,2,413,privat,finalizat
8588,21943,27,2047,2,5,2047,privat,finalizat
8589,21944,274,855,,,,deschis,fara_rezultat
8590,21947,1918,1708,3,4,1708,privat,finalizat
8591,21948,1109,1112,5,3,1109,deschis,finalizat
8592,21950,2390,,,,,deschis,expirat
8593,21957,1095,1341,1,4,1341,privat,finalizat
8594,21958,1022,1228,3,0,1022,privat,finalizat
8595,21960,1238,493,3,4,493,privat,finalizat
8596,21961,2433,621,,,,deschis,fara_rezultat
8597,21963,1845,1435,2,5,1435,deschis,finalizat
8598,21965,2454,197,3,1,2454,deschis,finalizat
8599,21968,884,512,3,4,512,privat,finalizat
8600,21970,1658,275,2,3,275,privat,finalizat
8601,21975,873,1289,3,0,873,privat,finalizat
8602,21976,664,1606,1,4,1606,privat,finalizat
8603,21979,397,2470,0,3,2470,deschis,finalizat
8604,21980,274,,,,,deschis,expirat
8605,21981,1602,2481,2,5,2481,privat,finalizat
8606,21982,1888,461,1,3,461,privat,finalizat
8607,21986,2455,1982,2,4,1982,privat,finalizat
8608,21987,1323,1446,4,2,1323,privat,finalizat
8609,21988,158,1732,2,3,1732,privat,finalizat
8610,21989,1206,878,4,1,1206,privat,finalizat
8611,21993,718,836,5,2,718,privat,finalizat
8612,21996,2169,881,,,,privat,fara_rezultat
8613,21998,193,1353,,,,privat,fara_rezultat
8614,22000,792,2079,2,3,2079,privat,finalizat
8615,22002,1085,1972,0,3,1972,privat,finalizat
8616,22003,1544,1431,3,1,1544,privat,finalizat
8617,22010,1669,215,0,4,215,privat,finalizat
8618,22013,1008,2062,3,4,2062,privat,finalizat
8619,22015,2458,2167,2,3,2167,deschis,finalizat
8620,22017,428,1179,3,2,428,privat,finalizat
8621,22021,2176,820,4,3,2176,privat,finalizat
8622,22022,2251,438,2,4,438,deschis,finalizat
8623,22024,775,536,3,5,536,privat,finalizat
8624,22028,434,,,,,deschis,expirat
8625,22030,828,633,1,3,633,privat,finalizat
8626,22031,1144,,,,,deschis,expirat
8627,22035,2281,428,3,4,428,privat,finalizat
8628,22037,1688,929,4,3,1688,deschis,finalizat
8629,22047,1075,1409,5,2,1075,privat,finalizat
8630,22050,749,897,2,3,897,deschis,finalizat
8631,22051,1060,627,1,5,627,privat,finalizat
8632,22057,451,41,5,2,451,privat,finalizat
8633,22058,1488,1287,3,0,1488,privat,finalizat
8634,22059,1777,621,,,,privat,fara_rezultat
8635,22062,1424,2281,1,5,2281,privat,finalizat
8636,22063,805,10,1,5,10,privat,finalizat
8637,22064,1159,966,5,4,1159,privat,finalizat
8638,22066,334,407,1,3,407,privat,finalizat
8639,22069,1241,1873,3,2,1241,privat,finalizat
8640,22071,1154,,,,,deschis,expirat
8641,22072,537,261,1,3,261,privat,finalizat
8642,22074,819,320,5,0,819,privat,finalizat
8643,22075,1022,1138,,,,privat,fara_rezultat
8644,22076,1095,1045,2,4,1045,privat,finalizat
8645,22077,2119,2317,,,,privat,fara_rezultat
8646,22079,794,2120,0,3,2120,privat,finalizat
8647,22081,2003,,,,,deschis,expirat
8648,22095,1657,1300,2,3,1300,privat,finalizat
8649,22099,1732,691,3,0,1732,privat,finalizat
8650,22102,1525,781,0,4,781,privat,finalizat
8651,22103,2025,1916,,,,privat,fara_rezultat
8652,22104,1000,2454,5,2,1000,privat,finalizat
8653,22109,529,,,,,deschis,expirat
8654,22111,1753,2095,,,,deschis,fara_rezultat
8655,22114,1687,109,3,0,1687,privat,finalizat
8656,22119,1178,428,1,4,428,deschis,finalizat
8657,22120,2467,2004,4,2,2467,privat,finalizat
8658,22121,1777,2243,0,4,2243,privat,finalizat
8659,22122,2357,608,,,,privat,fara_rezultat
8660,22123,255,2233,,,,privat,fara_rezultat
8661,22126,69,1301,2,4,1301,privat,finalizat
8662,22131,639,1982,1,5,1982,privat,finalizat
8663,22132,478,1657,2,5,1657,privat,finalizat
8664,22135,863,,,,,deschis,expirat
8665,22138,823,2280,3,2,823,deschis,finalizat
8666,22139,1294,2048,1,5,2048,privat,finalizat
8667,22141,722,,,,,deschis,expirat
8668,22148,2329,,,,,deschis,expirat
8669,22150,2496,2041,5,3,2496,privat,finalizat
8670,22151,1263,,,,,deschis,expirat
8671,22154,511,,,,,deschis,expirat
8672,22155,740,544,1,4,544,privat,finalizat
8673,22156,655,1482,1,4,1482,privat,finalizat
8674,22158,805,864,,,,privat,fara_rezultat
8675,22160,820,1448,3,4,1448,deschis,finalizat
8676,22164,1974,2113,,,,deschis,fara_rezultat
8677,22168,1677,636,,,,privat,fara_rezultat
8678,22170,627,611,0,4,611,privat,finalizat
8679,22177,952,1292,,,,privat,fara_rezultat
8680,22179,2228,1644,,,,privat,fara_rezultat
8681,22181,300,,,,,deschis,expirat
8682,22183,1631,587,2,3,587,privat,finalizat
8683,22184,869,1721,3,1,869,deschis,finalizat
8684,22186,1185,,,,,deschis,expirat
8685,22189,1688,56,,,,privat,fara_rezultat
8686,22190,1907,2109,4,0,1907,privat,finalizat
8687,22194,406,756,,,,privat,fara_rezultat
8688,22195,1446,561,0,3,561,deschis,finalizat
8689,22198,2067,1633,5,2,2067,privat,finalizat
8690,22200,510,2283,,,,deschis,fara_rezultat
8691,22202,2414,542,2,5,542,privat,finalizat
8692,22204,367,375,4,3,367,privat,finalizat
8693,22207,2294,1916,,,,deschis,fara_rezultat
8694,22208,2316,63,3,4,63,privat,finalizat
8695,22213,504,854,1,4,854,deschis,finalizat
8696,22214,1079,888,5,1,1079,deschis,finalizat
8697,22219,374,1619,0,3,1619,privat,finalizat
8698,22220,516,1420,3,2,516,privat,finalizat
8699,22222,1223,,,,,deschis,expirat
8700,22223,1696,,,,,deschis,expirat
8701,22224,28,756,4,1,28,privat,finalizat
8702,22228,2452,258,,,,privat,fara_rezultat
8703,22229,2208,1693,,,,deschis,fara_rezultat
8704,22230,1300,,,,,deschis,expirat
8705,22234,2056,1358,,,,privat,fara_rezultat
8706,22240,1236,436,4,1,1236,privat,finalizat
8707,22241,828,652,,,,deschis,fara_rezultat
8708,22243,1144,,,,,deschis,expirat
8709,22245,2120,2311,4,3,2120,privat,finalizat
8710,22246,1968,,,,,deschis,expirat
8711,22250,645,,,,,deschis,expirat
8712,22253,2095,1754,,,,privat,fara_rezultat
8713,22254,234,587,1,4,587,privat,finalizat
8714,22256,181,141,5,4,181,deschis,finalizat
8715,22258,547,736,,,,privat,fara_rezultat
8716,22260,1965,2225,,,,privat,fara_rezultat
8717,22264,2018,1369,2,4,1369,deschis,finalizat
8718,22265,1008,1739,,,,privat,fara_rezultat
8719,22266,1919,1821,0,4,1821,privat,finalizat
8720,22267,1155,1267,2,5,1267,privat,finalizat
8721,22268,558,1609,0,5,1609,privat,finalizat
8722,22270,2171,283,5,2,2171,deschis,finalizat
8723,22271,612,396,5,2,612,deschis,finalizat
8724,22275,193,1534,2,3,1534,privat,finalizat
8725,22279,16,110,2,4,110,privat,finalizat
8726,22284,2404,2458,,,,privat,fara_rezultat
8727,22285,2129,117,1,4,117,privat,finalizat
8728,22288,1374,694,3,4,694,deschis,finalizat
8729,22290,261,,,,,deschis,expirat
8730,22293,2261,1401,,,,deschis,fara_rezultat
8731,22296,1739,1025,0,4,1025,deschis,finalizat
8732,22299,615,745,4,2,615,privat,finalizat
8733,22300,171,1587,3,1,171,deschis,finalizat
8734,22303,249,28,0,3,28,privat,finalizat
8735,22305,1931,1568,0,3,1568,deschis,finalizat
8736,22310,1832,1823,3,0,1832,privat,finalizat
8737,22311,1419,1762,5,3,1419,privat,finalizat
8738,22313,633,1953,4,1,633,privat,finalizat
8739,22315,2427,1937,1,4,1937,privat,finalizat
8740,22316,1836,,,,,deschis,expirat
8741,22319,1566,260,3,0,1566,privat,finalizat
8742,22325,744,211,4,2,744,deschis,finalizat
8743,22327,2486,82,3,4,82,privat,finalizat
8744,22328,399,,,,,deschis,expirat
8745,22329,117,730,,,,privat,fara_rezultat
8746,22331,2149,,,,,deschis,expirat
8747,22333,1023,1713,4,2,1023,deschis,finalizat
8748,22336,434,287,5,0,434,privat,finalizat
8749,22340,229,1379,0,5,1379,privat,finalizat
8750,22343,894,,,,,deschis,expirat
8751,22344,1462,1631,,,,deschis,fara_rezultat
8752,22346,1903,156,4,2,1903,deschis,finalizat
8753,22348,1229,,,,,deschis,expirat
8754,22351,1094,738,1,5,738,privat,finalizat
8755,22353,1758,1884,0,3,1884,privat,finalizat
8756,22356,778,1727,3,5,1727,privat,finalizat
8757,22360,678,1125,2,4,1125,privat,finalizat
8758,22369,1946,1712,0,3,1712,deschis,finalizat
8759,22370,49,196,,,,privat,fara_rezultat
8760,22377,1609,87,4,5,87,privat,finalizat
8761,22378,249,873,3,1,249,deschis,finalizat
8762,22381,1615,400,1,3,400,privat,finalizat
8763,22382,954,1472,1,5,1472,privat,finalizat
8764,22383,2478,1940,3,5,1940,privat,finalizat
8765,22385,1945,857,2,5,857,deschis,finalizat
8766,22386,372,100,,,,deschis,fara_rezultat
8767,22387,2427,1095,4,3,2427,privat,finalizat
8768,22392,1098,1022,,,,deschis,fara_rezultat
8769,22397,1144,2141,5,0,1144,deschis,finalizat
8770,22400,837,2327,0,3,2327,privat,finalizat
8771,22405,2311,1093,,,,privat,fara_rezultat
8772,22406,125,495,4,1,125,privat,finalizat
8773,22407,1688,720,5,4,1688,privat,finalizat
8774,22408,1462,587,2,3,587,privat,finalizat
8775,22409,1011,1598,,,,deschis,fara_rezultat
8776,22410,1723,1458,3,5,1458,privat,finalizat
8777,22411,1164,2138,3,5,2138,privat,finalizat
8778,22413,696,1815,5,2,696,privat,finalizat
8779,22416,181,1226,,,,deschis,fara_rezultat
8780,22421,1281,,,,,deschis,expirat
8781,22426,1228,883,,,,privat,fara_rezultat
8782,22427,643,1953,5,3,643,deschis,finalizat
8783,22428,651,75,3,4,75,privat,finalizat
8784,22429,1968,,,,,deschis,expirat
8785,22430,794,649,5,1,794,privat,finalizat
8786,22434,2047,2344,2,4,2344,privat,finalizat
8787,22435,909,2239,1,5,2239,privat,finalizat
8788,22438,510,2283,0,3,2283,privat,finalizat
8789,22441,87,200,,,,privat,fara_rezultat
8790,22442,1099,1006,5,4,1099,privat,finalizat
8791,22445,641,114,,,,deschis,fara_rezultat
8792,22450,2443,2359,4,3,2443,privat,finalizat
8793,22454,2427,1874,5,4,2427,privat,finalizat
8794,22455,1036,209,,,,deschis,fara_rezultat
8795,22456,992,896,3,2,992,privat,finalizat
8796,22457,887,2281,1,4,2281,privat,finalizat
8797,22458,1238,651,4,2,1238,privat,finalizat
8798,22459,1884,1599,4,1,1884,privat,finalizat
8799,22460,1547,504,1,3,504,privat,finalizat
8800,22462,1759,,,,,deschis,expirat
8801,22466,1419,1154,3,2,1419,privat,finalizat
8802,22478,672,1806,1,4,1806,deschis,finalizat
8803,22479,760,91,,,,privat,fara_rezultat
8804,22480,538,189,2,4,189,deschis,finalizat
8805,22481,450,227,,,,privat,fara_rezultat
8806,22482,828,768,5,2,828,privat,finalizat
8807,22484,2005,10,4,5,10,privat,finalizat
8808,22486,2190,1071,3,5,1071,privat,finalizat
8809,22489,1946,2299,,,,deschis,fara_rezultat
8810,22490,2496,40,4,0,2496,privat,finalizat
8811,22493,1739,2018,5,2,1739,privat,finalizat
8812,22498,537,287,,,,privat,fara_rezultat
8813,22501,1946,646,3,1,1946,deschis,finalizat
8814,22503,901,2252,2,3,2252,privat,finalizat
8815,22504,1813,947,,,,privat,fara_rezultat
8816,22506,1178,1710,0,3,1710,privat,finalizat
8817,22507,997,2370,,,,privat,fara_rezultat
8818,22508,2348,694,1,5,694,privat,finalizat
8819,22511,300,2467,5,2,300,privat,finalizat
8820,22512,2004,,,,,deschis,expirat
8821,22513,2004,1113,3,0,2004,privat,finalizat
8822,22515,234,,,,,deschis,expirat
8823,22517,28,191,4,3,28,deschis,finalizat
8824,22519,2442,2443,3,1,2442,deschis,finalizat
8825,22522,1737,2004,4,0,1737,privat,finalizat
8826,22528,443,,,,,deschis,expirat
8827,22529,1737,2311,2,5,2311,privat,finalizat
8828,22531,2070,2366,4,1,2070,privat,finalizat
8829,22532,687,,,,,deschis,expirat
8830,22533,2185,,,,,deschis,expirat
8831,22539,633,1792,,,,privat,fara_rezultat
8832,22542,952,1045,0,4,1045,privat,finalizat
8833,22544,722,144,4,2,722,deschis,finalizat
8834,22545,1619,450,4,0,1619,privat,finalizat
8835,22548,2433,1483,4,2,2433,privat,finalizat
8836,22549,2329,102,,,,privat,fara_rezultat
8837,22550,41,1164,4,2,41,privat,finalizat
8838,22551,2168,7,0,4,7,privat,finalizat
8839,22552,1509,,,,,deschis,expirat
8840,22554,974,849,4,3,974,privat,finalizat
8841,22562,107,1478,4,5,1478,privat,finalizat
8842,22563,2189,866,5,2,2189,privat,finalizat
8843,22564,382,1661,3,0,382,privat,finalizat
8844,22567,1544,1000,1,5,1000,privat,finalizat
8845,22570,819,2108,,,,privat,fara_rezultat
8846,22571,2304,1965,5,2,2304,privat,finalizat
8847,22572,1506,1549,1,4,1549,deschis,finalizat
8848,22573,2327,2033,2,4,2033,privat,finalizat
8849,22574,1810,1126,2,4,1126,privat,finalizat
8850,22575,2329,1262,5,3,2329,privat,finalizat
8851,22576,1495,1415,5,2,1495,deschis,finalizat
8852,22580,1229,2498,4,3,1229,privat,finalizat
8853,22582,1039,2487,5,0,1039,privat,finalizat
8854,22583,2346,1866,4,5,1866,privat,finalizat
8855,22584,2157,1070,1,4,1070,privat,finalizat
8856,22587,2245,,,,,deschis,expirat
8857,22589,395,179,5,2,395,privat,finalizat
8858,22592,384,450,3,0,384,privat,finalizat
8859,22593,1095,231,3,1,1095,privat,finalizat
8860,22595,536,1944,,,,privat,fara_rezultat
8861,22596,2427,,,,,deschis,expirat
8862,22600,1287,1915,1,4,1915,privat,finalizat
8863,22606,1739,1731,,,,deschis,fara_rezultat
8864,22607,2366,901,2,4,901,deschis,finalizat
8865,22608,215,2033,5,4,215,privat,finalizat
8866,22609,1578,,,,,deschis,expirat
8867,22610,966,2098,3,4,2098,privat,finalizat
8868,22611,2286,200,2,4,200,privat,finalizat
8869,22617,666,948,5,0,666,privat,finalizat
8870,22619,2020,551,4,0,2020,privat,finalizat
8871,22620,1080,736,,,,privat,fara_rezultat
8872,22621,875,1127,5,1,875,privat,finalizat
8873,22627,450,1712,4,2,450,privat,finalizat
8874,22628,1663,1977,4,1,1663,privat,finalizat
8875,22630,1163,,,,,deschis,expirat
8876,22631,1113,2261,,,,privat,fara_rezultat
8877,22633,2496,1174,4,2,2496,privat,finalizat
8878,22635,342,1461,5,3,342,privat,finalizat
8879,22636,1688,1561,0,4,1561,privat,finalizat
8880,22645,2262,328,2,5,328,privat,finalizat
8881,22646,399,2409,,,,deschis,fara_rezultat
8882,22649,1884,1807,3,4,1807,privat,finalizat
8883,22652,379,654,,,,privat,fara_rezultat
8884,22661,2497,1977,4,2,2497,privat,finalizat
8885,22662,1232,397,5,4,1232,privat,finalizat
8886,22665,619,2308,1,4,2308,deschis,finalizat
8887,22666,1773,711,,,,privat,fara_rezultat
8888,22668,1864,2305,5,2,1864,deschis,finalizat
8889,22673,737,1015,,,,privat,fara_rezultat
8890,22674,453,348,0,4,348,privat,finalizat
8891,22677,1044,,,,,deschis,expirat
8892,22678,2031,2063,,,,deschis,fara_rezultat
8893,22686,1146,935,5,2,1146,privat,finalizat
8894,22689,1826,2228,3,4,2228,privat,finalizat
8895,22698,319,311,,,,privat,fara_rezultat
8896,22700,2033,1415,3,0,2033,privat,finalizat
8897,22701,1815,,,,,deschis,expirat
8898,22704,2127,937,5,3,2127,privat,finalizat
8899,22706,2384,2486,0,4,2486,deschis,finalizat
8900,22709,1420,1645,3,4,1645,deschis,finalizat
8901,22712,247,830,1,4,830,privat,finalizat
8902,22713,2235,1305,0,3,1305,privat,finalizat
8903,22714,830,964,4,1,830,privat,finalizat
8904,22715,1832,22,4,3,1832,privat,finalizat
8905,22718,2311,75,2,3,75,deschis,finalizat
8906,22720,755,255,5,3,755,privat,finalizat
8907,22722,1189,938,3,2,1189,privat,finalizat
8908,22723,1758,2455,1,3,2455,privat,finalizat
8909,22728,1756,2471,3,2,1756,deschis,finalizat
8910,22731,1030,289,,,,privat,fara_rezultat
8911,22738,1752,2163,5,4,1752,privat,finalizat
8912,22739,1620,2212,2,3,2212,deschis,finalizat
8913,22745,798,2344,5,0,798,privat,finalizat
8914,22746,152,101,1,3,101,privat,finalizat
8915,22747,2486,1446,,,,privat,fara_rezultat
8916,22749,787,1261,3,0,787,privat,finalizat
8917,22754,1329,1128,,,,privat,fara_rezultat
8918,22755,1277,576,,,,privat,fara_rezultat
8919,22756,1944,2447,2,4,2447,deschis,finalizat
8920,22759,2433,,,,,deschis,expirat
8921,22763,1907,69,1,4,69,privat,finalizat
8922,22764,2186,2272,5,2,2186,privat,finalizat
8923,22772,1762,2119,1,4,2119,privat,finalizat
8924,22773,1635,401,4,2,1635,privat,finalizat
8925,22774,537,1168,4,0,537,privat,finalizat
8926,22779,896,1495,5,4,896,privat,finalizat
8927,22781,1645,516,2,4,516,privat,finalizat
8928,22785,722,63,1,4,63,privat,finalizat
8929,22786,619,652,4,5,652,privat,finalizat
8930,22791,1291,553,1,5,553,privat,finalizat
8931,22793,28,2013,5,3,28,privat,finalizat
8932,22795,1323,1727,4,0,1323,privat,finalizat
8933,22802,983,1428,3,0,983,privat,finalizat
8934,22803,147,395,4,5,395,privat,finalizat
8935,22805,1965,109,1,5,109,privat,finalizat
8936,22806,159,2141,3,1,159,deschis,finalizat
8937,22816,608,602,1,4,602,deschis,finalizat
8938,22818,49,743,5,3,49,deschis,finalizat
8939,22820,1681,1155,2,3,1155,privat,finalizat
8940,22824,2159,1907,,,,privat,fara_rezultat
8941,22828,2310,2481,,,,privat,fara_rezultat
8942,22831,1752,721,0,3,721,deschis,finalizat
8943,22833,273,340,2,3,340,privat,finalizat
8944,22834,340,268,4,5,268,privat,finalizat
8945,22835,777,269,,,,privat,fara_rezultat
8946,22836,153,1048,,,,privat,fara_rezultat
8947,22839,304,2497,,,,privat,fara_rezultat
8948,22842,1447,1138,4,0,1447,deschis,finalizat
8949,22843,1564,1358,5,0,1564,privat,finalizat
8950,22845,2433,1864,4,5,1864,privat,finalizat
8951,22847,56,1688,,,,deschis,fara_rezultat
8952,22848,1483,41,2,4,41,privat,finalizat
8953,22856,1801,899,,,,privat,fara_rezultat
8954,22862,242,672,1,5,672,privat,finalizat
8955,22865,1644,1154,2,5,1154,deschis,finalizat
8956,22869,144,1269,,,,deschis,fara_rezultat
8957,22870,2142,1789,,,,privat,fara_rezultat
8958,22872,397,,,,,deschis,expirat
8959,22877,2018,737,3,2,2018,privat,finalizat
8960,22881,651,75,4,2,651,privat,finalizat
8961,22883,373,527,1,3,527,deschis,finalizat
8962,22886,610,,,,,deschis,expirat
8963,22887,738,79,3,4,79,privat,finalizat
8964,22889,1876,796,,,,deschis,fara_rezultat
8965,22891,1323,2091,4,2,1323,privat,finalizat
8966,22894,2110,2286,3,1,2110,privat,finalizat
8967,22897,1626,1935,4,2,1626,deschis,finalizat
8968,22898,162,439,3,2,162,privat,finalizat
8969,22900,1858,888,5,3,1858,privat,finalizat
8970,22903,1305,222,2,3,222,privat,finalizat
8971,22907,2470,538,5,3,2470,privat,finalizat
8972,22909,2093,2198,,,,privat,fara_rezultat
8973,22911,176,1283,3,0,176,deschis,finalizat
8974,22912,1093,,,,,deschis,expirat
8975,22916,1522,1029,1,4,1029,privat,finalizat
8976,22920,2233,,,,,deschis,expirat
8977,22923,1499,1717,3,1,1499,deschis,finalizat
8978,22924,1664,1938,,,,deschis,fara_rezultat
8979,22926,1480,1727,1,4,1727,privat,finalizat
8980,22928,2216,583,1,4,583,privat,finalizat
8981,22930,665,98,2,5,98,privat,finalizat
8982,22931,2485,2054,3,4,2054,deschis,finalizat
8983,22932,1223,1704,3,0,1223,privat,finalizat
8984,22934,275,475,4,1,275,deschis,finalizat
8985,22937,91,1022,1,3,1022,privat,finalizat
8986,22938,2095,722,5,0,2095,privat,finalizat
8987,22940,2227,1028,3,0,2227,privat,finalizat
8988,22942,2225,1549,5,2,2225,deschis,finalizat
8989,22948,1953,2316,4,1,1953,privat,finalizat
8990,22950,443,2316,5,3,443,deschis,finalizat
8991,22952,1777,1534,3,1,1777,privat,finalizat
8992,22954,2033,676,3,2,2033,privat,finalizat
8993,22955,300,1813,,,,privat,fara_rezultat
8994,22957,1201,260,3,1,1201,deschis,finalizat
8995,22960,1737,2366,5,2,1737,deschis,finalizat
8996,22966,1540,2169,1,3,2169,deschis,finalizat
8997,22968,2318,1333,,,,privat,fara_rezultat
8998,22970,1717,1044,3,1,1717,privat,finalizat
8999,22971,1169,83,4,3,1169,privat,finalizat
9000,22973,1301,909,0,4,909,privat,finalizat
9001,22974,1005,2310,3,4,2310,privat,finalizat
9002,22976,1508,,,,,deschis,expirat
9003,22983,2176,1112,4,2,2176,privat,finalizat
9004,22984,357,362,3,1,357,deschis,finalizat
9005,22987,1825,1343,3,1,1825,privat,finalizat
9006,22988,1124,809,3,1,1124,deschis,finalizat
9007,22994,2123,289,5,3,2123,privat,finalizat
9008,22996,960,2049,4,3,960,privat,finalizat
9009,22999,563,269,1,5,269,privat,finalizat
9010,23004,1937,1852,,,,privat,fara_rezultat
9011,23005,1419,2497,2,3,2497,privat,finalizat
9012,23008,2397,,,,,deschis,expirat
9013,23020,1226,1003,4,5,1003,privat,finalizat
9014,23024,122,1480,3,4,1480,deschis,finalizat
9015,23026,1519,639,3,0,1519,privat,finalizat
9016,23028,2474,1769,,,,privat,fara_rezultat
9017,23029,1705,1311,3,5,1311,deschis,finalizat
9018,23031,461,678,0,3,678,privat,finalizat
9019,23033,2085,1105,3,0,2085,deschis,finalizat
9020,23035,1282,391,2,5,391,privat,finalizat
9021,23036,1030,1282,3,2,1030,privat,finalizat
9022,23041,807,1682,0,4,1682,privat,finalizat
9023,23045,227,63,5,0,227,deschis,finalizat
9024,23046,883,1361,2,3,1361,deschis,finalizat
9025,23049,1739,971,5,3,1739,deschis,finalizat
9026,23056,1237,,,,,deschis,expirat
9027,23057,1646,881,4,5,881,deschis,finalizat
9028,23058,2138,1233,4,2,2138,privat,finalizat
9029,23062,2305,1791,4,5,1791,privat,finalizat
9030,23064,1169,161,4,2,1169,privat,finalizat
9031,23065,2297,,,,,deschis,expirat
9032,23067,1587,1516,4,3,1587,privat,finalizat
9033,23069,1633,1531,,,,privat,fara_rezultat
9034,23073,2448,792,,,,privat,fara_rezultat
9035,23075,1715,1434,4,1,1715,privat,finalizat
9036,23085,1564,1829,3,1,1564,privat,finalizat
9037,23089,2348,374,3,1,2348,deschis,finalizat
9038,23091,91,2317,5,2,91,privat,finalizat
9039,23096,1944,401,2,5,401,privat,finalizat
9040,23097,2225,664,5,0,2225,privat,finalizat
9041,23098,633,471,5,4,633,deschis,finalizat
9042,23104,1370,2340,,,,privat,fara_rezultat
9043,23108,2354,1402,4,3,2354,deschis,finalizat
9044,23109,1717,645,,,,deschis,fara_rezultat
9045,23115,1758,1226,1,4,1226,deschis,finalizat
9046,23121,338,2346,1,3,2346,deschis,finalizat
9047,23122,402,201,5,2,402,privat,finalizat
9048,23124,1563,206,5,2,1563,privat,finalizat
9049,23127,867,1472,3,0,867,privat,finalizat
9050,23128,670,1627,1,4,1627,privat,finalizat
9051,23133,2228,320,2,4,320,deschis,finalizat
9052,23137,2470,1630,4,0,2470,privat,finalizat
9053,23138,952,374,3,5,374,privat,finalizat
9054,23139,1808,1198,5,1,1808,privat,finalizat
9055,23141,144,1803,,,,privat,fara_rezultat
9056,23143,300,2309,2,4,2309,privat,finalizat
9057,23144,300,1233,4,0,300,privat,finalizat
9058,23148,2097,549,3,2,2097,deschis,finalizat
9059,23150,1519,827,,,,privat,fara_rezultat
9060,23151,774,160,2,4,160,privat,finalizat
9061,23154,2487,937,,,,privat,fara_rezultat
9062,23155,1444,1521,5,1,1444,privat,finalizat
9063,23160,678,1761,5,4,678,privat,finalizat
9064,23161,2012,2390,0,4,2390,privat,finalizat
9065,23162,604,1677,4,3,604,privat,finalizat
9066,23166,1359,,,,,deschis,expirat
9067,23171,775,1358,4,3,775,privat,finalizat
9068,23176,1329,1806,,,,privat,fara_rezultat
9069,23177,1305,2235,4,1,1305,deschis,finalizat
9070,23179,2225,2427,3,0,2225,privat,finalizat
9071,23180,2304,287,5,0,2304,deschis,finalizat
9072,23184,1098,1829,2,3,1829,privat,finalizat
9073,23187,583,899,2,3,899,privat,finalizat
9074,23190,1257,954,5,0,1257,deschis,finalizat
9075,23192,340,2184,4,5,2184,privat,finalizat
9076,23193,1128,2410,5,2,1128,deschis,finalizat
9077,23195,1387,,,,,deschis,expirat
9078,23198,451,992,5,2,451,privat,finalizat
9079,23202,1374,1644,4,3,1374,privat,finalizat
9080,23207,2434,1364,2,3,1364,privat,finalizat
9081,23208,2289,1700,1,4,1700,privat,finalizat
9082,23209,2203,104,4,2,2203,privat,finalizat
9083,23214,1973,2393,3,2,1973,deschis,finalizat
9084,23215,744,,,,,deschis,expirat
9085,23217,1966,1575,2,5,1575,privat,finalizat
9086,23219,1411,209,5,1,1411,privat,finalizat
9087,23220,646,952,1,5,952,privat,finalizat
9088,23222,2433,2065,3,4,2065,deschis,finalizat
9089,23223,802,,,,,deschis,expirat
9090,23226,1424,348,2,4,348,deschis,finalizat
9091,23227,568,998,2,5,998,privat,finalizat
9092,23231,895,2242,5,3,895,deschis,finalizat
9093,23232,542,2022,,,,deschis,fara_rezultat
9094,23233,1713,222,5,4,1713,privat,finalizat
9095,23235,749,781,1,4,781,privat,finalizat
9096,23238,765,1163,,,,privat,fara_rezultat
9097,23240,1753,1773,5,4,1753,deschis,finalizat
9098,23245,2110,1364,,,,deschis,fara_rezultat
9099,23247,1963,,,,,deschis,expirat
9100,23252,1753,1921,2,5,1921,privat,finalizat
9101,23254,287,1045,5,1,287,privat,finalizat
9102,23255,1129,517,4,1,1129,deschis,finalizat
9103,23260,300,2116,3,2,300,privat,finalizat
9104,23264,901,2116,5,1,901,deschis,finalizat
9105,23269,1210,2047,2,4,2047,privat,finalizat
9106,23270,820,778,3,0,820,privat,finalizat
9107,23271,974,,,,,deschis,expirat
9108,23272,2013,,,,,deschis,expirat
9109,23273,827,1004,3,1,827,privat,finalizat
9110,23276,1705,1995,2,5,1995,deschis,finalizat
9111,23282,1374,1168,3,1,1374,deschis,finalizat
9112,23285,1154,643,2,3,643,privat,finalizat
9113,23287,646,2436,2,5,2436,privat,finalizat
9114,23289,454,901,4,3,454,privat,finalizat
9115,23290,2233,1903,4,0,2233,privat,finalizat
9116,23291,465,1015,2,3,1015,privat,finalizat
9117,23292,49,,,,,deschis,expirat
9118,23293,2062,260,,,,privat,fara_rezultat
9119,23306,1656,76,0,3,76,deschis,finalizat
9120,23308,1489,,,,,deschis,expirat
9121,23309,1022,,,,,deschis,expirat
9122,23316,910,414,3,2,910,privat,finalizat
9123,23317,1144,1687,3,2,1144,privat,finalizat
9124,23319,881,649,,,,privat,fara_rezultat
9125,23321,2340,1213,4,3,2340,privat,finalizat
9126,23325,2098,541,5,2,2098,privat,finalizat
9127,23330,590,2223,4,5,2223,privat,finalizat
9128,23331,1782,736,1,4,736,privat,finalizat
9129,23333,979,868,,,,privat,fara_rezultat
9130,23334,2484,,,,,deschis,expirat
9131,23340,2126,2195,4,3,2126,deschis,finalizat
9132,23343,1129,1408,0,4,1408,privat,finalizat
9133,23346,1029,1821,5,3,1029,privat,finalizat
9134,23347,2340,720,5,1,2340,privat,finalizat
9135,23348,2243,2252,3,5,2252,privat,finalizat
9136,23350,916,2430,0,3,2430,privat,finalizat
9137,23351,342,2329,4,0,342,privat,finalizat
9138,23355,1164,720,1,3,720,deschis,finalizat
9139,23359,39,,,,,deschis,expirat
9140,23360,1807,258,,,,deschis,fara_rezultat
9141,23361,191,2183,4,2,191,privat,finalizat
9142,23362,274,1884,2,5,1884,privat,finalizat
9143,23364,2487,,,,,deschis,expirat
9144,23370,1634,1409,3,2,1634,privat,finalizat
9145,23373,1720,2025,2,3,2025,privat,finalizat
9146,23374,1431,2158,,,,deschis,fara_rezultat
9147,23375,1591,1168,3,2,1591,privat,finalizat
9148,23376,2024,910,,,,privat,fara_rezultat
9149,23381,1549,500,4,1,1549,privat,finalizat
9150,23382,2207,2470,,,,deschis,fara_rezultat
9151,23387,428,,,,,deschis,expirat
9152,23390,909,1191,1,3,1191,deschis,finalizat
9153,23393,937,,,,,deschis,expirat
9154,23394,1758,2067,1,5,2067,privat,finalizat
9155,23399,6,1563,,,,privat,fara_rezultat
9156,23402,1806,543,0,3,543,privat,finalizat
9157,23403,574,2443,,,,privat,fara_rezultat
9158,23405,2443,1286,2,3,1286,deschis,finalizat
9159,23406,1844,2308,,,,privat,fara_rezultat
9160,23408,1644,753,2,4,753,privat,finalizat
9161,23410,1397,279,2,3,279,privat,finalizat
9162,23413,1822,1712,,,,deschis,fara_rezultat
9163,23418,2305,1791,,,,privat,fara_rezultat
9164,23427,1008,348,1,4,348,privat,finalizat
9165,23428,1029,40,0,4,40,privat,finalizat
9166,23429,1673,1025,,,,privat,fara_rezultat
9167,23432,2324,802,3,4,802,deschis,finalizat
9168,23435,2004,,,,,deschis,expirat
9169,23437,2367,1439,5,2,2367,privat,finalizat
9170,23444,142,2409,3,0,142,privat,finalizat
9171,23446,2127,399,5,1,2127,privat,finalizat
9172,23450,207,1271,5,3,207,privat,finalizat
9173,23451,207,677,4,5,677,privat,finalizat
9174,23454,1869,1080,,,,deschis,fara_rezultat
9175,23455,2351,2205,1,4,2205,privat,finalizat
9176,23458,436,2038,4,3,436,privat,finalizat
9177,23463,296,1875,3,5,1875,privat,finalizat
9178,23476,529,229,0,4,229,privat,finalizat
9179,23483,1029,17,2,3,17,privat,finalizat
9180,23485,1864,1777,3,2,1864,privat,finalizat
9181,23486,1775,2116,4,5,2116,privat,finalizat
9182,23489,533,2253,3,0,533,privat,finalizat
9183,23494,911,2445,2,3,2445,privat,finalizat
9184,23495,1360,1480,3,0,1360,privat,finalizat
9185,23497,1005,2404,,,,privat,fara_rezultat
9186,23499,1752,1830,3,0,1752,privat,finalizat
9187,23503,385,1940,2,3,1940,privat,finalizat
9188,23504,2135,2076,3,4,2076,deschis,finalizat
9189,23509,2484,435,,,,privat,fara_rezultat
9190,23513,1763,779,4,1,1763,privat,finalizat
9191,23516,529,1447,3,0,529,deschis,finalizat
9192,23518,1278,2006,0,3,2006,deschis,finalizat
9193,23522,227,538,2,5,538,privat,finalizat
9194,23527,300,1267,2,5,1267,deschis,finalizat
9195,23533,40,1551,3,4,1551,deschis,finalizat
9196,23534,1721,415,4,2,1721,privat,finalizat
9197,23539,211,2354,,,,privat,fara_rezultat
9198,23540,1345,970,2,5,970,deschis,finalizat
9199,23541,1413,2404,3,5,2404,privat,finalizat
9200,23544,438,,,,,deschis,expirat
9201,23545,1757,2163,5,2,1757,privat,finalizat
9202,23546,677,2472,,,,deschis,fara_rezultat
9203,23547,2448,1935,4,3,2448,privat,finalizat
9204,23552,391,1128,,,,privat,fara_rezultat
9205,23553,1806,1081,2,3,1081,privat,finalizat
9206,23554,1658,969,4,1,1658,deschis,finalizat
9207,23555,2001,,,,,deschis,expirat
9208,23556,395,,,,,deschis,expirat
9209,23557,2359,708,1,5,708,privat,finalizat
9210,23561,1028,1408,2,3,1408,privat,finalizat
9211,23564,1965,,,,,deschis,expirat
9212,23565,1630,,,,,deschis,expirat
9213,23568,1471,1870,3,1,1471,privat,finalizat
9214,23571,1179,1760,2,5,1760,privat,finalizat
9215,23586,1244,615,4,1,1244,deschis,finalizat
9216,23587,2297,1335,0,3,1335,privat,finalizat
9217,23589,2091,,,,,deschis,expirat
9218,23590,1547,1611,,,,privat,fara_rezultat
9219,23591,376,1349,5,1,376,privat,finalizat
9220,23595,510,1926,5,4,510,privat,finalizat
9221,23597,937,2391,2,3,2391,deschis,finalizat
9222,23599,2399,1552,,,,privat,fara_rezultat
9223,23601,1685,1472,3,0,1685,privat,finalizat
9224,23602,2020,2439,0,4,2439,deschis,finalizat
9225,23607,179,1856,,,,privat,fara_rezultat
9226,23608,2158,177,5,3,2158,deschis,finalizat
9227,23610,2397,1890,3,0,2397,deschis,finalizat
9228,23612,471,,,,,deschis,expirat
9229,23617,2447,768,4,3,2447,privat,finalizat
9230,23619,2065,1213,,,,privat,fara_rezultat
9231,23621,1462,1631,4,3,1462,privat,finalizat
9232,23624,1353,1113,3,5,1113,privat,finalizat
9233,23628,2087,1915,4,5,1915,privat,finalizat
9234,23629,499,1561,0,5,1561,privat,finalizat
9235,23631,1266,553,3,4,553,privat,finalizat
9236,23632,1169,,,,,deschis,expirat
9237,23633,2344,886,5,3,2344,deschis,finalizat
9238,23634,937,1364,5,4,937,deschis,finalizat
9239,23635,2483,756,0,3,756,deschis,finalizat
9240,23637,2483,1112,,,,privat,fara_rezultat
9241,23639,357,968,,,,privat,fara_rezultat
9242,23640,1099,991,0,5,991,privat,finalizat
9243,23643,611,2254,1,3,2254,privat,finalizat
9244,23645,455,935,0,3,935,deschis,finalizat
9245,23649,2048,1294,4,1,2048,privat,finalizat
9246,23650,1747,1619,,,,deschis,fara_rezultat
9247,23654,1144,765,4,0,1144,deschis,finalizat
9248,23656,1836,883,1,3,883,privat,finalizat
9249,23657,1886,1752,4,2,1886,deschis,finalizat
9250,23658,9,1583,4,5,1583,privat,finalizat
9251,23659,988,1236,5,2,988,privat,finalizat
9252,23660,988,436,4,2,988,privat,finalizat
9253,23661,1305,2380,3,0,1305,deschis,finalizat
9254,23663,261,1953,5,4,261,privat,finalizat
9255,23666,443,,,,,deschis,expirat
9256,23670,1432,267,4,5,267,privat,finalizat
9257,23671,665,2288,0,4,2288,privat,finalizat
9258,23679,2345,1789,,,,privat,fara_rezultat
9259,23681,2142,384,3,2,2142,privat,finalizat
9260,23683,2186,1169,4,1,2186,deschis,finalizat
9261,23684,1226,419,2,4,419,deschis,finalizat
9262,23690,649,1213,0,3,1213,deschis,finalizat
9263,23692,568,2363,5,3,568,privat,finalizat
9264,23694,87,200,3,5,200,deschis,finalizat
9265,23695,699,763,0,3,763,privat,finalizat
9266,23700,1369,56,4,3,1369,privat,finalizat
9267,23701,174,373,,,,privat,fara_rezultat
9268,23703,1388,2116,,,,privat,fara_rezultat
9269,23705,2175,1003,1,4,1003,privat,finalizat
9270,23706,1132,1005,5,0,1132,deschis,finalizat
9271,23710,1256,100,4,2,1256,privat,finalizat
9272,23711,1254,116,4,5,116,privat,finalizat
9273,23713,434,1986,5,2,434,privat,finalizat
9274,23719,170,257,5,1,170,privat,finalizat
9275,23722,896,1237,2,5,1237,privat,finalizat
9276,23726,773,,,,,deschis,expirat
9277,23727,1159,26,5,2,1159,privat,finalizat
9278,23729,1609,2483,2,4,2483,privat,finalizat
9279,23737,1979,625,,,,privat,fara_rezultat
9280,23739,2158,53,3,2,2158,privat,finalizat
9281,23748,450,828,2,5,828,privat,finalizat
9282,23749,2147,2497,0,3,2497,privat,finalizat
9283,23754,1415,319,5,3,1415,deschis,finalizat
9284,23756,901,1961,,,,privat,fara_rezultat
9285,23758,2340,183,0,4,183,deschis,finalizat
9286,23759,1388,602,3,0,1388,privat,finalizat
9287,23761,959,1237,,,,deschis,fara_rezultat
9288,23763,2272,1094,5,1,2272,privat,finalizat
9289,23766,1727,,,,,deschis,expirat
9290,23767,2306,34,3,1,2306,privat,finalizat
9291,23768,1105,1963,4,5,1963,privat,finalizat
9292,23771,1000,668,2,4,668,deschis,finalizat
9293,23773,471,227,0,3,227,deschis,finalizat
9294,23774,2198,91,5,3,2198,privat,finalizat
9295,23780,1876,2337,1,4,2337,privat,finalizat
9296,23783,2074,,,,,deschis,expirat
9297,23784,1602,1437,3,2,1602,deschis,finalizat
9298,23785,2183,1323,,,,privat,fara_rezultat
9299,23787,907,,,,,deschis,expirat
9300,23789,439,65,2,4,65,privat,finalizat
9301,23792,1600,1390,5,2,1600,privat,finalizat
9302,23794,762,202,4,1,762,privat,finalizat
9303,23796,1960,1814,3,0,1960,privat,finalizat
9304,23801,109,1687,0,4,1687,deschis,finalizat
9305,23804,1903,193,1,3,193,privat,finalizat
9306,23805,1424,499,4,3,1424,deschis,finalizat
9307,23808,837,1688,0,3,1688,deschis,finalizat
9308,23810,894,1928,4,2,894,deschis,finalizat
9309,23811,836,,,,,deschis,expirat
9310,23813,2091,1290,3,1,2091,privat,finalizat
9311,23814,510,200,,,,privat,fara_rezultat
9312,23816,1112,1547,1,3,1547,privat,finalizat
9313,23818,1053,1727,3,5,1727,privat,finalizat
9314,23821,1657,2148,4,3,1657,deschis,finalizat
9315,23822,531,907,4,1,531,privat,finalizat
9316,23823,2193,1077,4,3,2193,deschis,finalizat
9317,23824,273,1252,4,3,273,privat,finalizat
9318,23825,1423,179,4,3,1423,privat,finalizat
9319,23826,1753,,,,,deschis,expirat
9320,23829,1874,2477,,,,privat,fara_rezultat
9321,23830,1278,,,,,deschis,expirat
9322,23834,1944,2090,1,5,2090,privat,finalizat
9323,23841,465,,,,,deschis,expirat
9324,23842,1710,1007,,,,privat,fara_rezultat
9325,23846,348,992,3,1,348,privat,finalizat
9326,23847,740,2373,,,,privat,fara_rezultat
9327,23848,1717,,,,,deschis,expirat
9328,23849,752,483,,,,privat,fara_rezultat
9329,23852,15,1599,0,3,1599,privat,finalizat
9330,23860,1806,,,,,deschis,expirat
9331,23862,443,302,5,3,443,deschis,finalizat
9332,23864,2348,,,,,deschis,expirat
9333,23866,1836,320,0,4,320,privat,finalizat
9334,23869,2108,401,3,4,401,deschis,finalizat
9335,23874,608,,,,,deschis,expirat
9336,23876,1572,602,3,2,1572,privat,finalizat
9337,23886,1547,181,3,1,1547,deschis,finalizat
9338,23887,1758,1609,3,1,1758,privat,finalizat
9339,23890,1546,429,1,5,429,privat,finalizat
9340,23892,1744,2189,3,4,2189,privat,finalizat
9341,23896,1252,2410,5,4,1252,privat,finalizat
9342,23897,2380,2027,0,4,2027,privat,finalizat
9343,23900,435,5,4,0,435,privat,finalizat
9344,23901,2427,536,1,4,536,privat,finalizat
9345,23903,1047,2219,4,1,1047,privat,finalizat
9346,23904,1361,2092,3,2,1361,privat,finalizat
9347,23905,1408,1747,,,,privat,fara_rezultat
9348,23906,537,817,,,,privat,fara_rezultat
9349,23909,633,1123,3,5,1123,privat,finalizat
9350,23911,1551,196,,,,privat,fara_rezultat
9351,23914,234,373,4,3,234,privat,finalizat
9352,23916,393,2311,5,3,393,privat,finalizat
9353,23917,737,2268,,,,privat,fara_rezultat
9354,23920,1401,2261,5,1,1401,deschis,finalizat
9355,23921,2305,41,0,3,41,deschis,finalizat
9356,23922,843,533,2,3,533,deschis,finalizat
9357,23925,203,1402,3,4,1402,privat,finalizat
9358,23926,1044,1499,2,5,1499,privat,finalizat
9359,23928,331,,,,,deschis,expirat
9360,23931,1384,1112,2,5,1112,privat,finalizat
9361,23933,54,2181,2,5,2181,deschis,finalizat
9362,23934,1618,1782,1,3,1782,privat,finalizat
9363,23937,2336,1759,5,1,2336,privat,finalizat
9364,23941,2072,,,,,deschis,expirat
9365,23942,2228,2325,3,1,2228,privat,finalizat
9366,23945,753,775,5,1,753,privat,finalizat
9367,23947,446,2317,3,2,446,privat,finalizat
9368,23951,529,1620,,,,privat,fara_rezultat
9369,23953,651,682,5,2,651,privat,finalizat
9370,23956,2168,2329,,,,privat,fara_rezultat
9371,23961,651,1810,3,5,1810,privat,finalizat
9372,23962,1961,466,3,1,1961,deschis,finalizat
9373,23964,2099,747,1,5,747,deschis,finalizat
9374,23975,1862,2193,,,,privat,fara_rezultat
9375,23977,1983,1032,1,5,1032,privat,finalizat
9376,23978,888,2418,2,5,2418,deschis,finalizat
9377,23979,1089,668,,,,privat,fara_rezultat
9378,23981,384,1456,5,3,384,privat,finalizat
9379,23983,952,1712,0,4,1712,privat,finalizat
9380,23984,144,,,,,deschis,expirat
9381,23987,91,646,1,3,646,deschis,finalizat
9382,23989,1462,,,,,deschis,expirat
9383,23992,1540,718,3,0,1540,privat,finalizat
9384,23993,947,1497,4,0,947,privat,finalizat
9385,23994,1238,1367,2,4,1367,privat,finalizat
9386,23995,1164,1903,3,2,1164,privat,finalizat
9387,24002,2404,2434,3,0,2404,deschis,finalizat
9388,24005,92,1271,2,3,1271,privat,finalizat
9389,24007,1010,2414,3,0,1010,privat,finalizat
9390,24009,2410,295,1,3,295,privat,finalizat
9391,24012,2001,917,2,4,917,privat,finalizat
9392,24013,2257,1738,,,,privat,fara_rezultat
9393,24023,929,2329,2,5,2329,privat,finalizat
9394,24024,1430,393,5,1,1430,privat,finalizat
9395,24027,2116,1688,4,0,2116,privat,finalizat
9396,24032,794,1998,3,2,794,privat,finalizat
9397,24037,2153,1170,5,2,2153,privat,finalizat
9398,24040,1599,921,,,,privat,fara_rezultat
9399,24041,1708,,,,,deschis,expirat
9400,24043,2232,99,3,2,2232,privat,finalizat
9401,24044,792,74,0,5,74,privat,finalizat
9402,24047,1339,2478,4,1,1339,privat,finalizat
9403,24048,2032,2400,0,3,2400,privat,finalizat
9404,24050,261,1944,,,,privat,fara_rezultat
9405,24051,2471,1786,,,,privat,fara_rezultat
9406,24055,2183,1632,,,,privat,fara_rezultat
9407,24057,1480,87,3,0,1480,privat,finalizat
9408,24064,1808,1361,3,1,1808,privat,finalizat
9409,24066,2447,189,,,,privat,fara_rezultat
9410,24067,357,2375,3,2,357,privat,finalizat
9411,24075,2391,331,3,0,2391,deschis,finalizat
9412,24076,1300,,,,,deschis,expirat
9413,24080,1350,2166,0,5,2166,privat,finalizat
9414,24081,1620,2219,,,,privat,fara_rezultat
9415,24083,2207,1789,5,2,2207,privat,finalizat
9416,24087,301,916,3,5,916,privat,finalizat
9417,24091,1192,2208,0,4,2208,privat,finalizat
9418,24096,82,,,,,deschis,expirat
9419,24097,2255,1804,4,3,2255,privat,finalizat
9420,24098,762,435,2,4,435,deschis,finalizat
9421,24099,952,189,0,5,189,privat,finalizat
9422,24100,2033,1919,3,5,1919,privat,finalizat
9423,24103,1807,827,,,,privat,fara_rezultat
9424,24104,542,895,,,,privat,fara_rezultat
9425,24106,2103,16,3,1,2103,privat,finalizat
9426,24108,1093,2062,4,2,1093,privat,finalizat
9427,24109,2278,1615,3,0,2278,privat,finalizat
9428,24114,687,864,4,2,687,privat,finalizat
9429,24116,2056,772,2,5,772,deschis,finalizat
9430,24117,587,40,3,1,587,privat,finalizat
9431,24122,1433,849,,,,privat,fara_rezultat
9432,24123,2418,1080,0,3,1080,privat,finalizat
9433,24127,1792,,,,,deschis,expirat
9434,24128,802,616,2,3,616,privat,finalizat
9435,24134,257,2224,5,4,257,privat,finalizat
9436,24138,2376,1646,3,2,2376,privat,finalizat
9437,24140,2098,1170,4,2,2098,privat,finalizat
9438,24143,334,1680,1,5,1680,privat,finalizat
9439,24145,2110,,,,,deschis,expirat
9440,24146,2091,368,3,4,368,deschis,finalizat
9441,24147,1389,1192,3,2,1389,privat,finalizat
9442,24149,1819,1909,2,4,1909,privat,finalizat
9443,24151,1077,1889,1,4,1889,privat,finalizat
9444,24153,1223,1317,5,4,1223,privat,finalizat
9445,24155,1988,475,4,2,1988,privat,finalizat
9446,24156,1489,395,,,,privat,fara_rezultat
9447,24157,1232,432,3,1,1232,privat,finalizat
9448,24160,1688,,,,,deschis,expirat
9449,24165,1688,1011,5,2,1688,privat,finalizat
9450,24167,431,798,0,4,798,deschis,finalizat
9451,24172,249,873,5,4,249,privat,finalizat
9452,24174,478,2474,3,0,478,deschis,finalizat
9453,24179,643,2397,2,4,2397,privat,finalizat
9454,24180,538,1773,0,5,1773,privat,finalizat
9455,24181,184,1524,2,3,1524,privat,finalizat
9456,24194,1760,1283,5,4,1760,privat,finalizat
9457,24195,183,1721,,,,deschis,fara_rezultat
9458,24199,483,911,3,4,911,privat,finalizat
9459,24200,998,2445,3,5,2445,privat,finalizat
9460,24207,2404,1708,4,2,2404,privat,finalizat
9461,24212,2123,,,,,deschis,expirat
9462,24213,741,1759,3,4,1759,privat,finalizat
9463,24215,1713,2196,5,4,1713,deschis,finalizat
9464,24218,1753,816,3,4,816,privat,finalizat
9465,24219,2041,,,,,deschis,expirat
9466,24222,1201,,,,,deschis,expirat
9467,24223,1566,587,5,2,1566,deschis,finalizat
9468,24225,1287,1534,1,3,1534,deschis,finalizat
9469,24230,843,1845,5,1,843,privat,finalizat
9470,24231,1633,403,0,4,403,deschis,finalizat
9471,24233,2452,101,1,3,101,privat,finalizat
9472,24237,2211,357,4,3,2211,privat,finalizat
9473,24241,1883,391,,,,privat,fara_rezultat
9474,24246,144,2095,0,4,2095,privat,finalizat
9475,24255,428,2041,1,4,2041,deschis,finalizat
9476,24257,2376,,,,,deschis,expirat
9477,24259,1222,1631,1,4,1631,privat,finalizat
9478,24260,1415,1353,4,0,1415,deschis,finalizat
9479,24264,1849,1981,5,1,1849,privat,finalizat
9480,24265,1839,1266,4,3,1839,privat,finalizat
9481,24267,2129,245,4,1,2129,privat,finalizat
9482,24268,2270,1437,4,3,2270,privat,finalizat
9483,24270,1887,,,,,deschis,expirat
9484,24272,1246,2290,5,4,1246,privat,finalizat
9485,24275,1329,749,1,3,749,privat,finalizat
9486,24277,2388,437,0,4,437,privat,finalizat
9487,24278,269,2107,3,0,269,privat,finalizat
9488,24281,1773,2090,1,4,2090,privat,finalizat
9489,24283,1029,518,1,3,518,privat,finalizat
9490,24286,685,1233,3,4,1233,privat,finalizat
9491,24287,300,2324,,,,deschis,fara_rezultat
9492,24290,464,2120,0,4,2120,privat,finalizat
9493,24291,1415,1688,0,4,1688,deschis,finalizat
9494,24294,1758,2190,,,,privat,fara_rezultat
9495,24297,1727,1433,3,1,1727,privat,finalizat
9496,24300,2270,407,2,5,407,privat,finalizat
9497,24301,774,1664,5,0,774,privat,finalizat
9498,24303,994,721,4,3,994,privat,finalizat
9499,24308,951,2484,3,0,951,privat,finalizat
9500,24310,1620,1754,0,4,1754,privat,finalizat
9501,24311,1361,1762,5,3,1361,privat,finalizat
9502,24312,119,1747,5,3,119,deschis,finalizat
9503,24313,454,2305,3,0,454,privat,finalizat
9504,24314,464,1528,2,3,1528,deschis,finalizat
9505,24316,2377,1169,3,0,2377,privat,finalizat
9506,24317,160,236,3,0,160,privat,finalizat
9507,24320,1525,878,5,4,1525,privat,finalizat
9508,24324,807,320,0,4,320,privat,finalizat
9509,24325,1022,768,,,,privat,fara_rezultat
9510,24329,481,2489,1,4,2489,privat,finalizat
9511,24330,2244,870,1,5,870,privat,finalizat
9512,24331,1045,1822,3,0,1045,deschis,finalizat
9513,24335,91,412,1,5,412,privat,finalizat
9514,24337,1378,343,,,,deschis,fara_rezultat
9515,24339,144,1321,3,5,1321,privat,finalizat
9516,24342,1876,656,,,,privat,fara_rezultat
9517,24345,529,1047,5,3,529,privat,finalizat
9518,24346,2340,2116,1,3,2116,privat,finalizat
9519,24352,1756,1844,5,3,1756,privat,finalizat
9520,24354,605,414,3,0,605,privat,finalizat
9521,24359,390,,,,,deschis,expirat
9522,24363,901,1821,0,5,1821,privat,finalizat
9523,24364,1631,1655,3,2,1631,privat,finalizat
9524,24365,639,2384,3,0,639,privat,finalizat
9525,24367,1858,1963,4,1,1858,deschis,finalizat
9526,24370,2496,1566,5,2,2496,privat,finalizat
9527,24371,1299,645,5,3,1299,deschis,finalizat
9528,24375,663,1530,0,3,1530,privat,finalizat
9529,24377,2308,2142,2,4,2142,privat,finalizat
9530,24381,859,832,4,0,859,deschis,finalizat
9531,24387,231,1095,1,4,1095,privat,finalizat
9532,24388,2138,2261,2,3,2261,privat,finalizat
9533,24390,1389,2332,3,4,2332,privat,finalizat
9534,24392,897,295,3,4,295,privat,finalizat
9535,24394,1047,,,,,deschis,expirat
9536,24397,1477,,,,,deschis,expirat
9537,24402,1292,,,,,deschis,expirat
9538,24404,2228,1228,3,1,2228,privat,finalizat
9539,24405,131,992,0,4,992,privat,finalizat
9540,24408,1646,1093,1,4,1093,deschis,finalizat
9541,24409,464,1461,5,4,464,privat,finalizat
9542,24414,334,,,,,deschis,expirat
9543,24417,1444,87,5,4,1444,privat,finalizat
9544,24420,771,1995,,,,privat,fara_rezultat
9545,24422,2426,375,3,0,2426,privat,finalizat
9546,24427,2119,261,4,0,2119,privat,finalizat
9547,24428,1944,,,,,deschis,expirat
9548,24430,2325,775,3,1,2325,privat,finalizat
9549,24433,257,1919,4,0,257,privat,finalizat
9550,24436,319,621,4,3,319,privat,finalizat
9551,24445,1552,,,,,deschis,expirat
9552,24447,242,11,,,,deschis,fara_rezultat
9553,24448,1089,1363,,,,privat,fara_rezultat
9554,24449,443,1123,4,5,1123,privat,finalizat
9555,24450,1635,537,5,0,1635,privat,finalizat
9556,24452,1232,1408,,,,privat,fara_rezultat
9557,24456,1098,374,2,3,374,privat,finalizat
9558,24458,1864,319,,,,privat,fara_rezultat
9559,24461,49,1522,3,5,1522,deschis,finalizat
9560,24465,1113,1178,4,5,1178,privat,finalizat
9561,24474,2176,1389,4,5,1389,privat,finalizat
9562,24477,478,1840,,,,deschis,fara_rezultat
9563,24480,2079,623,3,2,2079,privat,finalizat
9564,24481,2255,158,5,1,2255,privat,finalizat
9565,24483,626,636,5,0,626,deschis,finalizat
9566,24484,1865,,,,,deschis,expirat
9567,24492,2198,231,3,1,2198,privat,finalizat
9568,24500,17,234,4,5,234,privat,finalizat
9569,24504,1981,1922,0,4,1922,privat,finalizat
9570,24509,1467,507,,,,privat,fara_rezultat
9571,24510,1268,1702,,,,privat,fara_rezultat
9572,24511,303,,,,,deschis,expirat
9573,24513,1653,1460,5,4,1653,privat,finalizat
9574,24517,2107,455,5,2,2107,privat,finalizat
9575,24518,563,,,,,deschis,expirat
9576,24520,1753,2108,5,1,1753,deschis,finalizat
9577,24521,1098,320,0,3,320,privat,finalizat
9578,24525,633,1753,1,5,1753,privat,finalizat
9579,24526,828,279,,,,deschis,fara_rezultat
9580,24528,1471,1163,3,0,1471,privat,finalizat
9581,24529,837,1894,2,3,1894,privat,finalizat
9582,24536,2434,334,2,3,334,privat,finalizat
9583,24537,1158,2486,3,0,1158,privat,finalizat
9584,24538,2058,82,3,0,2058,privat,finalizat
9585,24539,504,1003,1,4,1003,privat,finalizat
9586,24542,968,357,0,4,357,privat,finalizat
9587,24546,206,784,4,5,784,privat,finalizat
9588,24548,1390,1350,3,2,1390,privat,finalizat
9589,24549,67,385,3,1,67,deschis,finalizat
9590,24552,579,708,1,5,708,privat,finalizat
9591,24554,2093,1358,5,1,2093,deschis,finalizat
9592,24559,234,682,0,5,682,deschis,finalizat
9593,24561,373,1102,2,3,1102,privat,finalizat
9594,24563,2004,,,,,deschis,expirat
9595,24565,466,,,,,deschis,expirat
9596,24571,553,2498,3,5,2498,privat,finalizat
9597,24572,339,1876,,,,privat,fara_rezultat
9598,24574,1437,251,0,3,251,deschis,finalizat
9599,24578,1741,1912,,,,privat,fara_rezultat
9600,24582,1575,67,3,5,67,privat,finalizat
9601,24583,2499,2226,,,,privat,fara_rezultat
9602,24584,2471,1365,1,3,1365,privat,finalizat
9603,24585,1018,144,5,2,1018,privat,finalizat
9604,24588,529,1408,2,3,1408,privat,finalizat
9605,24593,974,376,4,3,974,privat,finalizat
9606,24597,214,113,3,4,113,privat,finalizat
9607,24600,16,2040,3,0,16,privat,finalizat
9608,24603,443,722,1,3,722,privat,finalizat
9609,24604,2180,159,3,4,159,privat,finalizat
9610,24605,2000,188,4,3,2000,privat,finalizat
9611,24609,1053,1632,5,2,1053,privat,finalizat
9612,24610,2471,1754,5,1,2471,deschis,finalizat
9613,24613,55,1693,,,,privat,fara_rezultat
9614,24618,2033,1948,4,1,2033,privat,finalizat
9615,24624,862,1379,3,2,862,deschis,finalizat
9616,24625,1278,1535,4,1,1278,privat,finalizat
9617,24628,131,1218,5,3,131,privat,finalizat
9618,24633,2336,2166,,,,deschis,fara_rezultat
9619,24635,1762,1379,1,4,1379,deschis,finalizat
9620,24636,1937,287,3,1,1937,privat,finalizat
9621,24638,550,1965,1,4,1965,privat,finalizat
9622,24641,300,2234,4,1,300,privat,finalizat
9623,24644,1944,779,5,3,1944,privat,finalizat
9624,24645,1401,1543,3,4,1543,deschis,finalizat
9625,24647,756,191,,,,deschis,fara_rezultat
9626,24648,820,1727,1,5,1727,privat,finalizat
9627,24653,282,1865,0,3,1865,deschis,finalizat
9628,24654,432,1408,3,4,1408,privat,finalizat
9629,24655,1826,807,5,1,1826,deschis,finalizat
9630,24656,1630,412,1,3,412,privat,finalizat
9631,24658,676,1174,2,4,1174,deschis,finalizat
9632,24659,2496,1497,5,2,2496,privat,finalizat
9633,24660,737,992,3,2,737,privat,finalizat
9634,24661,2385,2310,1,5,2310,privat,finalizat
9635,24668,1821,1737,3,0,1821,deschis,finalizat
9636,24669,1693,1599,,,,deschis,fara_rezultat
9637,24670,764,1872,2,3,1872,deschis,finalizat
9638,24671,1447,1138,3,2,1447,privat,finalizat
9639,24677,894,278,4,5,278,privat,finalizat
9640,24681,2003,2062,5,2,2003,privat,finalizat
9641,24682,901,720,2,4,720,deschis,finalizat
9642,24683,1581,183,3,4,183,privat,finalizat
9643,24684,1367,,,,,deschis,expirat
9644,24685,2138,1369,2,3,1369,privat,finalizat
9645,24697,809,205,2,4,205,privat,finalizat
9646,24699,163,168,,,,privat,fara_rezultat
9647,24704,1254,1773,3,2,1254,privat,finalizat
9648,24709,1154,,,,,deschis,expirat
9649,24711,1213,1172,3,5,1172,privat,finalizat
9650,24716,373,464,5,2,373,privat,finalizat
9651,24718,2070,521,4,3,2070,privat,finalizat
9652,24726,181,421,1,4,421,privat,finalizat
9653,24728,346,404,4,1,346,privat,finalizat
9654,24730,2245,1128,,,,privat,fara_rezultat
9655,24731,367,1525,4,3,367,privat,finalizat
9656,24736,394,2,,,,privat,fara_rezultat
9657,24738,1408,1663,0,4,1663,privat,finalizat
9658,24739,1490,1045,0,3,1045,privat,finalizat
9659,24740,2142,1606,4,0,2142,deschis,finalizat
9660,24744,1458,1155,5,3,1458,privat,finalizat
9661,24745,573,2432,1,3,2432,deschis,finalizat
9662,24747,1998,1673,3,4,1673,deschis,finalizat
9663,24749,1458,1497,4,1,1458,privat,finalizat
9664,24752,170,,,,,deschis,expirat
9665,24754,2116,521,2,5,521,deschis,finalizat
9666,24756,1303,1845,5,1,1303,deschis,finalizat
9667,24758,2170,1509,3,5,1509,privat,finalizat
9668,24759,175,504,1,4,504,privat,finalizat
9669,24762,2472,1468,,,,privat,fara_rezultat
9670,24764,2351,1033,,,,deschis,fara_rezultat
9671,24765,1257,1330,3,2,1257,privat,finalizat
9672,24766,856,1865,4,3,856,privat,finalizat
9673,24769,1129,1773,2,5,1773,deschis,finalizat
9674,24773,159,1471,1,5,1471,privat,finalizat
9675,24774,1358,1874,5,3,1358,privat,finalizat
9676,24775,1232,910,2,4,910,privat,finalizat
9677,24777,1036,2299,0,4,2299,deschis,finalizat
9678,24778,2168,135,5,2,2168,privat,finalizat
9679,24780,234,1497,,,,privat,fara_rezultat
9680,24782,1452,1516,4,1,1452,privat,finalizat
9681,24784,1189,533,,,,deschis,fara_rezultat
9682,24787,730,1936,1,4,1936,privat,finalizat
9683,24788,127,1437,1,3,1437,privat,finalizat
9684,24790,1541,1004,4,3,1541,privat,finalizat
9685,24793,1280,583,4,0,1280,deschis,finalizat
9686,24794,1730,57,3,4,57,deschis,finalizat
9687,24795,380,206,1,3,206,privat,finalizat
9688,24798,2196,2131,2,3,2131,privat,finalizat
9689,24800,1652,1256,3,0,1652,privat,finalizat
9690,24802,517,1762,,,,deschis,fara_rezultat
9691,24807,1844,993,4,0,1844,deschis,finalizat
9692,24808,1456,1593,2,4,1593,privat,finalizat
9693,24811,1011,957,1,5,957,privat,finalizat
9694,24812,2261,2018,2,4,2018,privat,finalizat
9695,24813,794,196,1,3,196,privat,finalizat
9696,24814,1502,373,3,1,1502,privat,finalizat
9697,24816,1903,1791,5,1,1903,deschis,finalizat
9698,24821,1057,181,,,,privat,fara_rezultat
9699,24822,2013,1512,4,3,2013,deschis,finalizat
9700,24826,968,,,,,deschis,expirat
9701,24830,268,852,3,5,852,privat,finalizat
9702,24835,1411,2092,4,3,1411,privat,finalizat
9703,24841,1238,2361,1,3,2361,privat,finalizat
9704,24845,1688,1731,,,,privat,fara_rezultat
9705,24847,1688,894,3,0,1688,privat,finalizat
9706,24848,453,1287,3,4,1287,privat,finalizat
9707,24852,926,745,3,1,926,privat,finalizat
9708,24857,127,399,3,4,399,deschis,finalizat
9709,24858,516,1122,5,2,516,privat,finalizat
9710,24862,1454,222,4,0,1454,privat,finalizat
9711,24863,1060,1878,1,3,1878,privat,finalizat
9712,24867,529,,,,,deschis,expirat
9713,24871,200,581,4,1,200,privat,finalizat
9714,24872,101,1437,4,5,1437,privat,finalizat
9715,24876,625,2426,4,3,625,privat,finalizat
9716,24877,189,1870,1,5,1870,privat,finalizat
9717,24880,1789,1506,,,,deschis,fara_rezultat
9718,24886,1246,2288,3,4,2288,privat,finalizat
9719,24888,1762,1712,4,2,1762,privat,finalizat
9720,24895,94,1915,2,5,1915,privat,finalizat
9721,24898,2110,1936,3,4,1936,privat,finalizat
9722,24901,1339,1336,4,1,1339,privat,finalizat
9723,24905,608,1267,,,,privat,fara_rezultat
9724,24913,1620,955,4,3,1620,privat,finalizat
9725,24914,694,,,,,deschis,expirat
9726,24915,1836,,,,,deschis,expirat
9727,24918,521,1646,3,5,1646,privat,finalizat
9728,24920,1524,1308,0,4,1308,privat,finalizat
9729,24926,677,2390,3,0,677,privat,finalizat
9730,24927,516,,,,,deschis,expirat
9731,24930,1329,283,2,4,283,privat,finalizat
9732,24935,176,2335,,,,privat,fara_rezultat
9733,24937,752,2476,,,,deschis,fara_rezultat
9734,24939,1053,2091,2,5,2091,privat,finalizat
9735,24943,1953,189,3,5,189,privat,finalizat
9736,24946,396,1977,,,,privat,fara_rezultat
9737,24951,2070,1688,4,2,2070,privat,finalizat
9738,24952,2120,1551,,,,deschis,fara_rezultat
9739,24953,1007,1164,,,,privat,fara_rezultat
9740,24955,94,1735,3,5,1735,privat,finalizat
9741,24959,1191,1189,1,5,1189,deschis,finalizat
9742,24963,1611,122,3,4,122,privat,finalizat
9743,24966,1705,2012,2,4,2012,privat,finalizat
9744,24968,792,623,,,,privat,fara_rezultat
9745,24970,213,1396,4,1,213,privat,finalizat
9746,24973,455,579,1,5,579,privat,finalizat
9747,24978,304,1408,1,3,1408,deschis,finalizat
9748,24979,2147,1018,3,4,1018,privat,finalizat
9749,24983,1810,234,,,,privat,fara_rezultat
9750,24987,869,94,4,1,869,privat,finalizat
9751,24989,2011,999,5,4,2011,deschis,finalizat
9752,24993,2258,82,5,1,2258,privat,finalizat
9753,24994,1602,,,,,deschis,expirat
9754,24996,1468,,,,,deschis,expirat
9755,24998,375,,,,,deschis,expirat
9756,25003,1620,2108,1,3,2108,privat,finalizat
9757,25008,619,409,3,2,619,deschis,finalizat
9758,25009,722,304,5,2,722,privat,finalizat
9759,25010,182,,,,,deschis,expirat
9760,25012,1566,518,,,,privat,fara_rezultat
9761,25013,896,1775,0,3,1775,deschis,finalizat
9762,25017,196,234,1,3,234,privat,finalizat
9763,25019,887,2116,5,4,887,privat,finalizat
9764,25020,2329,837,1,4,837,privat,finalizat
9765,25021,493,300,,,,privat,fara_rezultat
9766,25022,750,,,,,deschis,expirat
9767,25025,1611,200,,,,privat,fara_rezultat
9768,25027,2209,1330,5,2,2209,privat,finalizat
9769,25035,320,529,,,,deschis,fara_rezultat
9770,25037,1028,1503,5,1,1028,privat,finalizat
9771,25039,1773,1408,3,0,1773,privat,finalizat
9772,25040,374,1977,,,,deschis,fara_rezultat
9773,25041,432,2436,0,3,2436,privat,finalizat
9774,25042,1270,2357,,,,privat,fara_rezultat
9775,25046,1739,1338,3,2,1739,deschis,finalizat
9776,25047,2004,1424,3,2,2004,privat,finalizat
9777,25048,1488,2433,2,4,2433,privat,finalizat
9778,25049,466,454,3,0,466,privat,finalizat
9779,25050,869,1155,4,5,1155,privat,finalizat
9780,25051,966,824,4,3,966,deschis,finalizat
9781,25052,1482,,,,,deschis,expirat
9782,25053,1323,28,4,2,1323,privat,finalizat
9783,25058,839,1974,3,2,839,privat,finalizat
9784,25060,382,74,3,4,74,privat,finalizat
9785,25061,867,1685,,,,deschis,fara_rezultat
9786,25063,1943,1600,3,0,1943,privat,finalizat
9787,25065,584,2280,4,1,584,deschis,finalizat
9788,25067,229,1456,2,4,1456,privat,finalizat
9789,25071,434,993,3,0,434,privat,finalizat
9790,25072,2406,1606,0,3,1606,privat,finalizat
9791,25073,2093,993,5,2,2093,privat,finalizat
9792,25076,131,1007,1,4,1007,privat,finalizat
9793,25078,1723,300,1,4,300,deschis,finalizat
9794,25080,2253,2099,4,3,2253,deschis,finalizat
9795,25083,639,,,,,deschis,expirat
9796,25087,778,2452,1,5,2452,privat,finalizat
9797,25090,2283,498,5,2,2283,privat,finalizat
9798,25094,915,904,3,2,915,deschis,finalizat
9799,25096,1146,1173,,,,deschis,fara_rezultat
9800,25097,2308,1588,,,,deschis,fara_rezultat
9801,25098,397,1808,1,4,1808,privat,finalizat
9802,25099,760,1397,2,3,1397,privat,finalizat
9803,25103,144,2316,3,4,2316,privat,finalizat
9804,25104,775,,,,,deschis,expirat
9805,25105,2327,1164,3,0,2327,privat,finalizat
9806,25106,1338,,,,,deschis,expirat
9807,25107,1646,1283,3,1,1646,deschis,finalizat
9808,25108,2281,94,4,2,2281,privat,finalizat
9809,25113,1631,1461,,,,privat,fara_rezultat
9810,25114,2367,2213,5,3,2367,privat,finalizat
9811,25115,1226,,,,,deschis,expirat
9812,25118,1820,2483,2,5,2483,privat,finalizat
9813,25123,2255,2209,3,4,2209,privat,finalizat
9814,25128,2293,1814,,,,privat,fara_rezultat
9815,25130,993,,,,,deschis,expirat
9816,25132,1710,2065,4,0,1710,privat,finalizat
9817,25133,1566,959,,,,privat,fara_rezultat
9818,25134,1262,2261,2,4,2261,privat,finalizat
9819,25135,428,602,5,0,428,privat,finalizat
9820,25138,1611,1633,2,5,1633,privat,finalizat
9821,25141,2257,,,,,deschis,expirat
9822,25142,2427,231,5,3,2427,privat,finalizat
9823,25144,1022,1593,5,4,1022,privat,finalizat
9824,25148,1144,2225,2,5,2225,privat,finalizat
9825,25149,242,1350,3,5,1350,privat,finalizat
9826,25150,1284,1203,,,,privat,fara_rezultat
9827,25155,913,188,,,,privat,fara_rezultat
9828,25156,2317,2308,0,3,2308,privat,finalizat
9829,25157,187,1710,4,5,1710,privat,finalizat
9830,25158,1108,1543,3,1,1108,privat,finalizat
9831,25159,2363,1853,2,5,1853,deschis,finalizat
9832,25165,128,1493,2,3,1493,deschis,finalizat
9833,25168,1426,2218,4,5,2218,deschis,finalizat
9834,25173,1968,493,1,4,493,privat,finalizat
9835,25176,1415,1424,,,,privat,fara_rezultat
9836,25178,2467,1267,0,3,1267,privat,finalizat
9837,25179,1400,998,0,4,998,privat,finalizat
9838,25181,1131,1901,4,0,1131,privat,finalizat
9839,25182,666,1010,4,1,666,privat,finalizat
9840,25183,1000,951,5,4,1000,deschis,finalizat
9841,25185,2092,182,4,1,2092,privat,finalizat
9842,25190,304,1503,2,4,1503,privat,finalizat
9843,25194,1011,718,2,3,718,privat,finalizat
9844,25200,1686,134,2,4,134,deschis,finalizat
9845,25204,525,945,2,3,945,deschis,finalizat
9846,25209,1411,261,,,,privat,fara_rezultat
9847,25210,1506,1773,4,2,1506,privat,finalizat
9848,25213,819,,,,,deschis,expirat
9849,25214,2329,958,2,4,958,privat,finalizat
9850,25216,767,1164,,,,deschis,fara_rezultat
9851,25217,1497,1102,5,4,1497,privat,finalizat
9852,25218,2138,187,2,3,187,privat,finalizat
9853,25221,651,454,3,0,651,privat,finalizat
9854,25222,278,255,5,2,278,privat,finalizat
9855,25223,1681,720,4,3,1681,privat,finalizat
9856,25230,1147,1273,0,5,1273,privat,finalizat
9857,25231,2126,787,,,,privat,fara_rezultat
9858,25232,1808,643,4,3,1808,privat,finalizat
9859,25233,1321,517,4,1,1321,privat,finalizat
9860,25235,2358,1095,,,,privat,fara_rezultat
9861,25237,49,1928,3,2,49,privat,finalizat
9862,25241,2138,896,3,5,896,privat,finalizat
9863,25245,243,886,3,2,243,privat,finalizat
9864,25246,1094,,,,,deschis,expirat
9865,25249,403,,,,,deschis,expirat
9866,25250,1752,1645,5,1,1752,privat,finalizat
9867,25252,1570,1701,1,4,1701,privat,finalizat
9868,25255,163,337,5,4,163,privat,finalizat
9869,25256,1804,665,,,,privat,fara_rezultat
9870,25258,1134,1959,1,4,1959,privat,finalizat
9871,25266,1506,,,,,deschis,expirat
9872,25274,1717,1299,5,3,1717,privat,finalizat
9873,25281,2270,421,4,2,2270,privat,finalizat
9874,25286,1917,1732,5,1,1917,privat,finalizat
9875,25292,1341,,,,,deschis,expirat
9876,25294,2436,119,,,,privat,fara_rezultat
9877,25297,1228,1881,,,,privat,fara_rezultat
9878,25298,502,2198,2,5,2198,privat,finalizat
9879,25301,187,1681,0,3,1681,privat,finalizat
9880,25306,360,,,,,deschis,expirat
9881,25307,123,1270,1,4,1270,deschis,finalizat
9882,25309,1669,1424,3,2,1669,privat,finalizat
9883,25313,2017,,,,,deschis,expirat
9884,25314,1401,1961,0,3,1961,privat,finalizat
9885,25315,2329,2035,5,0,2329,privat,finalizat
9886,25318,1094,1452,,,,deschis,fara_rezultat
9887,25320,2286,15,1,3,15,privat,finalizat
9888,25322,2391,406,1,5,406,privat,finalizat
9889,25325,2009,1451,1,3,1451,privat,finalizat
9890,25327,1974,70,,,,deschis,fara_rezultat
9891,25331,1329,2027,0,3,2027,deschis,finalizat
9892,25333,1278,2207,1,3,2207,privat,finalizat
9893,25337,2304,1354,4,3,2304,deschis,finalizat
9894,25339,1775,794,4,2,1775,privat,finalizat
9895,25340,454,257,3,0,454,privat,finalizat
9896,25341,2004,1998,,,,privat,fara_rezultat
9897,25342,1968,1581,4,3,1968,privat,finalizat
9898,25344,1928,1735,5,0,1928,privat,finalizat
9899,25346,2233,958,3,0,2233,privat,finalizat
9900,25349,2186,1333,5,3,2186,privat,finalizat
9901,25351,328,938,3,2,328,privat,finalizat
9902,25352,2091,2013,4,1,2091,privat,finalizat
9903,25353,638,2286,,,,privat,fara_rezultat
9904,25356,1281,2414,4,3,1281,privat,finalizat
9905,25357,2218,2288,0,4,2288,deschis,finalizat
9906,25359,1206,1223,2,4,1223,privat,finalizat
9907,25362,2112,369,3,5,369,privat,finalizat
9908,25363,269,1652,2,3,1652,privat,finalizat
9909,25369,1171,768,3,0,1171,privat,finalizat
9910,25371,2147,1411,3,0,2147,privat,finalizat
9911,25372,722,2447,2,5,2447,privat,finalizat
9912,25375,446,471,4,2,446,privat,finalizat
9913,25377,1953,412,,,,privat,fara_rezultat
9914,25380,319,1424,1,5,1424,privat,finalizat
9915,25381,300,420,2,5,420,privat,finalizat
9916,25382,1108,2003,0,5,2003,privat,finalizat
9917,25387,1919,1222,5,2,1919,privat,finalizat
9918,25388,1646,1961,3,2,1646,deschis,finalizat
9919,25389,651,,,,,deschis,expirat
9920,25392,1739,1915,,,,deschis,fara_rezultat
9921,25398,1413,,,,,deschis,expirat
9922,25404,2453,1807,3,1,2453,privat,finalizat
9923,25410,54,442,3,2,54,privat,finalizat
9924,25414,1236,351,1,3,351,deschis,finalizat
9925,25417,878,1883,0,3,1883,privat,finalizat
9926,25419,2025,1418,,,,privat,fara_rezultat
9927,25420,77,2025,5,3,77,privat,finalizat
9928,25421,2254,1441,,,,privat,fara_rezultat
9929,25422,1544,13,3,1,1544,privat,finalizat
9930,25424,1945,2086,5,4,1945,privat,finalizat
9931,25426,2142,1379,3,1,2142,privat,finalizat
9932,25427,2119,529,1,5,529,privat,finalizat
9933,25430,396,1712,1,4,1712,privat,finalizat
9934,25431,550,2345,3,2,550,privat,finalizat
9935,25438,215,1462,0,4,1462,privat,finalizat
9936,25440,193,1777,5,2,193,privat,finalizat
9937,25446,1415,992,3,1,1415,privat,finalizat
9938,25447,40,829,,,,privat,fara_rezultat
9939,25458,1505,2176,1,4,2176,privat,finalizat
9940,25462,583,1689,2,5,1689,privat,finalizat
9941,25463,1574,2215,5,3,1574,deschis,finalizat
9942,25464,1130,338,4,5,338,privat,finalizat
9943,25467,1466,1409,2,5,1409,privat,finalizat
9944,25468,1804,,,,,deschis,expirat
9945,25473,647,2381,2,4,2381,privat,finalizat
9946,25475,1219,384,0,3,384,privat,finalizat
9947,25477,1965,1870,3,4,1870,privat,finalizat
9948,25478,2056,1867,2,3,1867,privat,finalizat
9949,25480,517,1826,3,0,517,deschis,finalizat
9950,25481,471,1028,1,4,1028,privat,finalizat
9951,25482,1829,1564,0,3,1564,privat,finalizat
9952,25483,304,1419,3,2,304,deschis,finalizat
9953,25484,2090,2006,5,2,2090,privat,finalizat
9954,25485,828,1763,,,,deschis,fara_rezultat
9955,25490,499,1710,2,5,1710,privat,finalizat
9956,25491,1270,836,2,3,836,privat,finalizat
9957,25493,1102,2169,4,1,1102,deschis,finalizat
9958,25497,234,2250,2,4,2250,privat,finalizat
9959,25498,1894,1919,,,,deschis,fara_rezultat
9960,25503,1981,,,,,deschis,expirat
9961,25504,553,1402,0,5,1402,privat,finalizat
9962,25507,55,2258,0,4,2258,deschis,finalizat
9963,25508,561,1364,0,5,1364,privat,finalizat
9964,25509,1250,244,2,3,244,privat,finalizat
9965,25510,2270,,,,,deschis,expirat
9966,25511,2332,2074,3,5,2074,privat,finalizat
9967,25513,382,308,3,4,308,deschis,finalizat
9968,25514,1324,,,,,deschis,expirat
9969,25516,2044,2054,2,4,2054,privat,finalizat
9970,25520,2025,1720,0,3,1720,deschis,finalizat
9971,25521,296,857,1,4,857,deschis,finalizat
9972,25526,2471,1588,1,3,1588,privat,finalizat
9973,25527,91,,,,,deschis,expirat
9974,25528,753,2436,4,5,2436,privat,finalizat
9975,25532,384,1663,2,5,1663,privat,finalizat
9976,25537,464,2070,1,5,2070,deschis,finalizat
9977,25539,1179,,,,,deschis,expirat
9978,25540,1646,2357,5,2,1646,privat,finalizat
9979,25541,1669,759,3,2,1669,privat,finalizat
9980,25542,894,2106,,,,deschis,fara_rezultat
9981,25548,2453,1467,0,3,1467,deschis,finalizat
9982,25549,2286,2129,4,1,2286,privat,finalizat
9983,25550,175,1480,2,5,1480,privat,finalizat
9984,25552,1384,1796,,,,privat,fara_rezultat
9985,25555,2009,2375,1,4,2375,deschis,finalizat
9986,25556,1898,595,2,3,595,deschis,finalizat
9987,25563,1862,,,,,deschis,expirat
9988,25571,1278,2142,0,3,2142,privat,finalizat
9989,25572,1456,2308,,,,privat,fara_rezultat
9990,25573,1687,765,5,2,1687,privat,finalizat
9991,25574,1564,2090,1,5,2090,privat,finalizat
9992,25575,1630,1620,2,5,1620,deschis,finalizat
9993,25578,1937,,,,,deschis,expirat
9994,25588,2224,464,0,3,464,privat,finalizat
9995,25590,959,1102,,,,privat,fara_rezultat
9996,25591,1283,428,3,4,428,privat,finalizat
9997,25595,966,431,4,3,966,privat,finalizat
9998,25596,2270,331,,,,privat,fara_rezultat
9999,25598,1158,2332,2,3,2332,deschis,finalizat
10000,25599,516,771,,,,deschis,fara_rezultat
10001,25600,1757,534,3,4,534,privat,finalizat
10002,25602,1148,2370,3,5,2370,privat,finalizat
10003,25606,221,2084,5,3,221,privat,finalizat
10004,25614,816,550,2,3,550,privat,finalizat
10005,25616,2406,1606,,,,privat,fara_rezultat
10006,25620,550,,,,,deschis,expirat
10007,25623,529,1682,5,0,529,privat,finalizat
10008,25629,664,1456,3,1,664,deschis,finalizat
10009,25632,575,432,,,,deschis,fara_rezultat
10010,25634,94,649,1,4,649,privat,finalizat
10011,25636,1011,2340,4,3,1011,privat,finalizat
10012,25639,343,1285,4,2,343,privat,finalizat
10013,25642,751,,,,,deschis,expirat
10014,25644,2024,285,4,5,285,deschis,finalizat
10015,25649,819,1986,0,3,1986,deschis,finalizat
10016,25656,1681,682,4,5,682,deschis,finalizat
10017,25659,1367,2169,1,3,2169,deschis,finalizat
10018,25661,2177,2097,2,4,2097,privat,finalizat
10019,25665,2288,313,3,2,2288,privat,finalizat
10020,25666,2417,395,3,1,2417,deschis,finalizat
10021,25671,1502,1958,3,0,1502,deschis,finalizat
10022,25673,29,,,,,deschis,expirat
10023,25674,1580,10,5,4,1580,privat,finalizat
10024,25676,774,2404,3,1,774,privat,finalizat
10025,25677,399,1364,,,,privat,fara_rezultat
10026,25678,2487,,,,,deschis,expirat
10027,25679,442,2223,5,3,442,privat,finalizat
10028,25683,775,,,,,deschis,expirat
10029,25684,432,500,3,4,500,privat,finalizat
10030,25686,131,2305,4,2,131,privat,finalizat
10031,25688,1155,17,5,2,1155,deschis,finalizat
10032,25693,974,778,4,3,974,deschis,finalizat
10033,25696,343,1255,0,3,1255,privat,finalizat
10034,25697,295,2196,,,,privat,fara_rezultat
10035,25698,2426,1812,1,4,1812,privat,finalizat
10036,25703,2225,1792,5,0,2225,privat,finalizat
10037,25704,819,2141,2,5,2141,deschis,finalizat
10038,25706,862,1763,3,0,862,privat,finalizat
10039,25707,1753,1379,4,1,1753,privat,finalizat
10040,25708,862,,,,,deschis,expirat
10041,25713,1603,2004,5,4,1603,deschis,finalizat
10042,25714,2467,2033,0,5,2033,privat,finalizat
10043,25716,170,7,,,,privat,fara_rezultat
10044,25717,1424,2062,3,1,1424,privat,finalizat
10045,25718,1622,1598,1,5,1598,privat,finalizat
10046,25719,1961,1155,0,3,1155,privat,finalizat
10047,25725,2175,2067,3,1,2175,privat,finalizat
10048,25726,244,1597,,,,deschis,fara_rezultat
10049,25727,490,1982,3,1,490,deschis,finalizat
10050,25728,200,245,5,1,200,privat,finalizat
10051,25733,1844,119,2,5,119,privat,finalizat
10052,25736,182,2436,4,5,2436,deschis,finalizat
10053,25738,2433,2327,0,4,2327,privat,finalizat
10054,25741,1849,483,,,,privat,fara_rezultat
10055,25742,1437,490,3,4,490,privat,finalizat
10056,25745,357,,,,,deschis,expirat
10057,25751,184,412,1,4,412,privat,finalizat
10058,25752,529,664,5,3,529,privat,finalizat
10059,25757,2308,1588,5,1,2308,privat,finalizat
10060,25761,2126,1456,,,,privat,fara_rezultat
10061,25765,2357,135,,,,privat,fara_rezultat
10062,25771,573,2168,,,,privat,fara_rezultat
10063,25772,123,311,,,,deschis,fara_rezultat
10064,25773,94,465,4,3,94,privat,finalizat
10065,25774,1353,255,2,3,255,privat,finalizat
10066,25786,1685,2145,3,5,2145,deschis,finalizat
10067,25787,2037,512,,,,privat,fara_rezultat
10068,25792,1028,722,3,4,722,deschis,finalizat
10069,25794,633,575,2,5,575,privat,finalizat
10070,25797,2138,1998,1,3,1998,deschis,finalizat
10071,25807,2363,1299,,,,privat,fara_rezultat
10072,25808,1204,845,2,3,845,privat,finalizat
10073,25810,1053,2164,4,0,1053,deschis,finalizat
10074,25813,191,2058,5,4,191,privat,finalizat
10075,25815,1309,478,1,3,478,privat,finalizat
10076,25818,1285,2439,1,5,2439,privat,finalizat
10077,25822,1720,1359,3,1,1720,privat,finalizat
10078,25826,2299,1046,3,0,2299,deschis,finalizat
10079,25827,1944,1881,5,4,1944,privat,finalizat
10080,25829,883,952,,,,privat,fara_rezultat
10081,25830,91,1836,5,2,91,privat,finalizat
10082,25831,1890,450,5,4,1890,privat,finalizat
10083,25835,694,1168,5,2,694,privat,finalizat
10084,25836,1308,,,,,deschis,expirat
10085,25844,1263,183,,,,privat,fara_rezultat
10086,25846,1179,2327,2,5,2327,deschis,finalizat
10087,25848,1631,2041,3,5,2041,privat,finalizat
10088,25850,2327,,,,,deschis,expirat
10089,25852,1191,715,3,0,1191,privat,finalizat
10090,25856,778,1192,,,,privat,fara_rezultat
10091,25857,638,1444,0,3,1444,deschis,finalizat
10092,25860,1680,638,3,1,1680,privat,finalizat
10093,25863,223,2058,2,5,2058,privat,finalizat
10094,25866,516,583,4,0,516,deschis,finalizat
10095,25867,2022,1634,1,5,1634,privat,finalizat
10096,25870,1107,662,3,0,1107,privat,finalizat
10097,25877,1147,1875,,,,deschis,fara_rezultat
10098,25880,2427,2358,5,1,2427,deschis,finalizat
10099,25882,1753,285,,,,privat,fara_rezultat
10100,25885,2108,2292,3,0,2108,privat,finalizat
10101,25886,1129,2147,2,3,2147,privat,finalizat
10102,25888,560,193,4,0,560,privat,finalizat
10103,25889,2087,255,3,1,2087,privat,finalizat
10104,25898,451,1731,2,3,1731,privat,finalizat
10105,25899,2065,1461,1,4,1461,privat,finalizat
10106,25900,2329,,,,,deschis,expirat
10107,25902,745,83,,,,privat,fara_rezultat
10108,25904,1907,,,,,deschis,expirat
10109,25910,1437,181,,,,privat,fara_rezultat
10110,25913,2164,1541,0,3,1541,deschis,finalizat
10111,25918,512,985,3,5,985,privat,finalizat
10112,25922,1428,2296,4,1,1428,privat,finalizat
10113,25924,1134,1060,,,,privat,fara_rezultat
10114,25926,2198,1129,,,,privat,fara_rezultat
10115,25928,198,1663,,,,privat,fara_rezultat
10116,25932,1028,1829,4,0,1028,privat,finalizat
10117,25934,1269,1682,,,,privat,fara_rezultat
10118,25937,2024,139,3,1,2024,deschis,finalizat
10119,25938,2006,1870,3,4,1870,privat,finalizat
10120,25939,187,451,2,3,451,privat,finalizat
10121,25940,1102,1462,2,5,1462,privat,finalizat
10122,25941,2311,1015,,,,deschis,fara_rezultat
10123,25942,2041,40,0,3,40,privat,finalizat
10124,25943,1025,1172,,,,deschis,fara_rezultat
10125,25944,2169,183,0,5,183,privat,finalizat
10126,25948,1958,676,3,5,676,privat,finalizat
10127,25951,2138,123,3,0,2138,privat,finalizat
10128,25955,690,1204,1,5,1204,privat,finalizat
10129,25956,1347,469,2,3,469,privat,finalizat
10130,25960,1573,2015,0,3,2015,privat,finalizat
10131,25961,855,200,5,3,855,privat,finalizat
10132,25964,820,,,,,deschis,expirat
10133,25965,2183,142,,,,deschis,fara_rezultat
10134,25975,1310,1979,3,2,1310,privat,finalizat
10135,25981,1676,598,3,2,1676,privat,finalizat
10136,25984,1022,480,4,2,1022,deschis,finalizat
10137,25985,1644,779,,,,privat,fara_rezultat
10138,25987,1018,779,3,0,1018,privat,finalizat
10139,25989,1419,450,,,,privat,fara_rezultat
10140,25993,537,2273,,,,deschis,fara_rezultat
10141,25994,2308,409,4,2,2308,privat,finalizat
10142,25995,2233,,,,,deschis,expirat
10143,25996,135,1998,5,3,135,privat,finalizat
10144,25998,1238,493,3,2,1238,privat,finalizat
10145,26002,958,125,,,,privat,fara_rezultat
10146,26013,2064,2270,4,1,2064,privat,finalizat
10147,26017,2205,2351,4,3,2205,privat,finalizat
10148,26021,1000,1856,4,5,1856,privat,finalizat
10149,26023,890,113,3,5,113,privat,finalizat
10150,26026,1397,538,0,5,538,deschis,finalizat
10151,26030,2299,2092,,,,privat,fara_rezultat
10152,26031,529,2024,2,5,2024,privat,finalizat
10153,26034,1369,2018,0,3,2018,privat,finalizat
10154,26035,2311,,,,,deschis,expirat
10155,26038,2033,2003,3,1,2033,deschis,finalizat
10156,26047,2164,2384,1,3,2384,deschis,finalizat
10157,26053,2068,547,3,2,2068,privat,finalizat
10158,26054,2288,626,0,4,626,privat,finalizat
10159,26063,1770,1382,,,,privat,fara_rezultat
10160,26065,942,1000,0,4,1000,privat,finalizat
10161,26066,979,2165,3,0,979,privat,finalizat
10162,26067,1000,,,,,deschis,expirat
10163,26068,1663,,,,,deschis,expirat
10164,26069,1965,159,1,3,159,privat,finalizat
10165,26070,396,1095,4,1,396,deschis,finalizat
10166,26073,1490,231,,,,privat,fara_rezultat
10167,26078,391,2287,,,,privat,fara_rezultat
10168,26079,830,1223,2,5,1223,privat,finalizat
10169,26083,1786,412,5,2,1786,deschis,finalizat
10170,26089,1874,2477,4,5,2477,privat,finalizat
10171,26091,1599,2175,,,,privat,fara_rezultat
10172,26093,502,2126,5,4,502,privat,finalizat
10173,26095,1244,2331,,,,privat,fara_rezultat
10174,26096,866,1769,4,1,866,privat,finalizat
10175,26100,209,1620,,,,deschis,fara_rezultat
10176,26103,2327,887,,,,privat,fara_rezultat
10177,26105,861,2260,1,3,2260,privat,finalizat
10178,26107,274,1531,0,4,1531,deschis,finalizat
10179,26110,213,2103,1,5,2103,privat,finalizat
10180,26114,2304,787,3,4,787,privat,finalizat
10181,26117,41,2018,1,3,2018,privat,finalizat
10182,26118,196,234,,,,privat,fara_rezultat
10183,26120,376,507,,,,privat,fara_rezultat
10184,26126,84,359,5,2,84,privat,finalizat
10185,26128,1171,446,4,2,1171,privat,finalizat
10186,26131,1986,1419,4,3,1986,privat,finalizat
10187,26134,2406,33,4,2,2406,privat,finalizat
10188,26137,759,1948,,,,privat,fara_rezultat
10189,26140,1011,1735,4,0,1011,privat,finalizat
10190,26148,1655,1461,5,1,1655,privat,finalizat
10191,26149,1369,1287,,,,privat,fara_rezultat
10192,26150,2354,,,,,deschis,expirat
10193,26153,1109,1519,0,3,1519,deschis,finalizat
10194,26157,2487,,,,,deschis,expirat
10195,26162,1838,663,3,1,1838,privat,finalizat
10196,26165,1089,487,,,,privat,fara_rezultat
10197,26168,1365,1232,4,2,1365,privat,finalizat
10198,26172,1810,2041,3,4,2041,deschis,finalizat
10199,26174,234,2234,,,,deschis,fara_rezultat
10200,26176,1044,,,,,deschis,expirat
10201,26178,101,1693,3,2,101,deschis,finalizat
10202,26179,127,1693,5,4,127,privat,finalizat
10203,26180,308,2139,5,4,308,privat,finalizat
10204,26182,273,588,5,3,273,privat,finalizat
10205,26184,933,100,3,1,933,privat,finalizat
10206,26186,1022,2119,4,5,2119,privat,finalizat
10207,26187,1844,,,,,deschis,expirat
10208,26188,144,779,3,1,144,deschis,finalizat
10209,26190,550,1261,3,2,550,deschis,finalizat
10210,26191,537,768,5,0,537,privat,finalizat
10211,26193,1968,1739,2,5,1739,privat,finalizat
10212,26196,1483,1287,3,4,1287,privat,finalizat
10213,26205,2137,1484,0,4,1484,privat,finalizat
10214,26207,1075,,,,,deschis,expirat
10215,26208,1983,378,3,2,1983,privat,finalizat
10216,26213,1423,,,,,deschis,expirat
10217,26214,2,1173,4,1,2,deschis,finalizat
10218,26215,276,768,2,3,768,privat,finalizat
10219,26216,91,,,,,deschis,expirat
10220,26219,2006,2406,4,3,2006,privat,finalizat
10221,26220,1808,1417,,,,privat,fara_rezultat
10222,26221,633,198,0,3,198,privat,finalizat
10223,26222,794,801,2,3,801,privat,finalizat
10224,26223,1919,2168,4,5,2168,privat,finalizat
10225,26226,1566,2041,5,2,1566,privat,finalizat
10226,26230,1462,2309,5,0,1462,privat,finalizat
10227,26231,2070,,,,,deschis,expirat
10228,26233,1191,791,5,0,1191,deschis,finalizat
10229,26234,2213,2229,3,0,2213,privat,finalizat
10230,26244,1626,,,,,deschis,expirat
10231,26245,442,666,1,5,666,privat,finalizat
10232,26246,663,67,0,3,67,privat,finalizat
10233,26249,53,1945,2,3,1945,privat,finalizat
10234,26255,374,1411,,,,privat,fara_rezultat
10235,26257,1593,1763,4,0,1593,privat,finalizat
10236,26258,1219,1794,,,,privat,fara_rezultat
10237,26259,1919,2467,5,1,1919,privat,finalizat
10238,26260,499,1262,3,5,1262,privat,finalizat
10239,26261,1566,676,3,1,1566,privat,finalizat
10240,26262,1178,621,4,1,1178,privat,finalizat
10241,26263,1415,348,3,4,348,deschis,finalizat
10242,26267,1459,886,3,0,1459,privat,finalizat
10243,26270,1303,1162,1,4,1162,privat,finalizat
10244,26275,1994,1289,1,5,1289,privat,finalizat
10245,26276,81,175,4,2,81,privat,finalizat
10246,26277,730,141,1,3,141,privat,finalizat
10247,26280,81,1633,0,3,1633,privat,finalizat
10248,26283,1271,1900,2,5,1900,privat,finalizat
10249,26286,1257,1545,3,4,1545,deschis,finalizat
10250,26287,2102,1298,1,3,1298,privat,finalizat
10251,26288,2227,1129,,,,privat,fara_rezultat
10252,26289,159,1789,,,,deschis,fara_rezultat
10253,26291,952,993,3,2,952,privat,finalizat
10254,26294,2207,1663,5,3,2207,privat,finalizat
10255,26302,2003,2366,2,3,2366,privat,finalizat
10256,26305,1029,1528,5,0,1029,privat,finalizat
10257,26306,2018,1813,0,4,1813,privat,finalizat
10258,26307,1488,,,,,deschis,expirat
10259,26308,2369,1495,3,0,2369,privat,finalizat
10260,26309,687,2151,,,,privat,fara_rezultat
10261,26312,639,,,,,deschis,expirat
10262,26314,2175,2452,4,5,2452,privat,finalizat
10263,26315,2091,191,2,3,191,privat,finalizat
10264,26317,366,2278,0,3,2278,privat,finalizat
10265,26322,1041,2320,4,5,2320,privat,finalizat
10266,26324,2121,663,2,4,663,privat,finalizat
10267,26326,304,1408,1,3,1408,privat,finalizat
10268,26327,1620,1977,,,,deschis,fara_rezultat
10269,26328,63,1456,5,3,63,deschis,finalizat
10270,26329,2108,1852,0,3,1852,privat,finalizat
10271,26332,234,2087,3,0,234,privat,finalizat
10272,26334,348,837,4,2,348,deschis,finalizat
10273,26335,1929,,,,,deschis,expirat
10274,26336,548,1370,,,,privat,fara_rezultat
10275,26343,2391,1512,0,3,1512,privat,finalizat
10276,26345,55,1003,3,1,55,privat,finalizat
10277,26347,1224,1985,0,4,1985,privat,finalizat
10278,26349,1378,98,,,,privat,fara_rezultat
10279,26351,601,1386,2,4,1386,deschis,finalizat
10280,26352,1128,978,5,2,1128,privat,finalizat
10281,26353,823,2280,3,0,823,deschis,finalizat
10282,26354,324,1916,3,2,324,privat,finalizat
10283,26358,1129,1138,,,,privat,fara_rezultat
10284,26360,2482,2308,,,,privat,fara_rezultat
10285,26362,1292,1168,4,0,1292,deschis,finalizat
10286,26365,2207,2471,5,2,2207,privat,finalizat
10287,26366,424,63,1,3,63,privat,finalizat
10288,26369,2228,807,,,,privat,fara_rezultat
10289,26370,1168,1977,0,4,1977,privat,finalizat
10290,26371,2369,1534,4,1,2369,privat,finalizat
10291,26372,957,1155,4,5,1155,privat,finalizat
10292,26374,1082,,,,,deschis,expirat
10293,26376,1179,,,,,deschis,expirat
10294,26380,1291,926,,,,deschis,fara_rezultat
10295,26381,1101,79,,,,deschis,fara_rezultat
10296,26383,2239,,,,,deschis,expirat
10297,26385,274,,,,,deschis,expirat
10298,26393,13,872,,,,deschis,fara_rezultat
10299,26394,668,246,,,,deschis,fara_rezultat
10300,26397,1490,1762,2,4,1762,privat,finalizat
10301,26398,1358,694,0,4,694,privat,finalizat
10302,26399,109,1220,5,2,109,privat,finalizat
10303,26400,1163,,,,,deschis,expirat
10304,26402,2138,499,,,,deschis,fara_rezultat
10305,26403,2376,518,3,1,2376,privat,finalizat
10306,26405,2311,234,,,,deschis,fara_rezultat
10307,26407,2224,1488,3,0,2224,privat,finalizat
10308,26408,1401,7,1,3,7,privat,finalizat
10309,26409,971,2340,4,2,971,privat,finalizat
10310,26410,420,2340,5,4,420,deschis,finalizat
10311,26411,255,958,4,1,255,deschis,finalizat
10312,26412,549,696,2,5,696,privat,finalizat
10313,26413,689,,,,,deschis,expirat
10314,26415,1323,1918,4,1,1323,deschis,finalizat
10315,26417,1053,376,3,2,1053,privat,finalizat
10316,26419,1683,1900,4,5,1900,privat,finalizat
10317,26421,134,,,,,deschis,expirat
10318,26422,1901,1020,1,5,1020,privat,finalizat
10319,26425,1306,16,1,4,16,privat,finalizat
10320,26426,663,978,0,3,978,privat,finalizat
10321,26427,296,395,1,4,395,deschis,finalizat
10322,26429,1591,1168,3,1,1591,deschis,finalizat
10323,26434,952,694,1,3,694,deschis,finalizat
10324,26436,1663,229,5,4,1663,privat,finalizat
10325,26440,2120,196,2,4,196,privat,finalizat
10326,26443,894,135,,,,privat,fara_rezultat
10327,26446,2153,615,0,3,615,privat,finalizat
10328,26448,1981,554,3,2,1981,privat,finalizat
10329,26449,1040,,,,,deschis,expirat
10330,26451,854,700,,,,privat,fara_rezultat
10331,26452,921,2468,1,3,2468,privat,finalizat
10332,26453,1384,2452,0,3,2452,deschis,finalizat
10333,26454,1109,376,3,1,1109,privat,finalizat
10334,26455,820,1597,4,1,820,deschis,finalizat
10335,26456,1974,1596,0,3,1596,privat,finalizat
10336,26462,2076,1441,5,3,2076,privat,finalizat
10337,26463,1146,179,5,2,1146,privat,finalizat
10338,26466,2442,487,3,4,487,privat,finalizat
10339,26467,722,,,,,deschis,expirat
10340,26470,816,2141,4,1,816,privat,finalizat
10341,26471,2225,1471,5,1,2225,deschis,finalizat
10342,26473,819,1417,3,1,819,privat,finalizat
10343,26480,1219,397,2,3,397,deschis,finalizat
10344,26481,1292,517,4,5,517,deschis,finalizat
10345,26483,98,1327,2,3,1327,deschis,finalizat
10346,26486,119,1844,3,5,1844,privat,finalizat
10347,26493,1758,2164,3,2,1758,privat,finalizat
10348,26498,639,700,3,5,700,privat,finalizat
10349,26500,749,,,,,deschis,expirat
10350,26501,227,1490,4,0,227,privat,finalizat
10351,26504,1008,90,1,4,90,privat,finalizat
10352,26505,138,2331,0,4,2331,privat,finalizat
10353,26508,1115,,,,,deschis,expirat
10354,26511,596,1804,3,5,1804,privat,finalizat
10355,26512,321,1362,2,3,1362,privat,finalizat
10356,26513,2227,434,5,0,2227,privat,finalizat
10357,26516,2169,1011,,,,privat,fara_rezultat
10358,26518,1548,2340,2,3,2340,privat,finalizat
10359,26519,2153,1044,0,3,1044,privat,finalizat
10360,26521,1099,,,,,deschis,expirat
10361,26522,424,2427,4,2,424,deschis,finalizat
10362,26524,1238,1737,,,,privat,fara_rezultat
10363,26525,959,196,4,1,959,privat,finalizat
10364,26526,172,247,3,2,172,privat,finalizat
10365,26529,2471,,,,,deschis,expirat
10366,26534,1044,2239,2,3,2239,privat,finalizat
10367,26535,2435,328,4,1,2435,privat,finalizat
10368,26537,1030,1812,,,,deschis,fara_rezultat
10369,26538,1411,144,,,,privat,fara_rezultat
10370,26539,49,521,0,4,521,privat,finalizat
10371,26540,2467,,,,,deschis,expirat
10372,26545,2427,1874,,,,privat,fara_rezultat
10373,26549,304,384,2,5,384,privat,finalizat
10374,26550,1095,1591,2,3,1591,privat,finalizat
10375,26551,2093,952,,,,privat,fara_rezultat
10376,26564,2185,,,,,deschis,expirat
10377,26565,805,1204,4,1,805,privat,finalizat
10378,26569,2091,1621,4,2,2091,privat,finalizat
10379,26570,839,1901,3,0,839,privat,finalizat
10380,26576,807,1490,2,5,1490,privat,finalizat
10381,26580,237,2004,5,2,237,privat,finalizat
10382,26582,1948,811,3,1,1948,privat,finalizat
10383,26590,948,382,0,3,382,privat,finalizat
10384,26591,2137,1455,3,5,1455,deschis,finalizat
10385,26594,905,1045,5,1,905,privat,finalizat
10386,26598,1365,2345,,,,privat,fara_rezultat
10387,26599,2024,1986,2,3,1986,privat,finalizat
10388,26602,2224,2018,5,4,2224,privat,finalizat
10389,26603,2379,,,,,deschis,expirat
10390,26605,428,1338,2,4,1338,privat,finalizat
10391,26607,1424,1636,3,0,1424,privat,finalizat
10392,26608,1598,1543,,,,privat,fara_rezultat
10393,26610,2106,125,4,3,2106,deschis,finalizat
10394,26614,2476,1439,0,3,1439,privat,finalizat
10395,26617,1693,1519,,,,privat,fara_rezultat
10396,26618,2486,2190,4,5,2190,deschis,finalizat
10397,26620,245,2110,3,5,2110,privat,finalizat
10398,26622,1985,,,,,deschis,expirat
10399,26623,2375,2000,,,,privat,fara_rezultat
10400,26624,1819,,,,,deschis,expirat
10401,26625,1122,1493,3,1,1122,privat,finalizat
10402,26626,867,2193,4,0,867,privat,finalizat
10403,26627,1653,1324,4,2,1653,privat,finalizat
10404,26628,2184,2196,3,2,2184,privat,finalizat
10405,26629,2380,1600,2,4,1600,privat,finalizat
10406,26631,579,2484,1,4,2484,privat,finalizat
10407,26636,2406,1408,3,2,2406,privat,finalizat
10408,26638,1397,,,,,deschis,expirat
10409,26639,443,619,4,5,619,privat,finalizat
10410,26643,1669,1929,1,3,1929,privat,finalizat
10411,26644,794,2357,5,0,794,privat,finalizat
10412,26647,650,2106,3,4,2106,privat,finalizat
10413,26649,2261,428,,,,privat,fara_rezultat
10414,26653,2138,916,3,0,2138,privat,finalizat
10415,26655,115,798,,,,deschis,fara_rezultat
10416,26658,558,581,3,4,581,privat,finalizat
10417,26659,2483,1807,2,3,1807,privat,finalizat
10418,26662,186,956,0,3,956,deschis,finalizat
10419,26665,1525,2131,5,3,1525,deschis,finalizat
10420,26670,113,872,4,5,872,deschis,finalizat
10421,26671,1431,2417,0,5,2417,privat,finalizat
10422,26673,471,722,4,2,471,deschis,finalizat
10423,26675,184,751,3,4,751,privat,finalizat
10424,26678,91,182,2,5,182,privat,finalizat
10425,26680,2497,1754,4,5,1754,privat,finalizat
10426,26683,2115,79,4,1,2115,privat,finalizat
10427,26685,1973,2367,5,1,1973,privat,finalizat
10428,26687,2110,1349,0,4,1349,privat,finalizat
10429,26690,1413,1115,,,,deschis,fara_rezultat
10430,26691,590,54,2,4,54,privat,finalizat
10431,26692,2269,335,,,,deschis,fara_rezultat
10432,26694,2037,691,1,5,691,privat,finalizat
10433,26696,780,173,4,2,780,privat,finalizat
10434,26697,2271,235,5,4,2271,privat,finalizat
10435,26698,1833,13,0,4,13,privat,finalizat
10436,26700,787,816,2,3,816,deschis,finalizat
10437,26703,1138,1419,1,4,1419,privat,finalizat
10438,26704,1098,2317,1,5,2317,privat,finalizat
10439,26707,1968,1581,1,3,1581,privat,finalizat
10440,26709,1821,887,1,4,887,privat,finalizat
10441,26712,2357,1415,5,1,2357,privat,finalizat
10442,26718,19,199,,,,deschis,fara_rezultat
10443,26734,1826,815,3,5,815,privat,finalizat
10444,26736,174,1581,5,3,174,deschis,finalizat
10445,26738,1394,802,,,,privat,fara_rezultat
10446,26740,873,1512,2,3,1512,deschis,finalizat
10447,26741,16,1804,5,3,16,deschis,finalizat
10448,26743,1390,,,,,deschis,expirat
10449,26745,396,575,4,5,575,deschis,finalizat
10450,26747,1080,,,,,deschis,expirat
10451,26748,396,1836,3,1,396,privat,finalizat
10452,26749,261,480,5,3,261,privat,finalizat
10453,26750,692,128,,,,deschis,fara_rezultat
10454,26752,749,1530,3,4,1530,privat,finalizat
10455,26759,1635,424,2,3,424,privat,finalizat
10456,26760,1688,257,4,2,1688,privat,finalizat
10457,26763,160,936,4,3,160,privat,finalizat
10458,26766,2108,,,,,deschis,expirat
10459,26769,1458,,,,,deschis,expirat
10460,26770,1338,1968,3,2,1338,privat,finalizat
10461,26773,938,1578,,,,deschis,fara_rezultat
10462,26774,321,1838,4,1,321,privat,finalizat
10463,26777,2367,2498,3,2,2367,privat,finalizat
10464,26783,1813,1646,0,3,1646,privat,finalizat
10465,26784,2087,1688,5,1,2087,privat,finalizat
10466,26786,1033,20,5,2,1033,privat,finalizat
10467,26788,1098,1368,4,2,1098,privat,finalizat
10468,26789,550,819,3,0,550,privat,finalizat
10469,26796,2024,862,5,0,2024,deschis,finalizat
10470,26800,2261,958,1,5,958,deschis,finalizat
10471,26804,1022,1712,,,,privat,fara_rezultat
10472,26807,643,,,,,deschis,expirat
10473,26810,2126,119,2,5,119,privat,finalizat
10474,26813,1721,829,1,5,829,privat,finalizat
10475,26815,255,94,0,5,94,privat,finalizat
10476,26819,41,,,,,deschis,expirat
10477,26820,2138,56,5,2,2138,privat,finalizat
10478,26823,554,1402,5,3,554,privat,finalizat
10479,26824,2213,,,,,deschis,expirat
10480,26826,1349,2455,5,4,1349,privat,finalizat
10481,26827,1927,1053,3,0,1927,privat,finalizat
10482,26828,873,2270,5,1,873,privat,finalizat
10483,26830,1519,2258,,,,privat,fara_rezultat
10484,26831,101,,,,,deschis,expirat
10485,26833,1614,1825,2,4,1825,privat,finalizat
10486,26834,1613,468,2,4,468,deschis,finalizat
10487,26836,2123,978,3,2,2123,privat,finalizat
10488,26837,269,1850,5,4,269,deschis,finalizat
10489,26838,227,1592,3,1,227,privat,finalizat
10490,26839,619,2055,3,2,619,deschis,finalizat
10491,26841,1953,1046,1,3,1046,deschis,finalizat
10492,26842,1635,2316,2,3,2316,privat,finalizat
10493,26844,2386,1304,1,3,1304,privat,finalizat
10494,26848,1810,,,,,deschis,expirat
10495,26850,2224,2003,0,4,2003,privat,finalizat
10496,26852,399,490,5,1,399,privat,finalizat
10497,26854,2176,1444,1,4,1444,privat,finalizat
10498,26855,2042,1898,3,1,2042,deschis,finalizat
10499,26858,235,1119,1,5,1119,privat,finalizat
10500,26859,177,1256,3,0,177,privat,finalizat
10501,26860,2427,2092,0,3,2092,deschis,finalizat
10502,26861,1254,819,4,3,1254,privat,finalizat
10503,26869,301,1791,1,3,1791,deschis,finalizat
10504,26870,131,685,2,3,685,privat,finalizat
10505,26875,737,499,3,2,737,privat,finalizat
10506,26876,1244,297,4,3,1244,privat,finalizat
10507,26879,1335,2098,5,1,1335,privat,finalizat
10508,26882,1384,820,3,2,1384,deschis,finalizat
10509,26885,1224,55,3,5,55,privat,finalizat
10510,26888,1933,1912,4,2,1933,privat,finalizat
10511,26891,303,2044,3,1,303,privat,finalizat
10512,26893,1080,425,,,,privat,fara_rezultat
10513,26894,1428,,,,,deschis,expirat
10514,26896,340,143,5,2,340,privat,finalizat
10515,26898,1137,1533,0,3,1533,privat,finalizat
10516,26900,477,,,,,deschis,expirat
10517,26902,2024,1663,,,,privat,fara_rezultat
10518,26905,446,1408,,,,deschis,fara_rezultat
10519,26907,1803,2119,3,4,2119,privat,finalizat
10520,26908,2093,1411,4,3,2093,privat,finalizat
10521,26912,1126,2033,4,1,1126,privat,finalizat
10522,26913,2309,1598,5,1,2309,privat,finalizat
10523,26914,41,755,5,2,41,privat,finalizat
10524,26918,1968,1008,3,1,1968,privat,finalizat
10525,26923,999,533,4,0,999,privat,finalizat
10526,26925,1876,999,0,5,999,deschis,finalizat
10527,26928,1769,1689,2,4,1689,privat,finalizat
10528,26935,1374,536,1,3,536,privat,finalizat
10529,26936,1549,630,,,,deschis,fara_rezultat
10530,26941,1631,1462,5,2,1631,privat,finalizat
10531,26945,2222,,,,,deschis,expirat
10532,26946,2335,794,5,3,2335,deschis,finalizat
10533,26953,1621,,,,,deschis,expirat
10534,26954,1132,28,3,2,1132,privat,finalizat
10535,26956,510,1611,1,3,1611,privat,finalizat
10536,26962,1372,435,1,4,435,privat,finalizat
10537,26965,2126,480,4,1,2126,privat,finalizat
10538,26972,2065,257,0,4,257,deschis,finalizat
10539,26973,1760,,,,,deschis,expirat
10540,26977,1721,718,3,0,1721,privat,finalizat
10541,26982,83,2239,1,5,2239,privat,finalizat
10542,26984,909,2435,3,1,909,privat,finalizat
10543,26985,681,1499,4,5,1499,privat,finalizat
10544,26986,1580,1849,3,1,1580,privat,finalizat
10545,26988,1115,1668,,,,privat,fara_rezultat
10546,26990,1192,1807,4,5,1807,privat,finalizat
10547,26992,1693,2487,4,0,1693,privat,finalizat
10548,26996,997,355,4,5,355,privat,finalizat
10549,27002,1753,555,3,2,1753,privat,finalizat
10550,27003,1808,2447,1,4,2447,privat,finalizat
10551,27004,2225,2308,4,0,2225,privat,finalizat
10552,27006,2126,722,,,,privat,fara_rezultat
10553,27007,538,432,1,3,432,deschis,finalizat
10554,27008,756,2453,4,1,756,privat,finalizat
10555,27009,1505,68,0,3,68,privat,finalizat
10556,27012,2108,2436,,,,privat,fara_rezultat
10557,27013,438,1744,3,5,1744,privat,finalizat
10558,27014,1063,1073,4,1,1063,privat,finalizat
10559,27015,2126,646,3,1,2126,privat,finalizat
10560,27016,139,,,,,deschis,expirat
10561,27017,396,276,4,2,396,deschis,finalizat
10562,27018,1358,1036,5,3,1358,deschis,finalizat
10563,27019,1653,2054,3,1,1653,privat,finalizat
10564,27022,1605,1159,4,0,1605,privat,finalizat
10565,27024,1112,1505,3,1,1112,privat,finalizat
10566,27025,2326,429,4,3,2326,privat,finalizat
10567,27026,1310,2121,1,4,2121,privat,finalizat
10568,27029,2358,2348,3,4,2348,privat,finalizat
10569,27030,2017,1894,,,,deschis,fara_rezultat
10570,27031,2305,,,,,deschis,expirat
10571,27032,360,1929,0,4,1929,privat,finalizat
10572,27038,229,537,3,0,229,deschis,finalizat
10573,27039,2369,2233,4,1,2369,privat,finalizat
10574,27040,156,123,4,5,123,privat,finalizat
10575,27041,161,1044,,,,privat,fara_rezultat
10576,27046,722,279,4,1,722,privat,finalizat
10577,27048,1028,1419,3,0,1028,deschis,finalizat
10578,27049,1462,1502,,,,deschis,fara_rezultat
10579,27051,901,420,4,5,420,deschis,finalizat
10580,27052,499,7,0,3,7,privat,finalizat
10581,27053,260,1669,4,0,260,privat,finalizat
10582,27055,1057,152,5,4,1057,deschis,finalizat
10583,27056,590,441,5,3,590,privat,finalizat
10584,27059,1012,761,,,,privat,fara_rezultat
10585,27061,1428,2355,4,2,1428,privat,finalizat
10586,27064,664,1786,,,,deschis,fara_rezultat
10587,27066,643,646,,,,privat,fara_rezultat
10588,27068,2496,2250,5,2,2496,privat,finalizat
10589,27072,1040,,,,,deschis,expirat
10590,27074,1087,379,3,4,379,deschis,finalizat
10591,27075,708,85,3,2,708,deschis,finalizat
10592,27077,801,2340,,,,deschis,fara_rezultat
10593,27079,1949,553,1,5,553,privat,finalizat
10594,27088,1480,1384,,,,privat,fara_rezultat
10595,27091,1068,2245,3,0,1068,deschis,finalizat
10596,27092,2325,772,1,5,772,privat,finalizat
10597,27093,1292,1591,4,1,1292,deschis,finalizat
10598,27097,56,1735,3,0,56,privat,finalizat
10599,27098,1813,2252,3,1,1813,privat,finalizat
10600,27100,454,602,3,4,602,privat,finalizat
10601,27101,2116,2004,4,5,2004,deschis,finalizat
10602,27102,1522,,,,,deschis,expirat
10603,27103,145,2369,2,3,2369,privat,finalizat
10604,27104,1717,1402,4,5,1402,privat,finalizat
10605,27107,2091,2183,4,3,2091,privat,finalizat
10606,27110,1355,,,,,deschis,expirat
10607,27111,134,1757,,,,privat,fara_rezultat
10608,27113,366,1133,4,2,366,privat,finalizat
10609,27116,492,964,5,2,492,deschis,finalizat
10610,27117,1748,1660,4,2,1748,privat,finalizat
10611,27119,619,1921,1,3,1921,privat,finalizat
10612,27120,1269,760,5,0,1269,privat,finalizat
10613,27127,1007,301,5,1,1007,privat,finalizat
10614,27128,1821,196,4,5,196,privat,finalizat
10615,27136,520,2211,5,0,520,privat,finalizat
10616,27144,2482,443,5,0,2482,deschis,finalizat
10617,27145,1588,198,4,5,198,privat,finalizat
10618,27147,2447,,,,,deschis,expirat
10619,27152,981,1868,3,0,981,privat,finalizat
10620,27155,957,1015,3,5,1015,privat,finalizat
10621,27159,676,682,4,1,676,privat,finalizat
10622,27161,1394,737,3,0,1394,privat,finalizat
10623,27163,2476,1204,,,,deschis,fara_rezultat
10624,27167,28,1290,4,5,1290,privat,finalizat
10625,27173,860,1221,0,4,1221,deschis,finalizat
10626,27175,867,902,4,0,867,privat,finalizat
10627,27177,1724,137,3,2,1724,privat,finalizat
10628,27180,2315,1986,3,2,2315,privat,finalizat
10629,27184,1370,102,4,1,1370,privat,finalizat
10630,27185,1998,451,4,2,1998,deschis,finalizat
10631,27187,1113,239,1,5,239,deschis,finalizat
10632,27190,1218,992,1,4,992,privat,finalizat
10633,27191,894,2116,2,5,2116,deschis,finalizat
10634,27194,1115,1109,3,2,1115,privat,finalizat
10635,27195,820,977,3,4,977,privat,finalizat
10636,27197,1628,,,,,deschis,expirat
10637,27198,520,531,,,,privat,fara_rezultat
10638,27201,860,1614,2,3,1614,privat,finalizat
10639,27206,1030,1274,4,3,1030,privat,finalizat
10640,27209,214,762,2,4,762,privat,finalizat
10641,27210,1048,,,,,deschis,expirat
10642,27211,91,1292,0,3,1292,privat,finalizat
10643,27213,229,,,,,deschis,expirat
10644,27215,446,694,5,3,446,privat,finalizat
10645,27217,833,1747,5,3,833,privat,finalizat
10646,27221,957,2432,,,,deschis,fara_rezultat
10647,27222,1795,420,1,5,420,deschis,finalizat
10648,27224,1113,811,3,4,811,privat,finalizat
10649,27230,1189,,,,,deschis,expirat
10650,27233,2005,752,3,1,2005,privat,finalizat
10651,27234,750,908,,,,deschis,fara_rezultat
10652,27235,1547,2190,0,5,2190,deschis,finalizat
10653,27236,2270,1602,4,3,2270,privat,finalizat
10654,27237,376,2258,2,4,2258,privat,finalizat
10655,27238,1633,200,3,0,1633,privat,finalizat
10656,27239,1994,2179,3,2,1994,privat,finalizat
10657,27241,1384,,,,,deschis,expirat
10658,27246,792,1484,1,3,1484,privat,finalizat
10659,27251,2431,1305,2,4,1305,deschis,finalizat
10660,27253,367,672,1,3,672,privat,finalizat
10661,27255,1249,1256,2,3,1256,privat,finalizat
10662,27260,1635,2436,3,0,1635,deschis,finalizat
10663,27262,1369,1179,1,3,1179,privat,finalizat
10664,27265,428,650,4,3,428,deschis,finalizat
10665,27267,2329,1739,,,,privat,fara_rezultat
10666,27269,1919,,,,,deschis,expirat
10667,27273,681,314,,,,privat,fara_rezultat
10668,27275,92,1689,5,2,92,privat,finalizat
10669,27279,1974,335,,,,privat,fara_rezultat
10670,27285,2147,646,3,2,2147,privat,finalizat
10671,27287,227,1592,,,,privat,fara_rezultat
10672,27290,689,39,4,3,689,deschis,finalizat
10673,27292,81,,,,,deschis,expirat
10674,27295,2267,1386,1,4,1386,privat,finalizat
10675,27299,2471,1619,3,1,2471,deschis,finalizat
10676,27301,2485,332,3,1,2485,deschis,finalizat
10677,27303,1832,,,,,deschis,expirat
10678,27304,550,,,,,deschis,expirat
10679,27305,529,397,5,1,529,deschis,finalizat
10680,27308,1254,1354,3,1,1254,privat,finalizat
10681,27313,2404,1115,,,,privat,fara_rezultat
10682,27314,2390,821,3,2,2390,privat,finalizat
10683,27315,2189,1886,0,3,1886,deschis,finalizat
10684,27317,977,639,4,3,977,deschis,finalizat
10685,27318,492,2287,5,4,492,privat,finalizat
10686,27319,1113,1522,2,4,1522,privat,finalizat
10687,27324,412,1045,5,0,412,privat,finalizat
10688,27328,861,1636,3,1,861,privat,finalizat
10689,27330,1633,244,,,,privat,fara_rezultat
10690,27332,1872,2215,2,3,2215,privat,finalizat
10691,27334,762,2328,2,4,2328,deschis,finalizat
10692,27335,643,144,5,1,643,deschis,finalizat
10693,27336,2138,1864,5,1,2138,deschis,finalizat
10694,27341,1739,1540,5,2,1739,privat,finalizat
10695,27344,2362,1053,2,5,1053,privat,finalizat
10696,27345,1039,,,,,deschis,expirat
10697,27349,285,2292,3,0,285,privat,finalizat
10698,27351,1673,1522,2,4,1522,privat,finalizat
10699,27353,2003,1370,2,5,1370,privat,finalizat
10700,27358,2426,672,,,,deschis,fara_rezultat
10701,27362,883,,,,,deschis,expirat
10702,27363,1593,1046,3,1,1593,privat,finalizat
10703,27364,1635,1977,4,3,1635,deschis,finalizat
10704,27365,760,1292,3,1,760,deschis,finalizat
10705,27368,1673,170,0,3,170,privat,finalizat
10706,27369,1015,,,,,deschis,expirat
10707,27370,2018,1262,2,4,1262,privat,finalizat
10708,27371,1739,1414,3,0,1739,privat,finalizat
10709,27374,1172,1731,,,,privat,fara_rezultat
10710,27380,1053,1057,1,4,1057,privat,finalizat
10711,27385,1996,1782,2,4,1782,deschis,finalizat
10712,27386,2388,2277,2,3,2277,privat,finalizat
10713,27395,2092,1269,1,3,1269,privat,finalizat
10714,27398,75,1775,5,1,75,privat,finalizat
10715,27404,1044,2473,2,3,2473,privat,finalizat
10716,27409,2129,175,,,,privat,fara_rezultat
10717,27413,1130,457,3,5,457,privat,finalizat
10718,27415,2242,1615,3,2,2242,privat,finalizat
10719,27420,2227,446,4,0,2227,privat,finalizat
10720,27422,1506,2406,3,0,1506,privat,finalizat
10721,27424,2342,538,1,4,538,privat,finalizat
10722,27428,610,2250,3,1,610,deschis,finalizat
10723,27429,301,123,2,3,123,privat,finalizat
10724,27431,1928,2261,,,,privat,fara_rezultat
10725,27433,466,,,,,deschis,expirat
10726,27435,278,1338,1,3,1338,privat,finalizat
10727,27436,1581,493,3,4,493,privat,finalizat
10728,27438,725,732,0,3,732,privat,finalizat
10729,27440,581,,,,,deschis,expirat
10730,27442,142,974,4,0,142,privat,finalizat
10731,27443,2176,376,1,3,376,privat,finalizat
10732,27445,303,1079,,,,privat,fara_rezultat
10733,27448,1030,1336,5,1,1030,privat,finalizat
10734,27450,84,1418,1,3,1418,privat,finalizat
10735,27452,269,2359,3,4,2359,privat,finalizat
10736,27457,2227,1986,5,2,2227,deschis,finalizat
10737,27459,424,1417,3,4,1417,privat,finalizat
10738,27468,1270,495,,,,privat,fara_rezultat
10739,27472,1291,2337,1,3,2337,deschis,finalizat
10740,27476,2067,2384,3,5,2384,deschis,finalizat
10741,27479,429,,,,,deschis,expirat
10742,27483,340,1252,3,2,340,privat,finalizat
10743,27484,1979,1751,3,4,1751,privat,finalizat
10744,27486,2102,147,0,3,147,privat,finalizat
10745,27493,981,1928,5,3,981,privat,finalizat
10746,27494,102,1681,0,3,1681,privat,finalizat
10747,27496,1961,957,4,0,1961,privat,finalizat
10748,27498,981,1287,4,3,981,privat,finalizat
10749,27499,41,1237,0,5,1237,privat,finalizat
10750,27500,1528,237,0,3,237,privat,finalizat
10751,27505,824,19,4,3,824,deschis,finalizat
10752,27506,1313,1210,1,4,1210,privat,finalizat
10753,27507,1313,1845,0,5,1845,privat,finalizat
10754,27508,2208,28,3,5,28,privat,finalizat
10755,27511,28,1005,3,0,28,privat,finalizat
10756,27513,1133,34,1,4,34,privat,finalizat
10757,27516,242,2027,2,4,2027,privat,finalizat
10758,27518,883,779,1,5,779,privat,finalizat
10759,27519,276,1593,1,3,1593,privat,finalizat
10760,27521,1046,1219,2,3,1219,privat,finalizat
10761,27523,1232,,,,,deschis,expirat
10762,27525,816,2292,3,0,816,privat,finalizat
10763,27528,2261,1178,2,4,1178,privat,finalizat
10764,27529,587,1646,4,2,587,privat,finalizat
10765,27535,2311,1928,3,1,2311,privat,finalizat
10766,27538,566,,,,,deschis,expirat
10767,27539,26,713,,,,privat,fara_rezultat
10768,27543,1010,65,3,0,1010,deschis,finalizat
10769,27544,1324,1327,3,1,1324,deschis,finalizat
10770,27547,1896,1736,,,,privat,fara_rezultat
10771,27552,753,2195,5,0,753,privat,finalizat
10772,27557,12,903,4,5,903,privat,finalizat
10773,27559,391,978,5,3,391,privat,finalizat
10774,27560,2320,1812,0,5,1812,privat,finalizat
10775,27564,1022,2147,5,4,1022,privat,finalizat
10776,27568,2228,1368,2,3,1368,privat,finalizat
10777,27570,2024,619,3,0,2024,privat,finalizat
10778,27571,2088,1105,3,0,2088,privat,finalizat
10779,27572,1264,1067,1,5,1067,deschis,finalizat
10780,27573,627,923,1,4,923,privat,finalizat
10781,27575,480,1946,5,2,480,privat,finalizat
10782,27576,1965,1870,3,5,1870,privat,finalizat
10783,27580,1411,2195,5,4,1411,privat,finalizat
10784,27582,1370,1485,3,1,1370,deschis,finalizat
10785,27592,1829,1145,3,4,1145,privat,finalizat
10786,27595,716,864,3,2,716,deschis,finalizat
10787,27600,2370,378,2,3,378,privat,finalizat
10788,27606,1408,1123,,,,deschis,fara_rezultat
10789,27607,1775,1502,0,3,1502,privat,finalizat
10790,27611,894,2430,3,0,894,deschis,finalizat
10791,27614,1444,1547,1,3,1547,privat,finalizat
10792,27615,1167,457,1,4,457,privat,finalizat
10793,27616,1964,2216,5,0,1964,privat,finalizat
10794,27617,661,439,,,,deschis,fara_rezultat
10795,27618,1257,1460,3,0,1257,privat,finalizat
10796,27619,1362,1329,3,0,1362,privat,finalizat
10797,27622,753,2397,1,4,2397,privat,finalizat
10798,27623,2299,2024,0,5,2024,privat,finalizat
10799,27625,2462,360,4,1,2462,privat,finalizat
10800,27629,1192,181,5,1,1192,privat,finalizat
10801,27636,246,1181,4,0,246,privat,finalizat
10802,27639,1867,209,1,3,209,privat,finalizat
10803,27640,517,450,2,4,450,privat,finalizat
10804,27641,619,1171,3,4,1171,privat,finalizat
10805,27645,1368,,,,,deschis,expirat
10806,27646,1415,1388,1,3,1388,privat,finalizat
10807,27649,102,2432,0,3,2432,privat,finalizat
10808,27650,957,1522,4,5,1522,deschis,finalizat
10809,27652,183,1540,3,0,183,privat,finalizat
10810,27653,541,,,,,deschis,expirat
10811,27658,1147,53,2,5,53,deschis,finalizat
10812,27659,119,1219,2,3,1219,deschis,finalizat
10813,27661,450,33,0,4,33,privat,finalizat
10814,27662,2147,2095,,,,deschis,fara_rezultat
10815,27664,527,,,,,deschis,expirat
10816,27665,1388,348,1,5,348,privat,finalizat
10817,27673,1853,1491,0,4,1491,privat,finalizat
10818,27675,87,2453,0,5,2453,privat,finalizat
10819,27680,698,2285,4,1,698,privat,finalizat
10820,27683,1489,147,,,,privat,fara_rezultat
10821,27688,980,1682,5,4,980,privat,finalizat
10822,27692,119,2397,2,3,2397,privat,finalizat
10823,27701,1353,,,,,deschis,expirat
10824,27705,639,577,4,2,639,privat,finalizat
10825,27706,1933,1761,4,0,1933,deschis,finalizat
10826,27707,2148,478,5,4,2148,privat,finalizat
10827,27711,67,1305,2,5,1305,deschis,finalizat
10828,27714,1833,,,,,deschis,expirat
10829,27715,1937,302,,,,privat,fara_rezultat
10830,27716,424,1620,3,2,424,deschis,finalizat
10831,27719,227,1535,3,0,227,privat,finalizat
10832,27722,1144,765,,,,deschis,fara_rezultat
10833,27726,1619,1419,,,,privat,fara_rezultat
10834,27728,861,1811,,,,deschis,fara_rezultat
10835,27735,2222,1760,,,,privat,fara_rezultat
10836,27739,2005,194,3,0,2005,privat,finalizat
10837,27740,1039,2036,,,,privat,fara_rezultat
10838,27741,1982,154,4,0,1982,privat,finalizat
10839,27743,1611,1680,,,,deschis,fara_rezultat
10840,27747,387,2122,,,,privat,fara_rezultat
10841,27750,684,1545,,,,privat,fara_rezultat
10842,27751,1911,662,1,4,662,privat,finalizat
10843,27753,1329,1556,2,5,1556,privat,finalizat
10844,27754,2027,2478,3,2,2027,privat,finalizat
10845,27758,1145,529,4,3,1145,privat,finalizat
10846,27759,1946,2316,0,3,2316,privat,finalizat
10847,27762,819,1789,0,4,1789,privat,finalizat
10848,27763,1018,862,,,,privat,fara_rezultat
10849,27768,1082,518,2,4,518,deschis,finalizat
10850,27769,2018,1051,,,,privat,fara_rezultat
10851,27770,1903,2305,3,0,1903,privat,finalizat
10852,27775,1919,2003,4,0,1919,deschis,finalizat
10853,27776,1603,1237,,,,deschis,fara_rezultat
10854,27782,1807,81,5,2,1807,privat,finalizat
10855,27784,206,728,5,1,206,privat,finalizat
10856,27791,1372,435,1,4,435,privat,finalizat
10857,27794,648,1946,5,3,648,privat,finalizat
10858,27800,2342,529,0,3,529,privat,finalizat
10859,27801,2299,768,0,5,768,privat,finalizat
10860,27802,1808,285,1,5,285,privat,finalizat
10861,27803,91,1644,1,3,1644,privat,finalizat
10862,27805,685,2387,,,,privat,fara_rezultat
10863,27807,1338,1108,3,0,1338,privat,finalizat
10864,27808,170,1388,1,5,1388,deschis,finalizat
10865,27810,901,2070,,,,privat,fara_rezultat
10866,27811,1646,587,4,1,1646,privat,finalizat
10867,27812,2106,451,4,2,2106,deschis,finalizat
10868,27813,428,1414,2,4,1414,privat,finalizat
10869,27814,1551,527,3,4,527,privat,finalizat
10870,27817,196,587,2,4,587,privat,finalizat
10871,27818,94,1213,3,4,1213,deschis,finalizat
10872,27820,1795,135,4,3,1795,privat,finalizat
10873,27825,339,2229,2,3,2229,privat,finalizat
10874,27828,1512,28,,,,privat,fara_rezultat
10875,27831,122,1918,0,3,1918,privat,finalizat
10876,27832,1115,756,4,5,756,privat,finalizat
10877,27836,1433,2384,3,2,1433,deschis,finalizat
10878,27837,1650,1004,5,4,1650,deschis,finalizat
10879,27843,1613,380,5,3,1613,privat,finalizat
10880,27846,1052,417,,,,privat,fara_rezultat
10881,27850,1525,172,2,3,172,privat,finalizat
10882,27853,565,2417,0,3,2417,privat,finalizat
10883,27854,2086,1960,3,2,2086,privat,finalizat
10884,27857,1836,,,,,deschis,expirat
10885,27858,1379,,,,,deschis,expirat
10886,27864,1456,2397,5,4,1456,privat,finalizat
10887,27870,234,887,3,2,234,deschis,finalizat
10888,27872,2311,,,,,deschis,expirat
10889,27875,2010,2467,,,,privat,fara_rezultat
10890,27876,837,1185,5,1,837,deschis,finalizat
10891,27877,1394,1958,2,3,1958,privat,finalizat
10892,27879,339,999,0,4,999,privat,finalizat
10893,27884,1323,2036,3,5,2036,privat,finalizat
10894,27890,2232,1026,5,1,2232,privat,finalizat
10895,27894,65,1613,3,2,65,privat,finalizat
10896,27897,295,367,3,1,295,privat,finalizat
10897,27900,680,1823,1,5,1823,deschis,finalizat
10898,27901,2454,,,,,deschis,expirat
10899,27903,2348,231,5,1,2348,privat,finalizat
10900,27905,1753,227,0,3,227,privat,finalizat
10901,27906,434,2119,2,3,2119,deschis,finalizat
10902,27909,2142,,,,,deschis,expirat
10903,27920,1673,767,4,1,1673,privat,finalizat
10904,27925,17,2087,2,4,2087,privat,finalizat
10905,27928,957,,,,,deschis,expirat
10906,27929,560,2138,,,,privat,fara_rezultat
10907,27930,79,1476,,,,deschis,fara_rezultat
10908,27931,2272,752,3,1,2272,privat,finalizat
10909,27936,778,1053,1,4,1053,privat,finalizat
10910,27941,55,2175,4,3,55,privat,finalizat
10911,27943,1125,1930,3,5,1930,privat,finalizat
10912,27944,821,134,3,5,134,deschis,finalizat
10913,27946,346,1492,,,,privat,fara_rezultat
10914,27947,2414,,,,,deschis,expirat
10915,27951,830,1617,5,3,830,privat,finalizat
10916,27953,749,897,,,,privat,fara_rezultat
10917,27954,340,641,5,4,340,privat,finalizat
10918,27956,1137,1854,2,3,1854,privat,finalizat
10919,27965,443,1171,0,3,1171,privat,finalizat
10920,27966,1361,409,1,5,409,deschis,finalizat
10921,27967,722,,,,,deschis,expirat
10922,27971,1365,630,4,3,1365,privat,finalizat
10923,27972,955,1046,5,4,955,privat,finalizat
10924,27976,1424,1262,3,1,1424,privat,finalizat
10925,27980,1201,135,4,0,1201,privat,finalizat
10926,27984,499,1113,5,3,499,privat,finalizat
10927,27985,901,49,3,1,901,privat,finalizat
10928,27986,2253,966,1,4,966,privat,finalizat
10929,27987,1244,1973,,,,privat,fara_rezultat
10930,27988,2239,2337,4,1,2239,deschis,finalizat
10931,27994,334,1994,4,2,334,privat,finalizat
10932,27997,771,1898,4,1,771,privat,finalizat
10933,27998,2242,6,2,5,6,privat,finalizat
10934,28000,2267,2288,0,4,2288,privat,finalizat
10935,28001,2255,1090,5,3,2255,privat,finalizat
10936,28002,592,2209,,,,privat,fara_rezultat
10937,28009,1946,955,2,5,955,privat,finalizat
10938,28010,2142,2389,0,3,2389,privat,finalizat
10939,28012,529,1663,,,,privat,fara_rezultat
10940,28014,1663,,,,,deschis,expirat
10941,28018,772,862,1,5,862,deschis,finalizat
10942,28020,676,493,0,3,493,privat,finalizat
10943,28021,1631,587,3,5,587,privat,finalizat
10944,28023,1961,360,5,2,1961,privat,finalizat
10945,28028,2327,2281,2,3,2281,privat,finalizat
10946,28029,2462,1598,3,1,2462,privat,finalizat
10947,28034,1609,1505,0,3,1505,privat,finalizat
10948,28035,1071,,,,,deschis,expirat
10949,28036,1109,849,2,5,849,privat,finalizat
10950,28037,1226,154,,,,privat,fara_rezultat
10951,28038,55,849,,,,privat,fara_rezultat
10952,28042,1788,1030,4,2,1788,privat,finalizat
10953,28046,116,,,,,deschis,expirat
10954,28052,2267,2365,,,,privat,fara_rezultat
10955,28056,2121,1264,0,3,1264,privat,finalizat
10956,28057,915,870,1,3,870,privat,finalizat
10957,28058,2316,517,5,4,2316,privat,finalizat
10958,28061,2299,1374,4,1,2299,privat,finalizat
10959,28062,2056,209,1,4,209,privat,finalizat
10960,28063,1154,536,5,1,1154,privat,finalizat
10961,28064,2299,,,,,deschis,expirat
10962,28066,1168,,,,,deschis,expirat
10963,28068,595,585,1,3,585,deschis,finalizat
10964,28070,332,476,4,2,332,privat,finalizat
10965,28071,385,,,,,deschis,expirat
10966,28072,1524,1826,2,3,1826,deschis,finalizat
10967,28075,907,1683,5,1,907,privat,finalizat
10968,28082,730,,,,,deschis,expirat
10969,28083,490,1289,,,,privat,fara_rezultat
10970,28085,1759,268,4,3,1759,privat,finalizat
10971,28088,768,,,,,deschis,expirat
10972,28089,955,1308,2,5,1308,deschis,finalizat
10973,28092,1938,2332,3,2,1938,privat,finalizat
10974,28094,87,1444,5,4,87,privat,finalizat
10975,28096,258,1962,5,0,258,privat,finalizat
10976,28098,404,354,3,0,404,privat,finalizat
10977,28099,1732,2154,5,1,1732,privat,finalizat
10978,28100,551,2193,3,2,551,privat,finalizat
10979,28105,1488,1353,3,2,1488,privat,finalizat
10980,28106,2379,1238,3,4,1238,deschis,finalizat
10981,28110,2391,1364,3,1,2391,deschis,finalizat
10982,28112,1788,858,3,2,1788,privat,finalizat
10983,28114,1047,2463,0,3,2463,privat,finalizat
10984,28115,1171,116,0,5,116,deschis,finalizat
10985,28117,239,465,1,3,465,privat,finalizat
10986,28119,2435,1159,,,,privat,fara_rezultat
10987,28124,15,1531,4,3,15,deschis,finalizat
10988,28127,1714,1273,0,4,1273,privat,finalizat
10989,28128,2055,768,4,2,2055,deschis,finalizat
10990,28129,2358,1095,1,4,1095,privat,finalizat
10991,28130,633,63,2,4,63,privat,finalizat
10992,28135,40,,,,,deschis,expirat
10993,28136,861,2062,0,3,2062,deschis,finalizat
10994,28138,2496,1810,,,,deschis,fara_rezultat
10995,28139,548,2309,1,3,2309,privat,finalizat
10996,28142,938,2435,4,0,938,privat,finalizat
10997,28146,2404,,,,,deschis,expirat
10998,28150,71,1311,0,3,1311,privat,finalizat
10999,28151,1825,253,1,3,253,privat,finalizat
11000,28152,1282,114,5,4,1282,privat,finalizat
11001,28153,369,1714,4,0,369,privat,finalizat
11002,28154,1856,574,4,2,1856,deschis,finalizat
11003,28156,304,619,4,5,619,privat,finalizat
11004,28166,2033,1201,,,,privat,fara_rezultat
11005,28170,744,2367,0,3,2367,deschis,finalizat
11006,28173,1884,1918,3,4,1918,privat,finalizat
11007,28175,1071,236,2,4,236,deschis,finalizat
11008,28177,778,2258,2,5,2258,privat,finalizat
11009,28178,1130,1683,,,,privat,fara_rezultat
11010,28179,784,1552,3,1,784,deschis,finalizat
11011,28181,2370,1862,3,0,2370,privat,finalizat
11012,28183,157,707,5,1,157,privat,finalizat
11013,28185,765,1163,4,5,1163,privat,finalizat
11014,28192,685,2018,,,,privat,fara_rezultat
11015,28193,1622,499,2,4,499,privat,finalizat
11016,28194,469,2229,3,4,2229,privat,finalizat
11017,28196,1476,2318,4,2,1476,privat,finalizat
11018,28200,1250,1962,,,,privat,fara_rezultat
11019,28202,1384,1758,3,5,1758,privat,finalizat
11020,28203,756,2455,3,1,756,privat,finalizat
11021,28204,1935,366,0,4,366,privat,finalizat
11022,28206,2266,1041,3,1,2266,privat,finalizat
11023,28207,2410,321,2,3,321,privat,finalizat
11024,28210,1373,680,5,1,1373,privat,finalizat
11025,28214,1219,1419,2,5,1419,privat,finalizat
11026,28215,828,,,,,deschis,expirat
11027,28221,2348,1490,2,3,1490,privat,finalizat
11028,28225,1622,1636,,,,privat,fara_rezultat
11029,28226,1388,1590,,,,privat,fara_rezultat
11030,28227,1581,176,5,1,1581,deschis,finalizat
11031,28228,2369,2062,3,2,2369,deschis,finalizat
11032,28233,2224,1929,,,,privat,fara_rezultat
11033,28235,841,2031,,,,privat,fara_rezultat
11034,28238,1949,370,,,,privat,fara_rezultat
11035,28243,1519,,,,,deschis,expirat
11036,28246,2424,2054,,,,privat,fara_rezultat
11037,28251,1171,1844,1,3,1844,deschis,finalizat
11038,28253,2406,2497,5,2,2406,deschis,finalizat
11039,28256,229,189,4,3,229,privat,finalizat
11040,28262,2433,1488,3,5,1488,privat,finalizat
11041,28264,1424,837,5,1,1424,privat,finalizat
11042,28265,1623,1179,0,4,1179,privat,finalizat
11043,28271,281,171,,,,deschis,fara_rezultat
11044,28274,1828,2258,0,4,2258,privat,finalizat
11045,28278,1557,1226,5,1,1557,deschis,finalizat
11046,28279,1131,74,3,4,74,deschis,finalizat
11047,28281,1702,442,5,0,1702,deschis,finalizat
11048,28283,1713,,,,,deschis,expirat
11049,28286,1061,100,5,2,1061,privat,finalizat
11050,28288,2427,772,4,3,2427,privat,finalizat
11051,28290,1354,1696,,,,privat,fara_rezultat
11052,28294,1965,1753,5,1,1965,privat,finalizat
11053,28299,537,1524,4,0,537,privat,finalizat
11054,28302,952,955,1,4,955,privat,finalizat
11055,28303,1822,1368,4,2,1822,privat,finalizat
11056,28304,2397,2292,3,4,2292,privat,finalizat
11057,28305,1779,1029,,,,privat,fara_rezultat
11058,28306,1572,896,4,2,1572,privat,finalizat
11059,28307,650,135,4,0,650,privat,finalizat
11060,28309,2329,992,5,3,2329,deschis,finalizat
11061,28311,2357,,,,,deschis,expirat
11062,28312,393,1394,3,0,393,privat,finalizat
11063,28315,1528,518,2,5,518,deschis,finalizat
11064,28317,1201,1421,,,,privat,fara_rezultat
11065,28318,1170,1605,,,,privat,fara_rezultat
11066,28319,1159,1853,4,1,1159,deschis,finalizat
11067,28321,1360,,,,,deschis,expirat
11068,28322,122,405,0,4,405,privat,finalizat
11069,28323,921,2164,0,5,2164,privat,finalizat
11070,28324,2129,498,1,4,498,privat,finalizat
11071,28326,1962,1226,2,3,1226,privat,finalizat
11072,28331,1705,1493,,,,privat,fara_rezultat
11073,28333,2009,379,4,5,379,privat,finalizat
11074,28334,1552,65,5,1,1552,privat,finalizat
11075,28337,12,2205,5,4,12,privat,finalizat
11076,28344,588,,,,,deschis,expirat
11077,28347,919,214,3,1,919,privat,finalizat
11078,28348,1856,2080,1,3,2080,privat,finalizat
11079,28350,751,1829,,,,privat,fara_rezultat
11080,28352,2477,1977,0,3,1977,privat,finalizat
11081,28359,575,2436,5,4,575,privat,finalizat
11082,28361,1735,2004,2,4,2004,privat,finalizat
11083,28368,255,2224,5,4,255,deschis,finalizat
11084,28369,360,2467,3,5,2467,privat,finalizat
11085,28371,255,,,,,deschis,expirat
11086,28373,300,802,3,4,802,privat,finalizat
11087,28374,1589,2065,4,0,1589,privat,finalizat
11088,28375,2233,257,0,4,257,deschis,finalizat
11089,28377,2318,431,3,5,431,privat,finalizat
11090,28378,1400,544,4,1,1400,deschis,finalizat
11091,28379,2498,,,,,deschis,expirat
11092,28383,2053,,,,,deschis,expirat
11093,28388,1433,2486,5,2,1433,privat,finalizat
11094,28393,1329,1575,4,0,1329,privat,finalizat
11095,28394,2284,282,4,2,2284,privat,finalizat
11096,28398,296,202,5,3,296,privat,finalizat
11097,28401,1588,2345,4,2,1588,privat,finalizat
11098,28402,119,182,4,0,119,deschis,finalizat
11099,28403,401,1803,5,2,401,privat,finalizat
11100,28408,2126,2470,0,4,2470,privat,finalizat
11101,28411,1961,2340,5,2,1961,deschis,finalizat
11102,28412,2311,1213,,,,privat,fara_rezultat
11103,28415,300,2281,3,5,2281,privat,finalizat
11104,28417,1262,1636,3,0,1262,privat,finalizat
11105,28421,796,2262,2,4,2262,privat,finalizat
11106,28425,160,2310,5,2,160,privat,finalizat
11107,28429,1289,1664,3,5,1664,deschis,finalizat
11108,28432,334,1196,0,5,1196,privat,finalizat
11109,28434,1657,1208,1,3,1208,privat,finalizat
11110,28435,1272,,,,,deschis,expirat
11111,28437,1715,103,5,1,1715,privat,finalizat
11112,28439,1434,165,4,0,1434,privat,finalizat
11113,28443,858,1656,3,0,858,privat,finalizat
11114,28445,76,1282,5,1,76,privat,finalizat
11115,28446,1249,1814,3,1,1249,deschis,finalizat
11116,28449,1089,574,4,1,1089,deschis,finalizat
11117,28450,455,214,3,0,455,privat,finalizat
11118,28451,2147,450,3,0,2147,privat,finalizat
11119,28453,1890,500,2,5,500,privat,finalizat
11120,28454,184,450,1,4,450,privat,finalizat
11121,28457,1397,1803,4,1,1397,privat,finalizat
11122,28459,184,1829,0,3,1829,privat,finalizat
11123,28463,396,,,,,deschis,expirat
11124,28464,2090,1921,3,1,2090,privat,finalizat
11125,28465,779,1826,5,2,779,privat,finalizat
11126,28466,1462,2169,5,2,1462,deschis,finalizat
11127,28468,1495,1589,3,5,1589,deschis,finalizat
11128,28469,1458,,,,,deschis,expirat
11129,28471,2387,2357,1,4,2357,deschis,finalizat
11130,28476,131,193,0,5,193,privat,finalizat
11131,28482,1664,1541,5,1,1664,deschis,finalizat
11132,28483,730,,,,,deschis,expirat
11133,28485,1202,1757,3,2,1202,privat,finalizat
11134,28488,335,65,3,0,335,privat,finalizat
11135,28490,16,1834,4,3,16,privat,finalizat
11136,28491,1983,476,1,3,476,privat,finalizat
11137,28493,369,1286,3,2,369,deschis,finalizat
11138,28497,1062,414,0,5,414,deschis,finalizat
11139,28498,2147,,,,,deschis,expirat
11140,28499,2292,537,3,2,2292,deschis,finalizat
11141,28500,1756,2090,3,1,1756,privat,finalizat
11142,28509,311,560,2,3,560,privat,finalizat
11143,28511,1987,1164,2,5,1164,privat,finalizat
11144,28513,720,1775,4,1,720,privat,finalizat
11145,28515,1502,682,4,0,1502,privat,finalizat
11146,28516,2386,,,,,deschis,expirat
11147,28523,368,1132,3,5,1132,deschis,finalizat
11148,28526,1057,2058,5,2,1057,privat,finalizat
11149,28527,1557,2487,3,1,1557,privat,finalizat
11150,28528,1091,154,1,3,154,deschis,finalizat
11151,28530,1184,534,0,5,534,deschis,finalizat
11152,28534,867,1917,3,2,867,privat,finalizat
11153,28538,1720,576,5,4,1720,privat,finalizat
11154,28542,1374,,,,,deschis,expirat
11155,28544,1254,1471,0,3,1471,deschis,finalizat
11156,28548,517,182,5,1,517,privat,finalizat
11157,28550,1264,1252,,,,privat,fara_rezultat
11158,28551,1047,1786,3,4,1786,privat,finalizat
11159,28554,2325,1045,,,,privat,fara_rezultat
11160,28557,387,1026,0,4,1026,privat,finalizat
11161,28558,2211,1886,,,,privat,fara_rezultat
11162,28561,2245,492,3,1,2245,privat,finalizat
11163,28562,1310,1494,3,5,1494,privat,finalizat
11164,28566,1770,1073,3,1,1770,privat,finalizat
11165,28568,1394,1961,3,1,1394,privat,finalizat
11166,28571,1836,517,1,3,517,privat,finalizat
11167,28574,2222,1287,3,4,1287,privat,finalizat
11168,28575,2272,1335,,,,privat,fara_rezultat
11169,28577,1505,1633,,,,privat,fara_rezultat
11170,28580,2142,409,3,0,2142,privat,finalizat
11171,28584,2377,1815,4,0,2377,privat,finalizat
11172,28585,740,566,3,5,566,privat,finalizat
11173,28587,1632,2208,,,,privat,fara_rezultat
11174,28588,382,895,,,,privat,fara_rezultat
11175,28590,273,,,,,deschis,expirat
11176,28591,340,588,3,1,340,deschis,finalizat
11177,28592,1022,414,5,0,1022,privat,finalizat
11178,28594,229,109,2,4,109,privat,finalizat
11179,28595,454,1735,,,,privat,fara_rezultat
11180,28596,1303,879,3,1,1303,privat,finalizat
11181,28600,1129,1419,3,1,1129,deschis,finalizat
11182,28603,1773,664,3,0,1773,deschis,finalizat
11183,28604,2126,500,1,3,500,privat,finalizat
11184,28606,1171,,,,,deschis,expirat
11185,28610,1762,1046,4,3,1762,privat,finalizat
11186,28611,610,1566,5,3,610,privat,finalizat
11187,28614,2070,1394,2,3,1394,privat,finalizat
11188,28615,676,632,5,0,676,privat,finalizat
11189,28617,1669,,,,,deschis,expirat
11190,28621,15,1384,,,,privat,fara_rezultat
11191,28622,1994,1962,,,,privat,fara_rezultat
11192,28626,1640,355,4,5,355,deschis,finalizat
11193,28632,608,1164,3,1,608,deschis,finalizat
11194,28633,1548,1185,5,2,1548,privat,finalizat
11195,28634,41,2233,0,5,2233,privat,finalizat
11196,28635,327,928,1,4,928,privat,finalizat
11197,28638,1313,511,0,3,511,deschis,finalizat
11198,28639,2067,1448,3,0,2067,privat,finalizat
11199,28641,1727,127,4,1,1727,privat,finalizat
11200,28645,1275,797,,,,privat,fara_rezultat
11201,28646,54,2157,5,3,54,deschis,finalizat
11202,28650,1423,467,1,4,467,privat,finalizat
11203,28651,147,762,0,3,762,deschis,finalizat
11204,28652,1379,2024,4,3,1379,privat,finalizat
11205,28655,2315,1663,4,2,2315,privat,finalizat
11206,28657,2180,1754,5,2,2180,privat,finalizat
11207,28661,651,794,3,0,651,privat,finalizat
11208,28667,560,,,,,deschis,expirat
11209,28668,1981,211,5,3,1981,deschis,finalizat
11210,28671,175,1480,0,3,1480,deschis,finalizat
11211,28674,1306,2256,3,4,2256,privat,finalizat
11212,28675,1252,2426,5,0,1252,deschis,finalizat
11213,28684,396,1022,1,5,1022,deschis,finalizat
11214,28686,1836,471,2,4,471,deschis,finalizat
11215,28687,2147,760,3,4,760,privat,finalizat
11216,28688,1836,184,3,5,184,privat,finalizat
11217,28690,829,869,5,3,829,privat,finalizat
11218,28691,981,1572,2,5,1572,privat,finalizat
11219,28693,1589,464,0,5,464,privat,finalizat
11220,28698,655,1923,,,,deschis,fara_rezultat
11221,28699,798,240,0,4,240,deschis,finalizat
11222,28703,1952,1708,2,5,1708,privat,finalizat
11223,28704,1952,,,,,deschis,expirat
11224,28706,1323,1505,4,0,1323,deschis,finalizat
11225,28707,128,2321,,,,privat,fara_rezultat
11226,28711,2171,662,1,4,662,privat,finalizat
11227,28713,1431,2050,4,0,1431,privat,finalizat
11228,28714,1762,1417,,,,privat,fara_rezultat
11229,28716,1619,819,0,5,819,privat,finalizat
11230,28720,396,1506,0,3,1506,privat,finalizat
11231,28722,1394,2234,5,3,1394,deschis,finalizat
11232,28723,499,836,,,,privat,fara_rezultat
11233,28724,992,861,4,5,861,privat,finalizat
11234,28725,1636,1791,5,2,1636,deschis,finalizat
11235,28727,94,,,,,deschis,expirat
11236,28728,2261,,,,,deschis,expirat
11237,28729,1777,495,0,5,495,privat,finalizat
11238,28731,1155,1029,,,,privat,fara_rezultat
11239,28732,1538,1573,5,0,1538,privat,finalizat
11240,28737,1053,700,4,0,1053,privat,finalizat
11241,28738,1130,1553,2,3,1553,deschis,finalizat
11242,28742,1255,1148,2,3,1148,privat,finalizat
11243,28745,1137,1463,1,4,1463,deschis,finalizat
11244,28747,1261,139,,,,privat,fara_rezultat
11245,28748,2207,1408,4,0,2207,privat,finalizat
11246,28750,751,,,,,deschis,expirat
11247,28751,1269,285,4,3,1269,privat,finalizat
11248,28752,227,828,4,3,227,privat,finalizat
11249,28759,1731,17,0,4,17,privat,finalizat
11250,28760,2387,2327,,,,privat,fara_rezultat
11251,28764,1502,215,4,1,1502,deschis,finalizat
11252,28766,1262,608,1,3,608,privat,finalizat
11253,28768,1244,297,3,0,1244,privat,finalizat
11254,28773,1115,1364,3,1,1115,deschis,finalizat
11255,28782,2266,1806,4,2,2266,deschis,finalizat
11256,28786,2050,1372,0,5,1372,deschis,finalizat
11257,28788,1419,1803,4,3,1419,privat,finalizat
11258,28793,1488,1270,1,5,1270,privat,finalizat
11259,28794,767,1548,2,4,1548,privat,finalizat
11260,28795,1367,1213,2,3,1213,privat,finalizat
11261,28796,1760,1424,4,2,1760,privat,finalizat
11262,28798,676,2252,3,1,676,privat,finalizat
11263,28802,2186,80,3,5,80,privat,finalizat
11264,28803,1313,725,2,3,725,deschis,finalizat
11265,28813,551,1327,,,,privat,fara_rezultat
11266,28815,1236,,,,,deschis,expirat
11267,28816,789,221,4,1,789,privat,finalizat
11268,28820,2299,772,,,,privat,fara_rezultat
11269,28824,952,648,3,5,648,privat,finalizat
11270,28827,633,304,,,,privat,fara_rezultat
11271,28829,1760,1669,5,1,1760,privat,finalizat
11272,28830,1868,,,,,deschis,expirat
11273,28831,2116,170,3,2,2116,privat,finalizat
11274,28832,1155,237,1,3,237,privat,finalizat
11275,28833,1126,183,,,,privat,fara_rezultat
11276,28834,1737,2168,,,,privat,fara_rezultat
11277,28836,319,1262,0,3,1262,privat,finalizat
11278,28837,454,1735,3,1,454,deschis,finalizat
11279,28838,1522,794,3,1,1522,privat,finalizat
11280,28839,2432,1102,3,2,2432,privat,finalizat
11281,28849,1769,2492,1,4,2492,privat,finalizat
11282,28850,2223,1901,4,0,2223,deschis,finalizat
11283,28854,1373,915,,,,privat,fara_rezultat
11284,28859,443,,,,,deschis,expirat
11285,28863,2308,1549,3,4,1549,privat,finalizat
11286,28864,816,1535,4,1,816,privat,finalizat
11287,28865,1174,518,3,1,1174,privat,finalizat
11288,28869,837,992,5,3,837,privat,finalizat
11289,28873,2498,1509,2,4,1509,privat,finalizat
11290,28874,2063,,,,,deschis,expirat
11291,28877,1884,2481,0,4,2481,privat,finalizat
11292,28882,638,617,5,3,638,privat,finalizat
11293,28884,1909,267,4,0,1909,privat,finalizat
11294,28885,2472,1574,,,,privat,fara_rezultat
11295,28886,2181,2137,,,,privat,fara_rezultat
11296,28887,2157,895,3,1,2157,privat,finalizat
11297,28890,1525,114,2,3,114,privat,finalizat
11298,28891,2347,2123,3,5,2123,privat,finalizat
11299,28894,1294,1048,3,1,1294,deschis,finalizat
11300,28897,630,109,3,1,630,privat,finalizat
11301,28904,2482,227,3,0,2482,deschis,finalizat
11302,28905,1178,737,0,3,737,privat,finalizat
11303,28909,560,1218,3,0,560,deschis,finalizat
11304,28912,616,1338,3,2,616,privat,finalizat
11305,28913,1721,957,5,2,1721,privat,finalizat
11306,28917,999,2297,5,4,999,privat,finalizat
11307,28918,194,615,3,1,194,privat,finalizat
11308,28920,1708,2013,4,3,1708,deschis,finalizat
11309,28922,2289,403,3,1,2289,privat,finalizat
11310,28924,1664,244,5,1,1664,privat,finalizat
11311,28926,87,724,2,4,724,privat,finalizat
11312,28927,1125,1913,3,1,1125,privat,finalizat
11313,28931,1069,1883,3,1,1069,privat,finalizat
11314,28934,574,1147,3,0,574,deschis,finalizat
11315,28937,1365,2090,4,2,1365,privat,finalizat
11316,28938,393,548,3,4,548,privat,finalizat
11317,28943,2482,229,4,0,2482,privat,finalizat
11318,28945,1838,2166,2,5,2166,deschis,finalizat
11319,28949,689,928,3,2,689,privat,finalizat
11320,28951,1179,300,2,4,300,privat,finalizat
11321,28952,773,750,3,1,773,privat,finalizat
11322,28953,469,,,,,deschis,expirat
11323,28954,2283,1250,0,5,1250,privat,finalizat
11324,28955,81,1662,0,4,1662,privat,finalizat
11325,28957,288,2477,5,3,288,privat,finalizat
11326,28958,1950,1495,1,4,1495,privat,finalizat
11327,28959,794,2268,4,2,794,privat,finalizat
11328,28962,522,,,,,deschis,expirat
11329,28963,1082,2260,3,2,1082,privat,finalizat
11330,28965,1250,2179,2,5,2179,privat,finalizat
11331,28969,2142,1397,4,1,2142,deschis,finalizat
11332,28972,1029,1102,3,2,1029,privat,finalizat
11333,28977,2175,2391,2,4,2391,deschis,finalizat
11334,28980,2223,,,,,deschis,expirat
11335,28982,698,512,,,,privat,fara_rezultat
11336,28983,52,2396,2,5,2396,privat,finalizat
11337,28988,1219,2273,1,3,2273,deschis,finalizat
11338,28990,1919,2327,4,3,1919,privat,finalizat
11339,28993,1228,,,,,deschis,expirat
11340,28996,464,,,,,deschis,expirat
11341,28997,737,49,,,,privat,fara_rezultat
11342,28999,1415,348,0,4,348,deschis,finalizat
11343,29000,747,1499,0,5,1499,privat,finalizat
11344,29001,2177,2151,3,0,2177,privat,finalizat
11345,29007,471,,,,,deschis,expirat
11346,29008,466,2231,1,3,2231,privat,finalizat
11347,29017,2260,2357,1,4,2357,privat,finalizat
11348,29019,1476,1189,,,,deschis,fara_rezultat
11349,29021,1437,977,,,,privat,fara_rezultat
11350,29025,994,1536,4,5,1536,privat,finalizat
11351,29026,739,847,,,,privat,fara_rezultat
11352,29029,1080,782,3,0,1080,privat,finalizat
11353,29030,1640,653,0,3,653,privat,finalizat
11354,29033,1341,396,2,4,396,privat,finalizat
11355,29037,1808,2463,5,4,1808,privat,finalizat
11356,29039,304,1762,5,4,304,privat,finalizat
11357,29040,279,883,5,2,279,privat,finalizat
11358,29043,2335,929,3,0,2335,privat,finalizat
11359,29046,483,999,3,2,483,privat,finalizat
11360,29047,2476,723,,,,privat,fara_rezultat
11361,29048,2098,1452,3,4,1452,privat,finalizat
11362,29049,496,1299,,,,privat,fara_rezultat
11363,29055,1962,1609,,,,privat,fara_rezultat
11364,29056,1935,1670,1,3,1670,deschis,finalizat
11365,29058,2221,1322,2,5,1322,privat,finalizat
11366,29061,753,883,,,,privat,fara_rezultat
11367,29063,2142,304,3,0,2142,privat,finalizat
11368,29064,651,174,3,2,651,privat,finalizat
11369,29066,1421,174,3,0,1421,deschis,finalizat
11370,29067,685,1218,2,3,1218,deschis,finalizat
11371,29069,1739,1710,,,,deschis,fara_rezultat
11372,29071,2281,1172,3,1,2281,privat,finalizat
11373,29072,2116,7,5,2,2116,privat,finalizat
11374,29074,929,801,0,3,801,privat,finalizat
11375,29078,1821,2087,4,5,2087,privat,finalizat
11376,29080,1922,2096,1,4,2096,privat,finalizat
11377,29081,2344,203,3,5,203,privat,finalizat
11378,29082,1345,69,4,2,1345,privat,finalizat
11379,29083,1578,1491,4,3,1578,privat,finalizat
11380,29084,1828,244,0,5,244,privat,finalizat
11381,29087,914,152,5,2,914,privat,finalizat
11382,29088,331,2453,3,1,331,privat,finalizat
11383,29091,2269,603,3,1,2269,privat,finalizat
11384,29092,1375,1020,5,3,1375,privat,finalizat
11385,29094,512,378,0,3,378,privat,finalizat
11386,29095,1556,2380,3,4,2380,privat,finalizat
11387,29097,1390,1966,,,,privat,fara_rezultat
11388,29099,2440,777,5,2,2440,privat,finalizat
11389,29105,1254,664,4,0,1254,privat,finalizat
11390,29108,1263,1961,3,2,1263,privat,finalizat
11391,29109,1534,2138,1,5,2138,privat,finalizat
11392,29110,187,1179,,,,privat,fara_rezultat
11393,29111,2462,887,0,3,887,privat,finalizat
11394,29113,1548,971,3,2,1548,privat,finalizat
11395,29114,2222,1007,4,5,1007,privat,finalizat
11396,29118,820,,,,,deschis,expirat
11397,29119,774,2053,5,3,774,deschis,finalizat
11398,29122,2390,764,3,1,2390,deschis,finalizat
11399,29126,852,2171,,,,deschis,fara_rezultat
11400,29127,932,,,,,deschis,expirat
11401,29128,1748,1181,,,,deschis,fara_rezultat
11402,29129,2388,647,3,0,2388,deschis,finalizat
11403,29132,1219,2093,4,1,1219,deschis,finalizat
11404,29133,1965,1220,3,2,1965,privat,finalizat
11405,29135,646,722,1,3,722,privat,finalizat
11406,29138,2142,2471,,,,privat,fara_rezultat
11407,29141,787,1696,4,3,787,privat,finalizat
11408,29143,722,396,5,3,722,privat,finalizat
11409,29145,2376,,,,,deschis,expirat
11410,29146,1572,,,,,deschis,expirat
11411,29149,1723,135,5,1,1723,privat,finalizat
11412,29151,1229,1347,4,5,1347,privat,finalizat
11413,29152,1538,533,3,0,1538,privat,finalizat
11414,29153,1922,2097,3,2,1922,privat,finalizat
11415,29160,2295,2426,,,,privat,fara_rezultat
11416,29161,823,1296,3,5,1296,deschis,finalizat
11417,29170,1458,1813,0,3,1813,privat,finalizat
11418,29173,420,959,1,4,959,privat,finalizat
11419,29176,1172,1821,4,2,1172,privat,finalizat
11420,29179,319,,,,,deschis,expirat
11421,29180,2185,970,3,0,2185,privat,finalizat
11422,29182,1391,752,4,3,1391,deschis,finalizat
11423,29187,1783,223,,,,privat,fara_rezultat
11424,29190,1700,2289,5,3,1700,privat,finalizat
11425,29192,107,924,4,3,107,privat,finalizat
11426,29199,410,691,3,0,410,deschis,finalizat
11427,29203,435,906,3,2,435,privat,finalizat
11428,29204,550,241,4,0,550,deschis,finalizat
11429,29207,1428,1314,4,3,1428,privat,finalizat
11430,29209,2227,1763,4,0,2227,privat,finalizat
11431,29212,289,114,4,1,289,privat,finalizat
11432,29213,1310,1494,1,3,1494,privat,finalizat
11433,29216,157,481,3,0,157,privat,finalizat
11434,29221,688,1321,,,,privat,fara_rezultat
11435,29223,122,2486,1,4,2486,privat,finalizat
11436,29230,896,560,3,0,896,privat,finalizat
11437,29232,1975,2391,0,4,2391,privat,finalizat
11438,29234,954,2351,5,4,954,privat,finalizat
11439,29238,450,1808,1,3,1808,deschis,finalizat
11440,29240,1735,1688,0,3,1688,privat,finalizat
11441,29245,269,2158,1,3,2158,privat,finalizat
11442,29246,1168,,,,,deschis,expirat
11443,29249,255,1655,3,4,1655,privat,finalizat
11444,29251,2129,2283,3,0,2129,deschis,finalizat
11445,29253,2119,711,,,,deschis,fara_rezultat
11446,29262,1779,1082,3,2,1779,privat,finalizat
11447,29265,2354,745,2,3,745,privat,finalizat
11448,29266,689,1717,1,4,1717,privat,finalizat
11449,29268,1368,883,,,,privat,fara_rezultat
11450,29269,1374,2056,3,2,1374,privat,finalizat
11451,29270,980,648,5,3,980,deschis,finalizat
11452,29272,993,760,1,4,760,deschis,finalizat
11453,29275,2004,2340,,,,privat,fara_rezultat
11454,29278,2033,1915,4,3,2033,privat,finalizat
11455,29281,1172,1795,4,0,1172,deschis,finalizat
11456,29283,861,1868,5,3,861,deschis,finalizat
11457,29284,2311,1015,4,5,1015,privat,finalizat
11458,29285,2337,938,,,,privat,fara_rezultat
11459,29292,1444,122,5,3,1444,privat,finalizat
11460,29293,1602,2458,2,3,2458,privat,finalizat
11461,29294,860,1670,4,1,860,deschis,finalizat
11462,29302,153,2165,1,4,2165,privat,finalizat
11463,29303,2325,1881,0,5,1881,privat,finalizat
11464,29305,2471,1171,4,1,2471,privat,finalizat
11465,29309,2327,811,5,0,2327,privat,finalizat
11466,29310,2003,49,5,2,2003,privat,finalizat
11467,29315,2222,621,4,3,2222,privat,finalizat
11468,29317,1071,1192,3,0,1071,privat,finalizat
11469,29319,2270,1071,4,3,2270,deschis,finalizat
11470,29320,160,2404,5,1,160,privat,finalizat
11471,29321,2310,1323,4,3,2310,privat,finalizat
11472,29323,914,2455,4,5,2455,deschis,finalizat
11473,29325,338,1272,3,4,1272,privat,finalizat
11474,29326,1124,366,5,0,1124,privat,finalizat
11475,29329,942,906,3,1,942,deschis,finalizat
11476,29330,434,1062,5,1,434,deschis,finalizat
11477,29331,91,,,,,deschis,expirat
11478,29332,1471,1163,,,,deschis,fara_rezultat
11479,29337,1292,772,,,,privat,fara_rezultat
11480,29338,237,,,,,deschis,expirat
11481,29348,987,690,,,,privat,fara_rezultat
11482,29349,1839,1345,3,5,1345,privat,finalizat
11483,29351,248,243,,,,privat,fara_rezultat
11484,29352,1882,,,,,deschis,expirat
11485,29355,585,534,,,,privat,fara_rezultat
11486,29358,860,1873,1,3,1873,deschis,finalizat
11487,29361,143,1575,5,2,143,privat,finalizat
11488,29366,1652,147,,,,deschis,fara_rezultat
11489,29367,1789,2180,3,2,1789,privat,finalizat
11490,29370,1036,1524,1,4,1524,deschis,finalizat
11491,29377,971,1723,3,5,1723,privat,finalizat
11492,29378,1263,350,,,,deschis,fara_rezultat
11493,29381,176,1025,,,,deschis,fara_rezultat
11494,29382,194,171,,,,privat,fara_rezultat
11495,29383,1949,1313,5,3,1949,privat,finalizat
11496,29384,1335,80,3,2,1335,privat,finalizat
11497,29387,399,236,3,5,236,privat,finalizat
11498,29388,1360,2164,5,0,1360,privat,finalizat
11499,29389,191,1132,2,4,1132,privat,finalizat
11500,29390,1519,1749,1,4,1749,privat,finalizat
11501,29391,1013,2486,3,0,1013,privat,finalizat
11502,29394,2122,474,3,0,2122,privat,finalizat
11503,29398,1453,858,,,,privat,fara_rezultat
11504,29399,1896,1871,4,0,1896,deschis,finalizat
11505,29400,85,,,,,deschis,expirat
11506,29401,1965,1354,4,1,1965,privat,finalizat
11507,29403,1591,1712,3,2,1591,privat,finalizat
11508,29406,2315,2447,4,3,2315,privat,finalizat
11509,29407,1292,500,2,3,500,deschis,finalizat
11510,29408,1365,630,,,,deschis,fara_rezultat
11511,29409,2224,1622,,,,privat,fara_rezultat
11512,29410,342,260,4,3,342,deschis,finalizat
11513,29411,1388,2387,5,3,1388,privat,finalizat
11514,29416,1973,199,3,0,1973,privat,finalizat
11515,29418,29,318,4,3,29,privat,finalizat
11516,29420,977,827,5,2,977,privat,finalizat
11517,29425,1976,1596,1,3,1596,privat,finalizat
11518,29427,1410,57,1,3,57,privat,finalizat
11519,29428,1090,512,4,0,1090,privat,finalizat
11520,29430,2046,1525,2,5,1525,privat,finalizat
11521,29434,517,1341,,,,deschis,fara_rezultat
11522,29436,1852,612,4,3,1852,privat,finalizat
11523,29437,1836,2228,3,4,2228,privat,finalizat
11524,29440,2092,517,,,,deschis,fara_rezultat
11525,29442,2357,602,3,5,602,privat,finalizat
11526,29448,2462,1603,0,4,1603,privat,finalizat
11527,29449,909,973,3,4,973,privat,finalizat
11528,29454,542,,,,,deschis,expirat
11529,29455,1386,665,4,0,1386,privat,finalizat
11530,29461,1228,,,,,deschis,expirat
11531,29467,1763,612,1,3,612,privat,finalizat
11532,29469,396,1123,4,2,396,privat,finalizat
11533,29471,1341,2147,0,5,2147,deschis,finalizat
11534,29474,902,,,,,deschis,expirat
11535,29477,1397,646,3,0,1397,privat,finalizat
11536,29479,1823,1073,0,3,1073,deschis,finalizat
11537,29482,1115,1938,3,1,1115,privat,finalizat
11538,29484,2325,1890,0,5,1890,privat,finalizat
11539,29488,2104,1927,,,,privat,fara_rezultat
11540,29490,1305,375,,,,privat,fara_rezultat
11541,29494,1172,2106,2,4,2106,privat,finalizat
11542,29496,1760,1795,1,4,1795,deschis,finalizat
11543,29499,1581,1015,3,2,1581,privat,finalizat
11544,29502,1482,2096,0,5,2096,privat,finalizat
11545,29503,1693,2452,1,4,2452,deschis,finalizat
11546,29505,2452,407,2,4,407,deschis,finalizat
11547,29507,520,531,3,1,520,privat,finalizat
11548,29510,529,1145,,,,privat,fara_rezultat
11549,29511,1113,1543,1,4,1543,privat,finalizat
11550,29512,1159,747,5,1,1159,privat,finalizat
11551,29513,1650,914,3,2,1650,privat,finalizat
11552,29514,440,592,1,5,592,privat,finalizat
11553,29515,1871,1878,,,,privat,fara_rezultat
11554,29517,807,396,0,5,396,privat,finalizat
11555,29523,2317,1965,0,5,1965,privat,finalizat
11556,29524,643,1046,4,2,643,privat,finalizat
11557,29527,1783,82,5,0,1783,privat,finalizat
11558,29528,2475,,,,,deschis,expirat
11559,29531,872,1383,3,0,872,privat,finalizat
11560,29534,2207,1163,4,5,1163,deschis,finalizat
11561,29537,231,1591,5,4,231,privat,finalizat
11562,29539,648,2465,0,5,2465,privat,finalizat
11563,29540,775,,,,,deschis,expirat
11564,29542,1586,1636,3,1,1586,privat,finalizat
11565,29554,1620,1874,4,0,1620,privat,finalizat
11566,29555,1836,1946,1,3,1946,privat,finalizat
11567,29557,2299,1154,,,,privat,fara_rezultat
11568,29559,1179,1735,5,4,1179,privat,finalizat
11569,29561,2070,1370,5,4,2070,deschis,finalizat
11570,29564,373,1370,3,0,373,privat,finalizat
11571,29571,2310,873,4,5,873,privat,finalizat
11572,29574,915,1695,4,3,915,privat,finalizat
11573,29575,119,815,,,,deschis,fara_rezultat
11574,29578,537,1098,3,2,537,privat,finalizat
11575,29582,1534,433,5,3,1534,deschis,finalizat
11576,29586,802,393,,,,privat,fara_rezultat
11577,29587,307,2329,4,5,2329,privat,finalizat
11578,29588,1229,,,,,deschis,expirat
11579,29592,236,1632,4,0,236,privat,finalizat
11580,29593,700,2323,0,3,2323,privat,finalizat
11581,29599,388,1964,3,4,1964,privat,finalizat
11582,29600,1472,782,5,2,1472,deschis,finalizat
11583,29601,1869,1858,3,5,1858,privat,finalizat
11584,29604,434,1829,5,1,434,privat,finalizat
11585,29609,646,815,4,1,646,privat,finalizat
11586,29610,189,816,4,1,189,privat,finalizat
11587,29612,1047,1417,4,2,1047,privat,finalizat
11588,29616,7,,,,,deschis,expirat
11589,29618,682,237,,,,deschis,fara_rezultat
11590,29621,454,2327,4,5,2327,privat,finalizat
11591,29625,2097,845,5,3,2097,privat,finalizat
11592,29626,2152,175,5,4,2152,privat,finalizat
11593,29627,977,1519,1,4,1519,privat,finalizat
11594,29628,1602,2486,5,1,1602,privat,finalizat
11595,29629,1091,1599,5,4,1091,deschis,finalizat
11596,29631,210,,,,,deschis,expirat
11597,29632,1804,853,3,4,853,privat,finalizat
11598,29633,1023,1788,4,2,1023,privat,finalizat
11599,29635,475,2077,,,,privat,fara_rezultat
11600,29636,2244,2210,5,0,2244,privat,finalizat
11601,29643,1944,1890,1,3,1890,deschis,finalizat
11602,29644,2018,2462,2,5,2462,privat,finalizat
11603,29647,1810,2041,4,1,1810,privat,finalizat
11604,29648,527,651,,,,privat,fara_rezultat
11605,29649,453,1864,4,5,1864,privat,finalizat
11606,29652,681,645,4,3,681,privat,finalizat
11607,29655,383,1452,,,,privat,fara_rezultat
11608,29656,1250,1936,,,,privat,fara_rezultat
11609,29657,1091,1807,2,4,1807,privat,finalizat
11610,29662,1460,110,1,5,110,privat,finalizat
11611,29664,273,,,,,deschis,expirat
11612,29665,268,1627,5,1,268,deschis,finalizat
11613,29667,1372,1945,4,5,1945,privat,finalizat
11614,29670,2198,1086,,,,privat,fara_rezultat
11615,29672,1919,2018,,,,privat,fara_rezultat
11616,29673,971,929,4,1,971,deschis,finalizat
11617,29682,504,,,,,deschis,expirat
11618,29686,2323,331,4,0,2323,privat,finalizat
11619,29689,192,,,,,deschis,expirat
11620,29690,410,1426,4,2,410,privat,finalizat
11621,29691,2431,2480,5,2,2431,privat,finalizat
11622,29693,1048,153,,,,privat,fara_rezultat
11623,29695,2317,1276,,,,privat,fara_rezultat
11624,29697,373,,,,,deschis,expirat
11625,29698,794,1155,0,3,1155,privat,finalizat
11626,29700,1190,698,2,5,698,deschis,finalizat
11627,29701,1339,,,,,deschis,expirat
11628,29702,502,1341,,,,deschis,fara_rezultat
11629,29705,2299,1630,4,3,2299,deschis,finalizat
11630,29706,1276,396,4,3,1276,privat,finalizat
11631,29709,1307,1463,2,4,1463,deschis,finalizat
11632,29711,1884,1364,,,,privat,fara_rezultat
11633,29713,249,155,3,2,249,privat,finalizat
11634,29720,131,2462,0,3,2462,privat,finalizat
11635,29721,566,314,1,5,314,privat,finalizat
11636,29727,374,2195,3,1,374,deschis,finalizat
11637,29728,1482,79,,,,privat,fara_rezultat
11638,29733,338,2232,0,3,2232,privat,finalizat
11639,29735,91,1168,5,0,91,privat,finalizat
11640,29742,1756,816,5,0,1756,deschis,finalizat
11641,29744,2227,1261,4,2,2227,privat,finalizat
11642,29746,255,573,2,4,573,privat,finalizat
11643,29749,1368,2195,,,,deschis,fara_rezultat
11644,29750,446,409,1,3,409,privat,finalizat
11645,29752,1292,209,5,0,1292,privat,finalizat
11646,29754,2169,2376,3,5,2376,privat,finalizat
11647,29755,196,,,,,deschis,expirat
11648,29757,47,41,4,3,47,privat,finalizat
11649,29758,1265,101,0,5,101,privat,finalizat
11650,29761,676,,,,,deschis,expirat
11651,29770,951,1181,2,3,1181,privat,finalizat
11652,29771,401,,,,,deschis,expirat
11653,29773,550,787,3,2,550,privat,finalizat
11654,29775,619,167,0,3,167,privat,finalizat
11655,29776,1028,409,,,,privat,fara_rezultat
11656,29777,929,2357,5,4,929,privat,finalizat
11657,29778,2340,2116,0,5,2116,privat,finalizat
11658,29782,1102,1414,3,1,1102,deschis,finalizat
11659,29783,350,342,2,3,342,privat,finalizat
11660,29789,1898,1931,0,3,1931,privat,finalizat
11661,29793,302,1829,,,,privat,fara_rezultat
11662,29796,2335,2018,5,1,2335,privat,finalizat
11663,29798,889,,,,,deschis,expirat
11664,29802,1580,2005,4,3,1580,privat,finalizat
11665,29804,1884,820,5,2,1884,privat,finalizat
11666,29805,2216,,,,,deschis,expirat
11667,29808,210,1306,2,4,1306,privat,finalizat
11668,29809,1719,1339,,,,deschis,fara_rezultat
11669,29810,2403,1806,5,4,2403,privat,finalizat
11670,29814,2482,862,3,0,2482,privat,finalizat
11671,29816,538,1278,2,4,1278,deschis,finalizat
11672,29817,1254,1852,,,,privat,fara_rezultat
11673,29819,500,819,,,,deschis,fara_rezultat
11674,29822,320,722,5,2,320,deschis,finalizat
11675,29823,916,1353,3,0,916,deschis,finalizat
11676,29832,802,1430,4,3,802,privat,finalizat
11677,29835,1210,2236,1,5,2236,privat,finalizat
11678,29836,1487,1162,0,4,1162,privat,finalizat
11679,29838,2393,2005,3,4,2005,privat,finalizat
11680,29839,2455,2452,4,2,2455,privat,finalizat
11681,29844,2068,61,0,3,61,deschis,finalizat
11682,29845,997,1782,3,2,997,privat,finalizat
11683,29846,157,754,4,5,754,privat,finalizat
11684,29848,2105,,,,,deschis,expirat
11685,29850,396,443,,,,privat,fara_rezultat
11686,29851,722,384,,,,deschis,fara_rezultat
11687,29855,2324,1551,4,3,2324,privat,finalizat
11688,29856,901,1731,1,3,1731,privat,finalizat
11689,29857,1590,1267,2,4,1267,deschis,finalizat
11690,29863,511,909,2,5,909,privat,finalizat
11691,29865,334,1982,3,0,334,privat,finalizat
11692,29866,399,1541,5,1,399,privat,finalizat
11693,29869,1618,954,1,5,954,deschis,finalizat
11694,29875,1086,1792,1,4,1792,deschis,finalizat
11695,29878,1965,1786,5,1,1965,deschis,finalizat
11696,29880,2142,1792,5,0,2142,deschis,finalizat
11697,29884,1723,350,2,3,350,privat,finalizat
11698,29888,685,,,,,deschis,expirat
11699,29889,511,886,1,3,886,privat,finalizat
11700,29891,1519,2061,5,3,1519,privat,finalizat
11701,29894,2053,1708,5,3,2053,privat,finalizat
11702,29897,534,1026,2,4,1026,deschis,finalizat
11703,29898,1466,192,,,,privat,fara_rezultat
11704,29900,1887,400,,,,privat,fara_rezultat
11705,29901,43,1671,4,2,43,privat,finalizat
11706,29903,2184,2336,0,5,2336,privat,finalizat
11707,29905,607,381,4,0,607,privat,finalizat
11708,29906,1419,1535,1,4,1535,privat,finalizat
11709,29908,91,,,,,deschis,expirat
11710,29909,288,1867,4,2,288,privat,finalizat
11711,29912,1018,2195,,,,deschis,fara_rezultat
11712,29915,1894,,,,,deschis,expirat
11713,29918,1034,1015,,,,privat,fara_rezultat
11714,29921,1044,297,0,4,297,deschis,finalizat
11715,29925,1324,43,1,3,43,privat,finalizat
11716,29929,872,,,,,deschis,expirat
11717,29930,862,537,3,2,862,privat,finalizat
11718,29932,2315,833,4,0,2315,privat,finalizat
11719,29940,1146,,,,,deschis,expirat
11720,29941,2180,1808,,,,privat,fara_rezultat
11721,29945,575,1663,1,4,1663,privat,finalizat
11722,29946,2138,1388,,,,privat,fara_rezultat
11723,29952,17,794,3,2,17,privat,finalizat
11724,29954,1266,1301,3,0,1266,privat,finalizat
11725,29955,1125,1167,4,1,1125,privat,finalizat
11726,29957,2358,694,2,5,694,privat,finalizat
11727,29958,1756,2463,3,1,1756,privat,finalizat
11728,29962,1688,1179,4,0,1688,privat,finalizat
11729,29963,1981,2186,5,4,1981,privat,finalizat
11730,29965,2426,2480,1,3,2480,deschis,finalizat
11731,29967,741,1041,1,3,1041,privat,finalizat
11732,29968,980,2219,3,5,2219,privat,finalizat
11733,29969,2111,538,,,,privat,fara_rezultat
11734,29970,33,409,,,,privat,fara_rezultat
11735,29972,861,,,,,deschis,expirat
11736,29973,1345,656,3,1,1345,deschis,finalizat
11737,29974,2067,778,,,,privat,fara_rezultat
11738,29976,733,1463,0,4,1463,deschis,finalizat
11739,29977,1789,33,5,3,1789,privat,finalizat
11740,29978,1588,2095,4,2,1588,privat,finalizat
11741,29985,820,639,2,4,639,deschis,finalizat
11742,29986,1360,,,,,deschis,expirat
11743,29988,997,596,4,1,997,privat,finalizat
11744,29993,1219,536,1,4,536,deschis,finalizat
11745,29994,1292,1046,0,4,1046,privat,finalizat
11746,29997,1102,2327,4,1,1102,privat,finalizat
11747,29998,2138,2010,2,4,2010,deschis,finalizat
11748,29999,1201,415,5,3,1201,deschis,finalizat
11749,30000,271,2311,,,,privat,fara_rezultat
11750,30001,2234,1025,4,5,1025,privat,finalizat
11751,30002,632,1928,4,3,632,privat,finalizat
11752,30007,1820,1727,0,4,1727,deschis,finalizat
11753,30008,362,1122,4,0,362,privat,finalizat
11754,30010,343,1653,5,2,343,privat,finalizat
11755,30011,1134,967,3,4,967,deschis,finalizat
11756,30013,91,1524,3,2,91,privat,finalizat
11757,30015,529,2095,2,5,2095,privat,finalizat
11758,30016,443,1977,5,0,443,deschis,finalizat
11759,30018,1506,424,4,0,1506,deschis,finalizat
11760,30019,816,2470,5,2,816,privat,finalizat
11761,30023,239,2138,4,1,239,privat,finalizat
11762,30024,433,1987,,,,privat,fara_rezultat
11763,30025,1094,,,,,deschis,expirat
11764,30027,249,2289,3,4,2289,deschis,finalizat
11765,30028,558,2455,1,5,2455,deschis,finalizat
11766,30030,1935,2448,4,2,1935,privat,finalizat
11767,30035,919,1771,5,3,919,privat,finalizat
11768,30037,1591,664,1,3,664,privat,finalizat
11769,30038,1760,1540,3,1,1760,privat,finalizat
11770,30039,350,2106,0,3,2106,deschis,finalizat
11771,30051,1706,,,,,deschis,expirat
11772,30055,1838,2347,0,4,2347,privat,finalizat
11773,30056,467,876,2,3,876,privat,finalizat
11774,30060,1591,1630,2,5,1630,deschis,finalizat
11775,30069,947,75,4,3,947,privat,finalizat
11776,30072,1561,2329,1,3,2329,privat,finalizat
11777,30074,2004,1919,1,3,1919,deschis,finalizat
11778,30079,2453,1936,5,3,2453,privat,finalizat
11779,30080,1541,2061,3,1,1541,privat,finalizat
11780,30081,1557,,,,,deschis,expirat
11781,30082,1633,,,,,deschis,expirat
11782,30084,1633,154,,,,deschis,fara_rezultat
11783,30086,1752,764,1,3,764,privat,finalizat
11784,30090,956,441,5,0,956,privat,finalizat
11785,30092,997,903,,,,deschis,fara_rezultat
11786,30095,1092,1107,,,,privat,fara_rezultat
11787,30096,1658,2271,4,5,2271,privat,finalizat
11788,30098,1000,,,,,deschis,expirat
11789,30101,1946,1836,1,4,1836,privat,finalizat
11790,30102,1844,833,,,,privat,fara_rezultat
11791,30103,2274,2427,,,,privat,fara_rezultat
11792,30104,159,1144,1,3,1144,deschis,finalizat
11793,30105,1368,182,1,4,182,privat,finalizat
11794,30106,648,2228,4,2,648,privat,finalizat
11795,30110,187,837,5,2,187,privat,finalizat
11796,30114,2361,1631,,,,privat,fara_rezultat
11797,30115,239,981,1,4,981,privat,finalizat
11798,30116,1528,,,,,deschis,expirat
11799,30118,2234,1655,2,4,1655,privat,finalizat
11800,30122,1902,908,,,,privat,fara_rezultat
11801,30123,566,1159,4,3,566,deschis,finalizat
11802,30125,1158,1609,4,0,1158,privat,finalizat
11803,30127,1599,1633,3,5,1633,privat,finalizat
11804,30130,2183,407,0,4,407,privat,finalizat
11805,30132,728,2405,3,5,2405,privat,finalizat
11806,30133,853,2020,0,5,2020,privat,finalizat
11807,30135,1060,1340,3,4,1340,privat,finalizat
11808,30137,1696,517,4,0,1696,privat,finalizat
11809,30139,1591,,,,,deschis,expirat
11810,30143,1228,2358,3,1,1228,privat,finalizat
11811,30145,1361,910,0,5,910,privat,finalizat
11812,30147,1903,2261,3,4,2261,deschis,finalizat
11813,30149,1461,1108,3,2,1461,privat,finalizat
11814,30155,1777,1987,,,,privat,fara_rezultat
11815,30156,196,649,4,1,196,privat,finalizat
11816,30160,2357,1561,,,,privat,fara_rezultat
11817,30162,1461,,,,,deschis,expirat
11818,30164,568,1101,,,,privat,fara_rezultat
11819,30167,1429,745,5,4,1429,privat,finalizat
11820,30168,431,2011,3,0,431,privat,finalizat
11821,30169,1758,1389,4,5,1389,privat,finalizat
11822,30170,974,1467,3,0,974,deschis,finalizat
11823,30171,914,1508,,,,deschis,fara_rezultat
11824,30177,1574,721,2,3,721,privat,finalizat
11825,30179,357,844,,,,privat,fara_rezultat
11826,30182,988,,,,,deschis,expirat
11827,30184,547,1330,2,4,1330,deschis,finalizat
11828,30188,455,1423,2,3,1423,privat,finalizat
11829,30189,942,872,1,3,872,privat,finalizat
11830,30192,2348,1644,,,,privat,fara_rezultat
11831,30193,397,139,3,4,139,privat,finalizat
11832,30196,1018,2444,0,5,2444,deschis,finalizat
11833,30200,229,910,1,4,910,deschis,finalizat
11834,30201,1688,2010,4,5,2010,privat,finalizat
11835,30207,1894,1461,5,1,1894,deschis,finalizat
11836,30208,676,1238,3,4,1238,deschis,finalizat
11837,30209,2281,2033,2,3,2033,privat,finalizat
11838,30210,1775,650,0,3,650,privat,finalizat
11839,30211,621,41,,,,privat,fara_rezultat
11840,30216,1863,1335,4,1,1863,deschis,finalizat
11841,30217,1783,578,0,3,578,privat,finalizat
11842,30221,1384,2487,2,3,2487,privat,finalizat
11843,30222,2289,,,,,deschis,expirat
11844,30224,2251,1778,4,2,2251,privat,finalizat
11845,30226,162,,,,,deschis,expirat
11846,30238,369,2388,,,,privat,fara_rezultat
11847,30239,550,432,4,2,550,privat,finalizat
11848,30242,1803,471,3,4,471,privat,finalizat
11849,30243,816,2345,,,,privat,fara_rezultat
11850,30244,2406,1254,4,5,1254,deschis,finalizat
11851,30245,119,,,,,deschis,expirat
11852,30251,1365,2397,5,1,1365,privat,finalizat
11853,30259,1415,451,3,2,1415,privat,finalizat
11854,30262,1204,2097,,,,privat,fara_rezultat
11855,30265,299,1643,5,4,299,privat,finalizat
11856,30268,1444,1349,2,3,1349,privat,finalizat
11857,30269,2333,236,3,2,2333,privat,finalizat
11858,30271,402,429,,,,deschis,fara_rezultat
11859,30272,2353,1077,1,5,1077,privat,finalizat
11860,30273,303,592,4,2,303,privat,finalizat
11861,30274,337,12,1,4,12,privat,finalizat
11862,30275,273,1297,1,3,1297,privat,finalizat
11863,30276,1600,1264,5,3,1600,deschis,finalizat
11864,30280,179,1496,,,,privat,fara_rezultat
11865,30286,144,,,,,deschis,expirat
11866,30289,2090,787,3,1,2090,privat,finalizat
11867,30291,1987,1868,4,5,1868,privat,finalizat
11868,30292,1394,183,2,4,183,privat,finalizat
11869,30293,901,75,0,3,75,deschis,finalizat
11870,30297,2222,1903,,,,deschis,fara_rezultat
11871,30304,566,1569,3,2,566,privat,finalizat
11872,30305,2097,469,5,1,2097,privat,finalizat
11873,30307,615,1101,3,1,615,privat,finalizat
11874,30317,1608,1343,0,5,1343,privat,finalizat
11875,30321,1020,442,3,2,1020,privat,finalizat
11876,30323,425,1685,0,4,1685,privat,finalizat
11877,30326,268,,,,,deschis,expirat
11878,30327,2244,1648,2,3,1648,deschis,finalizat
11879,30328,917,137,2,3,137,privat,finalizat
11880,30329,2050,1372,0,4,1372,privat,finalizat
11881,30336,285,2465,5,4,285,privat,finalizat
11882,30344,802,527,3,2,802,privat,finalizat
11883,30346,1739,1623,,,,privat,fara_rezultat
11884,30347,2495,187,3,1,2495,privat,finalizat
11885,30348,2495,2327,1,4,2327,privat,finalizat
11886,30357,317,245,3,1,317,privat,finalizat
11887,30364,1529,1741,1,3,1741,deschis,finalizat
11888,30365,12,1032,4,1,12,deschis,finalizat
11889,30366,1917,1019,1,3,1019,privat,finalizat
11890,30367,1460,,,,,deschis,expirat
11891,30371,1037,670,1,5,670,privat,finalizat
11892,30373,1273,644,3,1,1273,privat,finalizat
11893,30374,2107,372,1,3,372,privat,finalizat
11894,30378,648,993,3,1,648,deschis,finalizat
11895,30381,2465,2108,,,,deschis,fara_rezultat
11896,30382,1456,1086,5,4,1456,privat,finalizat
11897,30387,471,1794,2,4,1794,deschis,finalizat
11898,30389,2346,1995,5,4,2346,privat,finalizat
11899,30390,1862,16,0,4,16,deschis,finalizat
11900,30391,440,604,,,,privat,fara_rezultat
11901,30395,1196,122,5,1,1196,deschis,finalizat
11902,30396,2482,434,,,,privat,fara_rezultat
11903,30397,2406,1921,,,,deschis,fara_rezultat
11904,30398,1179,2387,,,,privat,fara_rezultat
11905,30399,1238,1551,1,3,1551,privat,finalizat
11906,30400,161,1876,,,,deschis,fara_rezultat
11907,30401,750,2253,1,3,2253,privat,finalizat
11908,30403,1939,1621,4,0,1939,deschis,finalizat
11909,30404,1364,2409,2,4,2409,privat,finalizat
11910,30405,1192,1364,1,4,1364,privat,finalizat
11911,30406,1026,128,3,0,1026,deschis,finalizat
11912,30408,2093,1747,2,5,1747,deschis,finalizat
11913,30410,1623,811,4,2,1623,privat,finalizat
11914,30411,301,,,,,deschis,expirat
11915,30416,244,921,3,1,244,privat,finalizat
11916,30420,722,1022,3,4,1022,privat,finalizat
11917,30421,1228,2325,4,5,2325,deschis,finalizat
11918,30425,1399,632,,,,privat,fara_rezultat
11919,30426,999,2098,0,4,2098,deschis,finalizat
11920,30431,2310,2404,0,3,2404,privat,finalizat
11921,30432,2128,2191,0,4,2191,privat,finalizat
11922,30433,1585,,,,,deschis,expirat
11923,30435,1297,1940,0,5,1940,deschis,finalizat
11924,30437,288,1036,5,1,288,privat,finalizat
11925,30439,37,1233,5,2,37,deschis,finalizat
11926,30440,1102,183,5,3,1102,privat,finalizat
11927,30441,2231,,,,,deschis,expirat
11928,30442,2250,1502,3,0,2250,privat,finalizat
11929,30443,541,859,2,4,859,privat,finalizat
11930,30445,201,,,,,deschis,expirat
11931,30448,1524,1763,4,5,1763,privat,finalizat
11932,30450,471,1062,3,2,471,privat,finalizat
11933,30453,905,2273,4,5,2273,privat,finalizat
11934,30459,176,420,0,3,420,privat,finalizat
11935,30466,127,2190,3,4,2190,privat,finalizat
11936,30471,1181,2158,5,4,1181,privat,finalizat
11937,30473,916,1799,5,4,916,deschis,finalizat
11938,30474,1739,2231,4,5,2231,privat,finalizat
11939,30477,632,1795,1,5,1795,privat,finalizat
11940,30485,2289,2091,5,4,2289,deschis,finalizat
11941,30487,2399,2066,4,2,2399,privat,finalizat
11942,30489,2044,2439,0,4,2439,privat,finalizat
11943,30494,816,,,,,deschis,expirat
11944,30495,1397,1419,,,,deschis,fara_rezultat
11945,30498,2065,992,2,5,992,deschis,finalizat
11946,30502,2331,1347,5,1,2331,privat,finalizat
11947,30503,154,1521,5,3,154,privat,finalizat
11948,30512,1365,1588,,,,privat,fara_rezultat
11949,30515,862,1308,0,3,1308,privat,finalizat
11950,30517,1278,434,4,3,1278,privat,finalizat
11951,30518,116,2482,4,1,116,deschis,finalizat
11952,30522,1102,1458,3,1,1102,privat,finalizat
11953,30523,1029,1551,1,5,1551,privat,finalizat
11954,30526,2387,,,,,deschis,expirat
11955,30528,1775,1710,5,1,1775,privat,finalizat
11956,30529,2097,2445,3,1,2097,privat,finalizat
11957,30532,2453,2483,3,2,2453,deschis,finalizat
11958,30533,1057,674,2,5,674,privat,finalizat
11959,30540,741,830,0,4,830,privat,finalizat
11960,30541,1988,2221,,,,privat,fara_rezultat
11961,30542,484,,,,,deschis,expirat
11962,30544,437,1286,3,4,1286,privat,finalizat
11963,30545,1714,1945,5,0,1714,privat,finalizat
11964,30550,109,,,,,deschis,expirat
11965,30552,1937,,,,,deschis,expirat
11966,30554,2093,2141,1,5,2141,privat,finalizat
11967,30555,1763,753,,,,privat,fara_rezultat
11968,30557,1369,1415,3,5,1415,privat,finalizat
11969,30560,263,2387,3,4,2387,privat,finalizat
11970,30563,1811,,,,,deschis,expirat
11971,30564,2233,,,,,deschis,expirat
11972,30569,553,1303,2,5,1303,deschis,finalizat
11973,30572,1109,223,3,2,1109,privat,finalizat
11974,30574,2487,504,3,0,2487,privat,finalizat
11975,30575,238,1413,0,4,1413,privat,finalizat
11976,30576,1700,1053,,,,deschis,fara_rezultat
11977,30577,2013,756,3,4,756,privat,finalizat
11978,30580,623,661,5,4,623,privat,finalizat
11979,30582,2068,486,3,2,2068,privat,finalizat
11980,30584,1428,,,,,deschis,expirat
11981,30587,751,443,0,3,443,privat,finalizat
11982,30596,63,768,5,2,63,privat,finalizat
11983,30598,1368,2195,2,3,2195,privat,finalizat
11984,30600,1304,125,0,5,125,privat,finalizat
11985,30602,869,527,,,,privat,fara_rezultat
11986,30604,889,193,4,5,193,deschis,finalizat
11987,30605,1581,1267,3,2,1581,deschis,finalizat
11988,30612,981,889,,,,privat,fara_rezultat
11989,30615,239,1179,4,5,1179,deschis,finalizat
11990,30617,2297,2186,3,2,2297,privat,finalizat
11991,30618,1299,2229,3,5,2229,deschis,finalizat
11992,30624,854,1643,4,0,854,privat,finalizat
11993,30625,873,2404,1,3,2404,privat,finalizat
11994,30630,1052,1306,5,3,1052,privat,finalizat
11995,30631,43,2485,5,1,43,privat,finalizat
11996,30634,1023,830,5,3,1023,deschis,finalizat
11997,30635,1530,226,3,1,1530,privat,finalizat
11998,30636,2319,1242,,,,privat,fara_rezultat
11999,30639,1748,,,,,deschis,expirat
12000,30640,372,1431,,,,deschis,fara_rezultat
12001,30642,33,2142,1,5,2142,privat,finalizat
12002,30644,2427,536,,,,privat,fara_rezultat
12003,30646,980,2463,1,5,2463,deschis,finalizat
12004,30649,1763,1564,,,,privat,fara_rezultat
12005,30652,1528,196,4,3,1528,privat,finalizat
12006,30654,196,1238,5,2,196,privat,finalizat
12007,30655,2018,94,1,4,94,privat,finalizat
12008,30656,1528,1213,4,1,1528,deschis,finalizat
12009,30659,2357,1401,3,1,2357,privat,finalizat
12010,30662,2153,1605,0,4,1605,privat,finalizat
12011,30664,1349,419,4,5,419,privat,finalizat
12012,30669,1802,622,4,3,1802,deschis,finalizat
12013,30673,2079,,,,,deschis,expirat
12014,30674,472,323,2,3,323,privat,finalizat
12015,30676,1889,,,,,deschis,expirat
12016,30679,2450,,,,,deschis,expirat
12017,30680,906,1173,3,4,1173,privat,finalizat
12018,30681,2381,,,,,deschis,expirat
12019,30682,1635,,,,,deschis,expirat
12020,30684,1808,538,5,3,1808,privat,finalizat
12021,30686,807,231,,,,privat,fara_rezultat
12022,30690,502,,,,,deschis,expirat
12023,30692,929,257,1,5,257,privat,finalizat
12024,30693,1102,1267,,,,privat,fara_rezultat
12025,30694,2138,811,,,,deschis,fara_rezultat
12026,30696,1287,,,,,deschis,expirat
12027,30700,255,621,4,1,255,privat,finalizat
12028,30702,2087,548,3,5,548,deschis,finalizat
12029,30703,56,1007,4,2,56,deschis,finalizat
12030,30704,2065,2430,1,5,2430,privat,finalizat
12031,30705,1528,183,5,4,1528,privat,finalizat
12032,30706,2018,958,1,3,958,privat,finalizat
12033,30709,1922,1699,4,0,1922,privat,finalizat
12034,30710,1391,171,,,,privat,fara_rezultat
12035,30711,750,243,,,,privat,fara_rezultat
12036,30712,566,713,0,5,713,privat,finalizat
12037,30713,2318,1400,,,,deschis,fara_rezultat
12038,30714,318,1266,0,5,1266,privat,finalizat
12039,30718,1132,1939,3,5,1939,deschis,finalizat
12040,30722,756,1053,4,0,756,deschis,finalizat
12041,30723,244,,,,,deschis,expirat
12042,30724,660,,,,,deschis,expirat
12043,30730,1268,382,,,,privat,fara_rezultat
12044,30732,902,61,4,1,902,deschis,finalizat
12045,30735,1350,2046,1,5,2046,privat,finalizat
12046,30736,1449,1282,,,,privat,fara_rezultat
12047,30740,1877,147,5,0,1877,privat,finalizat
12048,30743,2141,2389,5,3,2141,privat,finalizat
12049,30745,1095,648,1,5,648,privat,finalizat
12050,30748,304,2463,4,5,2463,privat,finalizat
12051,30752,432,537,3,2,432,privat,finalizat
12052,30761,125,1415,5,3,125,privat,finalizat
12053,30766,176,1739,3,4,1739,privat,finalizat
12054,30767,1968,2234,0,4,2234,privat,finalizat
12055,30769,1210,886,2,3,886,privat,finalizat
12056,30771,750,,,,,deschis,expirat
12057,30776,936,,,,,deschis,expirat
12058,30777,977,1508,5,1,977,privat,finalizat
12059,30778,953,2474,5,4,953,privat,finalizat
12060,30781,104,377,4,0,104,privat,finalizat
12061,30782,2347,922,,,,privat,fara_rezultat
12062,30784,2121,1390,1,4,1390,privat,finalizat
12063,30785,2076,1422,4,2,2076,deschis,finalizat
12064,30787,1249,565,3,4,565,privat,finalizat
12065,30789,1714,467,4,3,1714,deschis,finalizat
12066,30793,1354,,,,,deschis,expirat
12067,30795,1278,1859,3,1,1278,privat,finalizat
12068,30803,2327,239,4,0,2327,privat,finalizat
12069,30806,2467,2243,1,4,2243,privat,finalizat
12070,30815,45,1517,1,5,1517,deschis,finalizat
12071,30819,486,1542,,,,privat,fara_rezultat
12072,30823,1089,1945,1,4,1945,deschis,finalizat
12073,30826,2465,905,2,4,905,privat,finalizat
12074,30828,1311,,,,,deschis,expirat
12075,30831,1698,2300,0,5,2300,privat,finalizat
12076,30833,550,1254,4,2,550,privat,finalizat
12077,30836,2471,600,4,5,600,privat,finalizat
12078,30843,1888,99,,,,privat,fara_rezultat
12079,30845,1889,2218,4,2,1889,privat,finalizat
12080,30847,2235,2426,4,2,2235,privat,finalizat
12081,30848,917,448,1,3,448,privat,finalizat
12082,30849,2294,1823,5,1,2294,privat,finalizat
12083,30852,465,2366,2,3,2366,deschis,finalizat
12084,30853,244,376,4,5,376,privat,finalizat
12085,30854,844,821,0,4,821,privat,finalizat
12086,30855,261,1937,0,3,1937,privat,finalizat
12087,30861,419,1349,2,3,1349,privat,finalizat
12088,30862,241,,,,,deschis,expirat
12089,30876,970,841,3,1,970,privat,finalizat
12090,30877,1266,2239,4,3,1266,privat,finalizat
12091,30878,2176,1508,0,5,1508,privat,finalizat
12092,30879,2326,267,0,3,267,privat,finalizat
12093,30883,1852,287,4,2,1852,privat,finalizat
12094,30887,2317,643,3,2,2317,deschis,finalizat
12095,30890,41,1948,,,,privat,fara_rezultat
12096,30894,1367,2361,1,3,2361,deschis,finalizat
12097,30896,1589,1034,5,3,1589,privat,finalizat
12098,30899,1291,314,1,4,314,privat,finalizat
12099,30900,566,2435,3,5,2435,deschis,finalizat
12100,30913,1292,1138,2,4,1138,privat,finalizat
12101,30916,2292,1292,4,3,2292,privat,finalizat
12102,30917,862,198,3,5,198,privat,finalizat
12103,30921,1795,1025,2,3,1025,privat,finalizat
12104,30925,929,125,4,5,125,privat,finalizat
12105,30929,493,,,,,deschis,expirat
12106,30931,1994,1513,,,,privat,fara_rezultat
12107,30932,827,1057,0,4,1057,privat,finalizat
12108,30933,1517,,,,,deschis,expirat
12109,30934,1819,1311,3,4,1311,privat,finalizat
12110,30935,486,2370,4,2,486,deschis,finalizat
12111,30943,1399,1528,0,4,1528,privat,finalizat
12112,30944,1082,1414,3,1,1082,privat,finalizat
12113,30946,799,243,2,4,243,privat,finalizat
12114,30951,1282,897,,,,privat,fara_rezultat
12115,30956,144,1946,2,3,1946,privat,finalizat
12116,30957,1047,2406,4,5,2406,privat,finalizat
12117,30964,1572,1179,4,5,1179,privat,finalizat
12118,30967,2335,527,3,5,527,privat,finalizat
12119,30971,244,1650,2,3,1650,deschis,finalizat
12120,30972,376,1927,,,,deschis,fara_rezultat
12121,30974,55,1975,,,,privat,fara_rezultat
12122,30977,186,990,5,1,186,privat,finalizat
12123,30980,2044,684,1,4,684,privat,finalizat
12124,30981,523,2028,3,4,2028,privat,finalizat
12125,30989,600,555,,,,privat,fara_rezultat
12126,30994,1588,63,4,1,1588,deschis,finalizat
12127,30999,2341,981,,,,privat,fara_rezultat
12128,31016,1828,855,2,3,855,privat,finalizat
12129,31017,334,,,,,deschis,expirat
12130,31021,1492,944,5,4,1492,privat,finalizat
12131,31026,1173,563,5,4,1173,deschis,finalizat
12132,31028,1687,1471,,,,privat,fara_rezultat
12133,31030,1154,276,,,,privat,fara_rezultat
12134,31036,676,802,2,3,802,deschis,finalizat
12135,31037,1218,257,,,,privat,fara_rezultat
12136,31044,2272,2393,2,5,2393,privat,finalizat
12137,31045,1557,2333,4,2,1557,privat,finalizat
12138,31046,2053,2190,4,0,2053,privat,finalizat
12139,31050,1706,1942,4,5,1942,privat,finalizat
12140,31052,1475,418,1,3,418,privat,finalizat
12141,31054,1056,1842,5,4,1056,deschis,finalizat
12142,31055,2313,1032,0,3,1032,privat,finalizat
12143,31057,2069,1206,5,1,2069,deschis,finalizat
12144,31059,1307,1916,,,,deschis,fara_rezultat
12145,31060,2080,1748,4,3,2080,privat,finalizat
12146,31073,420,,,,,deschis,expirat
12147,31076,2116,1522,,,,deschis,fara_rezultat
12148,31078,1799,1572,1,5,1572,privat,finalizat
12149,31079,861,1623,3,5,1623,privat,finalizat
12150,31080,1178,1113,4,0,1178,deschis,finalizat
12151,31082,1347,390,2,3,390,privat,finalizat
12152,31083,1476,597,5,3,1476,deschis,finalizat
12153,31087,1196,1467,,,,privat,fara_rezultat
12154,31089,478,2326,1,3,2326,privat,finalizat
12155,31091,1983,2285,2,3,2285,deschis,finalizat
12156,31093,367,2480,4,2,367,privat,finalizat
12157,31097,1163,1696,4,1,1163,deschis,finalizat
12158,31098,1844,401,1,5,401,privat,finalizat
12159,31102,1232,1635,,,,privat,fara_rezultat
12160,31111,1669,602,4,5,602,privat,finalizat
12161,31112,1843,2106,4,1,1843,privat,finalizat
12162,31116,687,535,5,4,687,privat,finalizat
12163,31120,368,,,,,deschis,expirat
12164,31127,222,2172,4,5,2172,deschis,finalizat
12165,31135,1419,,,,,deschis,expirat
12166,31137,384,2342,4,1,384,privat,finalizat
12167,31138,485,,,,,deschis,expirat
12168,31139,2315,760,,,,deschis,fara_rezultat
12169,31140,1007,465,2,4,465,deschis,finalizat
12170,31141,2462,1737,4,1,2462,privat,finalizat
12171,31144,373,1968,,,,deschis,fara_rezultat
12172,31146,1731,2467,5,2,1731,privat,finalizat
12173,31148,257,573,0,3,573,privat,finalizat
12174,31150,732,328,,,,privat,fara_rezultat
12175,31152,1882,541,2,5,541,privat,finalizat
12176,31154,854,2481,5,4,854,deschis,finalizat
12177,31155,1994,2455,1,3,2455,deschis,finalizat
12178,31159,1547,,,,,deschis,expirat
12179,31160,977,2127,1,4,2127,deschis,finalizat
12180,31163,844,701,1,3,701,privat,finalizat
12181,31166,780,2450,0,5,2450,deschis,finalizat
12182,31167,477,857,,,,deschis,fara_rezultat
12183,31171,1747,664,1,4,664,privat,finalizat
12184,31175,1047,1565,,,,deschis,fara_rezultat
12185,31176,1763,,,,,deschis,expirat
12186,31178,1213,1458,0,5,1458,privat,finalizat
12187,31183,2311,1370,1,4,1370,privat,finalizat
12188,31187,911,2115,5,1,911,privat,finalizat
12189,31188,2036,1700,,,,privat,fara_rezultat
12190,31189,2053,756,3,1,2053,deschis,finalizat
12191,31190,249,1039,5,4,249,privat,finalizat
12192,31191,854,28,1,5,28,privat,finalizat
12193,31192,921,1433,,,,deschis,fara_rezultat
12194,31196,1887,,,,,deschis,expirat
12195,31197,1492,2269,3,4,2269,privat,finalizat
12196,31199,2431,67,1,5,67,deschis,finalizat
12197,31202,1945,2454,,,,privat,fara_rezultat
12198,31204,787,1965,3,5,1965,deschis,finalizat
12199,31209,722,807,5,1,722,privat,finalizat
12200,31211,1022,443,4,1,1022,privat,finalizat
12201,31213,1264,108,0,5,108,privat,finalizat
12202,31223,1819,2163,2,3,2163,privat,finalizat
12203,31224,104,626,,,,privat,fara_rezultat
12204,31230,1952,1693,3,5,1693,privat,finalizat
12205,31232,205,1613,2,4,1613,privat,finalizat
12206,31236,1244,2177,5,4,1244,privat,finalizat
12207,31241,1022,664,1,3,664,deschis,finalizat
12208,31249,500,119,3,4,119,privat,finalizat
12209,31250,1734,1299,2,4,1299,deschis,finalizat
12210,31253,2083,2155,,,,privat,fara_rezultat
12211,31256,1937,2273,,,,privat,fara_rezultat
12212,31263,17,957,5,2,17,privat,finalizat
12213,31264,802,1367,5,1,802,privat,finalizat
12214,31268,1894,1721,5,3,1894,deschis,finalizat
12215,31271,1699,1347,5,4,1699,privat,finalizat
12216,31272,160,774,,,,privat,fara_rezultat
12217,31274,1115,1664,,,,privat,fara_rezultat
12218,31275,2183,1158,3,2,2183,deschis,finalizat
12219,31276,2129,274,5,3,2129,privat,finalizat
12220,31278,1985,700,5,1,1985,privat,finalizat
12221,31282,781,1282,1,4,1282,privat,finalizat
12222,31283,1954,1612,0,3,1612,privat,finalizat
12223,31292,998,752,1,4,752,privat,finalizat
12224,31301,313,,,,,deschis,expirat
12225,31312,529,1308,1,5,1308,privat,finalizat
12226,31313,1254,2345,4,0,1254,deschis,finalizat
12227,31316,2095,1794,4,2,2095,privat,finalizat
12228,31318,1218,1270,3,4,1270,privat,finalizat
12229,31319,2329,,,,,deschis,expirat
12230,31320,307,2062,4,3,307,deschis,finalizat
12231,31321,1461,2008,5,4,1461,privat,finalizat
12232,31323,145,,,,,deschis,expirat
12233,31325,1799,1233,0,4,1233,privat,finalizat
12234,31328,1388,2329,4,1,1388,privat,finalizat
12235,31329,1538,240,0,5,240,deschis,finalizat
12236,31331,2015,687,,,,privat,fara_rezultat
12237,31336,2270,490,2,3,490,deschis,finalizat
12238,31338,141,127,1,3,127,deschis,finalizat
12239,31345,852,2480,3,5,2480,deschis,finalizat
12240,31346,978,2196,0,5,2196,privat,finalizat
12241,31348,2069,1041,3,0,2069,deschis,finalizat
12242,31349,1307,1648,5,2,1307,privat,finalizat
12243,31350,892,893,4,0,892,privat,finalizat
12244,31354,2065,,,,,deschis,expirat
12245,31358,271,,,,,deschis,expirat
12246,31361,2185,805,1,3,805,privat,finalizat
12247,31362,756,,,,,deschis,expirat
12248,31365,1926,2129,3,4,2129,privat,finalizat
12249,31370,1794,1028,3,2,1794,privat,finalizat
12250,31371,1046,374,,,,deschis,fara_rezultat
12251,31378,443,2198,2,3,2198,deschis,finalizat
12252,31380,619,,,,,deschis,expirat
12253,31382,414,2345,2,4,2345,privat,finalizat
12254,31383,1458,466,5,1,1458,privat,finalizat
12255,31384,1811,2106,,,,privat,fara_rezultat
12256,31385,1029,527,1,3,527,privat,finalizat
12257,31388,2010,1622,2,3,1622,privat,finalizat
12258,31390,56,2224,,,,privat,fara_rezultat
12259,31392,2047,2236,3,0,2047,privat,finalizat
12260,31395,1633,1505,2,3,1505,privat,finalizat
12261,31396,756,1039,4,2,756,privat,finalizat
12262,31398,14,994,1,4,994,deschis,finalizat
12263,31399,205,,,,,deschis,expirat
12264,31400,1068,1629,3,1,1068,deschis,finalizat
12265,31402,1823,1307,1,3,1307,privat,finalizat
12266,31403,214,463,5,2,214,privat,finalizat
12267,31405,828,619,2,3,619,privat,finalizat
12268,31409,2348,2195,0,5,2195,privat,finalizat
12269,31410,1238,1370,5,2,1238,privat,finalizat
12270,31412,959,587,5,3,959,privat,finalizat
12271,31419,650,90,,,,privat,fara_rezultat
12272,31421,1101,2185,3,5,2185,privat,finalizat
12273,31422,926,773,5,2,926,privat,finalizat
12274,31423,1541,,,,,deschis,expirat
12275,31425,1884,,,,,deschis,expirat
12276,31428,1633,317,5,3,1633,privat,finalizat
12277,31430,940,2042,1,3,2042,privat,finalizat
12278,31431,1585,590,0,4,590,deschis,finalizat
12279,31432,1917,902,3,0,1917,privat,finalizat
12280,31433,2480,663,,,,privat,fara_rezultat
12281,31443,229,600,1,4,600,privat,finalizat
12282,31445,2465,1086,2,5,1086,deschis,finalizat
12283,31448,1653,2068,4,1,1653,deschis,finalizat
12284,31450,2233,2062,0,4,2062,privat,finalizat
12285,31452,1820,419,,,,privat,fara_rezultat
12286,31457,2063,725,,,,privat,fara_rezultat
12287,31458,175,1662,5,0,175,privat,finalizat
12288,31461,450,2126,,,,privat,fara_rezultat
12289,31465,1566,,,,,deschis,expirat
12290,31472,1565,450,,,,privat,fara_rezultat
12291,31473,1811,1669,5,4,1811,privat,finalizat
12292,31478,2105,,,,,deschis,expirat
12293,31480,1011,755,3,0,1011,privat,finalizat
12294,31483,682,1370,,,,privat,fara_rezultat
12295,31484,1839,,,,,deschis,expirat
12296,31485,1985,2333,2,4,2333,deschis,finalizat
12297,31490,1027,579,2,4,579,privat,finalizat
12298,31492,434,2119,3,1,434,deschis,finalizat
12299,31494,1178,1572,2,5,1572,privat,finalizat
12300,31495,1462,2309,,,,privat,fara_rezultat
12301,31500,2492,,,,,deschis,expirat
12302,31503,1795,837,3,0,1795,deschis,finalizat
12303,31504,730,1936,2,3,1936,deschis,finalizat
12304,31506,424,600,,,,privat,fara_rezultat
12305,31508,1419,,,,,deschis,expirat
12306,31511,2274,775,4,0,2274,privat,finalizat
12307,31512,1028,2118,5,0,1028,privat,finalizat
12308,31514,1171,1937,,,,privat,fara_rezultat
12309,31518,573,881,0,4,881,privat,finalizat
12310,31519,1987,1488,2,5,1488,privat,finalizat
12311,31520,174,676,1,5,676,privat,finalizat
12312,31521,1810,527,5,2,1810,deschis,finalizat
12313,31523,1201,466,5,1,1201,privat,finalizat
12314,31524,566,328,4,2,566,deschis,finalizat
12315,31526,2367,2097,5,3,2367,privat,finalizat
12316,31530,150,,,,,deschis,expirat
12317,31533,2110,1521,4,0,2110,privat,finalizat
12318,31537,749,2355,,,,privat,fara_rezultat
12319,31539,492,945,4,5,945,privat,finalizat
12320,31541,872,579,,,,privat,fara_rezultat
12321,31545,414,1062,0,3,1062,privat,finalizat
12322,31548,193,239,1,4,239,privat,finalizat
12323,31549,393,1760,,,,privat,fara_rezultat
12324,31551,239,767,5,3,239,deschis,finalizat
12325,31552,794,,,,,deschis,expirat
12326,31556,1360,,,,,deschis,expirat
12327,31562,1000,,,,,deschis,expirat
12328,31565,1756,1789,3,0,1756,privat,finalizat
12329,31569,1419,2292,,,,privat,fara_rezultat
12330,31570,320,1129,3,2,320,deschis,finalizat
12331,31572,650,2369,2,3,2369,privat,finalizat
12332,31573,1810,1631,,,,privat,fara_rezultat
12333,31577,1155,185,5,3,1155,deschis,finalizat
12334,31578,1760,234,1,5,234,privat,finalizat
12335,31580,7,2018,3,1,7,privat,finalizat
12336,31582,909,1044,4,1,909,privat,finalizat
12337,31586,820,1013,4,2,820,privat,finalizat
12338,31588,1474,1888,3,2,1474,deschis,finalizat
12339,31589,1021,2399,,,,privat,fara_rezultat
12340,31590,1559,785,3,5,785,privat,finalizat
12341,31592,1608,1188,3,2,1608,deschis,finalizat
12342,31602,1826,1046,,,,privat,fara_rezultat
12343,31607,646,1881,5,2,646,privat,finalizat
12344,31608,1353,156,1,3,156,privat,finalizat
12345,31609,260,2495,5,1,260,privat,finalizat
12346,31610,2017,2003,4,1,2017,privat,finalizat
12347,31613,887,1737,4,3,887,privat,finalizat
12348,31619,297,1040,2,3,1040,privat,finalizat
12349,31621,1389,1437,2,3,1437,privat,finalizat
12350,31626,246,708,3,1,246,privat,finalizat
12351,31629,633,471,,,,privat,fara_rezultat
12352,31630,2228,91,0,4,91,privat,finalizat
12353,31631,688,408,2,3,408,privat,finalizat
12354,31633,2304,776,4,1,2304,privat,finalizat
12355,31637,2207,302,5,1,2207,deschis,finalizat
12356,31639,560,7,3,4,7,deschis,finalizat
12357,31643,1903,1415,2,5,1415,deschis,finalizat
12358,31649,2270,,,,,deschis,expirat
12359,31650,1662,,,,,deschis,expirat
12360,31652,804,92,1,3,92,privat,finalizat
12361,31654,1248,2000,,,,privat,fara_rezultat
12362,31656,2196,852,4,3,2196,privat,finalizat
12363,31657,978,391,0,5,391,deschis,finalizat
12364,31668,1201,260,3,2,1201,privat,finalizat
12365,31671,1540,548,1,3,548,deschis,finalizat
12366,31672,1113,1222,0,4,1222,privat,finalizat
12367,31676,2483,317,,,,privat,fara_rezultat
12368,31677,2404,,,,,deschis,expirat
12369,31684,1494,1575,,,,privat,fara_rezultat
12370,31685,51,295,1,3,295,privat,finalizat
12371,31686,269,1357,4,0,269,privat,finalizat
12372,31692,772,688,2,4,688,privat,finalizat
12373,31693,1219,2273,4,3,1219,deschis,finalizat
12374,31695,373,1522,3,4,1522,privat,finalizat
12375,31697,1675,2272,5,2,1675,privat,finalizat
12376,31700,2024,,,,,deschis,expirat
12377,31701,2142,2006,3,4,2006,deschis,finalizat
12378,31702,225,1889,1,5,1889,privat,finalizat
12379,31707,691,1255,2,3,1255,deschis,finalizat
12380,31708,1086,1308,,,,privat,fara_rezultat
12381,31709,374,1642,4,1,374,privat,finalizat
12382,31710,2109,1538,,,,privat,fara_rezultat
12383,31711,1229,2031,,,,privat,fara_rezultat
12384,31713,807,1368,2,4,1368,privat,finalizat
12385,31714,1808,1606,2,5,1606,privat,finalizat
12386,31717,2362,2167,2,5,2167,deschis,finalizat
12387,31720,1979,1494,,,,deschis,fara_rezultat
12388,31724,454,1495,0,3,1495,privat,finalizat
12389,31726,240,1040,,,,privat,fara_rezultat
12390,31728,1158,1541,5,4,1158,privat,finalizat
12391,31730,1822,807,3,2,1822,privat,finalizat
12392,31733,1408,1129,3,0,1408,privat,finalizat
12393,31739,13,647,1,4,647,privat,finalizat
12394,31741,664,2470,0,3,2470,privat,finalizat
12395,31742,1635,1763,4,2,1635,deschis,finalizat
12396,31743,802,1779,3,5,1779,privat,finalizat
12397,31750,1002,2093,,,,privat,fara_rezultat
12398,31751,722,1096,3,5,1096,deschis,finalizat
12399,31755,859,908,,,,privat,fara_rezultat
12400,31756,1408,2141,,,,deschis,fara_rezultat
12401,31758,1635,2345,2,5,2345,privat,finalizat
12402,31759,1549,787,5,3,1549,deschis,finalizat
12403,31761,56,2261,3,1,56,deschis,finalizat
12404,31763,2305,1903,1,4,1903,deschis,finalizat
12405,31767,1303,2236,4,1,1303,privat,finalizat
12406,31768,2483,1662,4,3,2483,privat,finalizat
12407,31769,1708,849,5,1,1708,privat,finalizat
12408,31770,2485,1342,5,1,2485,privat,finalizat
12409,31772,2027,51,3,2,2027,privat,finalizat
12410,31780,952,1591,2,3,1591,privat,finalizat
12411,31784,451,,,,,deschis,expirat
12412,31786,938,,,,,deschis,expirat
12413,31788,778,1783,,,,deschis,fara_rezultat
12414,31789,2058,473,4,2,2058,privat,finalizat
12415,31792,2190,2258,2,3,2258,privat,finalizat
12416,31795,65,603,3,1,65,privat,finalizat
12417,31796,1037,143,2,5,143,privat,finalizat
12418,31800,2477,,,,,deschis,expirat
12419,31802,1620,2273,2,4,2273,privat,finalizat
12420,31805,443,1219,2,3,1219,privat,finalizat
12421,31806,2427,1946,0,3,1946,privat,finalizat
12422,31807,91,,,,,deschis,expirat
12423,31809,234,,,,,deschis,expirat
12424,31814,2340,170,2,3,170,privat,finalizat
12425,31815,2467,360,5,1,2467,privat,finalizat
12426,31817,2008,300,1,4,300,deschis,finalizat
12427,31818,1675,2331,5,2,1675,privat,finalizat
12428,31819,1599,2067,,,,privat,fara_rezultat
12429,31821,1749,1990,4,2,1749,deschis,finalizat
12430,31822,2091,561,1,5,561,privat,finalizat
12431,31824,206,1075,3,4,1075,privat,finalizat
12432,31825,2083,253,5,3,2083,deschis,finalizat
12433,31826,1563,2079,4,0,1563,deschis,finalizat
12434,31828,1324,1080,1,4,1080,privat,finalizat
12435,31829,1339,1297,3,2,1339,privat,finalizat
12436,31831,807,2072,0,3,2072,deschis,finalizat
12437,31832,502,443,3,1,502,privat,finalizat
12438,31833,2348,,,,,deschis,expirat
12439,31834,619,1588,0,3,1588,privat,finalizat
12440,31838,174,,,,,deschis,expirat
12441,31839,2260,2298,4,3,2260,deschis,finalizat
12442,31844,1499,1347,2,5,1347,privat,finalizat
12443,31845,597,1922,,,,deschis,fara_rezultat
12444,31847,561,236,3,2,561,privat,finalizat
12445,31851,2384,638,5,1,2384,deschis,finalizat
12446,31852,953,1909,0,3,1909,deschis,finalizat
12447,31854,2132,1720,1,4,1720,privat,finalizat
12448,31856,1398,647,3,4,647,privat,finalizat
12449,31857,1489,179,1,4,179,privat,finalizat
12450,31865,1619,2342,4,0,1619,deschis,finalizat
12451,31873,2087,573,5,3,2087,privat,finalizat
12452,31875,319,650,0,5,650,privat,finalizat
12453,31881,778,,,,,deschis,expirat
12454,31883,2378,1964,4,3,2378,deschis,finalizat
12455,31887,1067,781,4,2,1067,deschis,finalizat
12456,31888,625,375,3,5,375,deschis,finalizat
12457,31890,1023,222,4,0,1023,privat,finalizat
12458,31891,1892,470,4,2,1892,privat,finalizat
12459,31892,2381,437,,,,privat,fara_rezultat
12460,31897,643,760,2,5,760,privat,finalizat
12461,31898,2147,1337,3,5,1337,privat,finalizat
12462,31907,1849,1452,,,,privat,fara_rezultat
12463,31911,936,191,,,,deschis,fara_rezultat
12464,31912,1389,1508,3,5,1508,privat,finalizat
12465,31913,921,1511,2,3,1511,deschis,finalizat
12466,31914,1360,1547,3,0,1360,deschis,finalizat
12467,31915,122,117,3,1,122,privat,finalizat
12468,31917,1744,2375,4,2,1744,deschis,finalizat
12469,31918,2232,107,1,4,107,privat,finalizat
12470,31919,2022,162,3,1,2022,deschis,finalizat
12471,31921,626,73,2,4,73,privat,finalizat
12472,31923,283,,,,,deschis,expirat
12473,31924,979,1833,3,1,979,privat,finalizat
12474,31926,2065,685,3,4,685,privat,finalizat
12475,31927,1795,2298,3,2,1795,privat,finalizat
12476,31928,1598,37,,,,privat,fara_rezultat
12477,31929,1227,,,,,deschis,expirat
12478,31930,1832,1698,4,0,1832,privat,finalizat
12479,31936,1123,,,,,deschis,expirat
12480,31938,1931,1536,1,3,1536,deschis,finalizat
12481,31939,1272,1683,4,1,1272,privat,finalizat
12482,31943,2185,738,0,4,738,privat,finalizat
12483,31946,1926,510,3,5,510,privat,finalizat
12484,31947,1745,637,1,5,637,privat,finalizat
12485,31951,2467,885,,,,privat,fara_rezultat
12486,31955,2342,537,2,3,537,privat,finalizat
12487,31956,243,1845,3,0,243,privat,finalizat
12488,31959,1028,779,3,0,1028,privat,finalizat
12489,31960,453,,,,,deschis,expirat
12490,31961,1631,,,,,deschis,expirat
12491,31964,887,1561,1,5,1561,deschis,finalizat
12492,31966,26,533,,,,privat,fara_rezultat
12493,31967,1923,745,3,4,745,privat,finalizat
12494,31968,970,999,,,,privat,fara_rezultat
12495,31972,661,1670,3,5,1670,deschis,finalizat
12496,31974,919,179,3,5,179,privat,finalizat
12497,31976,1354,1754,3,2,1354,privat,finalizat
12498,31977,1367,2366,,,,privat,fara_rezultat
12499,31978,2017,1370,3,2,2017,privat,finalizat
12500,31979,1370,1034,3,0,1370,privat,finalizat
12501,31980,1444,,,,,deschis,expirat
12502,31984,807,2342,,,,privat,fara_rezultat
12503,31986,1768,,,,,deschis,expirat
12504,31988,1683,2215,0,5,2215,privat,finalizat
12505,31996,1620,1361,5,2,1620,privat,finalizat
12506,32003,808,47,,,,privat,fara_rezultat
12507,32004,1141,518,5,0,1141,privat,finalizat
12508,32008,453,,,,,deschis,expirat
12509,32016,1349,1250,3,0,1349,privat,finalizat
12510,32017,873,1727,4,1,873,privat,finalizat
12511,32018,1053,1557,3,1,1053,privat,finalizat
12512,32019,2176,1807,2,5,1807,deschis,finalizat
12513,32021,404,1670,5,0,404,privat,finalizat
12514,32022,1892,1441,,,,privat,fara_rezultat
12515,32023,2482,,,,,deschis,expirat
12516,32024,91,1138,4,2,91,privat,finalizat
12517,32025,2304,1965,,,,privat,fara_rezultat
12518,32029,122,1745,,,,privat,fara_rezultat
12519,32030,618,1982,3,0,618,deschis,finalizat
12520,32031,2127,578,4,3,2127,privat,finalizat
12521,32032,389,2085,1,4,2085,privat,finalizat
12522,32033,2421,1899,0,4,1899,privat,finalizat
12523,32034,2431,,,,,deschis,expirat
12524,32036,167,529,1,3,529,privat,finalizat
12525,32039,2369,671,2,3,671,privat,finalizat
12526,32043,17,1462,0,3,1462,deschis,finalizat
12527,32046,1201,1238,1,3,1238,privat,finalizat
12528,32051,887,1603,5,3,887,privat,finalizat
12529,32053,1853,,,,,deschis,expirat
12530,32054,1882,8,1,3,8,deschis,finalizat
12531,32065,1272,,,,,deschis,expirat
12532,32066,379,1913,4,5,1913,privat,finalizat
12533,32069,1579,2037,0,4,2037,privat,finalizat
12534,32071,1896,50,3,2,1896,privat,finalizat
12535,32077,1018,2292,4,0,1018,privat,finalizat
12536,32078,600,2248,4,5,2248,deschis,finalizat
12537,32081,1762,1397,3,2,1762,privat,finalizat
12538,32082,1178,,,,,deschis,expirat
12539,32084,454,894,4,1,454,privat,finalizat
12540,32086,1102,2324,1,4,2324,privat,finalizat
12541,32089,125,2462,4,5,2462,privat,finalizat
12542,32093,265,1192,0,3,1192,privat,finalizat
12543,32094,2036,2404,5,4,2036,deschis,finalizat
12544,32095,1057,238,5,3,1057,privat,finalizat
12545,32100,2149,2306,3,0,2149,privat,finalizat
12546,32102,749,1806,3,1,749,privat,finalizat
12547,32107,166,1220,0,4,1220,privat,finalizat
12548,32108,1651,198,4,0,1651,privat,finalizat
12549,32112,1424,,,,,deschis,expirat
12550,32117,2496,651,5,3,2496,privat,finalizat
12551,32118,1263,1998,4,5,1998,privat,finalizat
12552,32119,2272,447,1,3,447,privat,finalizat
12553,32120,2344,1587,0,3,1587,privat,finalizat
12554,32123,1745,403,0,5,403,privat,finalizat
12555,32125,1437,331,4,2,1437,deschis,finalizat
12556,32126,1420,976,1,3,976,privat,finalizat
12557,32127,1752,677,2,4,677,privat,finalizat
12558,32128,2149,44,3,1,2149,privat,finalizat
12559,32136,815,1944,5,4,815,privat,finalizat
12560,32138,1844,91,,,,deschis,fara_rezultat
12561,32140,2024,1651,4,1,2024,privat,finalizat
12562,32141,1756,434,5,3,1756,privat,finalizat
12563,32142,2329,451,4,1,2329,privat,finalizat
12564,32147,102,458,5,1,102,privat,finalizat
12565,32150,26,29,4,5,29,privat,finalizat
12566,32152,2289,854,5,0,2289,privat,finalizat
12567,32155,820,,,,,deschis,expirat
12568,32158,1362,1556,5,2,1362,privat,finalizat
12569,32159,1525,,,,,deschis,expirat
12570,32162,1836,1490,,,,privat,fara_rezultat
12571,32163,600,1535,3,2,600,privat,finalizat
12572,32164,2225,,,,,deschis,expirat
12573,32171,424,287,,,,privat,fara_rezultat
12574,32173,2228,1946,0,3,1946,privat,finalizat
12575,32177,517,1822,4,1,517,privat,finalizat
12576,32180,360,1015,1,5,1015,privat,finalizat
12577,32186,1963,1031,3,1,1963,privat,finalizat
12578,32190,287,198,3,0,287,privat,finalizat
12579,32192,2056,952,1,3,952,privat,finalizat
12580,32199,1620,1129,4,5,1129,privat,finalizat
12581,32200,2207,630,3,0,2207,privat,finalizat
12582,32201,600,412,3,1,600,deschis,finalizat
12583,32203,1354,1278,3,2,1354,deschis,finalizat
12584,32204,1458,1025,,,,privat,fara_rezultat
12585,32205,1141,1421,,,,privat,fara_rezultat
12586,32209,687,1699,4,5,1699,privat,finalizat
12587,32210,773,715,,,,privat,fara_rezultat
12588,32213,2300,1722,1,3,1722,privat,finalizat
12589,32215,1369,755,1,3,755,privat,finalizat
12590,32224,1985,334,2,3,334,deschis,finalizat
12591,32227,2113,1175,3,5,1175,privat,finalizat
12592,32229,920,567,,,,deschis,fara_rezultat
12593,32233,1086,471,4,1,1086,privat,finalizat
12594,32234,1937,2119,3,1,1937,deschis,finalizat
12595,32237,1462,810,5,4,1462,privat,finalizat
12596,32242,342,801,5,1,342,privat,finalizat
12597,32243,709,,,,,deschis,expirat
12598,32244,1226,258,3,0,1226,deschis,finalizat
12599,32253,2484,1423,2,4,1423,privat,finalizat
12600,32255,97,91,3,2,97,privat,finalizat
12601,32258,1937,,,,,deschis,expirat
12602,32263,930,602,3,2,930,deschis,finalizat
12603,32265,1919,1721,,,,deschis,fara_rezultat
12604,32267,1102,215,3,2,1102,privat,finalizat
12605,32270,1204,,,,,deschis,expirat
12606,32272,1647,,,,,deschis,expirat
12607,32273,1653,476,5,1,1653,privat,finalizat
12608,32275,2266,978,,,,privat,fara_rezultat
12609,32277,1748,395,4,0,1748,privat,finalizat
12610,32279,2227,2389,4,5,2389,privat,finalizat
12611,32280,116,2024,,,,privat,fara_rezultat
12612,32282,646,1822,,,,privat,fara_rezultat
12613,32284,2361,810,3,0,2361,privat,finalizat
12614,32292,1126,,,,,deschis,expirat
12615,32295,1664,561,3,5,561,privat,finalizat
12616,32298,2176,1975,2,3,1975,privat,finalizat
12617,32301,1468,1818,2,5,1818,privat,finalizat
12618,32303,57,1445,5,3,57,deschis,finalizat
12619,32304,1055,1052,3,4,1052,privat,finalizat
12620,32305,2266,326,1,5,326,privat,finalizat
12621,32310,537,1022,0,3,1022,privat,finalizat
12622,32312,751,2118,,,,privat,fara_rezultat
12623,32315,2389,1789,3,4,1789,privat,finalizat
12624,32316,229,1153,3,2,229,privat,finalizat
12625,32319,560,894,,,,privat,fara_rezultat
12626,32324,17,1213,,,,privat,fara_rezultat
12627,32328,1482,615,4,1,1482,privat,finalizat
12628,32329,1229,713,3,2,1229,privat,finalizat
12629,32330,1210,,,,,deschis,expirat
12630,32331,617,245,4,1,617,privat,finalizat
12631,32332,1433,,,,,deschis,expirat
12632,32333,1115,1467,4,3,1115,privat,finalizat
12633,32335,1664,1448,3,0,1664,privat,finalizat
12634,32337,717,514,,,,privat,fara_rezultat
12635,32338,1585,785,0,4,785,privat,finalizat
12636,32340,295,2287,0,4,2287,privat,finalizat
12637,32341,375,1751,4,2,375,privat,finalizat
12638,32342,2257,2388,3,1,2257,privat,finalizat
12639,32343,1890,1620,3,5,1620,deschis,finalizat
12640,32344,443,2198,2,3,2198,deschis,finalizat
12641,32347,646,883,,,,deschis,fara_rezultat
12642,32348,775,952,0,5,952,privat,finalizat
12643,32350,2482,1977,,,,privat,fara_rezultat
12644,32351,1723,1370,3,5,1370,deschis,finalizat
12645,32353,342,2329,4,1,342,deschis,finalizat
12646,32355,759,560,1,3,560,privat,finalizat
12647,32361,773,339,4,1,773,privat,finalizat
12648,32369,2027,2172,3,4,2172,deschis,finalizat
12649,32370,269,2071,5,1,269,privat,finalizat
12650,32373,1953,443,,,,deschis,fara_rezultat
12651,32376,1588,529,,,,privat,fara_rezultat
12652,32377,432,1417,,,,deschis,fara_rezultat
12653,32379,1411,779,4,1,1411,privat,finalizat
12654,32392,1669,1179,,,,deschis,fara_rezultat
12655,32395,2281,957,5,4,2281,privat,finalizat
12656,32396,1655,2260,5,0,1655,privat,finalizat
12657,32398,1928,2004,5,3,1928,privat,finalizat
12658,32399,1631,,,,,deschis,expirat
12659,32401,1370,215,1,4,215,privat,finalizat
12660,32404,1262,37,3,5,37,privat,finalizat
12661,32407,2331,744,5,2,2331,privat,finalizat
12662,32408,1040,2015,5,2,1040,privat,finalizat
12663,32410,115,998,1,4,998,privat,finalizat
12664,32415,561,1664,1,3,1664,privat,finalizat
12665,32416,2323,55,5,4,2323,deschis,finalizat
12666,32418,2091,2323,3,2,2091,privat,finalizat
12667,32426,665,486,5,2,665,privat,finalizat
12668,32430,349,2069,1,4,2069,privat,finalizat
12669,32433,1428,1092,3,1,1428,privat,finalizat
12670,32434,459,120,5,1,459,privat,finalizat
12671,32435,1073,917,2,3,917,privat,finalizat
12672,32440,1397,,,,,deschis,expirat
12673,32441,302,1397,5,4,302,deschis,finalizat
12674,32443,1953,,,,,deschis,expirat
12675,32448,1495,1262,0,3,1262,privat,finalizat
12676,32451,2327,1957,3,1,2327,privat,finalizat
12677,32452,1017,,,,,deschis,expirat
12678,32454,2249,1735,,,,privat,fara_rezultat
12679,32458,2138,896,1,4,896,privat,finalizat
12680,32459,454,837,3,1,454,privat,finalizat
12681,32460,971,1218,4,1,971,privat,finalizat
12682,32461,1811,,,,,deschis,expirat
12683,32463,1391,2377,5,4,1391,privat,finalizat
12684,32466,998,2011,3,0,998,privat,finalizat
12685,32475,1196,265,5,3,1196,privat,finalizat
12686,32477,701,457,1,4,457,privat,finalizat
12687,32478,660,804,3,2,660,privat,finalizat
12688,32479,1217,516,3,4,516,privat,finalizat
12689,32484,2137,2414,0,3,2414,deschis,finalizat
12690,32485,666,1596,0,3,1596,privat,finalizat
12691,32489,2431,2374,4,5,2374,privat,finalizat
12692,32490,2080,1945,3,5,1945,privat,finalizat
12693,32492,159,,,,,deschis,expirat
12694,32496,664,1620,3,1,664,privat,finalizat
12695,32500,1397,276,4,1,1397,privat,finalizat
12696,32502,1028,1678,1,3,1678,privat,finalizat
12697,32504,630,,,,,deschis,expirat
12698,32505,500,1022,3,5,1022,privat,finalizat
12699,32506,428,1998,3,1,428,deschis,finalizat
12700,32509,2087,1540,4,1,2087,privat,finalizat
12701,32512,1735,2341,3,1,1735,privat,finalizat
12702,32514,1811,894,3,0,1811,privat,finalizat
12703,32515,889,1011,3,2,889,privat,finalizat
12704,32519,2462,458,2,3,458,privat,finalizat
12705,32520,328,515,4,2,328,deschis,finalizat
12706,32521,243,725,4,3,243,privat,finalizat
12707,32525,773,2354,,,,privat,fara_rezultat
12708,32526,299,2483,4,1,299,privat,finalizat
12709,32529,873,1632,1,3,1632,privat,finalizat
12710,32531,2258,977,5,4,2258,deschis,finalizat
12711,32533,2012,692,1,5,692,privat,finalizat
12712,32535,2162,,,,,deschis,expirat
12713,32536,1396,,,,,deschis,expirat
12714,32541,819,1232,1,5,1232,privat,finalizat
12715,32543,2024,1644,3,0,2024,privat,finalizat
12716,32549,2379,1958,3,4,1958,privat,finalizat
12717,32551,311,495,4,5,495,deschis,finalizat
12718,32552,1950,1864,3,0,1950,privat,finalizat
12719,32555,451,1179,,,,privat,fara_rezultat
12720,32556,881,208,,,,privat,fara_rezultat
12721,32559,373,801,0,4,801,privat,finalizat
12722,32563,2393,10,3,4,10,deschis,finalizat
12723,32564,655,1476,0,3,1476,privat,finalizat
12724,32567,2151,,,,,deschis,expirat
12725,32569,510,498,0,3,498,privat,finalizat
12726,32570,251,152,5,2,251,deschis,finalizat
12727,32572,1192,1196,2,5,1196,deschis,finalizat
12728,32573,81,581,3,0,81,privat,finalizat
12729,32574,421,1100,3,1,421,privat,finalizat
12730,32577,1268,,,,,deschis,expirat
12731,32583,1203,1223,2,3,1223,privat,finalizat
12732,32584,588,2380,5,0,588,privat,finalizat
12733,32585,2184,897,4,1,2184,deschis,finalizat
12734,32586,856,324,3,2,856,privat,finalizat
12735,32588,1063,967,0,5,967,privat,finalizat
12736,32590,574,1147,5,4,574,privat,finalizat
12737,32591,212,5,3,5,5,privat,finalizat
12738,32595,1944,828,2,3,828,privat,finalizat
12739,32596,2406,1397,3,0,2406,privat,finalizat
12740,32603,753,1276,5,1,753,privat,finalizat
12741,32605,1419,2444,2,4,2444,privat,finalizat
12742,32607,2198,2274,1,3,2274,privat,finalizat
12743,32610,257,350,0,3,350,privat,finalizat
12744,32611,2008,,,,,deschis,expirat
12745,32613,1347,,,,,deschis,expirat
12746,32614,2129,510,3,0,2129,privat,finalizat
12747,32620,2013,2434,5,2,2013,privat,finalizat
12748,32621,1931,,,,,deschis,expirat
12749,32622,2042,134,5,4,2042,privat,finalizat
12750,32624,1468,99,0,4,99,privat,finalizat
12751,32625,1055,1105,2,5,1105,privat,finalizat
12752,32626,2143,163,4,1,2143,privat,finalizat
12753,32627,2150,,,,,deschis,expirat
12754,32628,222,242,2,5,242,privat,finalizat
12755,32629,2426,1494,4,0,2426,privat,finalizat
12756,32635,2012,1517,5,2,2012,privat,finalizat
12757,32636,2474,1166,1,3,1166,privat,finalizat
12758,32637,1931,1752,3,0,1931,privat,finalizat
12759,32639,340,2140,,,,privat,fara_rezultat
12760,32642,374,,,,,deschis,expirat
12761,32644,688,480,2,4,480,privat,finalizat
12762,32646,2216,1300,5,2,2216,deschis,finalizat
12763,32647,110,1955,4,1,110,deschis,finalizat
12764,32648,1139,377,3,4,377,deschis,finalizat
12765,32649,1759,2123,3,5,2123,deschis,finalizat
12766,32653,1087,1026,1,3,1026,privat,finalizat
12767,32655,496,2239,4,0,496,privat,finalizat
12768,32661,1527,,,,,deschis,expirat
12769,32664,1600,2431,5,2,1600,privat,finalizat
12770,32666,1145,,,,,deschis,expirat
12771,32674,1163,1965,5,4,1163,privat,finalizat
12772,32676,257,929,,,,privat,fara_rezultat
12773,32677,195,466,0,3,466,privat,finalizat
12774,32678,1798,,,,,deschis,expirat
12775,32680,239,2035,4,1,239,privat,finalizat
12776,32681,1566,1779,,,,privat,fara_rezultat
12777,32682,454,1540,2,4,1540,privat,finalizat
12778,32683,1578,2337,,,,privat,fara_rezultat
12779,32687,585,1227,2,3,1227,privat,finalizat
12780,32689,1021,165,1,3,165,privat,finalizat
12781,32692,2374,1943,3,2,2374,privat,finalizat
12782,32696,301,1483,3,1,301,privat,finalizat
12783,32701,1945,1714,3,1,1945,deschis,finalizat
12784,32705,2358,1358,4,5,1358,deschis,finalizat
12785,32710,1987,2075,,,,privat,fara_rezultat
12786,32711,1442,971,3,4,971,privat,finalizat
12787,32713,805,832,3,0,805,privat,finalizat
12788,32715,504,181,1,5,181,privat,finalizat
12789,32716,854,2362,2,3,2362,privat,finalizat
12790,32720,1759,814,,,,privat,fara_rezultat
12791,32721,1252,1297,5,3,1252,deschis,finalizat
12792,32724,1859,1361,1,5,1361,deschis,finalizat
12793,32725,1593,2119,2,3,2119,deschis,finalizat
12794,32726,136,1642,5,2,136,privat,finalizat
12795,32728,1775,1760,,,,privat,fara_rezultat
12796,32729,1522,2041,1,5,2041,deschis,finalizat
12797,32730,2462,260,,,,privat,fara_rezultat
12798,32733,2361,2250,4,5,2250,deschis,finalizat
12799,32740,1828,1611,4,2,1828,deschis,finalizat
12800,32742,924,1574,3,0,924,privat,finalizat
12801,32743,1559,2399,2,3,2399,privat,finalizat
12802,32745,110,,,,,deschis,expirat
12803,32747,1339,1023,,,,deschis,fara_rezultat
12804,32748,672,295,2,3,295,deschis,finalizat
12805,32752,2345,96,4,0,2345,privat,finalizat
12806,32756,434,2219,4,2,434,privat,finalizat
12807,32757,1506,1365,,,,privat,fara_rezultat
12808,32759,651,1961,5,0,651,privat,finalizat
12809,32764,2476,,,,,deschis,expirat
12810,32765,2013,561,,,,privat,fara_rezultat
12811,32767,697,661,,,,privat,fara_rezultat
12812,32771,1382,84,5,3,1382,privat,finalizat
12813,32772,967,635,4,5,635,privat,finalizat
12814,32775,1844,450,4,2,1844,privat,finalizat
12815,32777,2147,2292,2,5,2292,privat,finalizat
12816,32782,1399,,,,,deschis,expirat
12817,32784,1266,998,,,,deschis,fara_rezultat
12818,32791,244,175,4,0,244,deschis,finalizat
12819,32793,1091,1192,2,5,1192,privat,finalizat
12820,32794,335,1492,,,,privat,fara_rezultat
12821,32798,1329,545,1,3,545,privat,finalizat
12822,32799,1788,1449,4,0,1788,privat,finalizat
12823,32800,1656,2428,3,2,1656,privat,finalizat
12824,32804,1374,1098,,,,privat,fara_rezultat
12825,32810,1321,1678,1,4,1678,privat,finalizat
12826,32811,1397,2111,4,3,1397,privat,finalizat
12827,32812,2308,1220,4,0,2308,privat,finalizat
12828,32814,480,,,,,deschis,expirat
12829,32815,1163,2304,0,4,2304,privat,finalizat
12830,32817,1353,2305,5,2,1353,privat,finalizat
12831,32821,174,183,2,3,183,privat,finalizat
12832,32829,2190,,,,,deschis,expirat
12833,32830,2042,821,4,3,2042,privat,finalizat
12834,32831,1913,2026,,,,privat,fara_rezultat
12835,32838,50,1352,4,0,50,deschis,finalizat
12836,32840,872,762,5,2,872,privat,finalizat
12837,32842,835,575,0,5,575,deschis,finalizat
12838,32843,2406,2141,3,4,2141,privat,finalizat
12839,32855,2348,807,5,4,2348,privat,finalizat
12840,32857,451,1688,,,,privat,fara_rezultat
12841,32860,239,632,,,,privat,fara_rezultat
12842,32861,632,451,3,0,632,privat,finalizat
12843,32863,2010,93,,,,privat,fara_rezultat
12844,32868,1811,1739,1,4,1739,privat,finalizat
12845,32872,1229,1499,2,3,1499,privat,finalizat
12846,32877,317,617,3,4,617,deschis,finalizat
12847,32883,2036,2183,5,0,2036,deschis,finalizat
12848,32884,274,855,3,5,855,privat,finalizat
12849,32887,2404,1602,5,1,2404,privat,finalizat
12850,32888,1279,1165,3,2,1279,deschis,finalizat
12851,32895,1832,1648,2,3,1648,privat,finalizat
12852,32897,296,2359,,,,privat,fara_rezultat
12853,32901,1630,1503,1,5,1503,privat,finalizat
12854,32905,905,1620,,,,privat,fara_rezultat
12855,32910,2070,348,3,2,2070,privat,finalizat
12856,32914,896,2233,0,5,2233,privat,finalizat
12857,32915,2250,2379,2,5,2379,privat,finalizat
12858,32918,896,1669,3,0,896,privat,finalizat
12859,32920,1540,1430,,,,privat,fara_rezultat
12860,32921,255,1520,3,1,255,privat,finalizat
12861,32922,428,1581,0,5,1581,privat,finalizat
12862,32923,2116,1367,0,5,1367,privat,finalizat
12863,32925,2153,879,4,1,2153,privat,finalizat
12864,32927,1557,1005,3,1,1557,privat,finalizat
12865,32928,1745,2468,5,1,1745,privat,finalizat
12866,32930,1360,,,,,deschis,expirat
12867,32932,2276,972,3,4,972,privat,finalizat
12868,32937,590,1784,2,4,1784,privat,finalizat
12869,32939,1079,1685,4,1,1079,privat,finalizat
12870,32941,1156,1719,3,0,1156,privat,finalizat
12871,32944,644,2388,5,3,644,privat,finalizat
12872,32947,2325,1503,,,,privat,fara_rezultat
12873,32951,633,2111,,,,privat,fara_rezultat
12874,32953,285,2142,,,,privat,fara_rezultat
12875,32954,2463,2317,5,4,2463,privat,finalizat
12876,32955,1036,2325,0,4,2325,privat,finalizat
12877,32961,1007,499,0,3,499,privat,finalizat
12878,32967,2070,1008,,,,privat,fara_rezultat
12879,32969,632,,,,,deschis,expirat
12880,32970,1218,2222,1,4,2222,privat,finalizat
12881,32971,2063,1815,0,5,1815,deschis,finalizat
12882,32973,2318,987,4,3,2318,privat,finalizat
12883,32978,709,251,3,4,251,deschis,finalizat
12884,32979,1013,1607,1,3,1607,privat,finalizat
12885,32981,2453,1758,4,0,2453,privat,finalizat
12886,32982,2110,2152,2,5,2152,privat,finalizat
12887,32983,1927,2064,4,3,1927,privat,finalizat
12888,32984,585,1346,4,3,585,privat,finalizat
12889,32985,186,418,3,4,418,privat,finalizat
12890,32990,1714,876,4,2,1714,deschis,finalizat
12891,32991,942,2440,3,0,942,privat,finalizat
12892,32992,1368,2358,4,2,1368,privat,finalizat
12893,32994,612,424,0,3,424,deschis,finalizat
12894,32995,980,1095,2,4,1095,deschis,finalizat
12895,32996,517,1829,2,3,1829,privat,finalizat
12896,33001,1163,1254,3,0,1163,privat,finalizat
12897,33003,97,1341,5,4,97,privat,finalizat
12898,33004,131,759,5,4,131,privat,finalizat
12899,33005,1414,135,4,0,1414,deschis,finalizat
12900,33009,573,2467,1,3,2467,privat,finalizat
12901,33011,264,2116,,,,privat,fara_rezultat
12902,33014,889,755,4,0,889,privat,finalizat
12903,33019,1205,1540,5,0,1205,deschis,finalizat
12904,33020,328,791,0,3,791,privat,finalizat
12905,33022,2031,1717,3,0,2031,privat,finalizat
12906,33023,2459,669,,,,privat,fara_rezultat
12907,33024,1849,10,2,5,10,privat,finalizat
12908,33025,2239,1204,0,5,1204,privat,finalizat
12909,33029,1505,2061,0,3,2061,privat,finalizat
12910,33030,1467,1117,4,3,1467,deschis,finalizat
12911,33037,425,653,4,1,425,deschis,finalizat
12912,33038,118,2117,4,0,118,privat,finalizat
12913,33040,1832,915,,,,privat,fara_rezultat
12914,33043,1089,2057,1,3,2057,privat,finalizat
12915,33044,462,2484,2,3,2484,privat,finalizat
12916,33046,2225,198,3,0,2225,privat,finalizat
12917,33057,288,772,0,4,772,privat,finalizat
12918,33060,2467,1561,5,0,2467,privat,finalizat
12919,33062,49,,,,,deschis,expirat
12920,33063,1987,759,2,5,759,privat,finalizat
12921,33068,1680,674,4,0,1680,deschis,finalizat
12922,33069,1952,,,,,deschis,expirat
12923,33071,2058,1071,3,2,2058,privat,finalizat
12924,33073,1546,105,0,4,105,privat,finalizat
12925,33076,36,1924,4,5,1924,privat,finalizat
12926,33077,853,512,3,0,853,privat,finalizat
12927,33078,878,1525,3,1,878,privat,finalizat
12928,33079,492,706,5,3,492,privat,finalizat
12929,33081,283,,,,,deschis,expirat
12930,33083,50,157,1,5,157,privat,finalizat
12931,33085,2225,306,4,0,2225,privat,finalizat
12932,33088,2326,1667,,,,privat,fara_rezultat
12933,33089,30,163,,,,privat,fara_rezultat
12934,33097,2227,2142,3,1,2227,privat,finalizat
12935,33100,1316,1235,3,4,1235,privat,finalizat
12936,33102,1899,781,3,0,1899,privat,finalizat
12937,33103,1449,964,5,1,1449,privat,finalizat
12938,33105,2455,2176,4,5,2176,privat,finalizat
12939,33109,1821,2234,3,4,2234,deschis,finalizat
12940,33110,1415,1424,1,4,1424,privat,finalizat
12941,33111,2047,2089,3,1,2047,privat,finalizat
12942,33114,1371,,,,,deschis,expirat
12943,33115,1525,1297,5,1,1525,privat,finalizat
12944,33120,504,2458,1,5,2458,privat,finalizat
12945,33122,1557,756,1,4,756,privat,finalizat
12946,33124,45,1432,,,,deschis,fara_rezultat
12947,33125,701,338,0,3,338,privat,finalizat
12948,33133,465,616,0,4,616,deschis,finalizat
12949,33137,317,1936,1,3,1936,privat,finalizat
12950,33138,2500,1357,5,0,2500,privat,finalizat
12951,33140,1651,,,,,deschis,expirat
12952,33141,1408,2299,,,,privat,fara_rezultat
12953,33144,1946,1154,1,3,1154,privat,finalizat
12954,33150,1238,264,4,3,1238,privat,finalizat
12955,33152,1598,675,,,,privat,fara_rezultat
12956,33157,966,656,,,,deschis,fara_rezultat
12957,33158,138,115,4,1,138,deschis,finalizat
12958,33165,1095,2316,2,4,2316,deschis,finalizat
12959,33167,288,1826,0,3,1826,privat,finalizat
12960,33168,753,1584,4,3,753,privat,finalizat
12961,33175,1839,1538,3,4,1538,privat,finalizat
12962,33176,544,2089,0,3,2089,privat,finalizat
12963,33180,569,66,3,1,569,privat,finalizat
12964,33183,1823,50,1,4,50,privat,finalizat
12965,33184,2200,1658,0,4,1658,privat,finalizat
12966,33190,1591,1836,1,5,1836,privat,finalizat
12967,33194,428,1961,3,1,428,privat,finalizat
12968,33195,1421,959,,,,privat,fara_rezultat
12969,33196,901,1283,,,,deschis,fara_rezultat
12970,33201,970,541,5,3,970,deschis,finalizat
12971,33203,24,161,3,2,24,deschis,finalizat
12972,33208,1360,700,,,,privat,fara_rezultat
12973,33209,1668,,,,,deschis,expirat
12974,33210,1541,778,4,2,1541,privat,finalizat
12975,33215,1276,980,,,,deschis,fara_rezultat
12976,33219,1358,,,,,deschis,expirat
12977,33220,517,,,,,deschis,expirat
12978,33222,33,414,5,1,33,deschis,finalizat
12979,33229,974,827,4,5,827,privat,finalizat
12980,33230,2455,,,,,deschis,expirat
12981,33231,1243,1197,4,1,1243,privat,finalizat
12982,33232,949,65,3,0,949,privat,finalizat
12983,33235,1838,367,3,1,1838,deschis,finalizat
12984,33238,1095,,,,,deschis,expirat
12985,33241,2315,664,3,4,664,privat,finalizat
12986,33247,2281,1126,0,5,1126,privat,finalizat
12987,33253,2033,1201,0,5,1201,privat,finalizat
12988,33256,2070,373,,,,privat,fara_rezultat
12989,33258,737,1528,,,,privat,fara_rezultat
12990,33261,10,2445,5,3,10,privat,finalizat
12991,33264,317,,,,,deschis,expirat
12992,33265,299,,,,,deschis,expirat
12993,33266,490,1433,2,3,1433,privat,finalizat
12994,33269,2474,2128,1,4,2128,deschis,finalizat
12995,33271,1188,847,4,0,1188,deschis,finalizat
12996,33274,321,2266,,,,deschis,fara_rezultat
12997,33278,644,1427,5,1,644,privat,finalizat
12998,33279,1496,85,0,3,85,privat,finalizat
12999,33280,2090,1663,,,,privat,fara_rezultat
13000,33282,231,,,,,deschis,expirat
13001,33286,287,397,,,,privat,fara_rezultat
13002,33287,2325,2105,3,5,2105,privat,finalizat
13003,33288,1388,1473,3,1,1388,privat,finalizat
13004,33296,1961,350,2,5,350,privat,finalizat
13005,33305,677,1761,,,,privat,fara_rezultat
13006,33306,520,2211,5,2,520,deschis,finalizat
13007,33307,692,1272,5,3,692,privat,finalizat
13008,33312,2325,772,2,4,772,deschis,finalizat
13009,33314,1687,1870,,,,privat,fara_rezultat
13010,33316,1354,,,,,deschis,expirat
13011,33317,1022,412,,,,privat,fara_rezultat
13012,33320,2315,905,,,,privat,fara_rezultat
13013,33322,184,1018,1,5,1018,deschis,finalizat
13014,33325,1864,811,4,5,811,privat,finalizat
13015,33335,656,669,1,4,669,privat,finalizat
13016,33336,568,2363,3,2,568,privat,finalizat
13017,33337,2262,69,,,,deschis,fara_rezultat
13018,33338,805,615,3,0,805,privat,finalizat
13019,33340,2036,2064,5,0,2036,privat,finalizat
13020,33342,244,2486,,,,privat,fara_rezultat
13021,33343,709,2176,4,3,709,privat,finalizat
13022,33348,2271,,,,,deschis,expirat
13023,33349,2107,1363,3,2,2107,deschis,finalizat
13024,33351,1564,538,0,4,538,privat,finalizat
13025,33352,1944,1606,1,3,1606,privat,finalizat
13026,33353,862,,,,,deschis,expirat
13027,33359,1953,952,4,1,1953,privat,finalizat
13028,33362,1394,1551,0,4,1551,privat,finalizat
13029,33363,2231,887,4,5,887,privat,finalizat
13030,33366,1580,10,,,,deschis,fara_rezultat
13031,33367,911,129,3,0,911,privat,finalizat
13032,33370,38,1990,5,1,38,privat,finalizat
13033,33376,1223,1274,4,5,1274,privat,finalizat
13034,33377,706,1305,,,,privat,fara_rezultat
13035,33378,294,2235,,,,deschis,fara_rezultat
13036,33382,1089,1897,2,5,1897,privat,finalizat
13037,33383,2325,835,,,,privat,fara_rezultat
13038,33385,2490,1526,,,,deschis,fara_rezultat
13039,33388,182,2118,,,,deschis,fara_rezultat
13040,33389,1591,2092,1,5,2092,deschis,finalizat
13041,33393,291,1622,,,,privat,fara_rezultat
13042,33396,1338,1172,,,,privat,fara_rezultat
13043,33397,1415,1919,1,5,1919,privat,finalizat
13044,33398,2335,676,1,3,676,privat,finalizat
13045,33400,47,1710,4,5,1710,privat,finalizat
13046,33402,2008,632,1,3,632,deschis,finalizat
13047,33403,885,393,5,1,885,deschis,finalizat
13048,33408,2283,200,3,2,2283,deschis,finalizat
13049,33410,323,1268,4,2,323,deschis,finalizat
13050,33416,1129,600,2,5,600,privat,finalizat
13051,33418,688,,,,,deschis,expirat
13052,33420,1411,528,2,3,528,privat,finalizat
13053,33422,2227,1144,1,5,1144,privat,finalizat
13054,33424,1086,1045,,,,deschis,fara_rezultat
13055,33427,1932,1424,,,,deschis,fara_rezultat
13056,33428,1394,300,3,1,1394,privat,finalizat
13057,33430,2311,685,4,1,2311,privat,finalizat
13058,33432,1961,2268,,,,privat,fara_rezultat
13059,33434,123,319,4,2,123,privat,finalizat
13060,33436,1011,675,5,0,1011,privat,finalizat
13061,33439,26,1301,2,5,1301,privat,finalizat
13062,33441,68,1505,4,3,68,privat,finalizat
13063,33444,1607,2487,2,4,2487,privat,finalizat
13064,33445,38,578,4,3,38,privat,finalizat
13065,33446,1384,2270,0,4,2270,deschis,finalizat
13066,33448,516,,,,,deschis,expirat
13067,33452,1315,1971,,,,privat,fara_rezultat
13068,33455,1771,462,1,3,462,privat,finalizat
13069,33456,574,2401,3,5,2401,privat,finalizat
13070,33457,1374,,,,,deschis,expirat
13071,33460,299,2179,5,3,299,privat,finalizat
13072,33462,1574,1830,5,4,1574,privat,finalizat
13073,33464,904,2199,3,5,2199,privat,finalizat
13074,33465,1756,1379,4,3,1756,privat,finalizat
13075,33466,2024,285,3,1,2024,deschis,finalizat
13076,33470,2300,1307,,,,privat,fara_rezultat
13077,33473,1144,1471,2,3,1471,privat,finalizat
13078,33476,1053,1621,2,3,1621,deschis,finalizat
13079,33477,2472,86,,,,privat,fara_rezultat
13080,33483,603,149,0,5,149,privat,finalizat
13081,33485,2345,1361,5,0,2345,privat,finalizat
13082,33486,2207,910,4,1,2207,deschis,finalizat
13083,33489,751,2490,3,2,751,privat,finalizat
13084,33491,2327,2357,3,2,2327,privat,finalizat
13085,33494,1820,,,,,deschis,expirat
13086,33507,2207,2382,5,2,2207,privat,finalizat
13087,33509,676,2379,1,3,2379,privat,finalizat
13088,33510,2082,248,2,5,248,privat,finalizat
13089,33511,115,1162,4,0,115,privat,finalizat
13090,33516,1756,2227,1,3,2227,privat,finalizat
13091,33517,1810,885,4,0,1810,deschis,finalizat
13092,33521,633,,,,,deschis,expirat
13093,33522,231,1584,2,5,1584,privat,finalizat
13094,33523,166,91,4,5,91,privat,finalizat
13095,33524,2471,787,0,3,787,privat,finalizat
13096,33525,424,1635,,,,deschis,fara_rezultat
13097,33526,2325,2228,0,4,2228,privat,finalizat
13098,33529,428,1548,4,1,428,privat,finalizat
13099,33530,1369,2106,3,4,2106,deschis,finalizat
13100,33533,464,1540,2,4,1540,privat,finalizat
13101,33534,1528,1961,2,3,1961,deschis,finalizat
13102,33538,101,419,4,3,101,privat,finalizat
13103,33539,1437,1650,5,2,1437,privat,finalizat
13104,33540,504,914,,,,privat,fara_rezultat
13105,33545,950,1341,,,,privat,fara_rezultat
13106,33547,288,952,0,3,952,privat,finalizat
13107,33550,2462,1655,1,5,1655,privat,finalizat
13108,33551,239,1669,1,3,1669,privat,finalizat
13109,33554,2243,957,4,3,2243,privat,finalizat
13110,33558,48,689,1,3,689,privat,finalizat
13111,33559,2110,1597,1,4,1597,privat,finalizat
13112,33560,748,379,5,0,748,privat,finalizat
13113,33564,1032,2418,4,5,2418,privat,finalizat
13114,33565,749,1692,,,,privat,fara_rezultat
13115,33566,369,,,,,deschis,expirat
13116,33567,246,1856,3,1,246,privat,finalizat
13117,33568,1,1696,3,1,1,privat,finalizat
13118,33571,2248,828,2,5,828,privat,finalizat
13119,33572,1163,2180,5,3,1163,privat,finalizat
13120,33575,1358,2348,4,3,1358,privat,finalizat
13121,33576,1417,1278,1,3,1278,privat,finalizat
13122,33577,231,288,4,3,231,deschis,finalizat
13123,33578,676,2087,4,0,676,privat,finalizat
13124,33579,1998,2495,3,2,1998,privat,finalizat
13125,33582,1586,145,2,4,145,privat,finalizat
13126,33583,1178,2261,,,,privat,fara_rezultat
13127,33584,1589,260,4,3,1589,privat,finalizat
13128,33586,2106,1929,2,5,1929,privat,finalizat
13129,33589,1029,1655,,,,privat,fara_rezultat
13130,33591,832,669,2,3,669,privat,finalizat
13131,33592,2036,2230,3,1,2036,privat,finalizat
13132,33596,873,403,,,,deschis,fara_rezultat
13133,33600,253,526,1,5,526,privat,finalizat
13134,33605,52,611,1,3,611,privat,finalizat
13135,33608,807,1644,0,5,1644,privat,finalizat
13136,33609,1095,751,1,3,751,privat,finalizat
13137,33613,1172,1473,,,,privat,fara_rezultat
13138,33615,69,314,3,2,69,privat,finalizat
13139,33616,1229,2337,2,4,2337,privat,finalizat
13140,33621,1091,724,4,2,1091,privat,finalizat
13141,33623,1886,2276,4,1,1886,privat,finalizat
13142,33624,1125,1933,3,1,1125,deschis,finalizat
13143,33625,1585,1571,1,3,1571,privat,finalizat
13144,33627,389,931,0,3,931,privat,finalizat
13145,33628,289,922,,,,deschis,fara_rezultat
13146,33629,290,,,,,deschis,expirat
13147,33630,2039,1045,1,4,1045,deschis,finalizat
13148,33631,2147,2274,2,3,2274,privat,finalizat
13149,33632,2227,605,3,2,2227,privat,finalizat
13150,33639,433,1799,,,,privat,fara_rezultat
13151,33640,454,,,,,deschis,expirat
13152,33641,342,1522,0,4,1522,privat,finalizat
13153,33644,7,650,2,4,650,privat,finalizat
13154,33645,610,1141,3,5,1141,deschis,finalizat
13155,33646,2432,1238,,,,deschis,fara_rezultat
13156,33649,824,1170,,,,privat,fara_rezultat
13157,33650,558,1662,1,5,1662,privat,finalizat
13158,33652,2013,1057,5,1,2013,privat,finalizat
13159,33653,1508,1234,4,3,1508,deschis,finalizat
13160,33654,558,510,4,2,558,privat,finalizat
13161,33657,2133,,,,,deschis,expirat
13162,33658,1080,2418,2,4,2418,privat,finalizat
13163,33664,2095,529,3,0,2095,deschis,finalizat
13164,33665,2292,862,,,,privat,fara_rezultat
13165,33666,1308,2126,2,3,2126,privat,finalizat
13166,33667,2358,1477,5,3,2358,deschis,finalizat
13167,33669,432,1564,5,2,432,deschis,finalizat
13168,33672,255,,,,,deschis,expirat
13169,33674,1813,300,3,1,1813,deschis,finalizat
13170,33679,2446,1210,4,0,2446,privat,finalizat
13171,33680,129,1981,1,3,1981,privat,finalizat
13172,33681,330,886,0,3,886,privat,finalizat
13173,33684,82,1962,3,0,82,deschis,finalizat
13174,33685,820,778,,,,privat,fara_rezultat
13175,33689,146,104,0,5,104,deschis,finalizat
13176,33694,276,643,2,3,643,privat,finalizat
13177,33703,55,101,,,,privat,fara_rezultat
13178,33705,820,724,2,3,724,privat,finalizat
13179,33708,2492,1995,1,4,1995,privat,finalizat
13180,33709,295,340,5,2,295,privat,finalizat
13181,33713,46,471,,,,privat,fara_rezultat
13182,33714,47,1791,4,3,47,privat,finalizat
13183,33716,227,1535,4,0,227,privat,finalizat
13184,33719,1213,17,2,3,17,privat,finalizat
13185,33720,1775,2357,4,1,1775,privat,finalizat
13186,33721,39,,,,,deschis,expirat
13187,33724,2500,742,1,4,742,deschis,finalizat
13188,33725,1095,,,,,deschis,expirat
13189,33726,632,239,,,,deschis,fara_rezultat
13190,33727,2272,,,,,deschis,expirat
13191,33730,914,1389,1,3,1389,privat,finalizat
13192,33732,139,619,2,4,619,deschis,finalizat
13193,33733,1047,1754,,,,privat,fara_rezultat
13194,33734,808,1710,3,4,1710,privat,finalizat
13195,33737,1238,527,1,4,527,privat,finalizat
13196,33738,327,1301,1,4,1301,deschis,finalizat
13197,33740,334,1513,4,1,334,privat,finalizat
13198,33741,1611,,,,,deschis,expirat
13199,33748,2465,2055,2,3,2055,privat,finalizat
13200,33749,2198,529,1,3,529,deschis,finalizat
13201,33754,482,1946,,,,privat,fara_rezultat
13202,33756,302,,,,,deschis,expirat
13203,33757,374,1953,0,4,1953,privat,finalizat
13204,33759,2315,1232,,,,privat,fara_rezultat
13205,33762,41,1586,3,2,41,deschis,finalizat
13206,33765,342,1655,3,4,1655,privat,finalizat
13207,33770,87,1650,0,4,1650,privat,finalizat
13208,33774,1757,1913,5,4,1757,privat,finalizat
13209,33776,168,903,,,,privat,fara_rezultat
13210,33777,2184,268,4,1,2184,deschis,finalizat
13211,33778,2294,1896,2,4,1896,privat,finalizat
13212,33779,1361,1630,3,4,1630,deschis,finalizat
13213,33780,1687,1471,1,4,1471,privat,finalizat
13214,33782,1808,285,1,5,285,privat,finalizat
13215,33791,610,1566,5,1,610,deschis,finalizat
13216,33792,1949,248,5,3,1949,privat,finalizat
13217,33794,1949,689,5,4,1949,deschis,finalizat
13218,33798,2197,133,4,0,2197,deschis,finalizat
13219,33801,1030,1530,3,4,1530,privat,finalizat
13220,33803,310,1954,1,4,1954,privat,finalizat
13221,33804,574,197,4,2,574,deschis,finalizat
13222,33808,1944,,,,,deschis,expirat
13223,33813,2003,881,1,3,881,deschis,finalizat
13224,33817,1631,2376,1,4,2376,privat,finalizat
13225,33818,393,887,5,1,393,privat,finalizat
13226,33820,1338,2249,4,1,1338,privat,finalizat
13227,33821,1907,566,,,,privat,fara_rezultat
13228,33825,617,,,,,deschis,expirat
13229,33828,181,55,1,5,55,privat,finalizat
13230,33836,1944,46,5,3,1944,privat,finalizat
13231,33837,304,229,2,5,229,privat,finalizat
13232,33848,930,2311,3,5,2311,privat,finalizat
13233,33850,1299,1839,3,0,1299,privat,finalizat
13234,33853,913,1099,2,3,1099,privat,finalizat
13235,33862,2442,1897,4,3,2442,privat,finalizat
13236,33863,630,,,,,deschis,expirat
13237,33864,1129,,,,,deschis,expirat
13238,33865,2126,485,,,,deschis,fara_rezultat
13239,33870,916,2386,5,0,916,deschis,finalizat
13240,33874,1721,1798,3,2,1721,deschis,finalizat
13241,33876,1205,,,,,deschis,expirat
13242,33879,634,1922,2,4,1922,deschis,finalizat
13243,33881,511,1301,3,5,1301,privat,finalizat
13244,33884,2452,1384,3,2,2452,privat,finalizat
13245,33889,89,1498,3,1,89,privat,finalizat
13246,33891,2155,103,4,0,2155,deschis,finalizat
13247,33892,1021,468,3,1,1021,privat,finalizat
13248,33893,2418,736,3,2,2418,deschis,finalizat
13249,33894,2421,1759,4,3,2421,privat,finalizat
13250,33895,788,1392,2,5,1392,privat,finalizat
13251,33899,2470,63,4,3,2470,privat,finalizat
13252,33902,2342,2497,2,4,2497,deschis,finalizat
13253,33910,131,1534,2,5,1534,privat,finalizat
13254,33912,234,2324,2,5,2324,privat,finalizat
13255,33913,491,1907,3,0,491,privat,finalizat
13256,33914,280,421,4,1,280,privat,finalizat
13257,33917,1888,2492,3,1,1888,privat,finalizat
13258,33918,293,622,2,3,622,privat,finalizat
13259,33923,2417,1140,4,5,1140,privat,finalizat
13260,33924,437,372,,,,privat,fara_rezultat
13261,33925,1,2227,1,3,2227,privat,finalizat
13262,33928,1950,1548,3,5,1548,privat,finalizat
13263,33929,196,1961,,,,deschis,fara_rezultat
13264,33933,592,1858,3,4,1858,privat,finalizat
13265,33938,1696,1337,5,4,1696,privat,finalizat
13266,33954,1397,688,,,,deschis,fara_rezultat
13267,33955,1171,905,4,3,1171,privat,finalizat
13268,33957,2230,1700,,,,privat,fara_rezultat
13269,33961,1881,1062,,,,privat,fara_rezultat
13270,33964,374,1803,2,3,1803,privat,finalizat
13271,33966,1024,889,0,5,889,privat,finalizat
13272,33967,1622,,,,,deschis,expirat
13273,33970,2349,108,1,3,108,privat,finalizat
13274,33972,184,2465,1,4,2465,privat,finalizat
13275,33973,2087,1798,4,2,2087,privat,finalizat
13276,33977,502,2119,,,,deschis,fara_rezultat
13277,33985,1246,902,0,5,902,privat,finalizat
13278,33992,2260,,,,,deschis,expirat
13279,33993,737,1283,1,3,1283,privat,finalizat
13280,33996,600,1354,,,,privat,fara_rezultat
13281,33999,1808,1794,3,2,1808,privat,finalizat
13282,34002,1238,1205,3,1,1238,privat,finalizat
13283,34003,1961,,,,,deschis,expirat
13284,34008,2065,2206,0,4,2206,deschis,finalizat
13285,34010,1345,770,2,3,770,privat,finalizat
13286,34011,1516,390,0,3,390,privat,finalizat
13287,34012,1226,921,5,1,1226,privat,finalizat
13288,34013,1234,1196,4,1,1234,deschis,finalizat
13289,34014,2455,1480,3,5,1480,privat,finalizat
13290,34015,1599,1433,0,5,1433,deschis,finalizat
13291,34016,1122,1272,3,1,1122,privat,finalizat
13292,34018,2209,2103,2,3,2103,privat,finalizat
13293,34019,1086,2482,0,5,2482,deschis,finalizat
13294,34025,1622,1178,0,3,1178,deschis,finalizat
13295,34029,2075,,,,,deschis,expirat
13296,34033,1091,877,,,,deschis,fara_rezultat
13297,34034,2258,1783,5,4,2258,privat,finalizat
13298,34035,1519,1939,0,4,1939,privat,finalizat
13299,34036,1662,1597,0,3,1597,privat,finalizat
13300,34040,1397,2006,0,4,2006,deschis,finalizat
13301,34041,2471,63,5,4,2471,privat,finalizat
13302,34042,2348,,,,,deschis,expirat
13303,34044,2142,2207,1,3,2207,privat,finalizat
13304,34046,889,2327,3,5,2327,privat,finalizat
13305,34049,278,,,,,deschis,expirat
13306,34053,1737,,,,,deschis,expirat
13307,34055,10,911,3,1,10,deschis,finalizat
13308,34056,1435,318,4,1,1435,privat,finalizat
13309,34059,1802,1752,,,,privat,fara_rezultat
13310,34062,1128,114,2,4,114,privat,finalizat
13311,34064,942,1755,3,0,942,deschis,finalizat
13312,34068,1368,807,,,,privat,fara_rezultat
13313,34070,1278,2072,5,0,1278,privat,finalizat
13314,34074,2281,257,4,1,2281,deschis,finalizat
13315,34079,2106,2340,1,3,2340,privat,finalizat
13316,34080,861,671,0,3,671,privat,finalizat
13317,34083,1169,770,5,4,1169,privat,finalizat
13318,34084,28,2481,3,1,28,privat,finalizat
13319,34085,87,1962,2,3,1962,deschis,finalizat
13320,34087,977,2481,1,3,2481,privat,finalizat
13321,34088,1192,1680,,,,privat,fara_rezultat
13322,34089,2197,1801,,,,privat,fara_rezultat
13323,34092,2429,2054,1,4,2054,deschis,finalizat
13324,34093,1156,2117,3,1,1156,privat,finalizat
13325,34097,13,1875,5,4,13,privat,finalizat
13326,34099,304,1002,4,0,304,privat,finalizat
13327,34101,2497,2315,3,5,2315,privat,finalizat
13328,34103,126,,,,,deschis,expirat
13329,34105,943,1844,5,2,943,privat,finalizat
13330,34108,1789,189,3,4,189,privat,finalizat
13331,34109,896,2138,3,0,896,privat,finalizat
13332,34110,829,1238,3,4,1238,deschis,finalizat
13333,34111,1534,916,3,2,1534,deschis,finalizat
13334,34112,1723,1414,4,2,1723,privat,finalizat
13335,34113,1424,2462,,,,privat,fara_rezultat
13336,34114,894,649,2,4,649,deschis,finalizat
13337,34117,1594,1989,1,5,1989,deschis,finalizat
13338,34118,2097,2060,0,3,2060,privat,finalizat
13339,34119,1787,1459,2,3,1459,deschis,finalizat
13340,34120,2058,977,3,0,2058,deschis,finalizat
13341,34129,962,607,4,2,962,privat,finalizat
13342,34131,1372,2454,1,3,2454,privat,finalizat
13343,34133,1095,374,4,3,1095,privat,finalizat
13344,34134,1129,1276,1,4,1276,deschis,finalizat
13345,34136,1785,91,4,2,1785,privat,finalizat
13346,34145,2018,992,2,5,992,privat,finalizat
13347,34147,2467,,,,,deschis,expirat
13348,34151,1749,152,5,1,1749,privat,finalizat
13349,34153,1504,1316,3,1,1504,privat,finalizat
13350,34154,2211,2451,3,2,2211,deschis,finalizat
13351,34159,1984,935,4,1,1984,privat,finalizat
13352,34161,1763,2420,,,,privat,fara_rezultat
13353,34162,1794,,,,,deschis,expirat
13354,34166,907,622,,,,privat,fara_rezultat
13355,34169,1002,1859,3,1,1002,privat,finalizat
13356,34170,1374,374,4,2,1374,deschis,finalizat
13357,34173,1282,1601,,,,privat,fara_rezultat
13358,34175,952,1859,1,5,1859,privat,finalizat
13359,34176,569,1983,5,3,569,deschis,finalizat
13360,34177,1924,903,1,3,903,privat,finalizat
13361,34180,1785,1977,5,2,1785,privat,finalizat
13362,34181,1565,408,,,,deschis,fara_rezultat
13363,34182,2198,2497,,,,privat,fara_rezultat
13364,34184,767,1401,1,5,1401,privat,finalizat
13365,34185,1159,1429,3,5,1429,privat,finalizat
13366,34187,1389,2453,3,5,2453,privat,finalizat
13367,34190,1775,217,2,3,217,privat,finalizat
13368,34191,2457,2369,0,4,2369,privat,finalizat
13369,34193,49,420,2,3,420,privat,finalizat
13370,34194,1172,1961,3,0,1172,privat,finalizat
13371,34195,1699,2393,1,4,2393,deschis,finalizat
13372,34196,1192,1607,0,3,1607,privat,finalizat
13373,34197,52,1724,5,3,52,privat,finalizat
13374,34202,414,2273,,,,deschis,fara_rezultat
13375,34205,1646,,,,,deschis,expirat
13376,34206,632,1401,4,2,632,privat,finalizat
13377,34208,1633,2486,4,3,1633,privat,finalizat
13378,34210,402,2492,0,5,2492,privat,finalizat
13379,34215,1636,718,2,4,718,privat,finalizat
13380,34216,2462,2322,,,,privat,fara_rezultat
13381,34217,689,2082,3,0,689,privat,finalizat
13382,34221,2231,1775,4,1,2231,privat,finalizat
13383,34223,1760,810,5,1,1760,privat,finalizat
13384,34225,232,1922,1,3,1922,privat,finalizat
13385,34228,1855,1906,2,4,1906,privat,finalizat
13386,34230,1544,228,,,,deschis,fara_rezultat
13387,34233,1408,1794,,,,privat,fara_rezultat
13388,34237,2369,208,2,4,208,privat,finalizat
13389,34242,970,911,3,0,970,privat,finalizat
13390,34246,53,1173,,,,deschis,fara_rezultat
13391,34250,209,,,,,deschis,expirat
13392,34252,1735,1586,3,1,1735,privat,finalizat
13393,34254,1998,1961,1,4,1961,deschis,finalizat
13394,34256,170,,,,,deschis,expirat
13395,34263,2226,1307,4,1,2226,privat,finalizat
13396,34266,1061,,,,,deschis,expirat
13397,34267,179,1392,,,,privat,fara_rezultat
13398,34270,1762,,,,,deschis,expirat
13399,34273,166,2095,0,4,2095,privat,finalizat
13400,34277,527,1925,5,0,527,privat,finalizat
13401,34278,1589,1598,3,2,1589,privat,finalizat
13402,34279,94,2467,1,5,2467,privat,finalizat
13403,34280,2379,,,,,deschis,expirat
13404,34284,331,,,,,deschis,expirat
13405,34290,2454,204,,,,deschis,fara_rezultat
13406,34292,424,1986,,,,privat,fara_rezultat
13407,34293,91,1642,3,1,91,privat,finalizat
13408,34296,2056,,,,,deschis,expirat
13409,34301,957,,,,,deschis,expirat
13410,34302,1034,360,2,3,360,deschis,finalizat
13411,34303,2120,2309,3,5,2309,privat,finalizat
13412,34304,1821,,,,,deschis,expirat
13413,34306,1847,1439,2,5,1439,privat,finalizat
13414,34311,1508,1807,4,3,1508,privat,finalizat
13415,34313,1057,854,1,5,854,privat,finalizat
13416,34315,81,2483,2,5,2483,privat,finalizat
13417,34316,1467,1982,,,,privat,fara_rezultat
13418,34317,1248,2029,3,0,1248,privat,finalizat
13419,34323,1431,1984,5,3,1431,privat,finalizat
13420,34325,833,1261,5,4,833,deschis,finalizat
13421,34328,1747,,,,,deschis,expirat
13422,34332,1669,836,,,,privat,fara_rezultat
13423,34334,1548,1082,0,5,1082,deschis,finalizat
13424,34336,896,836,1,5,836,deschis,finalizat
13425,34339,265,1057,3,5,1057,privat,finalizat
13426,34340,1626,1608,1,4,1608,privat,finalizat
13427,34346,2499,2319,0,3,2319,privat,finalizat
13428,34348,1392,1496,2,4,1496,privat,finalizat
13429,34351,528,1046,3,5,1046,deschis,finalizat
13430,34360,1458,887,,,,privat,fara_rezultat
13431,34362,1008,,,,,deschis,expirat
13432,34363,1043,981,3,1,1043,privat,finalizat
13433,34365,2318,79,4,1,2318,privat,finalizat
13434,34366,1400,1847,1,3,1847,privat,finalizat
13435,34367,2074,124,3,4,124,privat,finalizat
13436,34369,1039,421,,,,privat,fara_rezultat
13437,34372,623,1701,1,5,1701,privat,finalizat
13438,34373,1855,213,0,3,213,privat,finalizat
13439,34375,1148,782,,,,privat,fara_rezultat
13440,34377,2295,1390,1,4,1390,privat,finalizat
13441,34378,204,574,,,,privat,fara_rezultat
13442,34379,1157,2259,,,,privat,fara_rezultat
13443,34380,600,,,,,deschis,expirat
13444,34384,231,396,2,4,396,deschis,finalizat
13445,34385,1526,227,0,3,227,deschis,finalizat
13446,34387,502,,,,,deschis,expirat
13447,34391,2008,451,2,4,451,privat,finalizat
13448,34394,1388,810,0,3,810,deschis,finalizat
13449,34395,1205,264,,,,privat,fara_rezultat
13450,34396,239,2004,1,5,2004,privat,finalizat
13451,34397,1263,881,4,5,881,privat,finalizat
13452,34398,1799,2004,,,,privat,fara_rezultat
13453,34403,1347,669,4,5,669,privat,finalizat
13454,34404,2332,709,3,2,2332,privat,finalizat
13455,34405,936,,,,,deschis,expirat
13456,34406,2175,2064,0,5,2064,privat,finalizat
13457,34409,1939,160,4,3,1939,privat,finalizat
13458,34417,119,,,,,deschis,expirat
13459,34423,951,1544,0,3,1544,privat,finalizat
13460,34425,494,,,,,deschis,expirat
13461,34429,2014,2493,4,3,2014,privat,finalizat
13462,34431,1411,97,2,4,97,privat,finalizat
13463,34434,1304,1987,3,1,1304,privat,finalizat
13464,34435,368,,,,,deschis,expirat
13465,34436,561,1115,4,1,561,deschis,finalizat
13466,34441,140,2390,,,,deschis,fara_rezultat
13467,34442,1943,59,5,4,1943,privat,finalizat
13468,34443,482,993,0,5,993,privat,finalizat
13469,34444,1965,765,1,3,765,privat,finalizat
13470,34446,1381,1172,2,4,1172,privat,finalizat
13471,34449,1382,918,4,2,1382,privat,finalizat
13472,34450,159,,,,,deschis,expirat
13473,34454,1591,1836,0,3,1836,privat,finalizat
13474,34458,974,473,2,4,473,privat,finalizat
13475,34459,854,2061,5,2,854,deschis,finalizat
13476,34461,1640,596,,,,privat,fara_rezultat
13477,34465,184,2039,3,1,184,privat,finalizat
13478,34466,1367,587,4,2,1367,privat,finalizat
13479,34469,2010,1543,5,0,2010,privat,finalizat
13480,34473,1707,341,3,4,341,privat,finalizat
13481,34476,2257,1427,5,4,2257,deschis,finalizat
13482,34477,1337,,,,,deschis,expirat
13483,34480,537,,,,,deschis,expirat
13484,34484,861,1108,2,4,1108,privat,finalizat
13485,34485,608,650,1,3,650,deschis,finalizat
13486,34488,2099,2473,3,0,2099,privat,finalizat
13487,34489,1853,886,3,5,886,privat,finalizat
13488,34490,970,339,3,1,970,privat,finalizat
13489,34492,1112,,,,,deschis,expirat
13490,34494,81,1100,0,5,1100,deschis,finalizat
13491,34499,86,2326,4,2,86,deschis,finalizat
13492,34504,1284,2355,,,,privat,fara_rezultat
13493,34505,920,519,,,,privat,fara_rezultat
13494,34507,2477,2039,0,3,2039,privat,finalizat
13495,34510,424,,,,,deschis,expirat
13496,34511,2238,1233,,,,privat,fara_rezultat
13497,34512,131,453,2,4,453,privat,finalizat
13498,34514,49,649,2,4,649,privat,finalizat
13499,34517,2344,386,4,0,2344,privat,finalizat
13500,34521,730,1539,0,4,1539,deschis,finalizat
13501,34524,1607,849,3,5,849,privat,finalizat
13502,34528,1942,2223,,,,deschis,fara_rezultat
13503,34530,604,997,0,3,997,deschis,finalizat
13504,34533,1308,2144,5,1,1308,privat,finalizat
13505,34534,883,,,,,deschis,expirat
13506,34535,2345,529,3,2,2345,deschis,finalizat
13507,34537,648,2292,1,5,2292,privat,finalizat
13508,34540,1932,1799,3,0,1932,privat,finalizat
13509,34543,1502,869,4,0,1502,privat,finalizat
13510,34545,2305,131,3,1,2305,privat,finalizat
13511,34547,1573,832,0,4,832,privat,finalizat
13512,34548,2239,1101,3,2,2239,privat,finalizat
13513,34550,873,406,,,,deschis,fara_rezultat
13514,34553,162,1020,5,3,162,privat,finalizat
13515,34554,1216,1186,,,,deschis,fara_rezultat
13516,34555,1268,54,,,,deschis,fara_rezultat
13517,34556,1264,,,,,deschis,expirat
13518,34562,136,1138,0,5,1138,privat,finalizat
13519,34566,397,555,2,3,555,privat,finalizat
13520,34568,1036,482,2,3,482,deschis,finalizat
13521,34569,488,1795,4,2,488,privat,finalizat
13522,34573,2249,1108,0,3,1108,privat,finalizat
13523,34577,1440,2377,3,5,2377,privat,finalizat
13524,34580,1480,1643,4,5,1643,deschis,finalizat
13525,34581,87,1531,4,2,87,privat,finalizat
13526,34585,1726,2314,3,1,1726,privat,finalizat
13527,34586,1223,1654,4,3,1223,deschis,finalizat
13528,34590,227,1535,,,,privat,fara_rezultat
13529,34591,517,2292,,,,deschis,fara_rezultat
13530,34595,2070,959,2,4,959,privat,finalizat
13531,34596,929,2035,4,2,929,privat,finalizat
13532,34600,2138,451,1,3,451,privat,finalizat
13533,34604,141,1158,1,3,1158,privat,finalizat
13534,34605,873,1749,4,1,873,privat,finalizat
13535,34612,653,,,,,deschis,expirat
13536,34616,883,1524,4,2,883,deschis,finalizat
13537,34617,2142,993,5,0,2142,privat,finalizat
13538,34619,1228,166,,,,privat,fara_rezultat
13539,34623,550,116,2,3,116,privat,finalizat
13540,34625,2299,1503,2,3,1503,privat,finalizat
13541,34628,2260,2301,2,5,2301,privat,finalizat
13542,34633,1304,,,,,deschis,expirat
13543,34636,1589,2010,1,3,2010,privat,finalizat
13544,34642,1522,393,3,2,1522,privat,finalizat
13545,34644,2229,2422,5,2,2229,deschis,finalizat
13546,34647,130,,,,,deschis,expirat
13547,34649,1014,615,0,4,615,privat,finalizat
13548,34653,2164,1611,3,0,2164,privat,finalizat
13549,34654,2339,2183,4,2,2339,privat,finalizat
13550,34661,346,404,4,0,346,deschis,finalizat
13551,34662,1324,1403,5,1,1324,privat,finalizat
13552,34667,892,1209,5,2,892,deschis,finalizat
13553,34668,552,870,3,0,552,privat,finalizat
13554,34669,906,501,,,,deschis,fara_rezultat
13555,34673,688,21,1,5,21,privat,finalizat
13556,34675,2225,2228,4,0,2225,privat,finalizat
13557,34676,285,1535,,,,privat,fara_rezultat
13558,34677,538,1062,3,2,538,deschis,finalizat
13559,34679,1417,538,1,4,538,privat,finalizat
13560,34684,1946,1095,4,0,1946,privat,finalizat
13561,34685,1526,1644,4,3,1526,deschis,finalizat
13562,34688,1025,1263,5,2,1025,deschis,finalizat
13563,34691,263,1415,1,3,1415,deschis,finalizat
13564,34694,1633,122,4,5,122,privat,finalizat
13565,34700,478,1778,0,4,1778,privat,finalizat
13566,34701,1930,,,,,deschis,expirat
13567,34703,1752,1672,4,0,1752,privat,finalizat
13568,34704,1769,583,3,2,1769,privat,finalizat
13569,34705,6,949,5,4,6,privat,finalizat
13570,34707,1617,2166,4,2,1617,privat,finalizat
13571,34708,852,2410,3,2,852,privat,finalizat
13572,34711,951,1814,4,2,951,deschis,finalizat
13573,34715,1822,2055,0,5,2055,privat,finalizat
13574,34717,2317,753,0,4,753,privat,finalizat
13575,34719,619,1408,3,1,619,privat,finalizat
13576,34720,838,1018,,,,privat,fara_rezultat
13577,34721,1776,1490,,,,privat,fara_rezultat
13578,34722,2292,1456,1,5,1456,deschis,finalizat
13579,34725,41,1760,0,3,1760,privat,finalizat
13580,34726,291,2340,,,,privat,fara_rezultat
13581,34727,185,1540,3,0,185,deschis,finalizat
13582,34729,433,,,,,deschis,expirat
13583,34733,131,759,,,,privat,fara_rezultat
13584,34734,239,278,2,5,278,privat,finalizat
13585,34738,2462,837,3,0,2462,privat,finalizat
13586,34740,2065,2222,,,,privat,fara_rezultat
13587,34741,738,864,2,4,864,privat,finalizat
13588,34744,79,1191,,,,deschis,fara_rezultat
13589,34746,2253,2236,2,4,2236,privat,finalizat
13590,34747,1313,1694,0,3,1694,privat,finalizat
13591,34748,236,2058,4,3,236,privat,finalizat
13592,34749,1380,2453,,,,deschis,fara_rezultat
13593,34751,1884,2486,2,3,2486,privat,finalizat
13594,34753,585,1474,3,0,585,privat,finalizat
13595,34755,994,989,5,0,994,privat,finalizat
13596,34759,2193,,,,,deschis,expirat
13597,34760,146,1342,4,0,146,deschis,finalizat
13598,34762,1575,2131,1,5,2131,privat,finalizat
13599,34766,1219,2436,2,4,2436,deschis,finalizat
13600,34767,2465,1154,4,2,2465,deschis,finalizat
13601,34769,816,633,5,1,816,privat,finalizat
13602,34770,1018,1337,1,3,1337,deschis,finalizat
13603,34772,2397,,,,,deschis,expirat
13604,34780,2268,1623,4,2,2268,deschis,finalizat
13605,34781,2467,720,5,3,2467,privat,finalizat
13606,34782,1799,433,3,0,1799,privat,finalizat
13607,34784,187,1270,5,2,187,privat,finalizat
13608,34788,973,2498,3,4,2498,deschis,finalizat
13609,34793,117,1003,0,4,1003,deschis,finalizat
13610,34794,1783,150,1,3,150,deschis,finalizat
13611,34798,402,429,4,0,402,deschis,finalizat
13612,34799,1558,162,4,3,1558,privat,finalizat
13613,34800,2157,162,,,,privat,fara_rezultat
13614,34801,1715,1576,,,,privat,fara_rezultat
13615,34804,2313,2392,2,5,2392,privat,finalizat
13616,34810,1085,812,3,0,1085,privat,finalizat
13617,34814,1140,1103,4,3,1140,privat,finalizat
13618,34816,2317,1062,,,,privat,fara_rezultat
13619,34817,1018,1028,4,5,1028,deschis,finalizat
13620,34822,1354,1921,3,2,1354,deschis,finalizat
13621,34823,1712,993,1,5,993,privat,finalizat
13622,34825,1696,2090,4,3,1696,deschis,finalizat
13623,34826,2093,1153,1,3,1153,privat,finalizat
13624,34827,1361,,,,,deschis,expirat
13625,34830,1179,,,,,deschis,expirat
13626,34831,2070,1646,,,,deschis,fara_rezultat
13627,34832,1868,560,,,,deschis,fara_rezultat
13628,34835,650,1485,3,5,1485,privat,finalizat
13629,34841,1159,841,3,4,841,privat,finalizat
13630,34842,618,,,,,deschis,expirat
13631,34844,1480,2175,,,,privat,fara_rezultat
13632,34846,1938,1975,5,3,1938,deschis,finalizat
13633,34847,2052,756,4,2,2052,privat,finalizat
13634,34848,150,578,,,,privat,fara_rezultat
13635,34852,1917,104,1,3,104,privat,finalizat
13636,34856,369,,,,,deschis,expirat
13637,34857,906,1027,4,1,906,deschis,finalizat
13638,34859,2086,1496,5,4,2086,privat,finalizat
13639,34862,1254,,,,,deschis,expirat
13640,34865,1361,1944,,,,privat,fara_rezultat
13641,34867,2390,,,,,deschis,expirat
13642,34872,2478,295,5,1,2478,privat,finalizat
13643,34873,285,,,,,deschis,expirat
13644,34874,883,,,,,deschis,expirat
13645,34875,1408,,,,,deschis,expirat
13646,34881,481,,,,,deschis,expirat
13647,34883,1043,896,2,3,896,privat,finalizat
13648,34884,2225,2105,5,0,2225,privat,finalizat
13649,34885,1524,1411,3,0,1524,deschis,finalizat
13650,34890,617,1448,0,3,1448,deschis,finalizat
13651,34895,1219,2317,,,,deschis,fara_rezultat
13652,34898,1179,1798,1,4,1798,privat,finalizat
13653,34901,405,1621,2,4,1621,deschis,finalizat
13654,34903,1696,241,3,2,1696,privat,finalizat
13655,34907,632,1267,1,3,1267,privat,finalizat
13656,34909,1539,68,1,3,68,deschis,finalizat
13657,34910,133,325,4,1,133,privat,finalizat
13658,34911,2216,478,,,,deschis,fara_rezultat
13659,34912,140,416,0,4,416,deschis,finalizat
13660,34913,1125,1167,4,0,1125,privat,finalizat
13661,34915,296,962,2,4,962,privat,finalizat
13662,34916,2477,288,4,2,2477,privat,finalizat
13663,34918,1095,1642,5,1,1095,privat,finalizat
13664,34920,1270,193,5,3,1270,deschis,finalizat
13665,34921,1303,2060,,,,privat,fara_rezultat
13666,34922,1882,1509,0,4,1509,privat,finalizat
13667,34923,1094,1815,1,3,1815,deschis,finalizat
13668,34926,191,1557,3,0,191,privat,finalizat
13669,34927,366,739,,,,privat,fara_rezultat
13670,34928,1161,543,3,0,1161,deschis,finalizat
13671,34931,450,502,,,,deschis,fara_rezultat
13672,34937,420,1399,5,0,420,privat,finalizat
13673,34940,348,1034,4,1,348,privat,finalizat
13674,34941,1961,1737,4,3,1961,privat,finalizat
13675,34947,2258,873,,,,privat,fara_rezultat
13676,34948,895,809,4,2,895,privat,finalizat
13677,34950,100,,,,,deschis,expirat
13678,34951,2165,919,5,4,2165,privat,finalizat
13679,34953,2274,494,5,1,2274,privat,finalizat
13680,34956,2477,471,0,4,471,privat,finalizat
13681,34958,560,193,5,0,560,privat,finalizat
13682,34959,802,17,4,1,802,deschis,finalizat
13683,34960,2462,959,1,5,959,privat,finalizat
13684,34963,1024,1710,1,5,1710,deschis,finalizat
13685,34965,1491,,,,,deschis,expirat
13686,34970,438,,,,,deschis,expirat
13687,34971,748,2265,4,1,748,privat,finalizat
13688,34974,872,1489,4,0,872,privat,finalizat
13689,34977,1786,,,,,deschis,expirat
13690,34980,1572,263,2,4,263,privat,finalizat
13691,34983,1353,1777,3,1,1353,privat,finalizat
13692,34984,1218,1520,1,5,1520,privat,finalizat
13693,34985,1787,,,,,deschis,expirat
13694,34994,1953,1733,,,,privat,fara_rezultat
13695,34997,1506,1220,5,2,1506,privat,finalizat
13696,35001,1447,1379,1,4,1379,privat,finalizat
13697,35005,1729,1473,1,3,1473,privat,finalizat
13698,35007,2430,,,,,deschis,expirat
13699,35010,1572,1795,3,2,1572,privat,finalizat
13700,35013,300,,,,,deschis,expirat
13701,35021,1204,738,4,2,1204,privat,finalizat
13702,35023,921,1521,3,2,921,privat,finalizat
13703,35025,2455,,,,,deschis,expirat
13704,35026,1132,1939,4,0,1132,privat,finalizat
13705,35028,1243,1536,1,4,1536,privat,finalizat
13706,35030,1634,963,1,3,963,privat,finalizat
13707,35031,165,1438,3,2,165,privat,finalizat
13708,35032,702,1052,3,4,1052,privat,finalizat
13709,35033,1371,1032,0,3,1032,privat,finalizat
13710,35037,2050,197,3,5,197,privat,finalizat
13711,35039,2227,2389,5,2,2227,privat,finalizat
13712,35040,1794,1844,2,4,1844,privat,finalizat
13713,35046,2062,217,2,3,217,privat,finalizat
13714,35049,131,301,5,1,131,privat,finalizat
13715,35054,618,1004,3,4,1004,privat,finalizat
13716,35056,101,1927,4,3,101,privat,finalizat
13717,35058,1280,1493,1,3,1493,deschis,finalizat
13718,35059,1571,728,4,1,1571,privat,finalizat
13719,35061,1114,,,,,deschis,expirat
13720,35064,2014,960,3,1,2014,privat,finalizat
13721,35065,157,50,,,,deschis,fara_rezultat
13722,35066,2293,113,,,,deschis,fara_rezultat
13723,35068,2111,1619,,,,privat,fara_rezultat
13724,35072,1792,1773,0,3,1773,deschis,finalizat
13725,35076,1,765,,,,deschis,fara_rezultat
13726,35078,664,828,,,,privat,fara_rezultat
13727,35082,176,217,1,3,217,deschis,finalizat
13728,35083,1401,135,4,5,135,privat,finalizat
13729,35086,2311,1957,5,4,2311,privat,finalizat
13730,35087,176,291,5,2,176,privat,finalizat
13731,35088,2387,,,,,deschis,expirat
13732,35090,1367,1646,,,,privat,fara_rezultat
13733,35091,2369,1008,3,0,2369,privat,finalizat
13734,35092,1551,682,2,3,682,deschis,finalizat
13735,35093,1007,981,1,5,981,privat,finalizat
13736,35100,656,,,,,deschis,expirat
13737,35102,752,2098,5,1,752,privat,finalizat
13738,35109,581,,,,,deschis,expirat
13739,35112,1570,1901,1,5,1901,deschis,finalizat
13740,35113,1715,404,5,1,1715,privat,finalizat
13741,35116,1135,,,,,deschis,expirat
13742,35118,726,2166,5,2,726,privat,finalizat
13743,35124,1965,1635,4,0,1965,deschis,finalizat
13744,35125,2470,1379,4,2,2470,privat,finalizat
13745,35128,1059,2248,4,3,1059,privat,finalizat
13746,35132,537,2299,2,4,2299,privat,finalizat
13747,35136,276,1046,3,1,276,privat,finalizat
13748,35137,1353,47,2,3,47,privat,finalizat
13749,35141,1950,1430,,,,privat,fara_rezultat
13750,35142,1415,671,3,0,1415,privat,finalizat
13751,35143,499,,,,,deschis,expirat
13752,35148,938,1523,4,5,1523,privat,finalizat
13753,35150,824,2097,,,,deschis,fara_rezultat
13754,35151,2435,26,4,1,2435,deschis,finalizat
13755,35152,1196,1437,3,1,1196,privat,finalizat
13756,35154,1480,68,4,3,1480,privat,finalizat
13757,35158,2452,1289,1,3,1289,deschis,finalizat
13758,35161,2012,267,4,0,2012,privat,finalizat
13759,35165,2485,2154,,,,privat,fara_rezultat
13760,35167,983,1156,3,5,1156,deschis,finalizat
13761,35168,1765,2282,3,1,1765,privat,finalizat
13762,35171,647,1714,2,4,1714,privat,finalizat
13763,35172,607,2048,1,3,2048,privat,finalizat
13764,35181,980,1368,5,1,980,privat,finalizat
13765,35182,263,2457,0,3,2457,privat,finalizat
13766,35186,2307,602,5,4,2307,privat,finalizat
13767,35187,47,767,2,3,767,privat,finalizat
13768,35189,264,2309,3,0,264,privat,finalizat
13769,35190,2301,2327,,,,privat,fara_rezultat
13770,35196,2262,1044,1,3,1044,privat,finalizat
13771,35199,150,507,,,,privat,fara_rezultat
13772,35202,1117,1727,2,4,1727,deschis,finalizat
13773,35203,1632,561,,,,privat,fara_rezultat
13774,35204,334,851,4,3,334,privat,finalizat
13775,35205,1757,293,4,1,1757,privat,finalizat
13776,35207,1175,623,4,1,1175,deschis,finalizat
13777,35211,519,,,,,deschis,expirat
13778,35213,1714,1372,,,,privat,fara_rezultat
13779,35215,2315,1786,2,5,1786,privat,finalizat
13780,35216,722,189,4,5,189,privat,finalizat
13781,35221,1419,631,1,4,631,privat,finalizat
13782,35223,1417,838,3,0,1417,privat,finalizat
13783,35226,1789,1773,1,3,1773,privat,finalizat
13784,35230,2003,2233,,,,deschis,fara_rezultat
13785,35231,971,2138,3,0,971,privat,finalizat
13786,35232,1442,632,1,4,632,privat,finalizat
13787,35237,451,,,,,deschis,expirat
13788,35240,1017,1968,5,3,1017,deschis,finalizat
13789,35241,25,174,1,4,174,deschis,finalizat
13790,35243,49,930,3,2,49,privat,finalizat
13791,35247,2036,1132,1,3,1132,deschis,finalizat
13792,35248,2179,778,3,5,778,privat,finalizat
13793,35250,1433,1650,5,4,1433,privat,finalizat
13794,35254,851,2167,3,1,851,privat,finalizat
13795,35260,110,2037,4,5,2037,privat,finalizat
13796,35261,1510,73,3,1,1510,privat,finalizat
13797,35263,2295,567,3,4,567,privat,finalizat
13798,35265,1297,283,4,3,1297,deschis,finalizat
13799,35267,2160,1027,1,3,1027,deschis,finalizat
13800,35270,2055,2471,2,4,2471,deschis,finalizat
13801,35272,1408,229,2,5,229,privat,finalizat
13802,35273,1870,2180,3,0,1870,privat,finalizat
13803,35274,97,1292,4,3,97,privat,finalizat
13804,35276,694,952,3,4,952,privat,finalizat
13805,35277,119,1956,3,1,119,privat,finalizat
13806,35279,958,889,2,4,889,privat,finalizat
13807,35281,1760,1795,5,1,1760,privat,finalizat
13808,35284,453,93,0,3,93,privat,finalizat
13809,35285,175,1936,0,5,1936,privat,finalizat
13810,35287,1290,406,3,2,1290,privat,finalizat
13811,35289,561,236,4,2,561,privat,finalizat
13812,35292,337,440,4,1,337,privat,finalizat
13813,35294,1255,410,3,5,410,privat,finalizat
13814,35296,1336,1454,,,,deschis,fara_rezultat
13815,35298,296,,,,,deschis,expirat
13816,35305,167,1937,4,2,167,privat,finalizat
13817,35308,1342,613,3,2,1342,privat,finalizat
13818,35310,492,1284,5,2,492,privat,finalizat
13819,35313,2092,1859,1,3,1859,privat,finalizat
13820,35315,1794,1844,2,3,1844,privat,finalizat
13821,35316,126,2315,4,1,126,privat,finalizat
13822,35317,1408,1808,1,3,1808,privat,finalizat
13823,35318,2056,2358,3,5,2358,privat,finalizat
13824,35319,450,320,1,3,320,deschis,finalizat
13825,35320,1275,,,,,deschis,expirat
13826,35327,2412,,,,,deschis,expirat
13827,35331,1927,1265,,,,privat,fara_rezultat
13828,35337,529,600,1,5,600,deschis,finalizat
13829,35340,232,1973,2,5,1973,privat,finalizat
13830,35342,729,1700,1,4,1700,privat,finalizat
13831,35343,1831,1327,,,,deschis,fara_rezultat
13832,35345,817,1526,3,1,817,privat,finalizat
13833,35346,1408,1754,3,5,1754,deschis,finalizat
13834,35349,1799,759,0,4,759,privat,finalizat
13835,35350,2361,2324,1,3,2324,privat,finalizat
13836,35354,1323,,,,,deschis,expirat
13837,35355,55,2127,4,3,55,privat,finalizat
13838,35356,1006,2029,1,3,2029,privat,finalizat
13839,35357,1281,1395,,,,privat,fara_rezultat
13840,35365,167,33,4,3,167,deschis,finalizat
13841,35366,575,,,,,deschis,expirat
13842,35370,17,7,4,1,17,privat,finalizat
13843,35376,125,1179,5,4,125,privat,finalizat
13844,35377,1399,1473,2,5,1473,privat,finalizat
13845,35379,79,,,,,deschis,expirat
13846,35380,1907,2161,,,,privat,fara_rezultat
13847,35381,974,,,,,deschis,expirat
13848,35382,1539,1513,,,,privat,fara_rezultat
13849,35384,840,216,,,,privat,fara_rezultat
13850,35386,1095,883,,,,privat,fara_rezultat
13851,35387,231,1874,4,3,231,privat,finalizat
13852,35388,285,,,,,deschis,expirat
13853,35391,1687,2304,3,0,1687,privat,finalizat
13854,35394,737,1262,3,4,1262,privat,finalizat
13855,35397,2035,195,,,,deschis,fara_rezultat
13856,35398,2307,271,0,3,271,privat,finalizat
13857,35401,217,1473,4,2,217,privat,finalizat
13858,35404,620,1981,1,5,1981,deschis,finalizat
13859,35406,2411,724,4,5,724,deschis,finalizat
13860,35407,1884,2067,5,3,1884,privat,finalizat
13861,35410,1975,1448,4,3,1975,privat,finalizat
13862,35411,2472,516,,,,privat,fara_rezultat
13863,35412,162,1615,5,0,162,deschis,finalizat
13864,35415,2403,254,4,5,254,privat,finalizat
13865,35416,369,1398,3,0,369,privat,finalizat
13866,35419,1540,651,,,,privat,fara_rezultat
13867,35420,1548,1485,1,3,1485,privat,finalizat
13868,35421,1811,1520,0,3,1520,privat,finalizat
13869,35427,2019,2474,4,1,2019,privat,finalizat
13870,35431,1359,,,,,deschis,expirat
13871,35436,633,2436,4,1,633,privat,finalizat
13872,35437,1588,1921,4,1,1588,deschis,finalizat
13873,35438,2214,768,5,1,2214,deschis,finalizat
13874,35441,229,1937,2,3,1937,privat,finalizat
13875,35442,619,633,4,1,619,deschis,finalizat
13876,35444,301,,,,,deschis,expirat
13877,35446,802,1462,,,,privat,fara_rezultat
13878,35450,1169,,,,,deschis,expirat
13879,35452,245,1511,1,3,1511,privat,finalizat
13880,35455,956,1056,1,3,1056,deschis,finalizat
13881,35458,1945,,,,,deschis,expirat
13882,35460,261,1526,3,4,1526,privat,finalizat
13883,35461,2024,2188,5,0,2024,privat,finalizat
13884,35467,119,790,0,4,790,privat,finalizat
13885,35468,1358,2273,,,,privat,fara_rezultat
13886,35471,1155,2379,1,4,2379,privat,finalizat
13887,35472,451,1811,5,4,451,deschis,finalizat
13888,35473,1811,398,,,,privat,fara_rezultat
13889,35475,2138,2168,1,4,2168,privat,finalizat
13890,35477,676,1646,,,,privat,fara_rezultat
13891,35479,1502,2376,,,,deschis,fara_rezultat
13892,35480,373,,,,,deschis,expirat
13893,35481,1717,2031,5,4,1717,deschis,finalizat
13894,35483,2459,1768,,,,deschis,fara_rezultat
13895,35484,2023,266,0,3,266,privat,finalizat
13896,35486,200,2061,1,4,2061,privat,finalizat
13897,35488,730,2110,5,4,730,privat,finalizat
13898,35489,332,20,,,,privat,fara_rezultat
13899,35494,1359,2294,5,1,1359,privat,finalizat
13900,35495,2257,2442,4,3,2257,privat,finalizat
13901,35496,536,,,,,deschis,expirat
13902,35497,1956,480,3,1,1956,privat,finalizat
13903,35501,209,1826,2,3,1826,privat,finalizat
13904,35503,1588,,,,,deschis,expirat
13905,35504,1737,278,3,2,1737,privat,finalizat
13906,35505,2357,1399,5,4,2357,privat,finalizat
13907,35508,488,881,5,4,488,privat,finalizat
13908,35509,1008,,,,,deschis,expirat
13909,35511,271,,,,,deschis,expirat
13910,35513,1928,1424,1,4,1424,privat,finalizat
13911,35514,938,879,4,0,938,privat,finalizat
13912,35516,2129,117,,,,deschis,fara_rezultat
13913,35518,2452,55,0,3,55,privat,finalizat
13914,35519,1437,490,1,5,490,deschis,finalizat
13915,35523,895,2157,1,3,2157,privat,finalizat
13916,35524,1730,,,,,deschis,expirat
13917,35525,2209,66,,,,privat,fara_rezultat
13918,35526,641,340,,,,privat,fara_rezultat
13919,35527,1979,920,5,3,1979,deschis,finalizat
13920,35530,529,1816,5,0,529,deschis,finalizat
13921,35531,2195,,,,,deschis,expirat
13922,35532,1549,1870,5,4,1549,privat,finalizat
13923,35534,2465,106,3,0,2465,deschis,finalizat
13924,35536,1488,1777,3,5,1777,privat,finalizat
13925,35539,1485,1915,2,3,1915,deschis,finalizat
13926,35540,2376,,,,,deschis,expirat
13927,35541,1739,2003,3,0,1739,deschis,finalizat
13928,35542,339,2498,1,4,2498,deschis,finalizat
13929,35547,1169,1187,5,3,1169,privat,finalizat
13930,35549,2452,2362,0,5,2362,privat,finalizat
13931,35554,1265,150,1,3,150,privat,finalizat
13932,35556,1964,866,0,3,866,privat,finalizat
13933,35558,1558,418,5,4,1558,deschis,finalizat
13934,35560,1835,1885,4,1,1835,privat,finalizat
13935,35561,1252,1966,5,3,1252,privat,finalizat
13936,35564,835,528,0,3,528,privat,finalizat
13937,35568,2024,2090,3,1,2024,privat,finalizat
13938,35570,643,2444,4,5,2444,privat,finalizat
13939,35571,1946,517,3,4,517,privat,finalizat
13940,35572,688,1772,0,4,1772,privat,finalizat
13941,35578,1919,1590,2,4,1590,privat,finalizat
13942,35580,2106,,,,,deschis,expirat
13943,35582,2361,1126,3,1,2361,privat,finalizat
13944,35583,125,123,,,,privat,fara_rezultat
13945,35585,2305,1777,3,4,1777,privat,finalizat
13946,35586,2335,1201,,,,privat,fara_rezultat
13947,35588,1319,628,4,1,1319,privat,finalizat
13948,35590,1505,152,0,4,152,privat,finalizat
13949,35595,1281,65,2,3,65,deschis,finalizat
13950,35600,2450,2025,3,2,2450,privat,finalizat
13951,35603,1584,819,0,5,819,privat,finalizat
13952,35609,753,1644,4,1,753,privat,finalizat
13953,35614,2087,2496,0,5,2496,privat,finalizat
13954,35618,1461,393,,,,privat,fara_rezultat
13955,35621,2393,,,,,deschis,expirat
13956,35622,970,1162,4,2,970,deschis,finalizat
13957,35623,2331,2445,5,2,2331,deschis,finalizat
13958,35627,778,1539,3,0,778,privat,finalizat
13959,35628,2453,2176,4,3,2453,privat,finalizat
13960,35632,2285,1869,0,5,1869,privat,finalizat
13961,35634,653,1653,4,5,1653,privat,finalizat
13962,35641,2219,1002,0,4,1002,privat,finalizat
13963,35642,2299,,,,,deschis,expirat
13964,35644,802,2311,4,0,802,privat,finalizat
13965,35648,1008,,,,,deschis,expirat
13966,35649,801,,,,,deschis,expirat
13967,35650,690,2253,0,3,2253,privat,finalizat
13968,35655,561,2323,5,3,561,privat,finalizat
13969,35656,1664,251,4,0,1664,privat,finalizat
13970,35657,1348,674,5,1,1348,privat,finalizat
13971,35661,1626,1935,4,3,1626,privat,finalizat
13972,35666,1027,197,3,5,197,deschis,finalizat
13973,35667,1856,5,3,1,1856,deschis,finalizat
13974,35670,2070,1172,4,5,1172,privat,finalizat
13975,35673,1783,1621,4,0,1783,deschis,finalizat
13976,35678,1526,1639,1,5,1639,privat,finalizat
13977,35684,166,2118,3,5,2118,privat,finalizat
13978,35689,1338,1093,3,2,1338,privat,finalizat
13979,35691,1693,1109,2,4,1109,privat,finalizat
13980,35692,1675,447,,,,privat,fara_rezultat
13981,35695,1514,905,,,,privat,fara_rezultat
13982,35699,1018,575,3,1,1018,privat,finalizat
13983,35704,2190,1680,,,,privat,fara_rezultat
13984,35708,1776,1219,2,4,1219,deschis,finalizat
13985,35710,650,37,4,3,650,privat,finalizat
13986,35711,573,271,,,,deschis,fara_rezultat
13987,35713,2222,1987,1,5,1987,privat,finalizat
13988,35716,492,1107,1,3,1107,privat,finalizat
13989,35718,432,2055,3,5,2055,privat,finalizat
13990,35721,1172,2462,5,3,1172,privat,finalizat
13991,35732,760,1046,3,5,1046,privat,finalizat
13992,35736,744,1253,4,2,744,deschis,finalizat
13993,35740,760,1763,,,,privat,fara_rezultat
13994,35741,2004,,,,,deschis,expirat
13995,35742,929,2003,2,5,2003,deschis,finalizat
13996,35743,2206,837,5,4,2206,deschis,finalizat
13997,35744,1367,2087,0,3,2087,privat,finalizat
13998,35746,13,1398,,,,deschis,fara_rezultat
13999,35747,136,950,,,,privat,fara_rezultat
14000,35753,1462,1616,4,1,1462,privat,finalizat
14001,35762,1354,241,2,5,241,privat,finalizat
14002,35764,502,1639,1,5,1639,privat,finalizat
14003,35766,396,,,,,deschis,expirat
14004,35770,929,1038,5,1,929,deschis,finalizat
14005,35772,930,1710,5,3,930,privat,finalizat
14006,35778,1882,1152,3,5,1152,privat,finalizat
14007,35780,1380,175,3,0,1380,deschis,finalizat
14008,35781,1091,1828,,,,deschis,fara_rezultat
14009,35784,341,,,,,deschis,expirat
14010,35789,2057,2112,,,,privat,fara_rezultat
14011,35791,204,228,4,2,204,privat,finalizat
14012,35797,2180,96,,,,privat,fara_rezultat
14013,35802,488,1238,,,,privat,fara_rezultat
14014,35804,1400,2272,0,3,2272,deschis,finalizat
14015,35809,1080,653,5,2,1080,privat,finalizat
14016,35814,136,775,5,4,136,deschis,finalizat
14017,35815,980,1584,,,,deschis,fara_rezultat
14018,35818,980,320,1,5,320,privat,finalizat
14019,35819,1365,1471,,,,privat,fara_rezultat
14020,35820,2299,1944,4,0,2299,privat,finalizat
14021,35822,234,2324,1,5,2324,privat,finalizat
14022,35827,1919,1603,3,0,1919,privat,finalizat
14023,35830,342,794,3,1,342,privat,finalizat
14024,35834,770,938,4,3,770,privat,finalizat
14025,35835,29,,,,,deschis,expirat
14026,35836,824,1476,2,3,1476,privat,finalizat
14027,35839,1539,1226,5,3,1539,deschis,finalizat
14028,35842,1280,2197,4,2,1280,deschis,finalizat
14029,35847,890,2360,4,3,890,privat,finalizat
14030,35850,471,1890,2,5,1890,deschis,finalizat
14031,35852,1276,276,2,3,276,privat,finalizat
14032,35853,1524,276,,,,deschis,fara_rezultat
14033,35854,2292,2055,1,3,2055,deschis,finalizat
14034,35857,1821,1929,4,0,1821,deschis,finalizat
14035,35863,2177,138,,,,deschis,fara_rezultat
14036,35864,2331,,,,,deschis,expirat
14037,35866,2339,507,5,0,2339,privat,finalizat
14038,35871,1068,118,4,3,1068,privat,finalizat
14039,35875,835,2228,1,4,2228,privat,finalizat
14040,35877,432,2447,1,3,2447,privat,finalizat
14041,35878,612,2092,5,1,612,privat,finalizat
14042,35880,1965,116,5,1,1965,deschis,finalizat
14043,35884,260,1688,1,3,1688,deschis,finalizat
14044,35887,2457,1821,,,,privat,fara_rezultat
14045,35888,1729,1183,5,4,1729,privat,finalizat
14046,35889,541,669,,,,privat,fara_rezultat
14047,35890,1594,8,4,1,1594,deschis,finalizat
14048,35895,899,1740,0,5,1740,privat,finalizat
14049,35896,2242,1438,,,,deschis,fara_rezultat
14050,35901,111,275,,,,privat,fara_rezultat
14051,35902,1181,1140,,,,deschis,fara_rezultat
14052,35903,1048,2050,0,3,2050,privat,finalizat
14053,35904,2112,1714,4,1,2112,privat,finalizat
14054,35905,2358,807,2,5,807,privat,finalizat
14055,35907,1588,1619,4,0,1588,deschis,finalizat
14056,35909,2056,1956,,,,privat,fara_rezultat
14057,35911,753,,,,,deschis,expirat
14058,35914,957,1495,4,1,957,privat,finalizat
14059,35917,2004,1038,3,0,2004,privat,finalizat
14060,35920,271,,,,,deschis,expirat
14061,35922,328,2099,,,,privat,fara_rezultat
14062,35923,2343,2011,4,3,2343,deschis,finalizat
14063,35925,266,568,4,3,266,privat,finalizat
14064,35929,14,825,,,,privat,fara_rezultat
14065,35934,1460,355,0,5,355,privat,finalizat
14066,35936,2184,,,,,deschis,expirat
14067,35940,1814,868,3,2,1814,privat,finalizat
14068,35945,127,251,0,4,251,deschis,finalizat
14069,35947,2061,1196,4,1,2061,privat,finalizat
14070,35949,1098,494,2,4,494,privat,finalizat
14071,35952,1728,1052,,,,privat,fara_rezultat
14072,35953,2245,1719,0,3,1719,privat,finalizat
14073,35956,2285,2085,5,1,2285,deschis,finalizat
14074,35957,1893,492,,,,privat,fara_rezultat
14075,35958,52,1054,5,2,52,privat,finalizat
14076,35965,2078,2127,5,3,2078,privat,finalizat
14077,35967,1762,126,0,3,126,deschis,finalizat
14078,35970,1348,1057,4,5,1057,deschis,finalizat
14079,35972,2317,2095,0,4,2095,privat,finalizat
14080,35974,2142,1965,2,3,1965,privat,finalizat
14081,35976,929,1925,0,3,1925,deschis,finalizat
14082,35978,1987,2222,4,3,1987,privat,finalizat
14083,35980,2351,2429,5,3,2351,deschis,finalizat
14084,35985,1179,1185,,,,deschis,fara_rezultat
14085,35988,2383,1494,3,5,1494,privat,finalizat
14086,35989,760,1593,5,4,760,deschis,finalizat
14087,35993,1931,1200,,,,privat,fara_rezultat
14088,35994,2142,2248,4,2,2142,privat,finalizat
14089,35996,1798,1172,0,3,1172,deschis,finalizat
14090,35999,318,330,3,2,318,privat,finalizat
14091,36001,899,1239,1,5,1239,privat,finalizat
14092,36002,1801,1517,,,,deschis,fara_rezultat
14093,36003,1530,1899,,,,privat,fara_rezultat
14094,36004,1566,237,5,0,1566,privat,finalizat
14095,36008,1593,538,0,3,538,deschis,finalizat
14096,36013,229,401,4,2,229,deschis,finalizat
14097,36016,1566,1102,4,0,1566,privat,finalizat
14098,36017,56,,,,,deschis,expirat
14099,36018,861,263,0,5,263,privat,finalizat
14100,36020,1170,2239,,,,privat,fara_rezultat
14101,36021,1989,10,5,3,1989,privat,finalizat
14102,36023,709,1505,5,1,709,privat,finalizat
14103,36029,377,2485,5,4,377,privat,finalizat
14104,36035,2126,485,,,,privat,fara_rezultat
14105,36041,1646,464,1,3,464,deschis,finalizat
14106,36044,2224,291,3,0,2224,privat,finalizat
14107,36048,1749,2208,,,,deschis,fara_rezultat
14108,36049,873,473,4,2,873,privat,finalizat
14109,36053,2144,1219,3,1,2144,privat,finalizat
14110,36055,735,1220,4,1,735,privat,finalizat
14111,36056,1789,2482,5,3,1789,privat,finalizat
14112,36057,612,2214,4,5,2214,privat,finalizat
14113,36058,144,2315,3,4,2315,privat,finalizat
14114,36059,1232,1028,3,2,1232,privat,finalizat
14115,36060,33,605,,,,deschis,fara_rezultat
14116,36061,342,,,,,deschis,expirat
14117,36065,264,1230,3,0,264,privat,finalizat
14118,36067,1688,41,3,0,1688,deschis,finalizat
14119,36069,608,37,3,5,37,privat,finalizat
14120,36070,1439,2097,,,,deschis,fara_rezultat
14121,36077,1480,1196,2,5,1196,privat,finalizat
14122,36078,1177,1239,2,3,1239,privat,finalizat
14123,36080,149,103,5,2,149,privat,finalizat
14124,36081,853,1542,,,,deschis,fara_rezultat
14125,36085,2360,372,3,0,2360,privat,finalizat
14126,36086,1785,4,2,5,4,privat,finalizat
14127,36092,454,465,,,,privat,fara_rezultat
14128,36093,2106,,,,,deschis,expirat
14129,36096,1566,1367,5,2,1566,privat,finalizat
14130,36102,191,1413,2,5,1413,privat,finalizat
14131,36108,785,1706,3,0,785,privat,finalizat
14132,36109,2374,1067,1,3,1067,privat,finalizat
14133,36111,2108,1447,5,2,2108,privat,finalizat
14134,36112,1588,189,5,1,1588,privat,finalizat
14135,36118,2225,502,4,0,2225,privat,finalizat
14136,36122,1797,1233,3,1,1797,privat,finalizat
14137,36123,1218,2065,,,,deschis,fara_rezultat
14138,36124,2459,129,3,0,2459,privat,finalizat
14139,36126,2186,8,3,1,2186,privat,finalizat
14140,36129,519,,,,,deschis,expirat
14141,36131,2347,,,,,deschis,expirat
14142,36134,883,1018,1,3,1018,privat,finalizat
14143,36139,454,1928,,,,privat,fara_rezultat
14144,36147,929,47,,,,privat,fara_rezultat
14145,36148,887,1598,,,,privat,fara_rezultat
14146,36151,1783,2167,,,,privat,fara_rezultat
14147,36152,1115,1621,,,,privat,fara_rezultat
14148,36154,1384,724,0,4,724,deschis,finalizat
14149,36155,986,1196,0,3,1196,privat,finalizat
14150,36156,1057,127,0,3,127,privat,finalizat
14151,36159,2182,2030,2,4,2030,privat,finalizat
14152,36160,2139,,,,,deschis,expirat
14153,36161,1494,2121,1,3,2121,deschis,finalizat
14154,36164,579,113,4,1,579,deschis,finalizat
14155,36165,1595,1776,,,,deschis,fara_rezultat
14156,36166,159,126,3,5,126,privat,finalizat
14157,36171,2188,434,0,4,434,privat,finalizat
14158,36172,1836,306,5,3,1836,privat,finalizat
14159,36176,1591,,,,,deschis,expirat
14160,36179,2136,128,0,4,128,privat,finalizat
14161,36184,244,399,2,5,399,deschis,finalizat
14162,36192,1590,466,,,,privat,fara_rezultat
14163,36194,1178,187,3,4,187,privat,finalizat
14164,36197,2452,2164,3,2,2452,deschis,finalizat
14165,36199,1965,1773,5,3,1965,privat,finalizat
14166,36204,2016,1184,3,5,1184,privat,finalizat
14167,36206,1608,1216,3,5,1216,deschis,finalizat
14168,36207,377,2218,2,5,2218,privat,finalizat
14169,36209,2417,394,,,,privat,fara_rezultat
14170,36211,116,572,,,,privat,fara_rezultat
14171,36212,1592,2095,0,5,2095,privat,finalizat
14172,36213,2322,156,3,1,2322,privat,finalizat
14173,36214,193,1218,4,3,193,deschis,finalizat
14174,36217,1024,755,1,5,755,deschis,finalizat
14175,36220,1224,81,3,1,1224,privat,finalizat
14176,36221,1645,2472,2,3,2472,privat,finalizat
14177,36226,338,86,5,2,338,privat,finalizat
14178,36227,867,,,,,deschis,expirat
14179,36228,2408,2349,5,1,2408,deschis,finalizat
14180,36229,1073,,,,,deschis,expirat
14181,36232,278,1038,0,5,1038,privat,finalizat
14182,36233,1025,1795,5,1,1025,privat,finalizat
14183,36234,174,373,5,1,174,privat,finalizat
14184,36235,1444,449,0,3,449,privat,finalizat
14185,36241,1361,2039,3,0,1361,privat,finalizat
14186,36243,2471,,,,,deschis,expirat
14187,36244,643,648,5,0,643,privat,finalizat
14188,36246,2250,829,0,4,829,privat,finalizat
14189,36252,970,773,5,2,970,deschis,finalizat
14190,36253,2153,2089,4,5,2089,privat,finalizat
14191,36254,2333,1693,5,1,2333,deschis,finalizat
14192,36260,1966,1943,0,5,1943,privat,finalizat
14193,36262,1027,777,2,4,777,privat,finalizat
14194,36266,664,2389,1,4,2389,privat,finalizat
14195,36268,1228,1526,3,2,1228,deschis,finalizat
14196,36270,2357,1928,4,3,2357,deschis,finalizat
14197,36280,123,685,4,0,123,privat,finalizat
14198,36282,115,745,3,5,745,privat,finalizat
14199,36283,558,245,2,3,245,privat,finalizat
14200,36288,1602,1224,3,2,1602,deschis,finalizat
14201,36289,1527,2346,,,,privat,fara_rezultat
14202,36292,944,418,3,0,944,privat,finalizat
14203,36293,2242,1216,4,5,1216,deschis,finalizat
14204,36296,1282,492,,,,privat,fara_rezultat
14205,36297,1838,2380,3,1,1838,privat,finalizat
14206,36298,2184,,,,,deschis,expirat
14207,36299,1877,1431,1,5,1431,privat,finalizat
14208,36302,1965,1696,4,3,1965,deschis,finalizat
14209,36303,109,2141,4,0,109,privat,finalizat
14210,36307,1947,396,,,,privat,fara_rezultat
14211,36310,2138,808,3,5,808,privat,finalizat
14212,36312,916,,,,,deschis,expirat
14213,36313,291,2311,4,3,291,privat,finalizat
14214,36315,2433,1218,1,3,1218,privat,finalizat
14215,36316,2233,894,3,4,894,deschis,finalizat
14216,36319,2455,1951,2,4,1951,privat,finalizat
14217,36321,2404,473,3,0,2404,privat,finalizat
14218,36322,1969,2104,,,,privat,fara_rezultat
14219,36324,2314,,,,,deschis,expirat
14220,36328,116,2111,5,1,116,privat,finalizat
14221,36330,1526,,,,,deschis,expirat
14222,36332,828,664,3,5,664,privat,finalizat
14223,36337,174,466,5,0,174,privat,finalizat
14224,36338,1739,102,5,0,1739,deschis,finalizat
14225,36339,1567,1731,1,4,1731,privat,finalizat
14226,36343,515,2363,3,2,515,deschis,finalizat
14227,36346,854,,,,,deschis,expirat
14228,36347,117,1250,2,5,1250,privat,finalizat
14229,36349,1243,1931,1,4,1931,privat,finalizat
14230,36350,2383,290,5,1,2383,privat,finalizat
14231,36351,1892,470,5,3,1892,deschis,finalizat
14232,36352,927,1658,3,2,927,privat,finalizat
14233,36357,288,1228,2,5,1228,privat,finalizat
14234,36359,1292,609,3,5,609,deschis,finalizat
14235,36360,1046,1171,2,3,1171,privat,finalizat
14236,36364,1381,,,,,deschis,expirat
14237,36373,1521,200,3,4,200,privat,finalizat
14238,36375,2333,1512,,,,privat,fara_rezultat
14239,36378,709,1505,,,,privat,fara_rezultat
14240,36379,1444,1112,,,,privat,fara_rezultat
14241,36380,2216,325,,,,privat,fara_rezultat
14242,36381,1730,439,3,4,439,privat,finalizat
14243,36383,2044,736,,,,privat,fara_rezultat
14244,36386,1028,1977,3,1,1028,privat,finalizat
14245,36387,2325,1642,4,2,2325,privat,finalizat
14246,36389,2482,600,3,4,600,privat,finalizat
14247,36390,1261,63,4,2,1261,privat,finalizat
14248,36394,32,2292,5,2,32,deschis,finalizat
14249,36397,1287,1262,2,3,1262,privat,finalizat
14250,36399,373,1968,2,5,1968,privat,finalizat
14251,36401,271,1775,2,4,1775,privat,finalizat
14252,36406,115,,,,,deschis,expirat
14253,36408,403,,,,,deschis,expirat
14254,36413,439,1075,1,5,1075,privat,finalizat
14255,36416,749,321,,,,privat,fara_rezultat
14256,36417,1252,1537,2,3,1537,privat,finalizat
14257,36423,434,2345,0,5,2345,privat,finalizat
14258,36428,1876,1204,,,,privat,fara_rezultat
14259,36432,1525,2131,3,0,1525,privat,finalizat
14260,36433,1016,270,0,3,270,deschis,finalizat
14261,36440,283,67,,,,privat,fara_rezultat
14262,36442,1022,1762,4,5,1762,privat,finalizat
14263,36443,2272,2464,,,,privat,fara_rezultat
14264,36450,140,1848,1,3,1848,deschis,finalizat
14265,36452,1785,2039,,,,privat,fara_rezultat
14266,36464,1479,2492,3,5,2492,privat,finalizat
14267,36469,820,1951,3,5,1951,deschis,finalizat
14268,36471,502,2092,,,,privat,fara_rezultat
14269,36473,408,2198,4,3,408,privat,finalizat
14270,36476,195,170,0,4,170,privat,finalizat
14271,36477,2275,1709,4,2,2275,deschis,finalizat
14272,36479,2485,377,,,,privat,fara_rezultat
14273,36484,48,248,0,4,248,privat,finalizat
14274,36490,835,,,,,deschis,expirat
14275,36491,688,1276,5,4,688,privat,finalizat
14276,36493,1524,2093,1,5,2093,privat,finalizat
14277,36494,1756,575,4,0,1756,privat,finalizat
14278,36497,1370,2070,0,5,2070,privat,finalizat
14279,36500,2213,2153,4,1,2213,deschis,finalizat
14280,36503,2459,390,4,0,2459,privat,finalizat
14281,36504,1467,2270,3,4,2270,privat,finalizat
14282,36505,1807,1376,5,2,1807,privat,finalizat
14283,36512,1943,1899,1,4,1899,privat,finalizat
14284,36513,1556,,,,,deschis,expirat
14285,36523,591,237,3,0,591,privat,finalizat
14286,36524,1113,2018,2,5,2018,deschis,finalizat
14287,36527,1793,2008,2,5,2008,deschis,finalizat
14288,36528,2018,,,,,deschis,expirat
14289,36531,724,1547,3,1,724,privat,finalizat
14290,36533,730,2067,,,,deschis,fara_rezultat
14291,36535,105,1689,2,3,1689,deschis,finalizat
14292,36537,72,,,,,deschis,expirat
14293,36541,517,1747,4,1,517,privat,finalizat
14294,36546,126,600,4,1,126,deschis,finalizat
14295,36549,1424,170,0,4,170,privat,finalizat
14296,36555,1957,557,4,2,1957,privat,finalizat
14297,36556,1388,896,5,0,1388,privat,finalizat
14298,36558,861,1218,5,0,861,privat,finalizat
14299,36561,1659,1299,4,3,1659,deschis,finalizat
14300,36563,937,1746,5,1,937,privat,finalizat
14301,36564,1951,977,1,5,977,privat,finalizat
14302,36565,2258,1938,3,2,2258,deschis,finalizat
14303,36566,1480,151,,,,privat,fara_rezultat
14304,36567,1158,2064,1,4,2064,deschis,finalizat
14305,36570,1208,,,,,deschis,expirat
14306,36573,1690,2155,,,,privat,fara_rezultat
14307,36574,2054,,,,,deschis,expirat
14308,36576,726,72,3,5,72,deschis,finalizat
14309,36577,1871,733,4,3,1871,privat,finalizat
14310,36581,2024,1171,5,3,2024,privat,finalizat
14311,36583,139,,,,,deschis,expirat
14312,36584,1808,,,,,deschis,expirat
14313,36585,862,751,4,3,862,privat,finalizat
14314,36587,676,1646,4,0,676,privat,finalizat
14315,36590,1779,1813,4,0,1779,deschis,finalizat
14316,36592,2231,1176,2,5,1176,privat,finalizat
14317,36594,1338,2169,2,3,2169,privat,finalizat
14318,36599,696,2177,1,3,2177,privat,finalizat
14319,36600,1594,2318,5,0,1594,privat,finalizat
14320,36607,1970,1216,,,,privat,fara_rezultat
14321,36608,933,2328,4,5,2328,privat,finalizat
14322,36610,2470,2389,2,3,2389,privat,finalizat
14323,36613,456,2142,3,5,2142,privat,finalizat
14324,36614,229,1022,2,3,1022,deschis,finalizat
14325,36615,2039,1198,2,4,1198,privat,finalizat
14326,36616,480,2188,1,3,2188,privat,finalizat
14327,36617,414,,,,,deschis,expirat
14328,36619,471,2436,2,5,2436,privat,finalizat
14329,36620,2357,632,0,5,632,deschis,finalizat
14330,36621,2035,1495,1,5,1495,privat,finalizat
14331,36622,2222,1483,1,4,1483,privat,finalizat
14332,36625,1353,239,,,,privat,fara_rezultat
14333,36627,264,1813,4,2,264,privat,finalizat
14334,36628,2297,130,,,,privat,fara_rezultat
14335,36630,738,582,0,5,582,privat,finalizat
14336,36632,2208,1727,2,4,1727,privat,finalizat
14337,36637,1647,1901,4,2,1647,privat,finalizat
14338,36641,1140,2080,5,2,1140,privat,finalizat
14339,36643,467,13,3,5,13,privat,finalizat
14340,36645,1153,2142,2,3,2142,deschis,finalizat
14341,36646,1591,1826,0,5,1826,privat,finalizat
14342,36657,1251,1152,0,3,1152,privat,finalizat
14343,36660,1480,122,4,2,1480,privat,finalizat
14344,36664,2351,163,,,,privat,fara_rezultat
14345,36665,2338,372,2,5,372,privat,finalizat
14346,36666,1524,1991,5,2,1524,privat,finalizat
14347,36667,722,424,1,3,424,privat,finalizat
14348,36668,2018,929,1,5,929,privat,finalizat
14349,36669,208,1821,3,4,1821,privat,finalizat
14350,36676,246,2360,3,0,246,privat,finalizat
14351,36677,1776,,,,,deschis,expirat
14352,36679,2251,1006,5,3,2251,privat,finalizat
14353,36680,325,1366,4,1,325,privat,finalizat
14354,36683,1785,2463,1,4,2463,privat,finalizat
14355,36691,353,243,0,5,243,privat,finalizat
14356,36704,17,1655,4,0,17,privat,finalizat
14357,36706,1839,,,,,deschis,expirat
14358,36707,2023,281,3,4,281,deschis,finalizat
14359,36711,821,1898,1,3,1898,privat,finalizat
14360,36714,1794,1986,,,,privat,fara_rezultat
14361,36721,590,,,,,deschis,expirat
14362,36722,963,1066,2,3,1066,privat,finalizat
14363,36725,1763,2212,3,1,1763,privat,finalizat
14364,36726,605,,,,,deschis,expirat
14365,36728,1506,1,3,2,1506,deschis,finalizat
14366,36729,430,2090,,,,privat,fara_rezultat
14367,36731,1416,,,,,deschis,expirat
14368,36732,1043,673,,,,privat,fara_rezultat
14369,36735,1669,156,3,0,1669,privat,finalizat
14370,36739,957,,,,,deschis,expirat
14371,36740,1488,1483,3,2,1488,privat,finalizat
14372,36742,909,843,,,,privat,fara_rezultat
14373,36745,244,419,,,,deschis,fara_rezultat
14374,36748,1404,763,2,3,763,privat,finalizat
14375,36752,1454,,,,,deschis,expirat
14376,36755,1946,,,,,deschis,expirat
14377,36756,1337,408,1,3,408,deschis,finalizat
14378,36759,1737,,,,,deschis,expirat
14379,36763,811,2298,3,1,811,privat,finalizat
14380,36764,264,49,4,1,264,privat,finalizat
14381,36765,1458,,,,,deschis,expirat
14382,36768,2232,,,,,deschis,expirat
14383,36769,667,382,1,4,382,privat,finalizat
14384,36770,1160,6,5,2,1160,deschis,finalizat
14385,36776,979,607,,,,deschis,fara_rezultat
14386,36780,2340,2268,4,5,2268,deschis,finalizat
14387,36783,1421,2496,0,3,2496,privat,finalizat
14388,36793,625,1742,3,4,1742,privat,finalizat
14389,36796,775,2348,3,4,2348,deschis,finalizat
14390,36797,1776,2059,,,,privat,fara_rezultat
14391,36799,126,2227,,,,privat,fara_rezultat
14392,36801,1844,790,3,5,790,privat,finalizat
14393,36802,1956,,,,,deschis,expirat
14394,36803,33,1595,2,3,1595,privat,finalizat
14395,36807,2003,1688,5,3,2003,privat,finalizat
14396,36808,846,1267,3,4,1267,privat,finalizat
14397,36812,62,1581,1,4,1581,privat,finalizat
14398,36813,1636,1610,,,,privat,fara_rezultat
14399,36815,1932,894,,,,privat,fara_rezultat
14400,36819,1488,1164,2,5,1164,privat,finalizat
14401,36820,713,,,,,deschis,expirat
14402,36822,48,2063,0,5,2063,privat,finalizat
14403,36825,2483,,,,,deschis,expirat
14404,36827,2127,1582,5,1,2127,privat,finalizat
14405,36831,362,1225,4,5,1225,privat,finalizat
14406,36832,1033,1306,5,2,1033,privat,finalizat
14407,36834,635,2174,5,2,635,deschis,finalizat
14408,36837,2484,501,,,,privat,fara_rezultat
14409,36839,819,1028,4,5,1028,privat,finalizat
14410,36841,1946,374,1,3,374,privat,finalizat
14411,36842,2207,2345,4,3,2207,privat,finalizat
14412,36844,393,2309,3,4,2309,privat,finalizat
14413,36851,1191,,,,,deschis,expirat
14414,36852,243,799,3,1,243,privat,finalizat
14415,36853,1313,248,0,5,248,privat,finalizat
14416,36855,2183,1446,2,3,1446,privat,finalizat
14417,36858,1132,236,,,,privat,fara_rezultat
14418,36860,149,,,,,deschis,expirat
14419,36864,613,1862,3,1,613,privat,finalizat
14420,36872,819,633,3,0,819,privat,finalizat
14421,36873,397,1641,4,5,1641,deschis,finalizat
14422,36878,1292,144,,,,privat,fara_rezultat
14423,36882,1388,2335,0,4,2335,privat,finalizat
14424,36883,2467,2357,0,3,2357,privat,finalizat
14425,36884,1760,62,,,,deschis,fara_rezultat
14426,36886,1263,1424,5,1,1263,privat,finalizat
14427,36890,1797,,,,,deschis,expirat
14428,36891,7,887,1,3,887,privat,finalizat
14429,36892,7,132,3,2,7,privat,finalizat
14430,36893,1141,1798,5,0,1141,privat,finalizat
14431,36894,300,1522,3,2,300,privat,finalizat
14432,36898,328,987,2,3,987,privat,finalizat
14433,36899,745,,,,,deschis,expirat
14434,36902,1076,1847,1,3,1847,privat,finalizat
14435,36907,191,2452,5,1,191,privat,finalizat
14436,36916,666,1702,2,3,1702,privat,finalizat
14437,36917,1498,439,,,,privat,fara_rezultat
14438,36918,1302,2020,,,,deschis,fara_rezultat
14439,36919,2034,,,,,deschis,expirat
14440,36922,1835,2287,1,5,2287,privat,finalizat
14441,36924,2032,923,3,4,923,privat,finalizat
14442,36925,1658,1860,4,3,1658,privat,finalizat
14443,36928,270,951,5,3,270,privat,finalizat
14444,36935,1564,500,0,3,500,privat,finalizat
14445,36937,816,2248,,,,deschis,fara_rezultat
14446,36938,144,2317,1,3,2317,privat,finalizat
14447,36941,2309,2366,,,,privat,fara_rezultat
14448,36942,348,649,3,2,348,privat,finalizat
14449,36944,818,682,1,5,682,deschis,finalizat
14450,36950,737,2495,4,3,737,privat,finalizat
14451,36951,90,1958,1,5,1958,privat,finalizat
14452,36952,998,,,,,deschis,expirat
14453,36953,2330,2363,2,3,2363,deschis,finalizat
14454,36955,489,,,,,deschis,expirat
14455,36956,2067,2190,4,2,2067,privat,finalizat
14456,36958,1547,2411,2,4,2411,privat,finalizat
14457,36962,1901,206,3,0,1901,privat,finalizat
14458,36966,663,2282,4,1,663,deschis,finalizat
14459,36968,269,1357,,,,privat,fara_rezultat
14460,36971,688,450,3,4,450,privat,finalizat
14461,36972,2423,144,3,0,2423,privat,finalizat
14462,36973,1965,2207,2,5,2207,privat,finalizat
14463,36974,1836,1046,,,,deschis,fara_rezultat
14464,36979,1022,2219,3,0,1022,deschis,finalizat
14465,36980,2406,1028,4,0,2406,privat,finalizat
14466,36984,609,229,,,,privat,fara_rezultat
14467,36985,2119,1763,3,2,2119,privat,finalizat
14468,36986,25,1655,5,1,25,privat,finalizat
14469,36987,170,1961,4,2,170,deschis,finalizat
14470,36988,170,737,,,,deschis,fara_rezultat
14471,36989,632,887,1,5,887,privat,finalizat
14472,36990,2017,957,4,0,2017,privat,finalizat
14473,36991,1775,,,,,deschis,expirat
14474,36995,957,2281,,,,privat,fara_rezultat
14475,36998,1973,2297,3,0,1973,privat,finalizat
14476,37001,298,224,,,,privat,fara_rezultat
14477,37005,709,,,,,deschis,expirat
14478,37006,2208,1952,,,,deschis,fara_rezultat
14479,37014,717,186,0,3,186,privat,finalizat
14480,37015,2150,,,,,deschis,expirat
14481,37018,1654,2123,1,4,2123,privat,finalizat
14482,37022,1871,1959,3,5,1959,privat,finalizat
14483,37025,1526,605,0,4,605,privat,finalizat
14484,37026,517,2093,4,5,2093,privat,finalizat
14485,37032,1561,2301,1,4,2301,privat,finalizat
14486,37034,176,2281,,,,privat,fara_rezultat
14487,37042,1007,621,3,2,1007,privat,finalizat
14488,37045,1266,1040,0,3,1040,privat,finalizat
14489,37046,2393,2060,4,2,2393,privat,finalizat
14490,37047,1515,732,,,,privat,fara_rezultat
14491,37050,1091,1539,0,5,1539,privat,finalizat
14492,37054,2492,771,1,3,771,privat,finalizat
14493,37056,2399,1935,,,,privat,fara_rezultat
14494,37059,1906,1151,4,2,1906,deschis,finalizat
14495,37066,2293,147,1,3,147,deschis,finalizat
14496,37069,1361,,,,,deschis,expirat
14497,37070,1965,,,,,deschis,expirat
14498,37071,2090,646,5,0,2090,privat,finalizat
14499,37074,1785,2325,,,,privat,fara_rezultat
14500,37075,1193,285,4,2,1193,deschis,finalizat
14501,37077,136,1036,3,0,136,privat,finalizat
14502,37080,550,630,5,2,550,privat,finalizat
14503,37082,1419,555,,,,privat,fara_rezultat
14504,37084,1688,37,5,2,1688,privat,finalizat
14505,37085,1723,957,1,4,957,deschis,finalizat
14506,37086,1218,433,0,3,433,privat,finalizat
14507,37087,257,1929,4,1,257,privat,finalizat
14508,37089,454,1108,3,2,454,privat,finalizat
14509,37090,896,2341,5,1,896,privat,finalizat
14510,37091,25,881,4,0,25,privat,finalizat
14511,37092,1567,2116,3,5,2116,privat,finalizat
14512,37093,966,2031,,,,privat,fara_rezultat
14513,37095,1668,2091,2,3,2091,privat,finalizat
14514,37100,403,1727,4,3,403,privat,finalizat
14515,37103,2232,2375,0,3,2375,privat,finalizat
14516,37104,429,1691,2,4,1691,deschis,finalizat
14517,37106,1396,9,4,5,9,deschis,finalizat
14518,37111,1180,,,,,deschis,expirat
14519,37114,304,443,1,5,443,privat,finalizat
14520,37115,517,2479,1,3,2479,privat,finalizat
14521,37116,285,2382,0,5,2382,deschis,finalizat
14522,37117,862,1361,,,,deschis,fara_rezultat
14523,37122,2294,,,,,deschis,expirat
14524,37131,954,736,3,5,736,privat,finalizat
14525,37132,1223,2245,1,4,2245,privat,finalizat
14526,37134,2174,1824,3,0,2174,privat,finalizat
14527,37136,424,432,5,3,424,deschis,finalizat
14528,37139,1593,,,,,deschis,expirat
14529,37142,2136,1006,5,3,2136,privat,finalizat
14530,37143,2396,52,4,5,52,privat,finalizat
14531,37145,517,2465,2,4,2465,deschis,finalizat
14532,37146,91,276,2,5,276,privat,finalizat
14533,37148,930,1424,3,1,930,privat,finalizat
14534,37149,720,548,1,5,548,privat,finalizat
14535,37151,578,2064,3,1,578,privat,finalizat
14536,37154,1792,722,4,1,1792,privat,finalizat
14537,37155,1663,1086,2,4,1086,privat,finalizat
14538,37158,1126,,,,,deschis,expirat
14539,37161,1111,2262,,,,privat,fara_rezultat
14540,37164,1357,607,3,1,1357,privat,finalizat
14541,37165,775,772,4,5,772,privat,finalizat
14542,37166,760,1712,4,2,760,privat,finalizat
14543,37167,1944,1408,0,5,1408,deschis,finalizat
14544,37169,2238,135,4,2,2238,deschis,finalizat
14545,37172,1799,1791,2,3,1791,deschis,finalizat
14546,37179,246,,,,,deschis,expirat
14547,37184,2147,536,4,0,2147,privat,finalizat
14548,37191,342,846,3,5,846,privat,finalizat
14549,37194,2432,62,3,0,2432,privat,finalizat
14550,37195,2233,495,,,,deschis,fara_rezultat
14551,37196,1367,,,,,deschis,expirat
14552,37206,222,1161,3,2,222,deschis,finalizat
14553,37208,443,450,2,5,450,privat,finalizat
14554,37211,2342,1786,4,5,1786,privat,finalizat
14555,37213,1572,2340,3,1,1572,privat,finalizat
14556,37215,1669,1424,4,0,1669,privat,finalizat
14557,37218,398,808,,,,deschis,fara_rezultat
14558,37221,1727,,,,,deschis,expirat
14559,37224,1005,1727,3,0,1005,privat,finalizat
14560,37225,1384,1519,3,5,1519,privat,finalizat
14561,37228,1519,1541,5,1,1519,deschis,finalizat
14562,37229,1990,2264,1,4,2264,privat,finalizat
14563,37230,2149,1825,,,,privat,fara_rezultat
14564,37231,1021,,,,,deschis,expirat
14565,37234,2325,1642,3,4,1642,privat,finalizat
14566,37236,1144,614,3,1,1144,privat,finalizat
14567,37239,2386,499,2,3,499,deschis,finalizat
14568,37241,2018,47,,,,privat,fara_rezultat
14569,37244,1475,,,,,deschis,expirat
14570,37247,2114,427,0,3,427,privat,finalizat
14571,37249,2292,2423,2,4,2423,deschis,finalizat
14572,37252,1219,1747,1,4,1747,deschis,finalizat
14573,37255,664,1789,3,2,664,privat,finalizat
14574,37257,1929,837,3,1,1929,privat,finalizat
14575,37258,1369,123,3,4,123,privat,finalizat
14576,37259,1416,,,,,deschis,expirat
14577,37265,203,999,3,5,999,privat,finalizat
14578,37267,1989,554,3,4,554,privat,finalizat
14579,37269,2344,1152,,,,privat,fara_rezultat
14580,37271,1938,1668,3,4,1668,deschis,finalizat
14581,37275,1938,250,1,3,250,privat,finalizat
14582,37283,50,1463,1,4,1463,privat,finalizat
14583,37290,1228,1826,0,5,1826,privat,finalizat
14584,37293,184,1816,5,1,184,privat,finalizat
14585,37295,1843,271,3,4,271,privat,finalizat
14586,37303,2498,423,,,,privat,fara_rezultat
14587,37311,900,400,0,5,400,deschis,finalizat
14588,37313,2044,1148,3,2,2044,privat,finalizat
14589,37314,2037,601,5,0,2037,privat,finalizat
14590,37316,2347,1812,2,4,1812,privat,finalizat
14591,37317,627,,,,,deschis,expirat
14592,37318,1649,1910,0,4,1910,privat,finalizat
14593,37319,463,1392,,,,privat,fara_rezultat
14594,37321,1276,2147,,,,privat,fara_rezultat
14595,37324,1947,803,5,2,1947,privat,finalizat
14596,37328,1098,1002,3,5,1002,privat,finalizat
14597,37329,33,1786,3,1,33,deschis,finalizat
14598,37331,537,2212,4,2,537,privat,finalizat
14599,37332,807,1776,2,5,1776,deschis,finalizat
14600,37336,2457,217,,,,privat,fara_rezultat
14601,37337,2260,7,3,1,2260,deschis,finalizat
14602,37341,1007,1987,,,,privat,fara_rezultat
14603,37343,2249,602,2,3,602,privat,finalizat
14604,37347,2231,2206,4,1,2231,deschis,finalizat
14605,37350,1958,169,3,5,169,deschis,finalizat
14606,37352,1176,887,1,3,887,privat,finalizat
14607,37353,415,,,,,deschis,expirat
14608,37355,1928,2433,4,0,1928,privat,finalizat
14609,37363,1783,2258,,,,privat,fara_rezultat
14610,37368,585,758,5,2,585,privat,finalizat
14611,37371,809,1706,5,0,809,privat,finalizat
14612,37376,1358,,,,,deschis,expirat
14613,37377,1844,2095,,,,privat,fara_rezultat
14614,37378,1829,4,3,1,1829,deschis,finalizat
14615,37379,2207,,,,,deschis,expirat
14616,37380,2142,803,4,0,2142,privat,finalizat
14617,37386,2361,959,4,0,2361,privat,finalizat
14618,37388,1581,1318,,,,deschis,fara_rezultat
14619,37392,557,,,,,deschis,expirat
14620,37395,129,744,,,,privat,fara_rezultat
14621,37398,2213,2459,,,,privat,fara_rezultat
14622,37400,1547,122,2,4,122,privat,finalizat
14623,37405,154,419,4,2,154,privat,finalizat
14624,37406,1259,1248,4,2,1259,deschis,finalizat
14625,37407,946,2375,2,4,2375,privat,finalizat
14626,37409,1608,1697,1,3,1697,privat,finalizat
14627,37410,1552,1221,,,,privat,fara_rezultat
14628,37411,410,225,1,5,225,privat,finalizat
14629,37413,283,1390,3,4,1390,privat,finalizat
14630,37415,2217,2499,4,0,2217,privat,finalizat
14631,37417,111,221,1,4,221,privat,finalizat
14632,37418,296,372,3,5,372,privat,finalizat
14633,37419,356,394,0,5,394,privat,finalizat
14634,37420,1660,180,5,4,1660,privat,finalizat
14635,37421,304,550,3,4,550,privat,finalizat
14636,37423,719,2180,4,2,719,privat,finalizat
14637,37428,1419,1635,,,,privat,fara_rezultat
14638,37431,1773,,,,,deschis,expirat
14639,37434,767,,,,,deschis,expirat
14640,37435,1399,2106,,,,privat,fara_rezultat
14641,37437,1421,959,3,1,1421,privat,finalizat
14642,37442,1534,737,0,5,737,privat,finalizat
14643,37446,836,2168,0,4,2168,privat,finalizat
14644,37448,2116,881,3,2,2116,deschis,finalizat
14645,37455,2074,1680,3,1,2074,privat,finalizat
14646,37456,376,250,2,3,250,privat,finalizat
14647,37458,2052,2385,2,3,2385,privat,finalizat
14648,37464,44,1707,,,,privat,fara_rezultat
14649,37466,1690,1647,4,5,1647,privat,finalizat
14650,37472,76,1428,1,3,1428,deschis,finalizat
14651,37475,492,2336,4,5,2336,privat,finalizat
14652,37478,437,364,2,4,364,deschis,finalizat
14653,37480,1753,241,2,3,241,privat,finalizat
14654,37488,166,694,,,,privat,fara_rezultat
14655,37490,619,2382,1,3,2382,privat,finalizat
14656,37492,1944,2195,,,,privat,fara_rezultat
14657,37495,1548,1710,,,,privat,fara_rezultat
14658,37496,896,,,,,deschis,expirat
14659,37499,889,2003,1,5,2003,deschis,finalizat
14660,37510,1335,1094,3,2,1335,privat,finalizat
14661,37511,1605,496,4,2,1605,privat,finalizat
14662,37513,1511,961,2,3,961,privat,finalizat
14663,37515,87,1611,0,5,1611,privat,finalizat
14664,37516,2078,68,4,1,2078,deschis,finalizat
14665,37524,2123,108,,,,privat,fara_rezultat
14666,37525,1068,983,5,4,1068,privat,finalizat
14667,37530,2107,,,,,deschis,expirat
14668,37541,373,94,5,1,373,privat,finalizat
14669,37543,263,,,,,deschis,expirat
14670,37546,1628,774,1,5,774,privat,finalizat
14671,37548,2362,1376,4,1,2362,privat,finalizat
14672,37551,1378,225,5,3,1378,deschis,finalizat
14673,37553,2171,1899,2,5,1899,privat,finalizat
14674,37555,463,372,0,4,372,privat,finalizat
14675,37562,1588,424,,,,deschis,programat
14676,37563,1153,309,,,,deschis,programat
14677,37567,476,9,,,,privat,programat
14678,37575,1368,779,,,,privat,programat
14679,37577,1834,1396,,,,privat,programat
14680,37578,158,665,,,,privat,programat
14681,37588,483,859,,,,privat,programat
14682,37598,1552,1825,,,,privat,programat
14683,37603,591,1731,,,,privat,programat
14684,37604,885,428,,,,privat,programat
14685,37609,1969,,,,,deschis,asteptare
14686,37610,2020,2154,,,,privat,programat
14687,37615,2315,1193,,,,privat,programat
14688,37619,1739,1655,,,,privat,programat
14689,37620,1566,2379,,,,privat,programat
14690,37625,317,504,,,,privat,programat
14691,37628,2474,1259,,,,privat,programat
14692,37631,1249,,,,,deschis,asteptare
14693,37633,97,1002,,,,deschis,programat
14694,37634,1937,943,,,,deschis,programat
14695,37635,2144,1564,,,,privat,programat
14696,37637,1142,815,,,,deschis,programat
14697,37638,952,414,,,,privat,programat
14698,37640,816,1944,,,,privat,programat
14699,37643,1462,591,,,,privat,programat
14700,37647,2249,861,,,,privat,programat
14701,37648,1957,1205,,,,privat,programat
14702,37653,709,299,,,,privat,programat
14703,37654,936,1132,,,,deschis,programat
14704,37660,847,2204,,,,privat,programat
14705,37663,636,2143,,,,privat,programat
14706,37666,951,435,,,,privat,programat
14707,37668,485,2490,,,,privat,programat
14708,37670,2055,2406,,,,privat,programat
14709,37671,2427,1844,,,,deschis,programat
14710,37672,1022,1503,,,,privat,programat
14711,37675,1915,947,,,,privat,programat
14712,37681,101,1633,,,,privat,programat
14713,37687,219,1481,,,,deschis,programat
14714,37688,219,1061,,,,privat,programat
14715,37689,261,,,,,deschis,asteptare
14716,37690,1171,1046,,,,deschis,programat
14717,37693,1,456,,,,privat,programat
14718,37696,1172,1430,,,,privat,programat
14719,37705,873,,,,,deschis,asteptare
14720,37706,81,,,,,deschis,asteptare
14721,37707,457,1857,,,,privat,programat
14722,37710,1702,205,,,,privat,programat
14723,37715,574,2086,,,,privat,programat
14724,37716,1357,872,,,,privat,programat
14725,37719,1772,1142,,,,privat,programat
14726,37725,2479,276,,,,privat,programat
14727,37726,819,302,,,,deschis,programat
14728,37727,2207,119,,,,privat,programat
14729,37728,1368,209,,,,privat,programat
14730,37729,1651,189,,,,privat,programat
14731,37730,1739,2250,,,,privat,programat
14732,37732,846,132,,,,privat,programat
14733,37735,802,1205,,,,privat,programat
14734,37736,808,,,,,deschis,asteptare
14735,37737,465,,,,,deschis,asteptare
14736,37740,2008,1561,,,,privat,programat
14737,37743,615,882,,,,privat,programat
14738,37746,238,28,,,,privat,programat
14739,37747,419,1820,,,,privat,programat
14740,37753,2349,222,,,,deschis,programat
14741,37754,2184,1556,,,,privat,programat
14742,37756,960,,,,,deschis,asteptare
14743,37758,1383,147,,,,privat,programat
14744,37761,1641,33,,,,privat,programat
14745,37762,1635,2219,,,,privat,programat
14746,37763,807,1524,,,,privat,programat
14747,37764,2361,1394,,,,privat,programat
14748,37765,1024,673,,,,privat,programat
14749,37767,2004,1957,,,,privat,programat
14750,37768,1462,2120,,,,privat,programat
14751,37769,916,2003,,,,privat,programat
14752,37771,1461,2340,,,,privat,programat
14753,37774,393,217,,,,deschis,programat
14754,37775,1735,319,,,,privat,programat
14755,37776,2017,1798,,,,privat,programat
14756,37778,1291,1251,,,,privat,programat
14757,37779,1538,2185,,,,privat,programat
14758,37780,2159,1573,,,,privat,programat
14759,37781,1132,368,,,,privat,programat
14760,37785,1541,141,,,,deschis,programat
14761,37786,1952,1820,,,,privat,programat
14762,37787,1133,785,,,,privat,programat
14763,37790,663,1637,,,,privat,programat
14764,37791,1329,1880,,,,privat,programat
14765,37792,1073,282,,,,privat,programat
14766,37793,579,228,,,,deschis,programat
14767,37795,942,2469,,,,deschis,programat
14768,37799,1022,2427,,,,privat,programat
14769,37805,1797,2430,,,,privat,programat
14770,37807,307,2206,,,,privat,programat
14771,37808,2311,2268,,,,deschis,programat
14772,37809,234,1919,,,,privat,programat
14773,37812,2185,24,,,,privat,programat
14774,37815,1952,2483,,,,privat,programat
14775,37821,1314,1629,,,,privat,programat
14776,37827,2397,1321,,,,privat,programat
14777,37828,1776,,,,,deschis,asteptare
14778,37831,1072,139,,,,privat,programat
14779,37835,234,2301,,,,privat,programat
14780,37840,767,125,,,,privat,programat
14781,37841,499,1185,,,,deschis,programat
14782,37845,2063,,,,,deschis,asteptare
14783,37847,561,55,,,,privat,programat
14784,37848,87,1990,,,,privat,programat
14785,37849,2289,1039,,,,privat,programat
14786,37851,305,,,,,deschis,asteptare
14787,37852,2303,1472,,,,privat,programat
14788,37854,16,2209,,,,privat,programat
14789,37859,2141,1278,,,,privat,programat
14790,37860,722,1852,,,,privat,programat
14791,37861,2039,,,,,deschis,asteptare
14792,37865,401,,,,,deschis,asteptare
14793,37866,2376,1566,,,,deschis,programat
14794,37868,62,1941,,,,privat,programat
14795,37871,1522,75,,,,privat,programat
14796,37872,301,1586,,,,privat,programat
14797,37873,1126,591,,,,privat,programat
14798,37875,2106,1688,,,,deschis,programat
14799,37876,1538,,,,,deschis,asteptare
14800,37878,138,2331,,,,privat,programat
14801,37880,724,2237,,,,privat,programat
14802,37885,936,1997,,,,privat,programat
14803,37889,2145,,,,,deschis,asteptare
14804,37890,2424,626,,,,privat,programat
14805,37895,2086,1147,,,,privat,programat
14806,37897,408,,,,,deschis,asteptare
14807,37900,397,2147,,,,deschis,programat
14808,37901,261,1526,,,,deschis,programat
14809,37905,195,1461,,,,privat,programat
14810,37907,1646,176,,,,privat,programat
14811,37910,1739,2075,,,,privat,programat
14812,37911,2376,,,,,deschis,asteptare
14813,37915,1473,2243,,,,deschis,programat
14814,37920,1275,924,,,,deschis,programat
14815,37921,438,1672,,,,privat,programat
14816,37922,1186,468,,,,privat,programat
14817,37923,1556,1637,,,,privat,programat
14818,37927,1526,502,,,,privat,programat
14819,37930,1862,523,,,,privat,programat
14820,37932,1503,2342,,,,privat,programat
14821,37933,1527,1474,,,,deschis,programat
14822,37937,1309,,,,,deschis,asteptare
14823,37939,1341,1944,,,,privat,programat
14824,37941,496,1106,,,,privat,programat
14825,37943,1316,1741,,,,privat,programat
14826,37944,595,658,,,,privat,programat
14827,37947,711,,,,,deschis,asteptare
14828,37949,1723,1267,,,,deschis,programat
14829,37954,2111,1456,,,,privat,programat
14830,37955,1361,409,,,,privat,programat
14831,37956,1141,802,,,,deschis,programat
14832,37957,47,981,,,,deschis,programat
14833,37959,1662,,,,,deschis,asteptare
14834,37960,2426,286,,,,privat,programat
14835,37962,1763,144,,,,deschis,programat
14836,37971,558,731,,,,privat,programat
14837,37972,1633,1349,,,,deschis,programat
14838,37973,618,1599,,,,privat,programat
14839,37976,47,685,,,,privat,programat
14840,37977,1633,1662,,,,privat,programat
14841,37979,1939,1700,,,,privat,programat
14842,37981,1702,1679,,,,privat,programat
14843,37983,1059,1308,,,,privat,programat
14844,37987,2164,1091,,,,privat,programat
14845,37993,529,2308,,,,privat,programat
14846,37998,2342,1046,,,,deschis,programat
14847,37999,465,1381,,,,privat,programat
14848,38000,2233,1369,,,,privat,programat
14849,38002,1195,1797,,,,privat,programat
14850,38003,1915,215,,,,privat,programat
14851,38004,1421,1082,,,,deschis,programat
14852,38007,606,796,,,,privat,programat
14853,38010,2122,325,,,,privat,programat
14854,38015,1537,222,,,,privat,programat
14855,38018,1470,627,,,,privat,programat
14856,38019,607,180,,,,deschis,programat
14857,38021,1254,2141,,,,privat,programat
14858,38023,1947,536,,,,privat,programat
14859,38024,790,33,,,,privat,programat
14860,38025,1072,1682,,,,privat,programat
14861,38026,1946,304,,,,privat,programat
14862,38027,1154,2118,,,,privat,programat
14863,38030,1287,2222,,,,privat,programat
14864,38033,1011,1723,,,,privat,programat
14865,38034,798,1207,,,,privat,programat
14866,38035,2318,1106,,,,deschis,programat
14867,38036,10,1253,,,,privat,programat
14868,38039,15,,,,,deschis,asteptare
14869,38043,1324,12,,,,deschis,programat
14870,38046,13,437,,,,privat,programat
14871,38050,4,2126,,,,privat,programat
14872,38053,2147,711,,,,privat,programat
14873,38056,1102,591,,,,privat,programat
14874,38059,1543,2387,,,,privat,programat
14875,38060,1821,2369,,,,privat,programat
14876,38061,628,1843,,,,deschis,programat
14877,38065,582,,,,,deschis,asteptare
14878,38066,2236,1569,,,,privat,programat
14879,38068,38,,,,,deschis,asteptare
14880,38070,81,504,,,,deschis,programat
14881,38071,2036,1939,,,,privat,programat
14882,38072,1547,,,,,deschis,asteptare
14883,38073,1974,2181,,,,deschis,programat
14884,38075,1069,1465,,,,privat,programat
14885,38076,367,422,,,,privat,programat
14886,38079,1507,1619,,,,deschis,programat
14887,38085,434,33,,,,privat,programat
14888,38086,185,957,,,,deschis,programat
14889,38087,610,196,,,,privat,programat
14890,38088,818,718,,,,deschis,programat
14891,38093,608,557,,,,privat,programat
14892,38094,1495,958,,,,privat,programat
14893,38095,360,1126,,,,deschis,programat
14894,38096,655,1347,,,,deschis,programat
14895,38099,1117,151,,,,deschis,programat
14896,38100,2362,986,,,,privat,programat
14897,38102,1679,2101,,,,privat,programat
14898,38104,1383,,,,,deschis,asteptare
14899,38105,1856,2359,,,,privat,programat
14900,38107,4,1129,,,,privat,programat
14901,38111,2304,,,,,deschis,asteptare
14902,38122,232,489,,,,privat,programat
14903,38124,1783,778,,,,privat,programat
14904,38130,873,142,,,,privat,programat
14905,38131,2312,1504,,,,privat,programat
14906,38136,372,1780,,,,privat,programat
14907,38139,664,1232,,,,deschis,programat
14908,38142,722,711,,,,deschis,programat
14909,38143,1361,432,,,,privat,programat
14910,38144,614,765,,,,privat,programat
14911,38146,2376,1810,,,,privat,programat
14912,38147,301,47,,,,privat,programat
14913,38148,1415,737,,,,privat,programat
14914,38151,1793,1024,,,,privat,programat
14915,38155,2177,489,,,,privat,programat
14916,38156,687,1187,,,,deschis,programat
14917,38158,1158,851,,,,deschis,programat
14918,38160,2404,2310,,,,privat,programat
14919,38164,2189,1486,,,,privat,programat
14920,38168,543,2046,,,,deschis,programat
14921,38174,1411,2420,,,,privat,programat
14922,38177,1579,377,,,,privat,programat
14923,38179,1095,450,,,,deschis,programat
14924,38180,883,768,,,,privat,programat
14925,38181,609,751,,,,privat,programat
14926,38183,2285,,,,,deschis,asteptare
14927,38184,1656,761,,,,privat,programat
14928,38187,1797,1377,,,,privat,programat
14929,38188,328,642,,,,privat,programat
14930,38191,1246,363,,,,deschis,programat
14931,38192,1773,189,,,,deschis,programat
14932,38193,1592,21,,,,privat,programat
14933,38196,1074,166,,,,privat,programat
14934,38199,1589,1929,,,,privat,programat
14935,38200,1950,1795,,,,privat,programat
14936,38204,750,1734,,,,deschis,programat
14937,38213,1267,90,,,,privat,programat
14938,38214,811,,,,,deschis,asteptare
14939,38215,640,1636,,,,privat,programat
14940,38221,1977,1874,,,,deschis,programat
14941,38222,2386,433,,,,privat,programat
14942,38223,2305,301,,,,deschis,programat
14943,38226,1075,1563,,,,privat,programat
14944,38228,1336,1914,,,,deschis,programat
14945,38229,572,,,,,deschis,asteptare
14946,38234,789,2146,,,,privat,programat
14947,38235,2108,2072,,,,deschis,programat
14948,38237,184,2111,,,,deschis,programat
14949,38238,2250,1810,,,,privat,programat
14950,38239,1266,2398,,,,privat,programat
14951,38240,38,1323,,,,privat,programat
14952,38243,167,719,,,,deschis,programat
14953,38245,828,2299,,,,privat,programat
14954,38246,2227,735,,,,privat,programat
14955,38248,2228,1292,,,,privat,programat
14956,38253,2231,,,,,deschis,asteptare
14957,38259,824,2354,,,,privat,programat
14958,38264,731,,,,,deschis,asteptare
14959,38267,2036,2339,,,,privat,programat
14960,38269,1935,710,,,,privat,programat
14961,38270,60,1825,,,,privat,programat
14962,38271,108,2131,,,,privat,programat
14963,38284,1941,632,,,,privat,programat
14964,38286,1882,1402,,,,privat,programat
14965,38289,860,1661,,,,deschis,programat
14966,38290,900,891,,,,privat,programat
14967,38294,1417,,,,,deschis,asteptare
14968,38299,538,1171,,,,privat,programat
14969,38300,2207,430,,,,privat,programat
14970,38304,671,1581,,,,privat,programat
14971,38308,2177,2367,,,,deschis,programat
14972,38312,1289,1448,,,,privat,programat
14973,38314,516,2492,,,,privat,programat
14974,38315,912,956,,,,deschis,programat
14975,38316,1615,1216,,,,privat,programat
14976,38317,2288,225,,,,privat,programat
14977,38318,1858,2201,,,,privat,programat
14978,38320,1804,985,,,,deschis,programat
14979,38321,814,226,,,,privat,programat
14980,38322,2374,11,,,,privat,programat
14981,38324,1352,1293,,,,privat,programat
14982,38326,197,890,,,,privat,programat
14983,38328,1047,1417,,,,deschis,programat
14984,38329,1022,,,,,deschis,asteptare
14985,38331,4,1341,,,,deschis,programat
14986,38336,676,1779,,,,privat,programat
14987,38337,1126,2376,,,,deschis,programat
14988,38339,582,1391,,,,privat,programat
14989,38340,2446,2099,,,,privat,programat
14990,38343,406,2074,,,,privat,programat
14991,38345,265,1609,,,,privat,programat
14992,38347,405,141,,,,privat,programat
14993,38348,1364,2385,,,,privat,programat
14994,38352,876,,,,,deschis,asteptare
14995,38354,1365,189,,,,privat,programat
14996,38355,1956,751,,,,privat,programat
14997,38357,2024,2142,,,,privat,programat
14998,38358,1153,1937,,,,deschis,programat
14999,38364,307,1415,,,,privat,programat
15000,38365,2004,1164,,,,deschis,programat
15001,38366,846,1205,,,,deschis,programat
15002,38369,1802,825,,,,deschis,programat
15003,38370,666,,,,,deschis,asteptare
15004,38371,60,1647,,,,privat,programat
15005,38376,2198,1606,,,,privat,programat
15006,38378,119,1678,,,,privat,programat
15007,38379,1411,2111,,,,deschis,programat
15008,38380,1411,1490,,,,privat,programat
15009,38383,2322,1598,,,,deschis,programat
15010,38385,802,591,,,,privat,programat
15011,38387,737,93,,,,privat,programat
15012,38388,1646,632,,,,privat,programat
15013,38393,1452,1659,,,,privat,programat
15014,38396,1632,1602,,,,privat,programat
15015,38397,1492,1056,,,,privat,programat
15016,38398,1114,355,,,,deschis,programat
15017,38401,1544,2158,,,,privat,programat
15018,38402,1098,2093,,,,privat,programat
15019,38405,2301,651,,,,privat,programat
15020,38406,2177,1922,,,,deschis,programat
15021,38408,1607,,,,,deschis,asteptare
15022,38409,2184,,,,,deschis,asteptare
15023,38411,2025,1060,,,,privat,programat
15024,38414,2248,33,,,,privat,programat
15025,38417,600,555,,,,privat,programat
15026,38422,1117,1745,,,,privat,programat
15027,38426,1883,367,,,,privat,programat
15028,38428,2292,,,,,deschis,asteptare
15029,38429,1232,753,,,,deschis,programat
15030,38432,285,1651,,,,privat,programat
15031,38437,1807,258,,,,privat,programat
15032,38441,775,2325,,,,privat,programat
15033,38442,1458,1267,,,,privat,programat
15034,38443,2361,1421,,,,privat,programat
15035,38444,301,2298,,,,deschis,programat
15036,38447,1956,1154,,,,privat,programat
15037,38448,1572,93,,,,privat,programat
15038,38449,2412,649,,,,deschis,programat
15039,38455,771,1312,,,,deschis,programat
15040,38456,2295,567,,,,privat,programat
15041,38459,1147,1180,,,,deschis,programat
15042,38461,1192,1599,,,,privat,programat
15043,38464,1552,2223,,,,privat,programat
15044,38468,304,500,,,,deschis,programat
15045,38470,846,1082,,,,privat,programat
15046,38475,107,357,,,,privat,programat
15047,38478,2477,1591,,,,deschis,programat
15048,38484,209,2358,,,,privat,programat
15049,38491,1941,573,,,,privat,programat
15050,38493,1109,1192,,,,privat,programat
15051,38495,2310,2053,,,,privat,programat
15052,38496,709,778,,,,deschis,programat
15053,38497,1376,986,,,,deschis,programat
15054,38499,1161,,,,,deschis,asteptare
15055,38500,927,84,,,,deschis,programat
15056,38501,296,455,,,,deschis,programat
15057,38504,575,,,,,deschis,asteptare
15058,38506,1524,1153,,,,privat,programat
15059,38507,2105,288,,,,privat,programat
15060,38509,1622,1367,,,,privat,programat
15061,38510,1011,1179,,,,privat,programat
15062,38511,1688,971,,,,deschis,programat
15063,38513,649,315,,,,deschis,programat
15064,38516,687,2297,,,,privat,programat
15065,38517,1347,553,,,,privat,programat
15066,38518,39,1949,,,,privat,programat
15067,38520,820,558,,,,privat,programat
15068,38522,2333,2127,,,,privat,programat
15069,38529,719,1028,,,,privat,programat
15070,38532,2479,575,,,,privat,programat
15071,38533,819,1232,,,,privat,programat
15072,38534,261,2024,,,,privat,programat
15073,38536,2317,432,,,,privat,programat
15074,38537,995,2465,,,,privat,programat
15075,38538,126,116,,,,deschis,programat
15076,38542,1319,217,,,,deschis,programat
15077,38544,2206,1775,,,,privat,programat
15078,38545,1488,398,,,,privat,programat
15079,38546,1548,1270,,,,privat,programat
15080,38547,1710,1262,,,,privat,programat
15081,38549,2372,,,,,deschis,asteptare
15082,38550,639,1376,,,,deschis,programat
15083,38551,461,1486,,,,privat,programat
15084,38553,871,,,,,deschis,asteptare
15085,38554,988,1236,,,,deschis,programat
15086,38558,1149,1532,,,,deschis,programat
15087,38559,197,2080,,,,deschis,programat
15088,38561,2299,955,,,,privat,programat
15089,38563,1641,1977,,,,privat,programat
15090,38565,537,2039,,,,privat,programat
15091,38566,2120,,,,,deschis,asteptare
15092,38567,1195,1007,,,,deschis,programat
15093,38569,1610,1868,,,,deschis,programat
15094,38570,307,1287,,,,privat,programat
15095,38572,1791,2305,,,,privat,programat
15096,38574,901,217,,,,privat,programat
15097,38577,791,1111,,,,privat,programat
15098,38579,936,1039,,,,privat,programat
15099,38581,1539,974,,,,privat,programat
15100,38582,1511,1088,,,,privat,programat
15101,38588,34,1554,,,,privat,programat
15102,38593,1023,2296,,,,privat,programat
15103,38594,795,1612,,,,privat,programat
15104,38599,1419,1592,,,,privat,programat
15105,38600,1278,,,,,deschis,asteptare
15106,38601,787,,,,,deschis,asteptare
15107,38603,2315,2180,,,,privat,programat
15108,38604,1811,811,,,,privat,programat
15109,38608,1681,1093,,,,deschis,programat
15110,38616,974,2483,,,,deschis,programat
15111,38617,1250,419,,,,privat,programat
15112,38620,2012,564,,,,deschis,programat
15113,38622,2480,852,,,,privat,programat
15114,38625,1273,2442,,,,deschis,programat
15115,38627,2119,1456,,,,deschis,programat
15116,38635,1141,2361,,,,privat,programat
15117,38636,1318,169,,,,deschis,programat
15118,38638,2008,,,,,deschis,asteptare
15119,38639,2386,301,,,,privat,programat
15120,38640,2281,208,,,,privat,programat
15121,38641,938,1734,,,,privat,programat
15122,38644,1745,657,,,,privat,programat
15123,38647,1500,1615,,,,deschis,programat
15124,38648,1608,1375,,,,privat,programat
15125,38652,1123,1852,,,,privat,programat
15126,38655,651,1502,,,,privat,programat
15127,38656,901,810,,,,privat,programat
15128,38658,2127,1053,,,,privat,programat
15129,38659,1349,2453,,,,privat,programat
15130,38661,1530,2421,,,,privat,programat
15131,38662,2001,1959,,,,privat,programat
15132,38663,1397,1171,,,,privat,programat
15133,38665,2207,1361,,,,privat,programat
15134,38667,1311,1553,,,,deschis,programat
15135,38669,1630,,,,,deschis,asteptare
15136,38670,1977,2059,,,,privat,programat
15137,38671,1,1096,,,,privat,programat
15138,38674,1810,1502,,,,privat,programat
15139,38676,861,1034,,,,privat,programat
15140,38678,2097,1211,,,,deschis,programat
15141,38680,2498,1523,,,,privat,programat
15142,38682,618,1990,,,,privat,programat
15143,38684,1794,1786,,,,privat,programat
15144,38686,2186,218,,,,deschis,programat
15145,38690,1226,2483,,,,deschis,programat
15146,38691,558,,,,,deschis,asteptare
15147,38698,1433,2291,,,,privat,programat
15148,38700,603,1647,,,,privat,programat
15149,38701,1584,,,,,deschis,asteptare
15150,38702,614,1163,,,,privat,programat
15151,38705,1126,2250,,,,deschis,programat
15152,38706,1267,810,,,,privat,programat
15153,38707,127,142,,,,privat,programat
15154,38708,1460,2402,,,,privat,programat
15155,38709,1078,2287,,,,privat,programat
15156,38710,1619,2345,,,,privat,programat
15157,38711,1419,1086,,,,privat,programat
15158,38713,2003,810,,,,privat,programat
15159,38716,117,,,,,deschis,asteptare
15160,38719,1218,,,,,deschis,asteptare
15161,38721,1795,,,,,deschis,asteptare
15162,38722,2017,1655,,,,deschis,programat
15163,38724,1069,1041,,,,privat,programat
15164,38725,126,430,,,,privat,programat
15165,38728,397,955,,,,privat,programat
15166,38729,2292,1630,,,,privat,programat
15167,38730,2305,453,,,,privat,programat
15168,38731,889,1262,,,,deschis,programat
15169,38733,2008,557,,,,privat,programat
15170,38735,41,1185,,,,privat,programat
15171,38736,1610,193,,,,deschis,programat
15172,38739,745,,,,,deschis,asteptare
15173,38740,1539,1547,,,,deschis,programat
15174,38743,498,245,,,,privat,programat
15175,38746,404,2269,,,,privat,programat
15176,38747,1974,2394,,,,privat,programat
15177,38750,1373,95,,,,privat,programat
15178,38752,35,233,,,,privat,programat
15179,38753,2257,1427,,,,privat,programat
15180,38755,1411,396,,,,privat,programat
15181,38758,2093,198,,,,deschis,programat
15182,38759,1153,1062,,,,deschis,programat
15183,38760,1836,688,,,,privat,programat
15184,38762,1729,255,,,,privat,programat
15185,38763,959,2252,,,,deschis,programat
15186,38766,1174,1141,,,,privat,programat
15187,38767,805,344,,,,privat,programat
15188,38768,541,1847,,,,deschis,programat
15189,38772,1935,900,,,,deschis,programat
15190,38774,749,1835,,,,privat,programat
15191,38775,1223,273,,,,privat,programat
15192,38776,2338,872,,,,privat,programat
15193,38777,2119,1337,,,,deschis,programat
15194,38782,450,1171,,,,deschis,programat
15195,38783,536,1859,,,,privat,programat
15196,38784,464,1821,,,,deschis,programat
15197,38785,1903,1669,,,,privat,programat
15198,38788,1338,676,,,,privat,programat
15199,38790,2433,1369,,,,privat,programat
15200,38791,1932,239,,,,privat,programat
15201,38792,1987,1051,,,,deschis,programat
15202,38793,300,1485,,,,privat,programat
15203,38798,317,1480,,,,privat,programat
15204,38799,2052,238,,,,privat,programat
15205,38800,1607,181,,,,privat,programat
15206,38803,15,175,,,,deschis,programat
15207,38804,639,914,,,,deschis,programat
15208,38805,1861,99,,,,privat,programat
15209,38807,902,985,,,,deschis,programat
15210,38815,905,2497,,,,privat,programat
15211,38816,2219,1641,,,,privat,programat
15212,38817,2108,424,,,,privat,programat
15213,38818,276,1956,,,,privat,programat
15214,38821,1584,980,,,,privat,programat
15215,38823,1155,1485,,,,privat,programat
15216,38824,7,1520,,,,privat,programat
15217,38825,1929,,,,,deschis,asteptare
15218,38826,2307,23,,,,privat,programat
15219,38827,640,271,,,,deschis,programat
15220,38828,1941,1561,,,,deschis,programat
15221,38831,608,278,,,,privat,programat
15222,38835,2052,2385,,,,privat,programat
15223,38836,1936,1820,,,,deschis,programat
15224,38839,900,2399,,,,privat,programat
15225,38840,404,1873,,,,privat,programat
15226,38842,286,1350,,,,privat,programat
15227,38843,540,880,,,,privat,programat
15228,38845,1856,1652,,,,privat,programat
15229,38846,1173,1652,,,,privat,programat
15230,38847,630,2180,,,,deschis,programat
15231,38848,144,408,,,,deschis,programat
15232,38860,1299,1347,,,,privat,programat
15233,38862,1459,1266,,,,privat,programat
15234,38863,243,2398,,,,privat,programat
15235,38864,1560,,,,,deschis,asteptare
15236,38865,1226,731,,,,privat,programat
15237,38866,820,1112,,,,privat,programat
15238,38867,1607,1349,,,,privat,programat
15239,38868,1265,2078,,,,privat,programat
15240,38869,1250,1384,,,,privat,programat
15241,38870,771,757,,,,privat,programat
15242,38871,14,2042,,,,privat,programat
15243,38874,1570,785,,,,privat,programat
15244,38875,2157,739,,,,deschis,programat
15245,38877,143,,,,,deschis,asteptare
15246,38881,1946,883,,,,privat,programat
15247,38884,1193,1844,,,,privat,programat
15248,38886,32,21,,,,privat,programat
15249,38887,705,2141,,,,privat,programat
15250,38889,1987,1218,,,,privat,programat
15251,38890,861,,,,,deschis,asteptare
15252,38891,373,591,,,,deschis,programat
15253,38892,1230,2281,,,,privat,programat
15254,38895,1721,1929,,,,deschis,programat
15255,38897,218,115,,,,privat,programat
15256,38898,851,1519,,,,privat,programat
15257,38901,2064,,,,,deschis,asteptare
15258,38902,1112,,,,,deschis,asteptare
15259,38908,2221,2300,,,,deschis,programat
15260,38909,1665,,,,,deschis,asteptare
15261,38910,1157,,,,,deschis,asteptare
15262,38913,993,1374,,,,privat,programat
15263,38918,2154,2424,,,,privat,programat
15264,38920,1408,,,,,deschis,asteptare
15265,38928,2470,227,,,,privat,programat
15266,38932,1932,1520,,,,privat,programat
15267,38933,585,2474,,,,deschis,programat
15268,38936,2326,1703,,,,privat,programat
15269,38937,2117,1314,,,,deschis,programat
15270,38938,1525,2421,,,,privat,programat
15271,38939,1441,850,,,,privat,programat
15272,38940,1408,1145,,,,privat,programat
15273,38941,1506,1772,,,,privat,programat
15274,38942,787,1261,,,,privat,programat
15275,38954,2305,,,,,deschis,asteptare
15276,38957,894,135,,,,deschis,programat
15277,38958,266,738,,,,privat,programat
15278,38962,1356,1954,,,,privat,programat
15279,38963,1814,,,,,deschis,asteptare
15280,38967,1399,2238,,,,privat,programat
15281,38968,1610,1442,,,,privat,programat
15282,38969,2151,2367,,,,privat,programat
15283,38974,427,,,,,deschis,asteptare
15284,38981,608,1622,,,,deschis,programat
15285,38985,491,2031,,,,privat,programat
15286,38990,1602,329,,,,privat,programat
15287,38991,117,200,,,,privat,programat
15288,38992,1693,299,,,,privat,programat
15289,38994,1804,653,,,,privat,programat
15290,38997,2046,806,,,,privat,programat
15291,39000,2442,1181,,,,privat,programat
15292,39002,2111,817,,,,deschis,programat
15293,39003,572,1506,,,,deschis,programat
15294,39004,1153,2212,,,,deschis,programat
15295,39005,722,1278,,,,privat,programat
15296,39011,2356,,,,,deschis,asteptare
15297,39016,1480,778,,,,privat,programat
15298,39020,2149,1661,,,,privat,programat
15299,39021,1712,1881,,,,privat,programat
15300,39028,499,640,,,,privat,programat
15301,39029,1102,1721,,,,deschis,programat
15302,39030,1399,1548,,,,privat,programat
15303,39033,1011,743,,,,privat,programat
15304,39037,1435,2318,,,,deschis,programat
15305,39039,1807,2332,,,,privat,programat
15306,39041,697,1559,,,,privat,programat
15307,39044,607,2086,,,,privat,programat
15308,39045,197,1875,,,,deschis,programat
15309,39050,1756,1320,,,,privat,programat
15310,39051,1991,1822,,,,deschis,programat
15311,39052,1411,2348,,,,privat,programat
15312,39055,1868,1623,,,,privat,programat
15313,39059,1737,125,,,,privat,programat
15314,39060,488,1567,,,,privat,programat
15315,39062,464,2341,,,,deschis,programat
15316,39065,690,2473,,,,privat,programat
15317,39066,2099,2023,,,,privat,programat
15318,39069,1474,,,,,deschis,asteptare
15319,39071,1563,2415,,,,privat,programat
15320,39074,2172,2403,,,,privat,programat
15321,39077,450,572,,,,privat,programat
15322,39078,2490,1803,,,,privat,programat
15323,39086,185,2238,,,,privat,programat
15324,39087,1669,,,,,deschis,asteptare
15325,39091,671,2369,,,,privat,programat
15326,39093,451,737,,,,privat,programat
15327,39096,615,2098,,,,deschis,programat
15328,39097,558,117,,,,deschis,programat
15329,39098,2067,734,,,,privat,programat
15330,39099,299,1746,,,,privat,programat
15331,39101,1504,848,,,,privat,programat
15332,39102,2405,697,,,,privat,programat
15333,39103,1935,1133,,,,privat,programat
15334,39109,1061,2160,,,,deschis,programat
15335,39110,153,2071,,,,privat,programat
15336,39111,1789,1365,,,,deschis,programat
15337,39115,1953,2118,,,,privat,programat
15338,39119,1947,1816,,,,deschis,programat
15339,39120,1944,1977,,,,deschis,programat
15340,39121,494,1794,,,,privat,programat
15341,39122,790,1772,,,,deschis,programat
15342,39125,1254,456,,,,privat,programat
15343,39126,2386,433,,,,deschis,programat
15344,39127,1957,,,,,deschis,asteptare
15345,39128,393,1540,,,,privat,programat
15346,39129,1172,651,,,,privat,programat
15347,39131,1399,1230,,,,privat,programat
15348,39132,1646,2116,,,,privat,programat
15349,39134,959,1174,,,,privat,programat
15350,39136,499,2206,,,,privat,programat
15351,39137,1183,573,,,,deschis,programat
15352,39141,25,1813,,,,privat,programat
15353,39142,2344,,,,,deschis,asteptare
15354,39143,129,723,,,,privat,programat
15355,39149,1097,1402,,,,privat,programat
15356,39150,1578,1345,,,,privat,programat
15357,39156,961,1004,,,,privat,programat
15358,39159,2391,1437,,,,privat,programat
15359,39161,387,1672,,,,privat,programat
15360,39163,1805,2475,,,,privat,programat
15361,39165,1279,1087,,,,privat,programat
15362,39167,1260,667,,,,privat,programat
15363,39176,1240,1310,,,,deschis,programat
15364,39177,2235,2220,,,,deschis,programat
15365,39178,2300,1625,,,,privat,programat
15366,39179,2025,426,,,,privat,programat
15367,39181,2080,1180,,,,privat,programat
15368,39182,1372,,,,,deschis,asteptare
15369,39184,2293,1357,,,,deschis,programat
15370,39186,1620,304,,,,privat,programat
15371,39189,751,485,,,,privat,programat
15372,39194,676,518,,,,privat,programat
15373,39195,1029,1082,,,,deschis,programat
15374,39196,846,2169,,,,privat,programat
15375,39197,2496,1810,,,,privat,programat
15376,39198,1760,196,,,,deschis,programat
15377,39199,90,1017,,,,privat,programat
15378,39201,2063,,,,,deschis,asteptare
15379,39202,1969,368,,,,privat,programat
15380,39205,2137,74,,,,privat,programat
15381,39206,1825,1375,,,,privat,programat
15382,39213,2027,706,,,,privat,programat
15383,39214,2437,2140,,,,deschis,programat
15384,39215,2493,960,,,,privat,programat
15385,39216,1489,1771,,,,privat,programat
15386,39218,1365,2142,,,,deschis,programat
15387,39219,633,,,,,deschis,asteptare
15388,39221,2358,374,,,,privat,programat
15389,39224,409,1712,,,,deschis,programat
15390,39225,2111,1844,,,,deschis,programat
15391,39228,1059,1308,,,,privat,programat
15392,39229,1074,,,,,deschis,asteptare
15393,39230,952,279,,,,privat,programat
15394,39231,1261,1506,,,,privat,programat
15395,39232,952,2228,,,,deschis,programat
15396,39235,916,2222,,,,privat,programat
15397,39237,464,2462,,,,privat,programat
15398,39240,1795,2116,,,,deschis,programat
15399,39243,1810,518,,,,privat,programat
15400,39244,2311,720,,,,deschis,programat
15401,39245,458,2311,,,,privat,programat
15402,39246,263,836,,,,privat,programat
15403,39257,2453,329,,,,privat,programat
15404,39268,1836,2195,,,,privat,programat
15405,39274,537,2317,,,,privat,programat
15406,39281,195,1113,,,,privat,programat
15407,39285,1495,2307,,,,privat,programat
15408,39286,2369,,,,,deschis,asteptare
15409,39290,1132,,,,,deschis,asteptare
15410,39291,936,1413,,,,privat,programat
15411,39292,2404,873,,,,privat,programat
15412,39295,2487,127,,,,privat,programat
15413,39296,2164,,,,,deschis,asteptare
15414,39298,163,503,,,,privat,programat
15415,39302,422,2045,,,,privat,programat
15416,39303,1336,,,,,deschis,asteptare
15417,39304,1339,1883,,,,privat,programat
15418,39305,1372,270,,,,privat,programat
15419,39306,462,1856,,,,privat,programat
15420,39308,1489,,,,,deschis,asteptare
15421,39313,1028,2447,,,,privat,programat
15422,39314,2095,119,,,,privat,programat
15423,39320,2382,555,,,,privat,programat
15424,39323,894,1793,,,,privat,programat
15425,39324,2369,451,,,,deschis,programat
15426,39325,1485,1367,,,,deschis,programat
15427,39331,1353,2433,,,,privat,programat
15428,39332,1710,56,,,,privat,programat
15429,39333,615,1573,,,,privat,programat
15430,39336,1539,1349,,,,privat,programat
15431,39337,1820,317,,,,privat,programat
15432,39338,1531,1380,,,,deschis,programat
15433,39340,1668,407,,,,privat,programat
15434,39346,1350,283,,,,privat,programat
15435,39349,84,1871,,,,privat,programat
15436,39350,2469,2158,,,,privat,programat
15437,39351,598,2401,,,,deschis,programat
15438,39352,1714,598,,,,privat,programat
15439,39355,401,167,,,,privat,programat
15440,39357,950,136,,,,privat,programat
15441,39358,1208,402,,,,privat,programat
15442,39360,2492,2163,,,,privat,programat
15443,39361,1080,425,,,,privat,programat
15444,39367,1944,446,,,,deschis,programat
15445,39369,316,815,,,,privat,programat
15446,39370,136,209,,,,privat,programat
15447,39372,1468,,,,,deschis,asteptare
15448,39374,2150,1583,,,,deschis,programat
15449,39378,2003,454,,,,privat,programat
15450,39382,2093,302,,,,deschis,programat
15451,39383,1591,1642,,,,privat,programat
15452,39387,79,,,,,deschis,asteptare
15453,39389,2201,1114,,,,deschis,programat
15454,39390,1365,719,,,,privat,programat
15455,39391,396,1953,,,,privat,programat
15456,39393,1155,1919,,,,privat,programat
15457,39396,1287,640,,,,privat,programat
15458,39397,1008,755,,,,privat,programat
15459,39401,1758,299,,,,deschis,programat
15460,39402,1684,590,,,,privat,programat
15461,39404,2086,1748,,,,privat,programat
15462,39409,556,,,,,deschis,asteptare
15463,39413,2078,2409,,,,privat,programat
15464,39415,698,1653,,,,privat,programat
15465,39418,97,166,,,,deschis,programat
15466,39419,664,619,,,,privat,programat
15467,39423,550,,,,,deschis,asteptare
15468,39425,1723,2457,,,,deschis,programat
15469,39426,2231,185,,,,privat,programat
15470,39427,2457,132,,,,privat,programat
15471,39429,2462,187,,,,privat,programat
15472,39430,2467,,,,,deschis,asteptare
15473,39432,2008,1998,,,,privat,programat
15474,39433,2125,1837,,,,privat,programat
15475,39435,1547,1539,,,,privat,programat
15476,39437,1005,2333,,,,privat,programat
15477,39438,1997,937,,,,privat,programat
15478,39439,1420,660,,,,privat,programat
15479,39444,2147,1630,,,,privat,programat
15480,39448,1810,2496,,,,privat,programat
15481,39450,257,737,,,,deschis,programat
15482,39452,1907,1902,,,,privat,programat
15483,39453,161,2354,,,,privat,programat
15484,39456,1967,1527,,,,privat,programat
15485,39458,603,,,,,deschis,asteptare
15486,39459,366,1455,,,,privat,programat
15487,39462,1284,814,,,,privat,programat
15488,39467,1129,883,,,,privat,programat
15489,39468,633,1503,,,,privat,programat
15490,39474,1538,1487,,,,privat,programat
15491,39475,138,1435,,,,privat,programat
15492,39476,713,298,,,,privat,programat
15493,39477,1628,,,,,deschis,asteptare
15494,39479,1349,1013,,,,privat,programat
15495,39480,2042,357,,,,privat,programat
15496,39483,2037,1804,,,,deschis,programat
15497,39484,1692,1654,,,,privat,programat
15498,39488,815,,,,,deschis,asteptare
15499,39489,1059,396,,,,privat,programat
15500,39490,1944,450,,,,deschis,programat
15501,39498,1011,2243,,,,deschis,programat
15502,39500,1369,,,,,deschis,asteptare
15503,39501,174,1821,,,,deschis,programat
15504,39503,1488,301,,,,deschis,programat
15505,39505,1011,,,,,deschis,asteptare
15506,39506,2116,1319,,,,privat,programat
15507,39507,2260,743,,,,deschis,programat
15508,39510,1482,447,,,,deschis,programat
15509,39512,926,1882,,,,privat,programat
15510,39513,1519,2013,,,,privat,programat
15511,39515,873,2013,,,,privat,programat
15512,39516,1005,1053,,,,deschis,programat
15513,39519,1323,2409,,,,privat,programat
15514,39521,626,1583,,,,deschis,programat
15515,39524,647,2381,,,,deschis,programat
15516,39525,1048,2102,,,,deschis,programat
15517,39527,1144,614,,,,privat,programat
15518,39528,664,1937,,,,privat,programat
15519,39529,1592,1129,,,,privat,programat
15520,39530,184,2317,,,,deschis,programat
15521,39531,1024,93,,,,privat,programat
15522,39532,1811,2233,,,,privat,programat
15523,39534,1735,2357,,,,privat,programat
15524,39535,837,718,,,,privat,programat
15525,39541,127,1927,,,,deschis,programat
15526,39542,38,2183,,,,privat,programat
15527,39546,1056,1020,,,,privat,programat
15528,39549,1685,1426,,,,privat,programat
15529,39551,2347,1362,,,,privat,programat
15530,39552,289,1764,,,,privat,programat
15531,39553,221,789,,,,privat,programat
15532,39554,563,1149,,,,privat,programat
15533,39556,790,1,,,,privat,programat
15534,39559,529,1198,,,,privat,programat
15535,39560,1776,276,,,,privat,programat
15536,39561,1763,1417,,,,privat,programat
15537,39563,1269,819,,,,privat,programat
15538,39565,2465,1953,,,,privat,programat
15539,39571,910,905,,,,deschis,programat
15540,39578,1522,493,,,,deschis,programat
15541,39581,319,398,,,,deschis,programat
15542,39583,1760,,,,,deschis,asteptare
15543,39586,1401,1793,,,,privat,programat
15544,39587,957,2070,,,,privat,programat
15545,39588,2249,23,,,,privat,programat
15546,39589,2065,1381,,,,deschis,programat
15547,39590,832,1515,,,,deschis,programat
15548,39591,723,1587,,,,privat,programat
15549,39594,1985,1727,,,,privat,programat
15550,39597,1557,,,,,deschis,asteptare
15551,39598,1196,2391,,,,privat,programat
15552,39600,986,405,,,,deschis,programat
15553,39601,1217,1177,,,,deschis,programat
15554,39606,110,1077,,,,privat,programat
15555,39607,522,1525,,,,deschis,programat
15556,39608,254,,,,,deschis,asteptare
15557,39609,1092,2416,,,,deschis,programat
15558,39610,1823,1827,,,,privat,programat
15559,39611,919,2160,,,,privat,programat
15560,39612,1532,788,,,,deschis,programat
15561,39613,1083,246,,,,privat,programat
15562,39614,1408,2188,,,,privat,programat
15563,39616,2406,2444,,,,privat,programat
15564,39619,1799,131,,,,deschis,programat
15565,39624,1497,2327,,,,privat,programat
15566,39626,360,1011,,,,privat,programat
15567,39632,2260,7,,,,privat,programat
15568,39636,1400,383,,,,deschis,programat
15569,39640,618,1112,,,,privat,programat
15570,39641,1828,558,,,,privat,programat
15571,39645,1529,1272,,,,privat,programat
15572,39649,1917,1255,,,,deschis,programat
15573,39650,941,1315,,,,privat,programat
15574,39653,1827,1832,,,,privat,programat
15575,39657,463,,,,,deschis,asteptare
15576,39661,619,1397,,,,privat,programat
15577,39664,1045,2214,,,,privat,programat
15578,39665,119,648,,,,privat,programat
15579,39669,1593,,,,,deschis,asteptare
15580,39670,1947,980,,,,deschis,programat
15581,39673,1497,,,,,deschis,asteptare
15582,39679,1721,2087,,,,privat,programat
15583,39680,1669,465,,,,deschis,programat
15584,39682,713,2185,,,,privat,programat
15585,39683,1922,240,,,,deschis,programat
15586,39695,1168,775,,,,privat,programat
15587,39696,1047,2126,,,,privat,programat
15588,39697,1490,261,,,,privat,programat
15589,39699,485,1592,,,,privat,programat
15590,39704,2118,408,,,,privat,programat
15591,39711,2206,278,,,,privat,programat
15592,39714,1370,901,,,,privat,programat
15593,39716,1394,1813,,,,privat,programat
15594,39720,1179,958,,,,privat,programat
15595,39724,1820,,,,,deschis,asteptare
15596,39725,2452,637,,,,privat,programat
15597,39732,583,1703,,,,privat,programat
15598,39738,2285,378,,,,privat,programat
15599,39747,1644,231,,,,privat,programat
15600,39748,517,320,,,,deschis,programat
15601,39750,2292,96,,,,deschis,programat
15602,39754,2225,1163,,,,deschis,programat
15603,39756,631,432,,,,deschis,programat
15604,39757,184,1341,,,,privat,programat
15605,39758,518,1430,,,,deschis,programat
15606,39759,1102,,,,,deschis,asteptare
15607,39762,1799,1488,,,,privat,programat
15608,39765,1729,2311,,,,privat,programat
15609,39767,1159,1853,,,,deschis,programat
15610,39772,1828,175,,,,privat,programat
15611,39773,2152,1513,,,,privat,programat
15612,39774,1480,,,,,deschis,asteptare
15613,39778,244,1927,,,,privat,programat
15614,39779,2232,99,,,,privat,programat
15615,39780,377,411,,,,privat,programat
15616,39781,332,691,,,,privat,programat
15617,39783,273,1759,,,,deschis,programat
15618,39785,644,369,,,,privat,programat
15619,39788,1308,287,,,,privat,programat
15620,39789,1142,485,,,,privat,programat
15621,39790,184,1269,,,,deschis,programat
15622,39792,1869,2145,,,,privat,programat
15623,39793,867,,,,,deschis,asteptare
15624,39794,712,2263,,,,privat,programat
15625,39796,119,751,,,,privat,programat
15626,39797,633,,,,,deschis,asteptare
15627,39800,2024,630,,,,privat,programat
15628,39801,184,2420,,,,deschis,programat
15629,39802,1279,1366,,,,privat,programat
15630,39806,377,1330,,,,privat,programat
15631,39818,1096,1219,,,,privat,programat
15632,39821,348,174,,,,privat,programat
15633,39822,1253,1391,,,,privat,programat
15634,39824,532,1574,,,,privat,programat
15635,39825,503,36,,,,privat,programat
15636,39827,1806,1601,,,,deschis,programat
15637,39828,2304,630,,,,privat,programat
15638,39830,2092,2039,,,,privat,programat
15639,39831,1442,1998,,,,privat,programat
15640,39832,1675,620,,,,privat,programat
15641,39836,1376,1599,,,,privat,programat
15642,39838,637,2487,,,,deschis,programat
15643,39840,863,,,,,deschis,asteptare
15644,39841,623,1281,,,,privat,programat
15645,39843,435,,,,,deschis,asteptare
15646,39844,1489,1850,,,,privat,programat
15647,39847,384,1059,,,,privat,programat
15648,39851,261,1753,,,,deschis,programat
15649,39855,930,360,,,,deschis,programat
15650,39857,1777,,,,,deschis,asteptare
15651,39861,2291,449,,,,deschis,programat
15652,39862,1013,1969,,,,privat,programat
15653,39864,804,1898,,,,privat,programat
15654,39867,2267,,,,,deschis,asteptare
15655,39868,2299,2447,,,,privat,programat
15656,39872,828,1074,,,,privat,programat
15657,39873,916,759,,,,privat,programat
15658,39881,249,2091,,,,privat,programat
15659,39882,1884,1117,,,,privat,programat
15660,39883,1557,1628,,,,deschis,programat
15661,39886,67,1329,,,,deschis,programat
15662,39887,588,172,,,,deschis,programat
15663,39888,2426,1966,,,,deschis,programat
15664,39890,435,1665,,,,privat,programat
15665,39892,586,,,,,deschis,asteptare
15666,39893,872,2461,,,,privat,programat
15667,39894,2142,790,,,,privat,programat
15668,39896,126,430,,,,privat,programat
15669,39897,883,835,,,,deschis,programat
15670,39898,538,,,,,deschis,asteptare
15671,39899,2006,910,,,,deschis,programat
15672,39902,1113,2433,,,,privat,programat
15673,39906,1925,737,,,,privat,programat
15674,39908,2343,1400,,,,privat,programat
15675,39911,2129,1547,,,,privat,programat
15676,39912,258,1796,,,,privat,programat
15677,39914,1994,2332,,,,privat,programat
15678,39918,162,2113,,,,privat,programat
15679,39920,2304,787,,,,privat,programat
15680,39923,807,144,,,,privat,programat
15681,39924,106,529,,,,privat,programat
15682,39926,1620,2093,,,,privat,programat
15683,39927,836,1775,,,,privat,programat
15684,39929,1178,263,,,,privat,programat
15685,39932,1941,,,,,deschis,asteptare
15686,39937,387,474,,,,privat,programat
15687,39939,1310,920,,,,privat,programat
15688,39942,1859,1219,,,,privat,programat
15689,39945,1789,2141,,,,deschis,programat
15690,39947,1408,1308,,,,deschis,programat
15691,39948,1193,2389,,,,privat,programat
15692,39949,837,1723,,,,privat,programat
15693,39951,2329,671,,,,deschis,programat
15694,39952,7,1230,,,,privat,programat
15695,39955,255,2457,,,,privat,programat
15696,39959,1548,992,,,,deschis,programat
15697,39963,770,1743,,,,privat,programat
15698,39964,1587,1120,,,,privat,programat
15699,39967,1243,994,,,,deschis,programat
15700,39969,1750,65,,,,privat,programat
15701,39970,1396,,,,,deschis,asteptare
15702,39972,932,2257,,,,privat,programat
15703,39975,1072,96,,,,privat,programat
15704,39978,2427,2039,,,,deschis,programat
15705,39979,1687,1678,,,,privat,programat
15706,39982,348,1731,,,,privat,programat
15707,39983,521,2432,,,,privat,programat
15708,39988,37,1669,,,,privat,programat
15709,39990,1973,2005,,,,privat,programat
15710,39991,511,318,,,,privat,programat
15711,39992,1708,2058,,,,privat,programat
15712,39994,1727,1918,,,,deschis,programat
15713,39996,510,581,,,,deschis,programat
15714,39997,1758,2067,,,,deschis,programat
15715,39998,452,2326,,,,privat,programat
15716,40002,1906,16,,,,privat,programat
15717,40003,337,703,,,,deschis,programat
15718,40008,2470,229,,,,deschis,programat
15719,40013,1477,209,,,,privat,programat
15720,40017,454,185,,,,privat,programat
15721,40019,23,1710,,,,deschis,programat
15722,40022,1502,1421,,,,privat,programat
15723,40025,2376,527,,,,privat,programat
15724,40026,2099,2364,,,,privat,programat
15725,40035,2166,897,,,,privat,programat
15726,40036,2282,625,,,,privat,programat
15727,40038,1630,412,,,,privat,programat
15728,40039,1965,705,,,,deschis,programat
15729,40044,2206,836,,,,privat,programat
15730,40045,2116,2010,,,,deschis,programat
15731,40047,464,393,,,,privat,programat
15732,40049,656,,,,,deschis,asteptare
15733,40050,687,483,,,,privat,programat
15734,40052,251,405,,,,deschis,programat
15735,40056,1272,1805,,,,deschis,programat
15736,40059,1819,1258,,,,deschis,programat
15737,40060,2134,186,,,,privat,programat
15738,40065,106,1524,,,,privat,programat
15739,40067,722,711,,,,privat,programat
15740,40068,1022,309,,,,privat,programat
15741,40069,1411,1881,,,,deschis,programat
15742,40072,794,718,,,,privat,programat
15743,40082,558,638,,,,privat,programat
15744,40083,2152,914,,,,privat,programat
15745,40084,1005,250,,,,privat,programat
15746,40086,875,1470,,,,privat,programat
15747,40087,1481,2102,,,,privat,programat
15748,40089,2463,2219,,,,deschis,programat
15749,40092,2228,2348,,,,privat,programat
15750,40095,1977,1733,,,,deschis,programat
15751,40099,808,1233,,,,privat,programat
15752,40102,2457,1616,,,,privat,programat
15753,40104,568,2151,,,,deschis,programat
15754,40105,1192,2067,,,,privat,programat
15755,40106,1758,,,,,deschis,asteptare
15756,40107,2052,1360,,,,privat,programat
15757,40108,748,148,,,,privat,programat
15758,40111,1407,2140,,,,privat,programat
15759,40112,1600,567,,,,privat,programat
15760,40115,1027,1146,,,,privat,programat
15761,40116,1059,1776,,,,privat,programat
15762,40120,1660,395,,,,deschis,programat
15763,40121,838,320,,,,privat,programat
15764,40126,529,2214,,,,privat,programat
15765,40127,1947,1754,,,,privat,programat
15766,40131,940,,,,,deschis,asteptare
15767,40133,1114,1032,,,,privat,programat
15768,40135,540,294,,,,privat,programat
15769,40136,2426,385,,,,deschis,programat
15770,40137,287,,,,,deschis,asteptare
15771,40139,1200,1280,,,,privat,programat
15772,40140,408,1991,,,,privat,programat
15773,40141,2325,2228,,,,deschis,programat
15774,40142,957,,,,,deschis,asteptare
15775,40144,638,,,,,deschis,asteptare
15776,40147,1210,2446,,,,deschis,programat
15777,40148,1290,28,,,,privat,programat
15778,40149,1057,,,,,deschis,asteptare
15779,40153,1639,443,,,,privat,programat
15780,40155,650,1318,,,,privat,programat
15781,40156,132,1179,,,,deschis,programat
15782,40161,1370,342,,,,deschis,programat
15783,40164,1002,1129,,,,deschis,programat
15784,40165,1595,2444,,,,privat,programat
15785,40166,227,1321,,,,privat,programat
15786,40168,1986,2436,,,,privat,programat
15787,40170,1795,217,,,,privat,programat
15788,40171,1775,1015,,,,privat,programat
15789,40172,1266,970,,,,privat,programat
15790,40174,820,1444,,,,deschis,programat
15791,40175,739,785,,,,deschis,programat
15792,40180,451,889,,,,privat,programat
15793,40184,991,,,,,deschis,asteptare
15794,40185,1840,2326,,,,privat,programat
15795,40187,157,506,,,,privat,programat
15796,40188,480,2317,,,,privat,programat
15797,40189,2477,288,,,,privat,programat
15798,40190,816,,,,,deschis,asteptare
15799,40192,614,1870,,,,privat,programat
15800,40195,675,,,,,deschis,asteptare
15801,40198,809,2399,,,,privat,programat
15802,40202,2465,1944,,,,privat,programat
15803,40203,396,1138,,,,privat,programat
15804,40204,1696,1937,,,,privat,programat
15805,40212,1502,174,,,,privat,programat
15806,40213,2250,2041,,,,privat,programat
15807,40215,2449,2435,,,,privat,programat
15808,40220,784,2414,,,,privat,programat
15809,40222,2282,874,,,,privat,programat
15810,40223,1824,324,,,,privat,programat
15811,40226,1651,664,,,,deschis,programat
15812,40227,1261,572,,,,privat,programat
15813,40229,2342,500,,,,deschis,programat
15814,40230,2111,633,,,,privat,programat
15815,40233,1721,451,,,,privat,programat
15816,40235,957,,,,,deschis,asteptare
15817,40236,1191,2498,,,,privat,programat
15818,40240,734,2078,,,,privat,programat
15819,40243,850,2174,,,,privat,programat
15820,40245,477,1058,,,,privat,programat
15821,40247,1946,1526,,,,privat,programat
15822,40248,1219,482,,,,privat,programat
15823,40249,1678,1456,,,,privat,programat
15824,40250,1584,1644,,,,deschis,programat
15825,40252,1696,1365,,,,deschis,programat
15826,40253,1773,2055,,,,privat,programat
15827,40257,2387,2341,,,,deschis,programat
15828,40259,131,1520,,,,privat,programat
15829,40263,2243,360,,,,deschis,programat
15830,40268,578,127,,,,privat,programat
15831,40276,2123,1911,,,,privat,programat
15832,40278,2471,456,,,,deschis,programat
15833,40279,494,1095,,,,privat,programat
15834,40286,1941,2268,,,,privat,programat
15835,40287,1735,49,,,,deschis,programat
15836,40288,1502,2041,,,,deschis,programat
15837,40290,1172,718,,,,privat,programat
15838,40292,869,1201,,,,deschis,programat
15839,40293,1499,1044,,,,privat,programat
15840,40296,2411,1384,,,,privat,programat
15841,40298,1200,,,,,deschis,asteptare
15842,40299,2220,283,,,,privat,programat
15843,40303,1506,1365,,,,privat,programat
15844,40309,132,1929,,,,privat,programat
15845,40314,1845,2253,,,,privat,programat
15846,40317,2052,1746,,,,privat,programat
15847,40318,1746,329,,,,deschis,programat
15848,40324,72,1704,,,,privat,programat
15849,40326,1405,1147,,,,privat,programat
15850,40327,1294,563,,,,privat,programat
15851,40329,819,2039,,,,privat,programat
15852,40330,166,1816,,,,privat,programat
15853,40332,1696,316,,,,privat,programat
15854,40335,31,1232,,,,privat,programat
15855,40336,861,671,,,,privat,programat
15856,40338,264,518,,,,privat,programat
15857,40339,453,499,,,,privat,programat
15858,40341,2275,1981,,,,privat,programat
15859,40350,1842,404,,,,privat,programat
15860,40355,1054,1209,,,,privat,programat
15861,40358,790,,,,,deschis,asteptare
15862,40359,136,1584,,,,deschis,programat
15863,40360,1269,1772,,,,privat,programat
15864,40362,1987,1218,,,,privat,programat
15865,40363,203,1429,,,,privat,programat
15866,40365,15,1828,,,,privat,programat
15867,40366,659,1006,,,,privat,programat
15868,40370,2421,,,,,deschis,asteptare
15869,40371,2279,826,,,,privat,programat
15870,40373,96,1944,,,,privat,programat
15871,40375,1451,804,,,,privat,programat
15872,40377,91,1219,,,,privat,programat
15873,40378,1198,409,,,,privat,programat
15874,40379,1381,2033,,,,privat,programat
15875,40380,860,1661,,,,deschis,programat
15876,40382,793,1600,,,,deschis,programat
15877,40383,2427,,,,,deschis,asteptare
15878,40387,458,2260,,,,privat,programat
15879,40389,1708,2258,,,,deschis,programat
15880,40390,101,2110,,,,privat,programat
15881,40393,2037,1732,,,,privat,programat
15882,40397,1759,1465,,,,privat,programat
15883,40398,1059,2219,,,,privat,programat
15884,40399,1361,517,,,,privat,programat
15885,40400,25,464,,,,deschis,programat
15886,40403,877,778,,,,privat,programat
15887,40406,1095,2228,,,,privat,programat
15888,40412,902,2439,,,,privat,programat
15889,40421,2056,,,,,deschis,asteptare
15890,40424,2188,1072,,,,privat,programat
15891,40425,446,711,,,,deschis,programat
15892,40426,1795,1093,,,,privat,programat
15893,40427,1011,1461,,,,deschis,programat
15894,40428,557,1113,,,,privat,programat
15895,40430,2473,1923,,,,privat,programat
15896,40432,553,344,,,,privat,programat
15897,40434,2411,141,,,,privat,programat
15898,40436,639,674,,,,deschis,programat
15899,40437,1384,2264,,,,deschis,programat
15900,40438,382,1614,,,,privat,programat
15901,40446,1773,1046,,,,privat,programat
15902,40450,1986,575,,,,deschis,programat
15903,40452,2093,1991,,,,privat,programat
15904,40454,1141,518,,,,deschis,programat
15905,40456,1610,2322,,,,privat,programat
15906,40457,1548,2430,,,,privat,programat
15907,40461,1158,,,,,deschis,asteptare
15908,40462,1621,854,,,,privat,programat
15909,40463,510,1926,,,,privat,programat
15910,40465,1249,2328,,,,deschis,programat
15911,40466,1083,1431,,,,deschis,programat
15912,40471,1663,1595,,,,privat,programat
15913,40472,1595,2180,,,,privat,programat
15914,40476,802,1462,,,,privat,programat
15915,40477,1043,2222,,,,privat,programat
15916,40479,62,1688,,,,privat,programat
15917,40481,1367,1029,,,,deschis,programat
15918,40482,1017,342,,,,privat,programat
15919,40483,2015,1580,,,,privat,programat
15920,40484,194,1509,,,,privat,programat
15921,40485,262,,,,,deschis,asteptare
15922,40486,1091,,,,,deschis,asteptare
15923,40488,559,,,,,deschis,asteptare
15924,40489,697,934,,,,privat,programat
15925,40491,2223,2399,,,,privat,programat
15926,40492,332,1386,,,,privat,programat
15927,40498,1405,1501,,,,privat,programat
15928,40499,1564,166,,,,privat,programat
15929,40504,316,555,,,,deschis,programat
15930,40508,2457,1415,,,,deschis,programat
15931,40512,2268,2457,,,,privat,programat
15932,40513,2367,1849,,,,deschis,programat
15933,40517,140,1227,,,,privat,programat
15934,40520,1979,2196,,,,privat,programat
15935,40521,1284,2480,,,,deschis,programat
15936,40524,2158,668,,,,deschis,programat
15937,40526,1419,1503,,,,privat,programat
15938,40527,2225,1471,,,,privat,programat
15939,40528,1622,889,,,,privat,programat
15940,40530,2087,881,,,,privat,programat
15941,40534,2357,1377,,,,privat,programat
15942,40536,1795,1319,,,,deschis,programat
15943,40537,971,1461,,,,privat,programat
15944,40543,1997,2385,,,,privat,programat
15945,40544,1939,2230,,,,privat,programat
15946,40545,1224,1057,,,,deschis,programat
15947,40546,1309,913,,,,deschis,programat
15948,40548,542,704,,,,privat,programat
15949,40549,1383,179,,,,deschis,programat
15950,40553,32,2059,,,,privat,programat
15951,40555,819,2092,,,,deschis,programat
15952,40556,2126,63,,,,privat,programat
15953,40557,572,139,,,,privat,programat
15954,40559,628,1424,,,,deschis,programat
15955,40562,1034,1195,,,,privat,programat
15956,40564,573,1589,,,,deschis,programat
15957,40565,1636,1610,,,,privat,programat
15958,40566,2305,1488,,,,deschis,programat
15959,40567,1437,1918,,,,privat,programat
15960,40568,2289,774,,,,deschis,programat
15961,40572,983,1428,,,,privat,programat
15962,40574,1871,1910,,,,deschis,programat
15963,40576,1808,817,,,,privat,programat
15964,40577,2116,2311,,,,privat,programat
15965,40579,1511,1088,,,,privat,programat
15966,40584,1219,1763,,,,privat,programat
15967,40588,1911,830,,,,privat,programat
15968,40589,1278,2248,,,,privat,programat
15969,40591,1594,2170,,,,privat,programat
15970,40593,449,1091,,,,deschis,programat
15971,40594,2428,2172,,,,deschis,programat
15972,40595,1751,2235,,,,privat,programat
15973,40599,821,,,,,deschis,asteptare
15974,40600,1072,1773,,,,privat,programat
15975,40601,412,1803,,,,privat,programat
15976,40602,301,,,,,deschis,asteptare
15977,40608,2299,2397,,,,privat,programat
15978,40609,2120,1540,,,,deschis,programat
15979,40612,1013,2183,,,,privat,programat
15980,40615,2144,652,,,,privat,programat
15981,40617,1072,1977,,,,privat,programat
15982,40619,1914,519,,,,privat,programat
15983,40620,184,2195,,,,privat,programat
15984,40622,1388,1567,,,,privat,programat
15985,40626,1607,2468,,,,privat,programat
15986,40627,937,334,,,,privat,programat
15987,40628,468,1613,,,,privat,programat
15988,40629,306,995,,,,privat,programat
15989,40633,2307,2430,,,,privat,programat
15990,40634,1353,123,,,,privat,programat
15991,40636,1547,1609,,,,privat,programat
15992,40642,1987,195,,,,privat,programat
15993,40643,1201,230,,,,privat,programat
15994,40644,1646,2281,,,,deschis,programat
15995,40645,1636,239,,,,privat,programat
15996,40647,315,1998,,,,deschis,programat
15997,40649,794,992,,,,privat,programat
15998,40652,1100,154,,,,privat,programat
15999,40654,748,1930,,,,privat,programat
16000,40655,354,70,,,,privat,programat
16001,40656,114,1128,,,,privat,programat
16002,40658,2442,598,,,,privat,programat
16003,40659,1383,565,,,,privat,programat
16004,40661,2388,204,,,,privat,programat
16005,40663,537,384,,,,privat,programat
16006,40665,2447,397,,,,deschis,programat
16007,40666,257,2168,,,,privat,programat
16008,40669,999,,,,,deschis,asteptare
16009,40670,138,1347,,,,privat,programat
16010,40675,153,190,,,,privat,programat
16011,40676,197,13,,,,privat,programat
16012,40677,32,1292,,,,privat,programat
16013,40687,291,217,,,,privat,programat
16014,40694,1011,56,,,,privat,programat
16015,40697,909,1882,,,,deschis,programat
16016,40698,2363,1400,,,,privat,programat
16017,40699,2176,855,,,,privat,programat
16018,40701,1117,731,,,,privat,programat
16019,40705,1633,2384,,,,privat,programat
16020,40707,2392,2040,,,,privat,programat
16021,40709,114,,,,,deschis,asteptare
16022,40710,2347,,,,,deschis,asteptare
16023,40712,1022,1881,,,,privat,programat
16024,40713,1733,694,,,,privat,programat
16025,40714,1635,1269,,,,deschis,programat
16026,40716,2039,2317,,,,privat,programat
16027,40718,1368,648,,,,privat,programat
16028,40719,995,1593,,,,deschis,programat
16029,40720,2369,271,,,,privat,programat
16030,40723,348,,,,,deschis,asteptare
16031,40724,1566,174,,,,privat,programat
16032,40725,17,1367,,,,privat,programat
16033,40726,2457,170,,,,privat,programat
16034,40732,1926,,,,,deschis,asteptare
16035,40734,1611,2411,,,,privat,programat
16036,40736,2139,206,,,,privat,programat
16037,40738,902,1817,,,,privat,programat
16038,40750,1760,1319,,,,deschis,programat
16039,40751,208,94,,,,privat,programat
16040,40752,373,1646,,,,privat,programat
16041,40753,2376,1590,,,,deschis,programat
16042,40754,1424,720,,,,privat,programat
16043,40755,723,2023,,,,deschis,programat
16044,40758,1650,507,,,,privat,programat
16045,40760,1100,1664,,,,privat,programat
16046,40761,150,1938,,,,privat,programat
16047,40762,672,1537,,,,deschis,programat
16048,40764,672,,,,,deschis,asteptare
16049,40765,586,177,,,,privat,programat
16050,40768,2479,1772,,,,privat,programat
16051,40774,1354,550,,,,privat,programat
16052,40775,2311,836,,,,privat,programat
16053,40777,2004,348,,,,privat,programat
16054,40778,1502,1017,,,,privat,programat
16055,40779,264,591,,,,privat,programat
16056,40781,2318,2330,,,,privat,programat
16057,40783,1301,2031,,,,privat,programat
16058,40784,1668,150,,,,deschis,programat
16059,40792,1297,422,,,,privat,programat
16060,40794,872,202,,,,privat,programat
16061,40798,2126,1535,,,,privat,programat
16062,40802,1619,2126,,,,privat,programat
16063,40805,1297,1329,,,,privat,programat
16064,40806,1946,1138,,,,privat,programat
16065,40807,1002,480,,,,privat,programat
16066,40808,1219,450,,,,privat,programat
16067,40810,2121,143,,,,privat,programat
16068,40812,2423,2118,,,,privat,programat
16069,40815,1477,1036,,,,privat,programat
16070,40816,1918,1519,,,,privat,programat
16071,40817,140,1235,,,,privat,programat
16072,40818,780,1231,,,,privat,programat
16073,40821,877,577,,,,privat,programat
16074,40825,1338,2311,,,,privat,programat
16075,40829,2497,1776,,,,privat,programat
16076,40831,2292,1171,,,,privat,programat
16077,40832,790,261,,,,privat,programat
16078,40833,1473,1731,,,,deschis,programat
16079,40834,127,244,,,,privat,programat
16080,40837,2423,2316,,,,privat,programat
16081,40838,1036,2325,,,,privat,programat
16082,40839,2224,,,,,deschis,asteptare
16083,40844,605,434,,,,privat,programat
16084,40845,2092,,,,,deschis,asteptare
16085,40846,815,760,,,,privat,programat
16086,40847,1987,916,,,,deschis,programat
16087,40851,205,1571,,,,privat,programat
16088,40854,2401,394,,,,privat,programat
16089,40855,995,1682,,,,deschis,programat
16090,40856,1046,2095,,,,privat,programat
16091,40861,1155,1011,,,,privat,programat
16092,40862,1183,,,,,deschis,asteptare
16093,40863,187,1233,,,,privat,programat
16094,40864,570,,,,,deschis,asteptare
16095,40869,2414,,,,,deschis,asteptare
16096,40871,636,,,,,deschis,asteptare
16097,40873,1048,563,,,,privat,programat
16098,40878,1129,21,,,,deschis,programat
16099,40879,2317,97,,,,deschis,programat
16100,40885,1566,1561,,,,privat,programat
16101,40886,2357,720,,,,privat,programat
16102,40888,1461,1237,,,,privat,programat
16103,40890,998,2115,,,,privat,programat
16104,40893,2254,1119,,,,deschis,programat
16105,40895,1595,1564,,,,privat,programat
16106,40897,816,2095,,,,privat,programat
16107,40898,1095,,,,,deschis,asteptare
16108,40899,1456,401,,,,privat,programat
16109,40900,1218,1987,,,,privat,programat
16110,40901,675,1007,,,,deschis,programat
16111,40902,2010,415,,,,privat,programat
16112,40908,1169,766,,,,privat,programat
16113,40909,544,496,,,,privat,programat
16114,40911,2411,405,,,,privat,programat
16115,40914,1602,449,,,,privat,programat
16116,40916,16,665,,,,privat,programat
16117,40919,340,1627,,,,privat,programat
16118,40920,13,467,,,,deschis,programat
16119,40921,1423,2107,,,,privat,programat
16120,40923,1153,1154,,,,privat,programat
16121,40924,1965,765,,,,privat,programat
16122,40925,2207,776,,,,privat,programat
16123,40926,760,1852,,,,privat,programat
16124,40928,2003,2357,,,,deschis,programat
16125,40930,808,1775,,,,deschis,programat
16126,40932,1735,1495,,,,privat,programat
16127,40933,1598,958,,,,privat,programat
16128,40934,49,2106,,,,privat,programat
16129,40935,1304,,,,,deschis,asteptare
16130,40936,1185,1543,,,,privat,programat
16131,40938,319,2010,,,,privat,programat
16132,40939,1548,640,,,,privat,programat
16133,40941,1853,2063,,,,deschis,programat
16134,40943,2031,1523,,,,privat,programat
16135,40949,1498,1021,,,,privat,programat
16136,40950,213,2150,,,,privat,programat
16137,40953,1692,1449,,,,deschis,programat
16138,40956,1411,1358,,,,deschis,programat
16139,40958,1046,46,,,,privat,programat
16140,40959,1953,760,,,,deschis,programat
16141,40960,609,374,,,,privat,programat
16142,40962,2470,631,,,,privat,programat
16143,40963,1921,572,,,,privat,programat
16144,40966,2010,1263,,,,privat,programat
16145,40968,1636,2018,,,,privat,programat
16146,40970,131,1948,,,,privat,programat
16147,40972,1351,2099,,,,privat,programat
16148,40974,2385,849,,,,privat,programat
16149,40976,191,160,,,,privat,programat
16150,40978,863,2278,,,,privat,programat
16151,40979,1571,1188,,,,privat,programat
16152,40985,2147,1953,,,,deschis,programat
16153,40990,572,605,,,,privat,programat
16154,40995,610,802,,,,deschis,programat
16155,41004,2067,1828,,,,deschis,programat
16156,41008,746,1563,,,,privat,programat
16157,41010,793,294,,,,privat,programat
16158,41012,76,1914,,,,deschis,programat
16159,41018,450,648,,,,deschis,programat
16160,41020,1126,1502,,,,deschis,programat
16161,41024,1102,,,,,deschis,asteptare
16162,41026,907,583,,,,deschis,programat
16163,41028,2267,,,,,deschis,asteptare
16164,41030,2092,838,,,,privat,programat
16165,41032,210,1992,,,,privat,programat
16166,41033,593,411,,,,privat,programat
16167,41034,1041,1656,,,,deschis,programat
16168,41036,119,722,,,,privat,programat
16169,41041,903,343,,,,deschis,programat
16170,41042,626,512,,,,privat,programat
16171,41043,2046,1600,,,,deschis,programat
16172,41044,537,1712,,,,privat,programat
16173,41045,330,999,,,,privat,programat
16174,41046,2332,674,,,,privat,programat
16175,41048,2133,1615,,,,privat,programat
16176,41049,313,351,,,,privat,programat
16177,41050,2124,1914,,,,deschis,programat
16178,41053,775,1228,,,,privat,programat
16179,41059,1061,935,,,,privat,programat
16180,41062,1365,538,,,,privat,programat
16181,41063,570,930,,,,privat,programat
16182,41065,1462,75,,,,privat,programat
16183,41066,675,,,,,deschis,asteptare
16184,41067,752,1482,,,,privat,programat
16185,41068,238,1990,,,,privat,programat
16186,41069,712,2217,,,,deschis,programat
16187,41070,106,1535,,,,privat,programat
16188,41072,2471,711,,,,privat,programat
16189,41079,2433,1369,,,,privat,programat
16190,41080,999,1303,,,,privat,programat
16191,41085,1158,657,,,,privat,programat
16192,41088,1914,525,,,,privat,programat
16193,41091,2315,1986,,,,privat,programat
16194,41092,1129,,,,,deschis,asteptare
16195,41097,2243,1957,,,,privat,programat
16196,41102,2287,1692,,,,privat,programat
16197,41104,995,1785,,,,privat,programat
16198,41106,719,1619,,,,deschis,programat
16199,41111,2379,1502,,,,privat,programat
16200,41115,2435,262,,,,deschis,programat
16201,41116,1444,1828,,,,privat,programat
16202,41117,1088,,,,,deschis,asteptare
16203,41120,1132,729,,,,privat,programat
16204,41124,1617,522,,,,privat,programat
16205,41130,652,1408,,,,privat,programat
16206,41132,1354,705,,,,deschis,programat
16207,41134,2093,106,,,,privat,programat
16208,41136,49,1589,,,,privat,programat
16209,41137,2369,1458,,,,privat,programat
16210,41141,743,1811,,,,deschis,programat
16211,41142,458,894,,,,privat,programat
16212,41144,1179,145,,,,privat,programat
16213,41147,465,,,,,deschis,asteptare
16214,41151,1229,1694,,,,deschis,programat
16215,41155,1091,1511,,,,privat,programat
16216,41156,2094,1121,,,,privat,programat
16217,41163,1,1549,,,,privat,programat
16218,41164,2465,2463,,,,privat,programat
16219,41165,1059,144,,,,privat,programat
16220,41166,261,2147,,,,privat,programat
16221,41167,1775,1034,,,,privat,programat
16222,41169,2462,737,,,,deschis,programat
16223,41171,829,1102,,,,privat,programat
16224,41174,2354,1344,,,,privat,programat
16225,41176,1429,,,,,deschis,asteptare
16226,41177,2473,908,,,,privat,programat
16227,41179,175,1611,,,,deschis,programat
16228,41180,331,1448,,,,privat,programat
16229,41181,87,419,,,,privat,programat
16230,41182,419,1480,,,,privat,programat
16231,41184,988,313,,,,privat,programat
16232,41186,1282,1465,,,,privat,programat
16233,41189,1000,1501,,,,privat,programat
16234,41191,31,1145,,,,privat,programat
16235,41198,2423,1503,,,,deschis,programat
16236,41199,1228,1642,,,,privat,programat
16237,41205,901,315,,,,privat,programat
16238,41212,1415,1843,,,,deschis,programat
16239,41215,2376,1551,,,,privat,programat
16240,41216,195,1043,,,,deschis,programat
16241,41219,263,2238,,,,privat,programat
16242,41221,1029,230,,,,privat,programat
16243,41222,1230,169,,,,privat,programat
16244,41225,262,999,,,,deschis,programat
16245,41226,770,1291,,,,privat,programat
16246,41229,26,1211,,,,privat,programat
16247,41231,1985,1628,,,,privat,programat
16248,41235,774,1985,,,,privat,programat
16249,41236,2058,2391,,,,privat,programat
16250,41243,72,2124,,,,deschis,programat
16251,41245,2421,749,,,,deschis,programat
16252,41246,1878,1054,,,,privat,programat
16253,41250,760,414,,,,privat,programat
16254,41251,482,,,,,deschis,asteptare
16255,41253,412,276,,,,privat,programat
16256,41254,1595,619,,,,deschis,programat
16257,41255,2397,408,,,,privat,programat
16258,41257,1859,1002,,,,privat,programat
16259,41258,971,1723,,,,privat,programat
16260,41259,1528,885,,,,privat,programat
16261,41260,1399,2311,,,,deschis,programat
16262,41262,2462,671,,,,deschis,programat
16263,41264,1237,360,,,,privat,programat
16264,41265,291,488,,,,privat,programat
16265,41267,2098,1170,,,,privat,programat
16266,41268,1482,392,,,,privat,programat
16267,41271,752,469,,,,deschis,programat
16268,41273,1926,510,,,,privat,programat
16269,41278,639,2384,,,,deschis,programat
16270,41279,2291,421,,,,deschis,programat
16271,41282,1479,,,,,deschis,asteptare
16272,41285,16,2143,,,,privat,programat
16273,41286,337,1342,,,,privat,programat
16274,41288,1105,2285,,,,privat,programat
16275,41289,1713,1030,,,,privat,programat
16276,41292,1803,1641,,,,privat,programat
16277,41293,2299,,,,,deschis,asteptare
16278,41295,1374,1368,,,,privat,programat
16279,41297,529,1776,,,,privat,programat
16280,41298,1947,751,,,,deschis,programat
16281,41299,1074,1836,,,,privat,programat
16282,41303,1,2470,,,,privat,programat
16283,41304,901,885,,,,deschis,programat
16284,41305,131,916,,,,deschis,programat
16285,41314,37,,,,,deschis,asteptare
16286,41316,1435,1189,,,,deschis,programat
16287,41320,1109,,,,,deschis,asteptare
16288,41322,87,117,,,,deschis,programat
16289,41325,388,1769,,,,privat,programat
16290,41328,2043,714,,,,deschis,programat
16291,41335,1305,375,,,,privat,programat
16292,41337,1676,1398,,,,privat,programat
16293,41338,2401,668,,,,privat,programat
16294,41339,179,2360,,,,privat,programat
16295,41340,414,1663,,,,privat,programat
16296,41341,536,2198,,,,deschis,programat
16297,41343,1292,144,,,,privat,programat
16298,41347,2008,,,,,deschis,asteptare
16299,41348,18,169,,,,privat,programat
16300,41349,2335,651,,,,privat,programat
16301,41350,2369,1263,,,,deschis,programat
16302,41354,1424,,,,,deschis,asteptare
16303,41356,2327,,,,,deschis,asteptare
16304,41358,885,959,,,,deschis,programat
16305,41361,987,130,,,,privat,programat
16306,41364,1815,998,,,,privat,programat
16307,41365,1628,2058,,,,privat,programat
16308,41366,1926,2286,,,,privat,programat
16309,41376,1285,486,,,,privat,programat
16310,41377,43,2218,,,,deschis,programat
16311,41382,579,85,,,,privat,programat
16312,41383,979,1814,,,,privat,programat
16313,41387,2056,775,,,,privat,programat
16314,41392,2427,1826,,,,privat,programat
16315,41393,485,,,,,deschis,asteptare
16316,41398,1731,2116,,,,privat,programat
16317,41399,1775,360,,,,deschis,programat
16318,41407,617,1609,,,,privat,programat
16319,41408,2286,2237,,,,privat,programat
16320,41413,1280,844,,,,privat,programat
16321,41417,749,289,,,,privat,programat
16322,41419,1525,1182,,,,deschis,programat
16323,41421,1652,1431,,,,privat,programat
16324,41422,1372,2360,,,,privat,programat
16325,41424,2482,,,,,deschis,asteptare
16326,41425,2093,408,,,,privat,programat
16327,41426,2056,1874,,,,deschis,programat
16328,41428,572,664,,,,privat,programat
16329,41429,396,555,,,,privat,programat
16330,41433,1305,1904,,,,privat,programat
16331,41434,688,,,,,deschis,asteptare
16332,41438,2119,2273,,,,deschis,programat
16333,41442,118,1156,,,,privat,programat
16334,41443,2410,1764,,,,privat,programat
16335,41444,1530,1449,,,,deschis,programat
16336,41457,1457,1352,,,,privat,programat
16337,41459,231,209,,,,deschis,programat
16338,41463,1502,1810,,,,privat,programat
16339,41465,568,130,,,,privat,programat
16340,41466,723,2297,,,,privat,programat
16341,41469,434,2142,,,,deschis,programat
16342,41471,371,645,,,,privat,programat
16343,41472,1662,855,,,,privat,programat
16344,41474,1746,1680,,,,deschis,programat
16345,41476,1995,1517,,,,privat,programat
16346,41479,1049,167,,,,privat,programat
16347,41482,56,671,,,,deschis,programat
16348,41483,1191,1876,,,,privat,programat
16349,41484,2144,1754,,,,privat,programat
16350,41485,2195,,,,,deschis,asteptare
16351,41492,428,1283,,,,privat,programat
16352,41493,271,,,,,deschis,asteptare
16353,41502,882,,,,,deschis,asteptare
16354,41507,2483,637,,,,deschis,programat
16355,41510,1109,1053,,,,deschis,programat
16356,41513,595,358,,,,privat,programat
16357,41515,2220,1979,,,,privat,programat
16358,41516,795,2051,,,,privat,programat
16359,41518,537,1278,,,,privat,programat
16360,41519,229,1232,,,,privat,programat
16361,41520,664,816,,,,privat,programat
16362,41521,2292,500,,,,privat,programat
16363,41522,132,1093,,,,privat,programat
16364,41523,675,239,,,,privat,programat
16365,41526,1737,1894,,,,privat,programat
16366,41528,483,1400,,,,privat,programat
16367,41529,161,2446,,,,deschis,programat
16368,41535,1690,162,,,,privat,programat
16369,41537,1069,247,,,,privat,programat
16370,41543,1950,1051,,,,deschis,programat
16371,41546,1594,,,,,deschis,asteptare
16372,41547,2343,2153,,,,privat,programat
16373,41551,1899,1764,,,,deschis,programat
16374,41553,450,2497,,,,privat,programat
16375,41555,1593,,,,,deschis,asteptare
16376,41558,276,,,,,deschis,asteptare
16377,41561,1368,2427,,,,privat,programat
16378,41563,2471,1049,,,,privat,programat
16379,41565,1622,1610,,,,privat,programat
16380,41568,1528,1458,,,,privat,programat
16381,41569,651,415,,,,privat,programat
16382,41570,2010,1561,,,,deschis,programat
16383,41573,750,2253,,,,privat,programat
16384,41574,1459,1191,,,,privat,programat
16385,41576,2270,473,,,,privat,programat
16386,41583,1967,1280,,,,deschis,programat
16387,41587,367,1297,,,,privat,programat
16388,41589,2284,2489,,,,privat,programat
16389,41591,2359,1960,,,,deschis,programat
16390,41593,1584,1138,,,,deschis,programat
16391,41595,1844,,,,,deschis,asteptare
16392,41600,1777,301,,,,privat,programat
16393,41603,1263,260,,,,privat,programat
16394,41604,1102,1485,,,,privat,programat
16395,41605,257,1920,,,,privat,programat
16396,41609,723,130,,,,privat,programat
16397,41616,1748,762,,,,privat,programat
16398,41620,1549,550,,,,privat,programat
16399,41621,443,2316,,,,privat,programat
16400,41622,1844,1456,,,,deschis,programat
16401,41626,1022,1762,,,,privat,programat
16402,41627,1946,,,,,deschis,asteptare
16403,41635,2329,47,,,,privat,programat
16404,41636,311,2065,,,,privat,programat
16405,41637,560,929,,,,deschis,programat
16406,41639,894,2329,,,,privat,programat
16407,41643,1799,981,,,,privat,programat
16408,41648,723,2318,,,,privat,programat
16409,41652,2053,1413,,,,deschis,programat
16410,41653,2483,,,,,deschis,asteptare
16411,41655,1708,2064,,,,privat,programat
16412,41656,2362,1938,,,,deschis,programat
16413,41657,734,,,,,deschis,asteptare
16414,41658,854,1323,,,,privat,programat
16415,41660,1250,637,,,,privat,programat
16416,41662,2237,317,,,,privat,programat
16417,41669,795,2247,,,,deschis,programat
16418,41671,2086,435,,,,privat,programat
16419,41680,1408,2090,,,,privat,programat
16420,41681,1506,1651,,,,privat,programat
16421,41682,2233,1589,,,,privat,programat
16422,41693,541,879,,,,privat,programat
16423,41694,79,568,,,,privat,programat
16424,41701,2232,1235,,,,privat,programat
16425,41707,11,1329,,,,deschis,programat
16426,41710,1959,1612,,,,privat,programat
16427,41711,2048,,,,,deschis,asteptare
16428,41712,2381,2443,,,,deschis,programat
16429,41713,2086,2484,,,,deschis,programat
16430,41714,883,,,,,deschis,asteptare
16431,41716,1687,614,,,,privat,programat
16432,41719,2198,1763,,,,privat,programat
16433,41720,633,652,,,,deschis,programat
16434,41722,1776,2273,,,,privat,programat
16435,41725,2087,1739,,,,privat,programat
16436,41731,2233,1929,,,,privat,programat
16437,41734,373,1238,,,,privat,programat
16438,41735,264,350,,,,privat,programat
16439,41736,2233,621,,,,deschis,programat
16440,41737,591,1681,,,,privat,programat
16441,41738,930,1603,,,,deschis,programat
16442,41740,1675,,,,,deschis,asteptare
16443,41744,1845,1569,,,,privat,programat
16444,41747,1364,2270,,,,privat,programat
16445,41751,1741,1479,,,,privat,programat
16446,41754,1342,,,,,deschis,asteptare
16447,41756,2171,525,,,,privat,programat
16448,41757,852,2266,,,,deschis,programat
16449,41759,1827,1118,,,,privat,programat
16450,41760,2484,1357,,,,deschis,programat
16451,41763,529,1337,,,,privat,programat
16452,41764,2477,136,,,,privat,programat
16453,41766,609,1447,,,,privat,programat
16454,41770,471,2479,,,,privat,programat
16455,41771,91,,,,,deschis,asteptare
16456,41774,1950,458,,,,privat,programat
16457,41775,1497,1155,,,,privat,programat
16458,41776,2224,1424,,,,privat,programat
16459,41777,1263,,,,,deschis,asteptare
16460,41781,687,,,,,deschis,asteptare
16461,41784,1849,10,,,,privat,programat
16462,41785,2330,262,,,,privat,programat
16463,41786,744,2177,,,,deschis,programat
16464,41787,1664,376,,,,privat,programat
16465,41788,200,504,,,,privat,programat
16466,41789,1693,1448,,,,privat,programat
16467,41790,2074,2183,,,,privat,programat
16468,41791,585,771,,,,privat,programat
16469,41792,379,1805,,,,privat,programat
16470,41793,2235,625,,,,privat,programat
16471,41797,435,2440,,,,privat,programat
16472,41798,1856,2086,,,,deschis,programat
16473,41799,1808,2142,,,,privat,programat
16474,41801,46,995,,,,privat,programat
16475,41802,817,,,,,deschis,asteptare
16476,41803,529,1153,,,,privat,programat
16477,41805,1763,,,,,deschis,asteptare
16478,41807,1047,1514,,,,deschis,programat
16479,41810,144,,,,,deschis,asteptare
16480,41812,1195,1108,,,,privat,programat
16481,41814,1932,,,,,deschis,asteptare
16482,41817,1528,,,,,deschis,asteptare
16483,41818,1266,2011,,,,privat,programat
16484,41819,2385,578,,,,privat,programat
16485,41826,2390,2472,,,,deschis,programat
16486,41829,1396,,,,,deschis,asteptare
16487,41834,1514,719,,,,privat,programat
16488,41841,883,,,,,deschis,asteptare
16489,41843,1358,2105,,,,privat,programat
16490,41844,905,485,,,,privat,programat
16491,41845,414,1028,,,,privat,programat
16492,41852,2400,459,,,,privat,programat
16493,41854,2345,1,,,,deschis,programat
16494,41861,702,2088,,,,privat,programat
16495,41864,753,1526,,,,privat,programat
16496,41865,950,306,,,,privat,programat
16497,41867,1232,450,,,,privat,programat
16498,41868,2465,,,,,deschis,asteptare
16499,41870,271,,,,,deschis,asteptare
16500,41876,1088,2237,,,,privat,programat
16501,41883,2151,,,,,deschis,asteptare
16502,41885,1071,637,,,,privat,programat
16503,41887,1041,268,,,,privat,programat
16504,41889,995,2105,,,,deschis,programat
16505,41890,1789,434,,,,privat,programat
16506,41891,1946,1635,,,,privat,programat
16507,41892,18,2243,,,,privat,programat
16508,41898,1538,203,,,,privat,programat
16509,41901,1926,1547,,,,privat,programat
16510,41902,1611,986,,,,privat,programat
16511,41906,2285,1426,,,,privat,programat
16512,41907,1182,543,,,,deschis,programat
16513,41909,942,788,,,,privat,programat
16514,41917,1965,2180,,,,privat,programat
16515,41921,97,1592,,,,deschis,programat
16516,41925,393,420,,,,deschis,programat
16517,41927,2004,415,,,,privat,programat
16518,41929,2169,755,,,,privat,programat
16519,41932,132,1222,,,,deschis,programat
16520,41933,1415,1932,,,,privat,programat
16521,41934,2169,1958,,,,privat,programat
16522,41936,2082,606,,,,privat,programat
16523,41940,213,822,,,,privat,programat
16524,41941,2438,1742,,,,privat,programat
16525,41950,420,1370,,,,privat,programat
16526,41954,1313,928,,,,privat,programat
16527,41955,328,843,,,,privat,programat
16528,41959,1541,,,,,deschis,asteptare
16529,41960,2042,1866,,,,deschis,programat
16530,41961,717,2302,,,,privat,programat
16531,41962,1624,703,,,,deschis,programat
16532,41963,1352,481,,,,privat,programat
16533,41971,587,2070,,,,privat,programat
16534,41974,353,606,,,,privat,programat
16535,41980,141,1884,,,,privat,programat
16536,41981,1323,1969,,,,privat,programat
16537,41982,1633,1693,,,,privat,programat
16538,41986,1707,739,,,,privat,programat
16539,41988,1371,2021,,,,deschis,programat
16540,41990,2479,1018,,,,deschis,programat
16541,41991,633,664,,,,privat,programat
16542,41993,1153,2219,,,,privat,programat
16543,41996,846,947,,,,deschis,programat
16544,42000,1903,1488,,,,privat,programat
16545,42001,2120,2017,,,,deschis,programat
16546,42008,1636,2138,,,,privat,programat
16547,42010,689,1435,,,,privat,programat
16548,42017,2091,1628,,,,privat,programat
16549,42022,356,1181,,,,deschis,programat
16550,42025,1173,1489,,,,deschis,programat
16551,42026,2207,,,,,deschis,asteptare
16552,42029,1619,,,,,deschis,asteptare
16553,42030,2198,,,,,deschis,asteptare
16554,42035,837,1793,,,,privat,programat
16555,42036,319,1932,,,,privat,programat
16556,42039,1183,56,,,,deschis,programat
16557,42043,936,1938,,,,privat,programat
16558,42051,2338,296,,,,deschis,programat
16559,42052,364,2442,,,,privat,programat
16560,42053,979,,,,,deschis,asteptare
16561,42056,2304,1254,,,,deschis,programat
16562,42057,775,,,,,deschis,asteptare
16563,42061,548,1011,,,,deschis,programat
16564,42066,802,1201,,,,deschis,programat
16565,42067,2070,616,,,,privat,programat
16566,42070,2373,2422,,,,privat,programat
16567,42072,827,,,,,deschis,asteptare
16568,42073,639,1224,,,,deschis,programat
16569,42074,1527,1818,,,,deschis,programat
16570,42076,1124,1455,,,,deschis,programat
16571,42077,2288,1143,,,,deschis,programat
16572,42078,2290,,,,,deschis,asteptare
16573,42080,1278,619,,,,privat,programat
16574,42081,1620,96,,,,privat,programat
16575,42083,2427,304,,,,privat,programat
16576,42084,1419,862,,,,privat,programat
16577,42085,1361,1408,,,,deschis,programat
16578,42087,31,279,,,,privat,programat
16579,42088,1230,1528,,,,deschis,programat
16580,42089,2340,743,,,,deschis,programat
16581,42092,271,1108,,,,privat,programat
16582,42099,2289,1057,,,,privat,programat
16583,42101,1013,1389,,,,privat,programat
16584,42103,2326,2216,,,,privat,programat
16585,42107,512,2044,,,,privat,programat
16586,42108,143,1067,,,,privat,programat
16587,42110,1988,157,,,,privat,programat
16588,42114,1411,1826,,,,privat,programat
16589,42115,1506,2471,,,,deschis,programat
16590,42117,722,,,,,deschis,asteptare
16591,42119,424,1549,,,,privat,programat
16592,42122,31,787,,,,privat,programat
16593,42123,1795,1283,,,,privat,programat
16594,42124,170,2243,,,,deschis,programat
16595,42125,1932,1287,,,,privat,programat
16596,42126,1007,1793,,,,privat,programat
16597,42128,1957,1710,,,,privat,programat
16598,42129,1793,1799,,,,privat,programat
16599,42130,2457,628,,,,privat,programat
16600,42131,291,,,,,deschis,asteptare
16601,42134,1071,2127,,,,privat,programat
16602,42135,15,558,,,,privat,programat
16603,42138,2414,1707,,,,privat,programat
16604,42140,2245,858,,,,privat,programat
16605,42141,11,852,,,,privat,programat
16606,42145,2228,482,,,,privat,programat
16607,42146,1368,1095,,,,deschis,programat
16608,42148,980,1321,,,,privat,programat
16609,42154,521,,,,,deschis,asteptare
16610,42155,1589,1233,,,,privat,programat
16611,42157,1485,1925,,,,deschis,programat
16612,42159,156,,,,,deschis,asteptare
16613,42162,938,194,,,,privat,programat
16614,42167,15,223,,,,privat,programat
16615,42170,54,1010,,,,privat,programat
16616,42171,1834,2350,,,,privat,programat
16617,42174,1748,13,,,,privat,programat
16618,42184,1789,1663,,,,privat,programat
16619,42186,844,1818,,,,privat,programat
16620,42187,1041,945,,,,deschis,programat
16621,42191,1904,1764,,,,privat,programat
16622,42192,950,955,,,,privat,programat
16623,42193,231,950,,,,privat,programat
16624,42194,1154,1773,,,,privat,programat
16625,42199,1362,793,,,,privat,programat
16626,42204,2275,,,,,deschis,asteptare
16627,42213,1567,557,,,,privat,programat
16628,42214,483,1837,,,,privat,programat
16629,42216,1740,1645,,,,deschis,programat
16630,42217,1431,435,,,,privat,programat
16631,42219,633,828,,,,privat,programat
16632,42220,1589,649,,,,privat,programat
16633,42221,1404,666,,,,deschis,programat
16634,42223,1687,1471,,,,privat,programat
16635,42229,2357,2106,,,,privat,programat
16636,42231,2385,1437,,,,privat,programat
16637,42233,254,2045,,,,deschis,programat
16638,42235,94,1567,,,,privat,programat
16639,42237,1338,215,,,,privat,programat
16640,42239,1204,970,,,,privat,programat
16641,42241,1162,1333,,,,deschis,programat
16642,42242,127,2067,,,,privat,programat
16643,42243,1632,2486,,,,privat,programat
16644,42247,1072,285,,,,privat,programat
16645,42248,1595,2471,,,,privat,programat
16646,42249,648,1829,,,,privat,programat
16647,42250,2304,614,,,,privat,programat
16648,42257,2261,56,,,,privat,programat
16649,42263,663,1851,,,,privat,programat
16650,42267,760,1786,,,,deschis,programat
16651,42272,2168,1636,,,,privat,programat
16652,42277,1587,1351,,,,deschis,programat
16653,42278,15,961,,,,privat,programat
16654,42281,1200,1248,,,,deschis,programat
16655,42285,2290,1406,,,,deschis,programat
16656,42286,340,1725,,,,privat,programat
16657,42289,1762,753,,,,deschis,programat
16658,42295,285,555,,,,privat,programat
16659,42296,1729,,,,,deschis,asteptare
16660,42299,1540,291,,,,deschis,programat
16661,42300,1673,415,,,,privat,programat
16662,42301,499,,,,,deschis,asteptare
16663,42302,37,896,,,,deschis,programat
16664,42303,1567,720,,,,privat,programat
16665,42310,2313,931,,,,privat,programat
16666,42313,1398,,,,,deschis,asteptare
16667,42315,1946,2358,,,,privat,programat
16668,42317,753,537,,,,privat,programat
16669,42325,131,1353,,,,privat,programat
16670,42328,805,1699,,,,privat,programat
16671,42331,1849,,,,,deschis,asteptare
16672,42332,1076,998,,,,deschis,programat
16673,42333,1662,175,,,,privat,programat
16674,42334,1467,1693,,,,privat,programat
16675,42335,1057,851,,,,privat,programat
16676,42336,2183,1927,,,,privat,programat
16677,42340,1800,1438,,,,privat,programat
16678,42342,467,,,,,deschis,asteptare
16679,42345,106,1663,,,,privat,programat
16680,42346,2315,,,,,deschis,asteptare
16681,42348,1144,1471,,,,privat,programat
16682,42354,2467,2070,,,,deschis,programat
16683,42357,1793,1007,,,,deschis,programat
16684,42358,2017,2243,,,,privat,programat
16685,42360,1828,15,,,,deschis,programat
16686,42361,2164,1091,,,,privat,programat
16687,42363,1234,1918,,,,deschis,programat
16688,42364,1769,2378,,,,deschis,programat
16689,42365,2414,1221,,,,privat,programat
16690,42367,954,,,,,deschis,asteptare
16691,42371,2381,1738,,,,privat,programat
16692,42377,1002,1620,,,,privat,programat
16693,42380,174,1126,,,,deschis,programat
16694,42382,174,169,,,,privat,programat
16695,42383,2249,217,,,,deschis,programat
16696,42384,350,1528,,,,deschis,programat
16697,42385,1502,2041,,,,privat,programat
16698,42386,1008,2003,,,,deschis,programat
16699,42387,1253,,,,,deschis,asteptare
16700,42391,2175,2208,,,,privat,programat
16701,42392,1225,1752,,,,deschis,programat
16702,42394,64,1931,,,,privat,programat
16703,42395,884,121,,,,deschis,programat
16704,42396,1068,983,,,,privat,programat
16705,42398,1372,708,,,,privat,programat
16706,42400,919,1532,,,,deschis,programat
16707,42401,919,935,,,,privat,programat
16708,42402,97,2342,,,,privat,programat
16709,42403,646,,,,,deschis,asteptare
16710,42408,575,1772,,,,privat,programat
16711,42409,454,1233,,,,privat,programat
16712,42411,2431,567,,,,privat,programat
16713,42412,2319,1209,,,,privat,programat
16714,42413,1086,619,,,,privat,programat
16715,42414,1588,,,,,deschis,asteptare
16716,42415,1593,,,,,deschis,asteptare
16717,42416,2193,163,,,,privat,programat
16718,42421,2479,722,,,,privat,programat
16719,42422,17,185,,,,privat,programat
16720,42425,1322,875,,,,privat,programat
16721,42428,1549,116,,,,deschis,programat
16722,42429,374,1045,,,,privat,programat
16723,42431,1411,1490,,,,privat,programat
16724,42434,1745,674,,,,deschis,programat
16725,42437,325,991,,,,privat,programat
16726,42438,860,948,,,,privat,programat
16727,42440,867,684,,,,privat,programat
16728,42441,1764,247,,,,privat,programat
16729,42445,327,,,,,deschis,asteptare
16730,42449,919,1496,,,,privat,programat
16731,42453,1154,1153,,,,deschis,programat
16732,42457,1483,673,,,,privat,programat
16733,42461,1852,2471,,,,privat,programat
16734,42462,676,682,,,,deschis,programat
16735,42463,1868,125,,,,privat,programat
16736,42466,2208,,,,,deschis,asteptare
16737,42467,852,,,,,deschis,asteptare
16738,42469,288,772,,,,deschis,programat
16739,42475,1943,2282,,,,privat,programat
16740,42476,1350,1725,,,,privat,programat
16741,42480,23,1283,,,,privat,programat
16742,42482,1669,2087,,,,deschis,programat
16743,42484,127,,,,,deschis,asteptare
16744,42486,546,1285,,,,privat,programat
16745,42488,1836,1358,,,,privat,programat
16746,42489,2147,751,,,,privat,programat
16747,42492,2261,1270,,,,privat,programat
16748,42498,1715,335,,,,privat,programat
16749,42501,604,210,,,,privat,programat
16750,42504,923,1060,,,,privat,programat
16751,42505,1149,,,,,deschis,asteptare
16752,42506,2198,,,,,deschis,asteptare
16753,42507,1944,,,,,deschis,asteptare
16754,42509,434,1753,,,,privat,programat
16755,42512,1353,685,,,,privat,programat
16756,42517,2104,1727,,,,privat,programat
16757,42519,1994,1541,,,,privat,programat
16758,42528,828,2228,,,,privat,programat
16759,42531,651,869,,,,privat,programat
16760,42536,2361,348,,,,deschis,programat
16761,42538,676,1174,,,,privat,programat
16762,42539,1388,,,,,deschis,asteptare
16763,42542,1594,535,,,,privat,programat
16764,42544,820,778,,,,deschis,programat
16765,42545,2053,28,,,,deschis,programat
16766,42546,1611,244,,,,deschis,programat
16767,42547,490,1607,,,,privat,programat
16768,42550,729,160,,,,privat,programat
16769,42551,539,1744,,,,privat,programat
16770,42555,1858,1077,,,,privat,programat
16771,42557,326,222,,,,deschis,programat
16772,42561,1086,1852,,,,privat,programat
16773,42562,136,209,,,,privat,programat
16774,42564,285,,,,,deschis,asteptare
16775,42565,753,1859,,,,privat,programat
16776,42567,1524,609,,,,privat,programat
16777,42571,174,1394,,,,privat,programat
16778,42574,1029,420,,,,privat,programat
16779,42578,2243,300,,,,privat,programat
16780,42579,217,1688,,,,privat,programat
16781,42580,1210,,,,,deschis,asteptare
16782,42583,407,238,,,,privat,programat
16783,42589,2424,2068,,,,privat,programat
16784,42590,2220,1575,,,,deschis,programat
16785,42591,2080,1897,,,,privat,programat
16786,42592,2308,819,,,,privat,programat
16787,42593,614,1163,,,,privat,programat
16788,42594,1,630,,,,deschis,programat
16789,42597,434,1411,,,,privat,programat
16790,42600,2379,2376,,,,privat,programat
16791,42601,1263,556,,,,deschis,programat
16792,42604,2023,,,,,deschis,asteptare
16793,42608,2264,1611,,,,deschis,programat
16794,42613,948,2139,,,,privat,programat
16795,42616,699,1702,,,,privat,programat
16796,42619,359,,,,,deschis,asteptare
16797,42620,106,139,,,,privat,programat
16798,42621,227,817,,,,privat,programat
16799,42622,374,,,,,deschis,asteptare
16800,42626,835,1477,,,,privat,programat
16801,42627,1950,1185,,,,privat,programat
16802,42629,1394,,,,,deschis,asteptare
16803,42631,2033,2369,,,,privat,programat
16804,42633,1183,1543,,,,deschis,programat
16805,42637,2464,371,,,,privat,programat
16806,42640,961,1226,,,,privat,programat
16807,42642,2483,2190,,,,deschis,programat
16808,42646,72,,,,,deschis,asteptare
16809,42650,372,5,,,,deschis,programat
16810,42651,1103,1833,,,,privat,programat
16811,42653,1059,2095,,,,privat,programat
16812,42655,291,185,,,,privat,programat
16813,42658,2377,1120,,,,deschis,programat
16814,42659,1112,421,,,,privat,programat
16815,42660,61,2162,,,,privat,programat
16816,42663,872,594,,,,privat,programat
16817,42665,1232,227,,,,privat,programat
16818,42666,1129,803,,,,privat,programat
16819,42667,2295,741,,,,privat,programat
16820,42668,482,408,,,,privat,programat
16821,42670,1292,184,,,,privat,programat
16822,42673,884,1148,,,,privat,programat
16823,42674,1629,1428,,,,deschis,programat
16824,42680,1193,631,,,,privat,programat
16825,42682,1705,388,,,,privat,programat
16826,42685,2087,1213,,,,privat,programat
16827,42687,1643,68,,,,deschis,programat
16828,42692,2003,1461,,,,privat,programat
16829,42697,1853,1211,,,,privat,programat
16830,42699,2014,1892,,,,privat,programat
16831,42700,471,803,,,,deschis,programat
16832,42701,37,1029,,,,privat,programat
16833,42702,1421,682,,,,privat,programat
16834,42705,458,1270,,,,privat,programat
16835,42707,1605,1734,,,,deschis,programat
16836,42708,2267,601,,,,deschis,programat
16837,42709,2214,575,,,,privat,programat
16838,42710,1144,1687,,,,deschis,programat
16839,42711,1144,614,,,,deschis,programat
16840,42714,616,2324,,,,privat,programat
16841,42718,602,1543,,,,deschis,programat
16842,42721,469,2096,,,,privat,programat
16843,42726,1633,1539,,,,privat,programat
16844,42727,1758,1384,,,,privat,programat
16845,42729,244,1444,,,,privat,programat
16846,42732,2245,800,,,,privat,programat
16847,42735,1134,1988,,,,privat,programat
16848,42737,905,,,,,deschis,asteptare
16849,42738,1762,276,,,,privat,programat
16850,42739,1588,2090,,,,deschis,programat
16851,42741,1868,319,,,,privat,programat
16852,42744,1367,176,,,,deschis,programat
16853,42745,1798,794,,,,privat,programat
16854,42748,26,1845,,,,privat,programat
16855,42750,1115,986,,,,privat,programat
16856,42751,1265,2434,,,,deschis,programat
16857,42752,1745,1938,,,,privat,programat
16858,42757,1759,326,,,,privat,programat
16859,42759,1489,1960,,,,deschis,programat
16860,42760,2102,1149,,,,privat,programat
16861,42763,862,,,,,deschis,asteptare
16862,42765,1144,1687,,,,deschis,programat
16863,42769,1171,1408,,,,privat,programat
16864,42771,1797,1043,,,,deschis,programat
16865,42776,1424,1603,,,,privat,programat
16866,42783,1057,1602,,,,deschis,programat
16867,42784,2167,1997,,,,privat,programat
16868,42785,2232,,,,,deschis,asteptare
16869,42786,963,,,,,deschis,asteptare
16870,42791,1219,612,,,,privat,programat
16871,42792,1773,,,,,deschis,asteptare
16872,42793,1564,2317,,,,privat,programat
16873,42796,32,1047,,,,privat,programat
16874,42798,889,1011,,,,privat,programat
16875,42800,135,1319,,,,privat,programat
16876,42801,1811,1528,,,,privat,programat
16877,42802,185,1929,,,,privat,programat
16878,42803,2305,2433,,,,privat,programat
16879,42805,896,2298,,,,deschis,programat
16880,42806,1876,1211,,,,privat,programat
16881,42809,854,1323,,,,privat,programat
16882,42814,334,152,,,,deschis,programat
16883,42815,461,797,,,,privat,programat
16884,42817,2306,,,,,deschis,asteptare
16885,42820,2221,1533,,,,privat,programat
16886,42821,1231,52,,,,privat,programat
16887,42822,647,508,,,,deschis,programat
16888,42826,302,309,,,,privat,programat
16889,42827,1154,471,,,,deschis,programat
16890,42830,7,499,,,,privat,programat
16891,42832,560,56,,,,deschis,programat
16892,42841,447,,,,,deschis,asteptare
16893,42842,2213,1837,,,,privat,programat
16894,42843,2097,211,,,,privat,programat
16895,42844,2435,1014,,,,privat,programat
16896,42845,921,,,,,deschis,asteptare
16897,42846,2314,,,,,deschis,asteptare
16898,42849,2119,2463,,,,privat,programat
16899,42852,443,1062,,,,privat,programat
16900,42856,1171,1773,,,,privat,programat
16901,42858,464,,,,,deschis,asteptare
16902,42859,1263,1176,,,,deschis,programat
16903,42860,1849,2331,,,,privat,programat
16904,42862,194,1594,,,,privat,programat
16905,42863,2272,1981,,,,privat,programat
16906,42864,2053,,,,,deschis,asteptare
16907,42865,1926,2286,,,,privat,programat
16908,42871,120,683,,,,privat,programat
16909,42872,1987,1038,,,,deschis,programat
16910,42873,2041,651,,,,privat,programat
16911,42874,428,1723,,,,deschis,programat
16912,42878,1354,,,,,deschis,asteptare
16913,42880,325,2312,,,,privat,programat
16914,42881,1122,844,,,,privat,programat
16915,42882,1225,2265,,,,deschis,programat
16916,42883,2429,1983,,,,privat,programat
16917,42886,819,1269,,,,privat,programat
16918,42891,945,1305,,,,privat,programat
16919,42892,4,2147,,,,privat,programat
16920,42895,1796,181,,,,privat,programat
16921,42901,1946,,,,,deschis,asteptare
16922,42902,2406,198,,,,privat,programat
16923,42903,2281,,,,,deschis,asteptare
16924,42904,1204,597,,,,privat,programat
16925,42905,2371,,,,,deschis,asteptare
16926,42906,334,977,,,,deschis,programat
16927,42907,419,,,,,deschis,asteptare
16928,42910,529,1641,,,,privat,programat
16929,42912,1519,82,,,,privat,programat
16930,42915,2086,708,,,,privat,programat
16931,42916,279,1049,,,,privat,programat
16932,42920,734,1004,,,,privat,programat
16933,42923,1825,623,,,,privat,programat
16934,42924,523,,,,,deschis,asteptare
16935,42925,572,633,,,,privat,programat
16936,42927,1903,,,,,deschis,asteptare
16937,42928,28,936,,,,privat,programat
16938,42931,2191,1443,,,,deschis,programat
16939,42932,2235,1037,,,,privat,programat
16940,42936,2490,1642,,,,deschis,programat
16941,42937,753,838,,,,privat,programat
16942,42939,374,91,,,,privat,programat
16943,42943,560,195,,,,privat,programat
16944,42947,23,957,,,,privat,programat
16945,42949,1721,17,,,,deschis,programat
16946,42952,2176,637,,,,privat,programat
16947,42955,1702,,,,,deschis,asteptare
16948,42956,1711,1133,,,,privat,programat
16949,42957,626,512,,,,privat,programat
16950,42958,1583,1406,,,,deschis,programat
16951,42959,1261,2072,,,,privat,programat
16952,42960,2055,1123,,,,privat,programat
16953,42961,304,1859,,,,privat,programat
16954,42962,612,,,,,deschis,asteptare
16955,42963,819,1588,,,,deschis,programat
16956,42964,1361,817,,,,privat,programat
16957,42965,952,815,,,,deschis,programat
16958,42966,711,643,,,,deschis,programat
16959,42967,2299,,,,,deschis,asteptare
16960,42970,125,2430,,,,privat,programat
16961,42971,1610,2233,,,,privat,programat
16962,42973,1338,1590,,,,privat,programat
16963,42975,1291,715,,,,deschis,programat
16964,42976,2153,973,,,,deschis,programat
16965,42978,1807,855,,,,privat,programat
16966,42979,1952,1611,,,,deschis,programat
16967,42980,2155,590,,,,privat,programat
16968,42982,762,1897,,,,privat,programat
16969,42985,2308,,,,,deschis,asteptare
16970,42986,768,432,,,,deschis,programat
16971,42987,1354,1193,,,,privat,programat
16972,42989,1635,529,,,,privat,programat
16973,42990,2496,610,,,,privat,programat
16974,42991,1688,1729,,,,privat,programat
16975,42994,1191,2363,,,,privat,programat
16976,42999,2291,1952,,,,deschis,programat
16977,43000,507,331,,,,deschis,programat
16978,43001,748,1486,,,,privat,programat
16979,43004,1257,1139,,,,privat,programat
16980,43009,1002,1292,,,,privat,programat
16981,43010,1836,1228,,,,privat,programat
16982,43013,1171,1153,,,,deschis,programat
16983,43016,306,1228,,,,privat,programat
16984,43019,167,1696,,,,deschis,programat
16985,43027,958,808,,,,privat,programat
16986,43029,1941,,,,,deschis,asteptare
16987,43034,991,272,,,,privat,programat
16988,43037,1600,2403,,,,privat,programat
16989,43038,1764,427,,,,deschis,programat
16990,43039,95,1118,,,,privat,programat
16991,43040,1856,1660,,,,privat,programat
16992,43041,2160,,,,,deschis,asteptare
16993,43042,184,803,,,,deschis,programat
16994,43043,1946,2423,,,,deschis,programat
16995,43044,1361,494,,,,privat,programat
16996,43046,1155,2432,,,,privat,programat
16997,43047,2120,947,,,,privat,programat
16998,43053,798,496,,,,privat,programat
16999,43054,1509,773,,,,privat,programat
17000,43058,1939,2289,,,,deschis,programat
17001,43063,739,1571,,,,privat,programat
17002,43065,540,1806,,,,privat,programat
17003,43066,289,1883,,,,privat,programat
17004,43068,282,2425,,,,deschis,programat
17005,43073,955,261,,,,deschis,programat
17006,43075,261,1397,,,,privat,programat
17007,43077,239,2341,,,,privat,programat
17008,43078,2462,958,,,,privat,programat
17009,43079,2305,,,,,deschis,asteptare
17010,43086,399,2183,,,,privat,programat
17011,43087,2391,236,,,,privat,programat
17012,43090,2110,200,,,,privat,programat
17013,43092,809,1726,,,,privat,programat
17014,43094,51,2166,,,,privat,programat
17015,43096,1660,53,,,,privat,programat
17016,43100,2423,862,,,,privat,programat
17017,43105,2074,1783,,,,privat,programat
17018,43109,1358,2427,,,,privat,programat
17019,43113,828,2274,,,,privat,programat
17020,43115,790,1687,,,,privat,programat
17021,43117,1478,,,,,deschis,asteptare
17022,43119,820,1962,,,,deschis,programat
17023,43120,2150,2439,,,,deschis,programat
17024,43121,1156,1629,,,,privat,programat
17025,43122,1411,1524,,,,privat,programat
17026,43124,529,1456,,,,privat,programat
17027,43126,1756,227,,,,privat,programat
17028,43127,397,555,,,,privat,programat
17029,43128,1022,,,,,deschis,asteptare
17030,43132,1815,314,,,,privat,programat
17031,43135,2411,1962,,,,privat,programat
17032,43136,1255,1583,,,,privat,programat
17033,43145,808,2329,,,,privat,programat
17034,43146,255,743,,,,privat,programat
17035,43147,2369,2008,,,,privat,programat
17036,43148,1152,1578,,,,privat,programat
17037,43149,695,,,,,deschis,asteptare
17038,43150,1323,2362,,,,deschis,programat
17039,43151,1650,1745,,,,privat,programat
17040,43152,954,2193,,,,deschis,programat
17041,43153,197,2500,,,,privat,programat
17042,43154,1061,1048,,,,privat,programat
17043,43158,1535,414,,,,privat,programat
17044,43160,1566,887,,,,privat,programat
17045,43161,1623,556,,,,deschis,programat
17046,43166,1843,1007,,,,deschis,programat
17047,43170,1749,223,,,,deschis,programat
17048,43171,421,2332,,,,privat,programat
17049,43172,1158,399,,,,privat,programat
17050,43173,921,1975,,,,deschis,programat
17051,43176,853,2085,,,,privat,programat
17052,43177,1542,997,,,,privat,programat
17053,43179,2388,2277,,,,privat,programat
17054,43181,952,1047,,,,privat,programat
17055,43182,96,2214,,,,privat,programat
17056,43183,1354,1776,,,,deschis,programat
17057,43186,1442,2206,,,,privat,programat
17058,43194,2164,731,,,,privat,programat
17059,43196,346,,,,,deschis,asteptare
17060,43197,2172,1759,,,,privat,programat
17061,43198,1788,2296,,,,privat,programat
17062,43199,1844,2423,,,,privat,programat
17063,43202,2325,835,,,,deschis,programat
17064,43204,1941,1222,,,,deschis,programat
17065,43205,610,2496,,,,privat,programat
17066,43206,1155,2070,,,,privat,programat
17067,43208,553,1573,,,,privat,programat
17068,43209,2229,597,,,,privat,programat
17069,43212,71,1479,,,,privat,programat
17070,43217,2336,,,,,deschis,asteptare
17071,43218,1988,1871,,,,privat,programat
17072,43221,2465,1142,,,,privat,programat
17073,43222,779,688,,,,privat,programat
17074,43223,1808,446,,,,deschis,programat
17075,43229,2490,1046,,,,deschis,programat
17076,43230,32,21,,,,privat,programat
17077,43231,2463,500,,,,privat,programat
17078,43232,1965,2479,,,,privat,programat
17079,43236,846,2003,,,,deschis,programat
17080,43237,458,,,,,deschis,asteptare
17081,43238,737,1710,,,,privat,programat
17082,43240,2033,808,,,,deschis,programat
17083,43241,2309,1581,,,,privat,programat
17084,43242,170,1610,,,,privat,programat
17085,43243,881,671,,,,deschis,programat
17086,43245,496,,,,,deschis,asteptare
17087,43249,2269,1404,,,,deschis,programat
17088,43251,2480,59,,,,deschis,programat
17089,43252,2266,1883,,,,privat,programat
17090,43254,932,524,,,,deschis,programat
17091,43255,1507,229,,,,deschis,programat
17092,43259,7,2322,,,,privat,programat
17093,43261,802,518,,,,deschis,programat
17094,43262,2473,999,,,,privat,programat
17095,43264,138,,,,,deschis,asteptare
17096,43265,832,2377,,,,privat,programat
17097,43269,1437,2411,,,,privat,programat
17098,43270,578,1997,,,,privat,programat
17099,43272,1574,1848,,,,deschis,programat
17100,43275,321,978,,,,deschis,programat
17101,43276,2271,2263,,,,privat,programat
17102,43279,1397,1794,,,,privat,programat
17103,43284,1171,320,,,,privat,programat
17104,43287,1436,,,,,deschis,asteptare
17105,43294,239,1495,,,,privat,programat
17106,43295,2322,,,,,deschis,asteptare
17107,43296,889,2003,,,,privat,programat
17108,43297,1799,1987,,,,privat,programat
17109,43298,1183,1237,,,,deschis,programat
17110,43303,2379,2168,,,,privat,programat
17111,43306,560,125,,,,privat,programat
17112,43308,2498,339,,,,privat,programat
17113,43309,597,541,,,,privat,programat
17114,43310,2372,,,,,deschis,asteptare
17115,43311,26,1299,,,,privat,programat
17116,43313,2286,1088,,,,privat,programat
17117,43314,150,849,,,,privat,programat
17118,43318,2052,961,,,,privat,programat
17119,43322,1686,14,,,,deschis,programat
17120,43325,1221,1066,,,,privat,programat
17121,43326,626,,,,,deschis,asteptare
17122,43327,391,,,,,deschis,asteptare
17123,43328,627,1892,,,,privat,programat
17124,43333,1086,2198,,,,privat,programat
17125,43335,1503,2214,,,,privat,programat
17126,43341,1549,1163,,,,deschis,programat
17127,43344,2281,,,,,deschis,asteptare
17128,43345,1968,465,,,,privat,programat
17129,43348,2250,651,,,,privat,programat
17130,43349,1353,2062,,,,privat,programat
17131,43350,1218,1483,,,,privat,programat
17132,43352,1675,2367,,,,deschis,programat
17133,43353,1569,83,,,,privat,programat
17134,43354,690,1351,,,,privat,programat
17135,43356,1949,1014,,,,privat,programat
17136,43359,961,1480,,,,privat,programat
17137,43360,921,329,,,,privat,programat
17138,43361,2127,331,,,,privat,programat
17139,43363,1633,405,,,,privat,programat
17140,43368,388,2251,,,,deschis,programat
17141,43373,596,613,,,,privat,programat
17142,43375,2173,1284,,,,privat,programat
17143,43377,2235,2220,,,,privat,programat
17144,43378,1530,,,,,deschis,asteptare
17145,43384,2465,1028,,,,privat,programat
17146,43387,2479,1663,,,,privat,programat
17147,43388,1047,1417,,,,privat,programat
17148,43391,2225,688,,,,privat,programat
17149,43392,2423,1417,,,,privat,programat
17150,43394,1723,1318,,,,deschis,programat
17151,43395,1737,1731,,,,privat,programat
17152,43396,1367,215,,,,privat,programat
17153,43397,1566,,,,,deschis,asteptare
17154,43399,2231,650,,,,privat,programat
17155,43400,802,1430,,,,privat,programat
17156,43405,1303,2393,,,,privat,programat
17157,43409,2483,,,,,deschis,asteptare
17158,43412,334,1962,,,,deschis,programat
17159,43416,1410,253,,,,privat,programat
17160,43420,1055,941,,,,privat,programat
17161,43421,935,1814,,,,privat,programat
17162,43422,906,2469,,,,privat,programat
17163,43423,4,1123,,,,privat,programat
17164,43424,1321,1826,,,,privat,programat
17165,43426,1072,719,,,,privat,programat
17166,43432,1977,1965,,,,privat,programat
17167,43436,1195,,,,,deschis,asteptare
17168,43438,675,291,,,,privat,programat
17169,43439,1102,40,,,,deschis,programat
17170,43440,319,1777,,,,privat,programat
17171,43442,1442,176,,,,privat,programat
17172,43443,263,398,,,,privat,programat
17173,43446,1367,,,,,deschis,asteptare
17174,43447,802,1174,,,,privat,programat
17175,43453,937,1997,,,,privat,programat
17176,43455,1413,2036,,,,privat,programat
17177,43456,1480,1951,,,,deschis,programat
17178,43457,2237,638,,,,privat,programat
17179,43459,2091,1117,,,,deschis,programat
17180,43464,146,,,,,deschis,asteptare
17181,43466,551,1285,,,,deschis,programat
17182,43474,384,,,,,deschis,asteptare
17183,43477,2317,414,,,,privat,programat
17184,43481,2095,1337,,,,deschis,programat
17185,43482,651,169,,,,privat,programat
17186,43484,1941,239,,,,deschis,programat
17187,43485,1669,2268,,,,privat,programat
17188,43488,298,29,,,,privat,programat
17189,43489,1694,928,,,,deschis,programat
17190,43490,687,1922,,,,deschis,programat
17191,43497,1197,692,,,,deschis,programat
17192,43498,140,1272,,,,deschis,programat
17193,43500,2121,1081,,,,privat,programat
17194,43501,2438,2410,,,,privat,programat
17195,43505,644,,,,,deschis,asteptare
17196,43506,594,164,,,,deschis,programat
17197,43507,2338,933,,,,privat,programat
17198,43517,338,2191,,,,privat,programat
17199,43519,429,659,,,,privat,programat
17200,43520,698,303,,,,privat,programat
17201,43521,2336,588,,,,privat,programat
17202,43525,1144,1471,,,,privat,programat
17203,43527,2040,2350,,,,privat,programat
17204,43528,2396,1295,,,,privat,programat
17205,43529,529,643,,,,privat,programat
17206,43531,2164,,,,,deschis,asteptare
17207,43533,1244,1849,,,,privat,programat
17208,43535,1927,376,,,,deschis,programat
17209,43536,490,250,,,,deschis,programat
17210,43542,1539,1643,,,,privat,programat
17211,43546,285,572,,,,privat,programat
17212,43551,1399,255,,,,privat,programat
17213,43553,1534,,,,,deschis,asteptare
17214,43558,643,,,,,deschis,asteptare
17215,43559,1762,1753,,,,privat,programat
17216,43560,1965,1163,,,,deschis,programat
17217,43563,570,2327,,,,privat,programat
17218,43564,255,,,,,deschis,asteptare
17219,43565,23,2062,,,,privat,programat
17220,43567,1435,1605,,,,deschis,programat
17221,43573,1183,1791,,,,privat,programat
17222,43575,1528,,,,,deschis,asteptare
17223,43576,1631,947,,,,privat,programat
17224,43577,556,,,,,deschis,asteptare
17225,43580,2161,,,,,deschis,asteptare
17226,43581,966,2185,,,,privat,programat
17227,43582,370,2422,,,,privat,programat
17228,43583,1662,730,,,,privat,programat
17229,43592,2450,923,,,,privat,programat
17230,43598,610,,,,,deschis,asteptare
17231,43599,1179,458,,,,privat,programat
17232,43604,709,1884,,,,privat,programat
17233,43608,1937,2471,,,,privat,programat
17234,43610,1374,528,,,,deschis,programat
17235,43612,646,643,,,,privat,programat
17236,43615,106,1678,,,,deschis,programat
17237,43616,18,2379,,,,privat,programat
17238,43619,2098,1841,,,,privat,programat
17239,43621,2318,745,,,,privat,programat
17240,43624,729,1323,,,,deschis,programat
17241,43626,2245,2045,,,,deschis,programat
17242,43627,1068,983,,,,privat,programat
17243,43629,1526,1584,,,,privat,programat
17244,43630,1564,1785,,,,privat,programat
17245,43631,765,1354,,,,privat,programat
17246,43635,494,633,,,,privat,programat
17247,43636,2315,2055,,,,deschis,programat
17248,43640,2065,1636,,,,privat,programat
17249,43646,1688,573,,,,deschis,programat
17250,43649,1195,1811,,,,privat,programat
17251,43651,451,132,,,,privat,programat
17252,43662,1362,1601,,,,privat,programat
17253,43666,1991,643,,,,privat,programat
17254,43671,1024,640,,,,privat,programat
17255,43672,2301,957,,,,privat,programat
17256,43675,257,1263,,,,privat,programat
17257,43676,930,132,,,,privat,programat
17258,43678,1347,2318,,,,privat,programat
17259,43679,1207,973,,,,deschis,programat
17260,43682,1040,1815,,,,deschis,programat
17261,43686,873,1005,,,,privat,programat
17262,43687,331,1557,,,,privat,programat
17263,43690,1552,603,,,,deschis,programat
17264,43691,1692,1713,,,,privat,programat
17265,43692,1899,726,,,,privat,programat
17266,43694,505,445,,,,privat,programat
17267,43697,1947,572,,,,privat,programat
17268,43698,288,2348,,,,privat,programat
17269,43702,1379,1419,,,,privat,programat
17270,43703,2315,1022,,,,privat,programat
17271,43711,1868,1797,,,,privat,programat
17272,43714,1176,1673,,,,privat,programat
17273,43715,1424,1183,,,,deschis,programat
17274,43718,2261,499,,,,privat,programat
17275,43721,1581,1462,,,,privat,programat
17276,43724,1304,1987,,,,privat,programat
17277,43726,1516,8,,,,privat,programat
17278,43728,745,1605,,,,privat,programat
17279,43730,1997,2258,,,,privat,programat
17280,43731,1828,1384,,,,privat,programat
17281,43732,986,1234,,,,privat,programat
17282,43734,28,2481,,,,deschis,programat
17283,43737,637,223,,,,privat,programat
17284,43738,2148,1769,,,,privat,programat
17285,43740,710,,,,,deschis,asteptare
17286,43744,337,,,,,deschis,asteptare
17287,43745,1327,2205,,,,privat,programat
17288,43748,1764,2196,,,,deschis,programat
17289,43750,1134,1910,,,,privat,programat
17290,43751,571,1383,,,,privat,programat
17291,43752,2112,524,,,,privat,programat
17292,43753,2317,2055,,,,privat,programat
17293,43754,2490,768,,,,privat,programat
17294,43757,1844,633,,,,privat,programat
17295,43758,434,,,,,deschis,asteptare
17296,43763,167,529,,,,privat,programat
17297,43766,1610,1636,,,,deschis,programat
17298,43768,1522,1267,,,,deschis,programat
17299,43770,255,1381,,,,privat,programat
17300,43771,929,1534,,,,privat,programat
17301,43775,1821,1283,,,,privat,programat
17302,43778,497,83,,,,privat,programat
17303,43779,909,,,,,deschis,asteptare
17304,43780,744,1402,,,,privat,programat
17305,43783,986,1508,,,,privat,programat
17306,43786,953,1271,,,,privat,programat
17307,43787,2182,848,,,,privat,programat
17308,43791,699,382,,,,deschis,programat
17309,43796,459,275,,,,privat,programat
17310,43799,2024,485,,,,privat,programat
17311,43801,1,605,,,,privat,programat
17312,43803,2423,1619,,,,privat,programat
17313,43806,432,631,,,,privat,programat
17314,43808,1821,102,,,,deschis,programat
17315,43809,1581,2120,,,,privat,programat
17316,43810,1025,,,,,deschis,asteptare
17317,43812,187,2261,,,,deschis,programat
17318,43816,1126,676,,,,deschis,programat
17319,43817,2297,1439,,,,privat,programat
17320,43818,1244,,,,,deschis,asteptare
17321,43820,2283,200,,,,privat,programat
17322,43821,473,1437,,,,privat,programat
17323,43823,265,1609,,,,privat,programat
17324,43829,1396,2187,,,,privat,programat
17325,43831,1449,1012,,,,deschis,programat
17326,43832,143,1914,,,,deschis,programat
17327,43833,2200,2084,,,,privat,programat
17328,43835,668,1544,,,,privat,programat
17329,43836,586,2086,,,,deschis,programat
17330,43837,2086,1027,,,,privat,programat
17331,43838,906,296,,,,privat,programat
17332,43839,2147,,,,,deschis,asteptare
17333,43843,2147,1321,,,,privat,programat
17334,43846,2118,1953,,,,privat,programat
17335,43849,550,1549,,,,deschis,programat
17336,43852,1338,,,,,deschis,asteptare
17337,43854,257,1795,,,,deschis,programat
17338,43856,1430,,,,,deschis,asteptare
17339,43857,1810,802,,,,deschis,programat
17340,43858,610,1141,,,,deschis,programat
17341,43859,1987,1024,,,,privat,programat
17342,43862,2206,,,,,deschis,asteptare
17343,43863,7,2387,,,,deschis,programat
17344,43865,553,79,,,,privat,programat
17345,43866,2164,154,,,,deschis,programat
17346,43872,1104,946,,,,privat,programat
17347,43874,2313,569,,,,privat,programat
17348,43876,858,1765,,,,deschis,programat
17349,43877,2336,1362,,,,deschis,programat
17350,43879,919,455,,,,privat,programat
17351,43890,2010,671,,,,deschis,programat
17352,43891,17,1416,,,,privat,programat
17353,43893,2379,2017,,,,privat,programat
17354,43897,1758,1952,,,,privat,programat
17355,43905,1156,479,,,,deschis,programat
17356,43906,2437,,,,,deschis,asteptare
17357,43907,1533,2084,,,,deschis,programat
17358,43908,1147,2417,,,,deschis,programat
17359,43911,807,528,,,,privat,programat
17360,43913,443,2316,,,,deschis,programat
17361,43914,1606,1808,,,,privat,programat
17362,43918,2221,1959,,,,privat,programat
17363,43920,1619,434,,,,privat,programat
17364,43921,2444,1641,,,,privat,programat
17365,43924,316,1354,,,,privat,programat
17366,43929,551,903,,,,deschis,programat
17367,43930,741,1556,,,,privat,programat
17368,43931,76,1911,,,,privat,programat
17369,43933,458,628,,,,privat,programat
17370,43934,1414,2467,,,,privat,programat
17371,43936,2228,1046,,,,privat,programat
17372,43937,14,1225,,,,privat,programat
17373,43938,954,1055,,,,privat,programat
17374,43941,434,2212,,,,privat,programat
17375,43946,584,2493,,,,privat,programat
17376,43952,1798,2369,,,,deschis,programat
17377,43954,1749,1364,,,,privat,programat
17378,43955,1511,2110,,,,privat,programat
17379,43956,1552,2204,,,,privat,programat
17380,43959,1140,872,,,,deschis,programat
17381,43962,2482,2024,,,,privat,programat
17382,43963,664,2095,,,,privat,programat
17383,43966,373,315,,,,privat,programat
17384,43974,2053,2230,,,,privat,programat
17385,43976,2276,1248,,,,privat,programat
17386,43977,402,1035,,,,privat,programat
17387,43978,569,1677,,,,privat,programat
17388,43979,2038,1378,,,,privat,programat
17389,43980,569,1955,,,,privat,programat
17390,43982,1501,598,,,,deschis,programat
17391,43984,91,2111,,,,privat,programat
17392,43986,1228,1881,,,,privat,programat
17393,43989,300,464,,,,privat,programat
17394,43993,947,215,,,,privat,programat
17395,43996,690,2161,,,,deschis,programat
17396,43997,1347,2115,,,,privat,programat
17397,43998,773,655,,,,privat,programat
17398,44000,498,,,,,deschis,asteptare
17399,44004,2202,1445,,,,privat,programat
17400,44008,828,1639,,,,deschis,programat
17401,44009,1635,1753,,,,privat,programat
17402,44014,560,41,,,,privat,programat
17403,44019,211,1347,,,,privat,programat
17404,44023,2286,617,,,,privat,programat
17405,44027,1544,2381,,,,privat,programat
17406,44029,1022,1408,,,,privat,programat
17407,44032,2433,759,,,,privat,programat
17408,44033,1646,591,,,,privat,programat
17409,44034,17,493,,,,deschis,programat
17410,44036,1810,1141,,,,deschis,programat
17411,44037,176,2168,,,,privat,programat
17412,44041,1429,2435,,,,privat,programat
17413,44043,1115,1448,,,,privat,programat
17414,44048,691,898,,,,privat,programat
17415,44049,118,,,,,deschis,asteptare
17416,44054,1710,1353,,,,privat,programat
17417,44055,518,1462,,,,privat,programat
17418,44057,264,616,,,,privat,programat
17419,44059,2305,759,,,,deschis,programat
17420,44060,671,1811,,,,privat,programat
17421,44061,1845,1152,,,,privat,programat
17422,44062,2115,1815,,,,privat,programat
17423,44063,2452,498,,,,privat,programat
17424,44064,2073,1091,,,,privat,programat
17425,44065,2129,638,,,,privat,programat
17426,44068,972,516,,,,privat,programat
17427,44071,1268,1974,,,,privat,programat
17428,44072,1386,601,,,,privat,programat
17429,44079,2102,381,,,,privat,programat
17430,44082,1232,432,,,,privat,programat
17431,44085,600,198,,,,privat,programat
17432,44090,300,1775,,,,privat,programat
17433,44091,1044,1344,,,,privat,programat
17434,44092,392,19,,,,privat,programat
17435,44093,489,634,,,,privat,programat
17436,44094,2452,,,,,deschis,asteptare
17437,44095,986,1582,,,,deschis,programat
17438,44098,366,661,,,,privat,programat
17439,44108,434,2095,,,,privat,programat
17440,44113,682,393,,,,privat,programat
17441,44115,671,1998,,,,privat,programat
17442,44118,2249,2018,,,,privat,programat
17443,44119,1903,,,,,deschis,asteptare
17444,44122,2473,568,,,,privat,programat
17445,44123,1923,2253,,,,privat,programat
17446,44124,2275,695,,,,privat,programat
17447,44127,244,1513,,,,privat,programat
17448,44128,724,820,,,,privat,programat
17449,44130,1380,68,,,,privat,programat
17450,44131,1668,,,,,deschis,asteptare
17451,44132,133,899,,,,deschis,programat
17452,44133,784,,,,,deschis,asteptare
17453,44134,2083,346,,,,privat,programat
17454,44136,254,1556,,,,privat,programat
17455,44137,2349,706,,,,deschis,programat
17456,44140,463,2107,,,,privat,programat
17457,44141,269,1423,,,,deschis,programat
17458,44142,119,320,,,,privat,programat
17459,44143,517,1535,,,,privat,programat
17460,44147,1756,1696,,,,privat,programat
17461,44148,1201,1522,,,,deschis,programat
17462,44149,1932,1176,,,,deschis,programat
17463,44151,1381,2106,,,,deschis,programat
17464,44152,174,230,,,,privat,programat
17465,44154,1318,1263,,,,privat,programat
17466,44156,1102,1238,,,,privat,programat
17467,44157,2361,1212,,,,deschis,programat
17468,44158,2387,2369,,,,privat,programat
17469,44160,1187,535,,,,deschis,programat
17470,44162,127,376,,,,privat,programat
17471,44163,2052,,,,,deschis,asteptare
17472,44167,701,,,,,deschis,asteptare
17473,44168,284,1343,,,,privat,programat
17474,44169,613,378,,,,privat,programat
17475,44172,562,1382,,,,privat,programat
17476,44177,136,2427,,,,deschis,programat
17477,44179,167,1337,,,,privat,programat
17478,44181,2198,2497,,,,privat,programat
17479,44184,2465,287,,,,privat,programat
17480,44185,1524,803,,,,privat,programat
17481,44186,1178,196,,,,privat,programat
17482,44188,464,1093,,,,privat,programat
17483,44190,958,1723,,,,privat,programat
17484,44195,1664,1109,,,,privat,programat
17485,44199,74,2399,,,,privat,programat
17486,44200,355,1542,,,,deschis,programat
17487,44201,1725,326,,,,privat,programat
17488,44202,2131,2347,,,,deschis,programat
17489,44203,850,627,,,,privat,programat
17490,44204,137,2174,,,,privat,programat
17491,44205,933,,,,,deschis,asteptare
17492,44206,1036,209,,,,privat,programat
17493,44207,950,1490,,,,privat,programat
17494,44211,119,2147,,,,privat,programat
17495,44215,1388,,,,,deschis,asteptare
17496,44220,1941,2387,,,,privat,programat
17497,44228,122,1541,,,,deschis,programat
17498,44229,1664,124,,,,deschis,programat
17499,44230,1547,1380,,,,privat,programat
17500,44231,191,1349,,,,privat,programat
17501,44233,1757,1912,,,,privat,programat
17502,44234,1571,1626,,,,privat,programat
17503,44239,177,197,,,,privat,programat
17504,44240,1532,100,,,,deschis,programat
17505,44242,1808,1171,,,,deschis,programat
17506,44247,1511,317,,,,privat,programat
17507,44249,683,1959,,,,privat,programat
17508,44250,53,708,,,,deschis,programat
17509,44252,1,2108,,,,deschis,programat
17510,44253,786,1130,,,,privat,programat
17511,44254,1983,636,,,,privat,programat
17512,44257,513,1468,,,,deschis,programat
17513,44258,1329,,,,,deschis,asteptare
17514,44259,2001,445,,,,privat,programat
