id_istoric,id_jucator,id_meci,rating_inainte,rating_dupa,data
1,1599,2,1457,1446,2026-02-06 21:00:00
2,1364,2,1498,1509,2026-02-06 21:00:00
3,1618,3,1315,1313,2026-02-06 21:00:00
4,225,3,1729,1731,2026-02-06 21:00:00
5,2081,4,1131,1125,2026-02-07 01:00:00
6,2226,4,1338,1344,2026-02-07 01:00:00
7,2081,5,1125,1120,2026-02-07 01:00:00
8,2226,5,1344,1349,2026-02-07 01:00:00
9,1428,6,1858,1860,2026-02-07 11:00:00
10,741,6,1402,1400,2026-02-07 11:00:00
11,2226,8,1349,1354,2026-02-07 22:00:00
12,2081,8,1120,1115,2026-02-07 22:00:00
13,28,9,1722,1713,2026-02-08 12:00:00
14,1039,9,1822,1831,2026-02-08 12:00:00
15,28,10,1713,1722,2026-02-08 17:00:00
16,1918,10,1610,1601,2026-02-08 17:00:00
17,28,12,1722,1730,2026-02-08 22:00:00
18,1918,12,1601,1593,2026-02-08 22:00:00
19,1428,13,1860,1861,2026-02-08 23:00:00
20,741,13,1400,1399,2026-02-08 23:00:00
21,787,14,1672,1675,2026-02-09 17:00:00
22,536,14,1349,1346,2026-02-09 17:00:00
23,1599,15,1446,1463,2026-02-09 21:00:00
24,1918,15,1593,1577,2026-02-09 21:00:00
25,67,16,1288,1280,2026-02-09 23:00:00
26,741,16,1399,1407,2026-02-09 23:00:00
27,28,17,1730,1721,2026-02-10 17:00:00
28,1039,17,1831,1839,2026-02-10 17:00:00
29,1700,18,2013,2014,2026-02-10 17:00:00
30,1599,18,1463,1462,2026-02-10 17:00:00
31,646,20,1292,1282,2026-02-11 10:00:00
32,536,20,1346,1356,2026-02-11 10:00:00
33,744,22,1758,1768,2026-02-11 22:00:00
34,171,22,1686,1676,2026-02-11 22:00:00
35,1618,23,1313,1311,2026-02-12 01:00:00
36,225,23,1731,1733,2026-02-12 01:00:00
37,1886,24,1748,1731,2026-02-12 17:00:00
38,2163,24,1600,1617,2026-02-12 17:00:00
39,1401,25,1413,1410,2026-02-12 18:00:00
40,869,25,1769,1772,2026-02-12 18:00:00
41,787,26,1675,1665,2026-02-12 20:00:00
42,1261,26,1732,1742,2026-02-12 20:00:00
43,2169,27,1606,1610,2026-02-13 11:00:00
44,311,27,1314,1310,2026-02-13 11:00:00
45,744,28,1768,1776,2026-02-13 11:00:00
46,171,28,1676,1668,2026-02-13 11:00:00
47,744,34,1776,1785,2026-02-13 20:00:00
48,171,34,1668,1659,2026-02-13 20:00:00
49,269,35,1356,1348,2026-02-13 22:00:00
50,1748,35,1471,1479,2026-02-13 22:00:00
51,1401,36,1410,1408,2026-02-13 23:00:00
52,869,36,1772,1774,2026-02-13 23:00:00
53,2095,39,1566,1553,2026-02-14 12:00:00
54,1028,39,1531,1544,2026-02-14 12:00:00
55,2095,40,1553,1564,2026-02-14 16:00:00
56,1028,40,1544,1533,2026-02-14 16:00:00
57,869,41,1774,1776,2026-02-14 16:00:00
58,311,41,1310,1309,2026-02-14 16:00:00
59,787,42,1665,1673,2026-02-14 17:00:00
60,1028,42,1533,1525,2026-02-14 17:00:00
61,1345,43,1539,1522,2026-02-14 19:00:00
62,938,43,1393,1410,2026-02-14 19:00:00
63,869,45,1776,1777,2026-02-14 21:00:00
64,311,45,1309,1307,2026-02-14 21:00:00
65,787,47,1673,1680,2026-02-14 23:00:00
66,1028,47,1525,1518,2026-02-14 23:00:00
67,311,48,1307,1323,2026-02-14 23:00:00
68,1401,48,1408,1392,2026-02-14 23:00:00
69,2095,50,1564,1575,2026-02-15 12:00:00
70,1028,50,1518,1507,2026-02-15 12:00:00
71,1053,51,1707,1713,2026-02-15 12:00:00
72,1364,51,1509,1503,2026-02-15 12:00:00
73,1579,53,1444,1440,2026-02-15 16:00:00
74,225,53,1733,1737,2026-02-15 16:00:00
75,269,54,1348,1362,2026-02-15 18:00:00
76,979,54,1407,1393,2026-02-15 18:00:00
77,1687,56,2060,2061,2026-02-15 20:00:00
78,2095,56,1575,1574,2026-02-15 20:00:00
79,646,57,1282,1272,2026-02-15 20:00:00
80,536,57,1356,1365,2026-02-15 20:00:00
81,2452,58,1583,1591,2026-02-15 20:00:00
82,1621,58,1459,1451,2026-02-15 20:00:00
83,76,59,1745,1737,2026-02-15 20:00:00
84,1428,59,1861,1869,2026-02-15 20:00:00
85,536,60,1365,1358,2026-02-15 21:00:00
86,1028,60,1507,1515,2026-02-15 21:00:00
87,1918,61,1577,1585,2026-02-15 21:00:00
88,1621,61,1451,1443,2026-02-15 21:00:00
89,1748,62,1479,1488,2026-02-15 21:00:00
90,979,62,1393,1384,2026-02-15 21:00:00
91,442,63,1483,1476,2026-02-15 22:00:00
92,186,63,1622,1629,2026-02-15 22:00:00
93,76,64,1737,1729,2026-02-16 01:00:00
94,1428,64,1869,1877,2026-02-16 01:00:00
95,744,65,1785,1793,2026-02-16 17:00:00
96,171,65,1659,1651,2026-02-16 17:00:00
97,1028,66,1515,1505,2026-02-16 18:00:00
98,2095,66,1574,1583,2026-02-16 18:00:00
99,1028,67,1505,1519,2026-02-16 20:00:00
100,2095,67,1583,1569,2026-02-16 20:00:00
101,869,68,1777,1784,2026-02-16 22:00:00
102,2169,68,1610,1603,2026-02-16 22:00:00
103,186,69,1629,1635,2026-02-17 13:00:00
104,1445,69,1403,1398,2026-02-17 13:00:00
105,979,70,1384,1376,2026-02-17 13:00:00
106,197,70,1516,1524,2026-02-17 13:00:00
107,197,71,1524,1510,2026-02-17 18:00:00
108,1748,71,1488,1501,2026-02-17 18:00:00
109,2226,72,1354,1351,2026-02-17 19:00:00
110,1119,72,1668,1671,2026-02-17 19:00:00
111,979,73,1376,1369,2026-02-17 20:00:00
112,197,73,1510,1518,2026-02-17 20:00:00
113,536,74,1358,1367,2026-02-17 21:00:00
114,646,74,1272,1263,2026-02-17 21:00:00
115,869,75,1784,1786,2026-02-17 21:00:00
116,311,75,1323,1321,2026-02-17 21:00:00
117,2435,76,1268,1256,2026-02-17 21:00:00
118,2063,76,1270,1282,2026-02-17 21:00:00
119,646,77,1263,1255,2026-02-17 22:00:00
120,536,77,1367,1376,2026-02-17 22:00:00
121,1028,78,1519,1533,2026-02-17 23:00:00
122,2095,78,1569,1555,2026-02-17 23:00:00
123,76,79,1729,1722,2026-02-18 12:00:00
124,1428,79,1877,1884,2026-02-18 12:00:00
125,2452,80,1591,1583,2026-02-18 15:00:00
126,28,80,1721,1729,2026-02-18 15:00:00
127,1574,82,1751,1760,2026-02-18 20:00:00
128,1752,82,1656,1647,2026-02-18 20:00:00
129,869,83,1786,1788,2026-02-18 22:00:00
130,1401,83,1392,1390,2026-02-18 22:00:00
131,741,85,1407,1418,2026-02-19 16:00:00
132,1252,85,1363,1353,2026-02-19 16:00:00
133,744,86,1793,1773,2026-02-19 18:00:00
134,911,86,1541,1560,2026-02-19 18:00:00
135,1401,87,1390,1400,2026-02-19 20:00:00
136,311,87,1321,1311,2026-02-19 20:00:00
137,869,88,1788,1790,2026-02-19 22:00:00
138,1401,88,1400,1397,2026-02-19 22:00:00
139,1820,90,1306,1299,2026-02-19 22:00:00
140,1621,90,1443,1451,2026-02-19 22:00:00
141,1766,91,1215,1225,2026-02-20 13:00:00
142,1906,91,1156,1146,2026-02-20 13:00:00
143,1252,92,1353,1343,2026-02-20 17:00:00
144,741,92,1418,1427,2026-02-20 17:00:00
145,2063,94,1282,1274,2026-02-20 19:00:00
146,938,94,1410,1418,2026-02-20 19:00:00
147,1401,96,1397,1395,2026-02-20 20:00:00
148,869,96,1790,1793,2026-02-20 20:00:00
149,979,97,1369,1362,2026-02-20 20:00:00
150,197,97,1518,1525,2026-02-20 20:00:00
151,2169,98,1603,1621,2026-02-20 21:00:00
152,869,98,1793,1775,2026-02-20 21:00:00
153,869,99,1775,1776,2026-02-20 22:00:00
154,1710,99,1294,1293,2026-02-20 22:00:00
155,2095,102,1555,1566,2026-02-21 17:00:00
156,1028,102,1533,1522,2026-02-21 17:00:00
157,1579,104,1440,1448,2026-02-21 17:00:00
158,1618,104,1311,1303,2026-02-21 17:00:00
159,269,105,1362,1354,2026-02-21 17:00:00
160,1748,105,1501,1509,2026-02-21 17:00:00
161,1428,106,1884,1891,2026-02-21 18:00:00
162,76,106,1722,1715,2026-02-21 18:00:00
163,2095,107,1566,1558,2026-02-21 21:00:00
164,787,107,1680,1688,2026-02-21 21:00:00
165,643,108,1508,1501,2026-02-21 21:00:00
166,2180,108,1676,1683,2026-02-21 21:00:00
167,1599,109,1462,1478,2026-02-21 21:00:00
168,2452,109,1583,1567,2026-02-21 21:00:00
169,1918,111,1585,1588,2026-02-21 23:00:00
170,1820,111,1299,1295,2026-02-21 23:00:00
171,646,112,1255,1252,2026-02-22 10:00:00
172,1986,112,1616,1619,2026-02-22 10:00:00
173,1687,115,2061,2062,2026-02-22 16:00:00
174,646,115,1252,1252,2026-02-22 16:00:00
175,911,117,1560,1552,2026-02-22 17:00:00
176,2096,117,1680,1688,2026-02-22 17:00:00
177,1345,118,1522,1514,2026-02-22 17:00:00
178,171,118,1651,1659,2026-02-22 17:00:00
179,2163,119,1617,1624,2026-02-22 17:00:00
180,1683,119,1478,1471,2026-02-22 17:00:00
181,1401,120,1395,1392,2026-02-22 18:00:00
182,1961,120,1727,1730,2026-02-22 18:00:00
183,869,122,1776,1762,2026-02-22 19:00:00
184,1961,122,1730,1744,2026-02-22 19:00:00
185,536,123,1376,1368,2026-02-22 20:00:00
186,643,123,1501,1509,2026-02-22 20:00:00
187,2435,124,1256,1269,2026-02-22 20:00:00
188,2063,124,1274,1262,2026-02-22 20:00:00
189,28,125,1729,1710,2026-02-22 21:00:00
190,1364,125,1503,1522,2026-02-22 21:00:00
191,442,126,1476,1461,2026-02-22 21:00:00
192,1445,126,1398,1413,2026-02-22 21:00:00
193,2095,128,1558,1568,2026-02-22 22:00:00
194,643,128,1509,1499,2026-02-22 22:00:00
195,787,129,1688,1678,2026-02-22 23:00:00
196,1261,129,1742,1752,2026-02-22 23:00:00
197,2452,131,1567,1563,2026-02-22 23:00:00
198,1039,131,1839,1843,2026-02-22 23:00:00
199,1839,132,1405,1412,2026-02-23 16:00:00
200,2063,132,1262,1254,2026-02-23 16:00:00
201,1579,133,1448,1458,2026-02-23 18:00:00
202,20,133,1401,1391,2026-02-23 18:00:00
203,2435,134,1269,1262,2026-02-23 19:00:00
204,938,134,1418,1425,2026-02-23 19:00:00
205,2129,135,1021,1019,2026-02-23 19:00:00
206,1599,135,1478,1480,2026-02-23 19:00:00
207,2169,136,1621,1626,2026-02-23 20:00:00
208,1401,136,1392,1387,2026-02-23 20:00:00
209,2129,137,1019,1019,2026-02-23 20:00:00
210,28,137,1710,1711,2026-02-23 20:00:00
211,225,138,1737,1745,2026-02-23 20:00:00
212,1080,138,1624,1616,2026-02-23 20:00:00
213,1603,141,1524,1515,2026-02-24 16:00:00
214,2169,141,1626,1635,2026-02-24 16:00:00
215,938,142,1425,1413,2026-02-24 17:00:00
216,1303,142,1447,1458,2026-02-24 17:00:00
217,615,143,1608,1615,2026-02-24 17:00:00
218,1303,143,1458,1451,2026-02-24 17:00:00
219,1886,144,1731,1740,2026-02-24 17:00:00
220,2163,144,1624,1616,2026-02-24 17:00:00
221,816,145,1802,1798,2026-02-24 18:00:00
222,1687,145,2062,2066,2026-02-24 18:00:00
223,1401,146,1387,1382,2026-02-24 18:00:00
224,2169,146,1635,1639,2026-02-24 18:00:00
225,269,148,1354,1343,2026-02-24 18:00:00
226,979,148,1362,1373,2026-02-24 18:00:00
227,1053,149,1713,1696,2026-02-24 19:00:00
228,2452,149,1563,1580,2026-02-24 19:00:00
229,1364,150,1522,1536,2026-02-24 19:00:00
230,1918,150,1588,1574,2026-02-24 19:00:00
231,741,151,1427,1435,2026-02-24 19:00:00
232,67,151,1280,1273,2026-02-24 19:00:00
233,643,152,1499,1507,2026-02-24 20:00:00
234,536,152,1368,1360,2026-02-24 20:00:00
235,1621,153,1451,1443,2026-02-24 20:00:00
236,1918,153,1574,1582,2026-02-24 20:00:00
237,76,154,1715,1719,2026-02-24 20:00:00
238,741,154,1435,1431,2026-02-24 20:00:00
239,1603,155,1515,1508,2026-02-24 21:00:00
240,2169,155,1639,1647,2026-02-24 21:00:00
241,615,156,1615,1624,2026-02-24 21:00:00
242,1345,156,1514,1506,2026-02-24 21:00:00
243,869,157,1762,1774,2026-02-24 22:00:00
244,1961,157,1744,1732,2026-02-24 22:00:00
245,2109,158,1442,1434,2026-02-25 10:00:00
246,911,158,1552,1561,2026-02-25 10:00:00
247,474,160,1403,1395,2026-02-25 13:00:00
248,1451,160,1534,1542,2026-02-25 13:00:00
249,979,161,1373,1360,2026-02-25 15:00:00
250,269,161,1343,1356,2026-02-25 15:00:00
251,1961,162,1732,1741,2026-02-25 16:00:00
252,2169,162,1647,1638,2026-02-25 16:00:00
253,916,163,1225,1215,2026-02-25 16:00:00
254,1710,163,1293,1302,2026-02-25 16:00:00
255,988,164,1888,1892,2026-02-25 17:00:00
256,1080,164,1616,1612,2026-02-25 17:00:00
257,1261,165,1752,1738,2026-02-25 18:00:00
258,2180,165,1683,1697,2026-02-25 18:00:00
259,1599,166,1480,1467,2026-02-25 19:00:00
260,1621,166,1443,1456,2026-02-25 19:00:00
261,1825,167,1523,1515,2026-02-25 19:00:00
262,186,167,1635,1643,2026-02-25 19:00:00
263,2169,169,1638,1643,2026-02-25 21:00:00
264,1401,169,1382,1378,2026-02-25 21:00:00
265,1599,171,1467,1454,2026-02-25 21:00:00
266,1621,171,1456,1468,2026-02-25 21:00:00
267,1820,172,1295,1291,2026-02-25 21:00:00
268,1918,172,1582,1586,2026-02-25 21:00:00
269,1364,176,1536,1545,2026-02-25 22:00:00
270,1599,176,1454,1445,2026-02-25 22:00:00
271,1687,180,2066,2070,2026-02-26 16:00:00
272,159,180,1770,1766,2026-02-26 16:00:00
273,1687,181,2070,2073,2026-02-26 16:00:00
274,159,181,1766,1763,2026-02-26 16:00:00
275,1762,182,1448,1438,2026-02-26 18:00:00
276,643,182,1507,1517,2026-02-26 18:00:00
277,334,185,1527,1516,2026-02-26 20:00:00
278,1364,185,1545,1557,2026-02-26 20:00:00
279,1631,187,1827,1837,2026-02-26 21:00:00
280,869,187,1774,1764,2026-02-26 21:00:00
281,615,188,1624,1617,2026-02-26 22:00:00
282,744,188,1773,1780,2026-02-26 22:00:00
283,76,189,1719,1726,2026-02-26 23:00:00
284,1282,189,1561,1554,2026-02-26 23:00:00
285,2005,190,1830,1840,2026-02-27 11:00:00
286,744,190,1780,1770,2026-02-27 11:00:00
287,2063,191,1254,1252,2026-02-27 12:00:00
288,171,191,1659,1661,2026-02-27 12:00:00
289,646,192,1252,1243,2026-02-27 13:00:00
290,536,192,1360,1369,2026-02-27 13:00:00
291,1748,194,1509,1525,2026-02-27 14:00:00
292,1000,194,1638,1622,2026-02-27 14:00:00
293,1825,195,1515,1523,2026-02-27 15:00:00
294,1445,195,1413,1404,2026-02-27 15:00:00
295,1986,196,1619,1609,2026-02-27 16:00:00
296,2180,196,1697,1706,2026-02-27 16:00:00
297,1631,197,1837,1846,2026-02-27 16:00:00
298,1961,197,1741,1733,2026-02-27 16:00:00
299,1762,198,1438,1430,2026-02-27 17:00:00
300,2095,198,1568,1576,2026-02-27 17:00:00
301,1961,199,1733,1724,2026-02-27 17:00:00
302,1631,199,1846,1854,2026-02-27 17:00:00
303,1080,200,1612,1619,2026-02-27 17:00:00
304,1579,200,1458,1451,2026-02-27 17:00:00
305,2169,201,1643,1633,2026-02-27 19:00:00
306,1961,201,1724,1734,2026-02-27 19:00:00
307,869,202,1764,1755,2026-02-27 19:00:00
308,1631,202,1854,1863,2026-02-27 19:00:00
309,2452,203,1580,1567,2026-02-27 19:00:00
310,1364,203,1557,1569,2026-02-27 19:00:00
311,1609,206,1292,1280,2026-02-27 20:00:00
312,1820,206,1291,1303,2026-02-27 20:00:00
313,1252,207,1343,1352,2026-02-27 20:00:00
314,67,207,1273,1263,2026-02-27 20:00:00
315,2454,208,1563,1578,2026-02-27 20:00:00
316,1544,208,1645,1630,2026-02-27 20:00:00
317,787,209,1678,1687,2026-02-27 21:00:00
318,450,209,1590,1581,2026-02-27 21:00:00
319,643,210,1517,1524,2026-02-27 21:00:00
320,536,210,1369,1361,2026-02-27 21:00:00
321,787,211,1687,1696,2026-02-27 21:00:00
322,1986,211,1609,1600,2026-02-27 21:00:00
323,869,212,1755,1746,2026-02-27 21:00:00
324,1631,212,1863,1871,2026-02-27 21:00:00
325,646,214,1243,1237,2026-02-27 22:00:00
326,1762,214,1430,1436,2026-02-27 22:00:00
327,787,215,1696,1705,2026-02-27 22:00:00
328,1986,215,1600,1591,2026-02-27 22:00:00
329,1631,216,1871,1879,2026-02-27 22:00:00
330,869,216,1746,1738,2026-02-27 22:00:00
331,2095,218,1576,1583,2026-02-27 23:00:00
332,1062,218,1411,1404,2026-02-27 23:00:00
333,334,219,1516,1509,2026-02-27 23:00:00
334,1053,219,1696,1702,2026-02-27 23:00:00
335,2454,220,1578,1564,2026-02-27 23:00:00
336,197,220,1525,1539,2026-02-27 23:00:00
337,67,222,1263,1254,2026-02-28 00:00:00
338,1252,222,1352,1361,2026-02-28 00:00:00
339,1708,224,1748,1763,2026-02-28 12:00:00
340,1039,224,1843,1828,2026-02-28 12:00:00
341,2095,226,1583,1590,2026-02-28 14:00:00
342,1762,226,1436,1429,2026-02-28 14:00:00
343,1401,227,1378,1387,2026-02-28 14:00:00
344,1710,227,1302,1293,2026-02-28 14:00:00
345,1918,229,1586,1595,2026-02-28 14:00:00
346,2434,229,1511,1502,2026-02-28 14:00:00
347,1748,230,1525,1520,2026-02-28 14:00:00
348,1897,230,1751,1756,2026-02-28 14:00:00
349,334,232,1509,1499,2026-02-28 15:00:00
350,1364,232,1569,1579,2026-02-28 15:00:00
351,1282,233,1554,1562,2026-02-28 15:00:00
352,741,233,1431,1423,2026-02-28 15:00:00
353,197,234,1539,1554,2026-02-28 15:00:00
354,1000,234,1622,1607,2026-02-28 15:00:00
355,2225,235,2194,2178,2026-02-28 17:00:00
356,1687,235,2073,2089,2026-02-28 17:00:00
357,28,236,1711,1712,2026-02-28 18:00:00
358,1609,236,1280,1278,2026-02-28 18:00:00
359,2452,237,1567,1556,2026-02-28 18:00:00
360,1364,237,1579,1591,2026-02-28 18:00:00
361,1839,240,1412,1408,2026-02-28 19:00:00
362,199,240,1678,1682,2026-02-28 19:00:00
363,869,242,1738,1726,2026-02-28 20:00:00
364,1961,242,1734,1746,2026-02-28 20:00:00
365,938,244,1413,1422,2026-02-28 20:00:00
366,2262,244,1314,1305,2026-02-28 20:00:00
367,1917,245,1723,1736,2026-02-28 20:00:00
368,1685,245,1760,1747,2026-02-28 20:00:00
369,646,246,1237,1231,2026-02-28 21:00:00
370,1762,246,1429,1435,2026-02-28 21:00:00
371,197,247,1554,1566,2026-02-28 21:00:00
372,2454,247,1564,1552,2026-02-28 21:00:00
373,1961,248,1746,1757,2026-02-28 22:00:00
374,869,248,1726,1715,2026-02-28 22:00:00
375,536,249,1361,1352,2026-02-28 23:00:00
376,1762,249,1435,1445,2026-02-28 23:00:00
377,787,250,1705,1713,2026-02-28 23:00:00
378,1986,250,1591,1583,2026-02-28 23:00:00
379,1839,251,1408,1398,2026-02-28 23:00:00
380,1303,251,1451,1462,2026-02-28 23:00:00
381,2026,252,1607,1599,2026-02-28 23:00:00
382,1886,252,1740,1747,2026-02-28 23:00:00
383,736,253,1448,1460,2026-03-01 01:00:00
384,1579,253,1451,1439,2026-03-01 01:00:00
385,1762,255,1445,1437,2026-03-01 12:00:00
386,1986,255,1583,1590,2026-03-01 12:00:00
387,643,256,1524,1533,2026-03-01 14:00:00
388,1762,256,1437,1428,2026-03-01 14:00:00
389,1886,257,1747,1760,2026-03-01 14:00:00
390,1574,257,1760,1747,2026-03-01 14:00:00
391,1364,258,1591,1600,2026-03-01 15:00:00
392,334,258,1499,1490,2026-03-01 15:00:00
393,1028,260,1522,1526,2026-03-01 16:00:00
394,646,260,1231,1228,2026-03-01 16:00:00
395,1961,262,1757,1768,2026-03-01 17:00:00
396,869,262,1715,1704,2026-03-01 17:00:00
397,916,263,1215,1213,2026-03-01 17:00:00
398,2169,263,1633,1635,2026-03-01 17:00:00
399,1282,264,1562,1569,2026-03-01 17:00:00
400,741,264,1423,1415,2026-03-01 17:00:00
401,1839,265,1398,1405,2026-03-01 18:00:00
402,2063,265,1252,1245,2026-03-01 18:00:00
403,2149,267,1338,1330,2026-03-01 18:00:00
404,442,267,1461,1469,2026-03-01 18:00:00
405,787,269,1713,1721,2026-03-01 21:00:00
406,1986,269,1590,1583,2026-03-01 21:00:00
407,911,270,1561,1553,2026-03-01 21:00:00
408,2096,270,1688,1696,2026-03-01 21:00:00
409,643,271,1533,1529,2026-03-01 22:00:00
410,816,271,1798,1802,2026-03-01 22:00:00
411,1445,272,1404,1396,2026-03-01 22:00:00
412,1825,272,1523,1531,2026-03-01 22:00:00
413,1471,274,2028,2018,2026-03-02 00:00:00
414,1687,274,2089,2099,2026-03-02 00:00:00
415,2095,275,1590,1600,2026-03-02 01:00:00
416,1028,275,1526,1516,2026-03-02 01:00:00
417,966,277,1497,1482,2026-03-02 13:00:00
418,1839,277,1405,1420,2026-03-02 13:00:00
419,737,279,1519,1507,2026-03-02 16:00:00
420,1603,279,1508,1520,2026-03-02 16:00:00
421,1708,281,1763,1748,2026-03-02 17:00:00
422,873,281,1658,1674,2026-03-02 17:00:00
423,916,283,1213,1229,2026-03-02 18:00:00
424,311,283,1311,1296,2026-03-02 18:00:00
425,2262,284,1305,1292,2026-03-02 20:00:00
426,2435,284,1262,1275,2026-03-02 20:00:00
427,28,285,1712,1726,2026-03-02 20:00:00
428,1708,285,1748,1734,2026-03-02 20:00:00
429,816,286,1802,1812,2026-03-02 21:00:00
430,1261,286,1738,1728,2026-03-02 21:00:00
431,2348,287,1307,1298,2026-03-02 21:00:00
432,1062,287,1404,1413,2026-03-02 21:00:00
433,988,290,1892,1899,2026-03-02 21:00:00
434,1685,290,1747,1739,2026-03-02 21:00:00
435,615,292,1617,1607,2026-03-02 22:00:00
436,2096,292,1696,1705,2026-03-02 22:00:00
437,707,294,1379,1387,2026-03-02 22:00:00
438,1854,294,1252,1244,2026-03-02 22:00:00
439,1708,296,1734,1745,2026-03-03 13:00:00
440,1053,296,1702,1691,2026-03-03 13:00:00
441,816,297,1812,1821,2026-03-03 17:00:00
442,787,297,1721,1712,2026-03-03 17:00:00
443,2169,298,1635,1620,2026-03-03 18:00:00
444,1603,298,1520,1536,2026-03-03 18:00:00
445,450,300,1581,1585,2026-03-03 19:00:00
446,2348,300,1298,1294,2026-03-03 19:00:00
447,737,301,1507,1498,2026-03-03 19:00:00
448,2169,301,1620,1628,2026-03-03 19:00:00
449,869,302,1704,1714,2026-03-03 19:00:00
450,2169,302,1628,1618,2026-03-03 19:00:00
451,2169,305,1618,1611,2026-03-03 21:00:00
452,1961,305,1768,1775,2026-03-03 21:00:00
453,643,306,1529,1518,2026-03-03 22:00:00
454,1986,306,1583,1593,2026-03-03 22:00:00
455,873,308,1674,1682,2026-03-03 23:00:00
456,2452,308,1556,1547,2026-03-03 23:00:00
457,1428,309,1891,1898,2026-03-04 12:00:00
458,76,309,1726,1719,2026-03-04 12:00:00
459,240,310,1637,1621,2026-03-04 13:00:00
460,656,310,1503,1519,2026-03-04 13:00:00
461,1530,312,1584,1576,2026-03-04 16:00:00
462,76,312,1719,1727,2026-03-04 16:00:00
463,2452,313,1547,1537,2026-03-04 18:00:00
464,1918,313,1595,1606,2026-03-04 18:00:00
465,646,314,1228,1244,2026-03-04 19:00:00
466,536,314,1352,1336,2026-03-04 19:00:00
467,992,315,1364,1350,2026-03-04 20:00:00
468,896,315,1303,1317,2026-03-04 20:00:00
469,2262,316,1292,1287,2026-03-04 20:00:00
470,911,316,1553,1557,2026-03-04 20:00:00
471,1708,317,1745,1732,2026-03-04 20:00:00
472,1053,317,1691,1705,2026-03-04 20:00:00
473,1748,318,1520,1534,2026-03-04 20:00:00
474,197,318,1566,1553,2026-03-04 20:00:00
475,197,319,1553,1540,2026-03-04 20:00:00
476,2454,319,1552,1564,2026-03-04 20:00:00
477,1663,320,1624,1634,2026-03-04 21:00:00
478,1592,320,1555,1545,2026-03-04 21:00:00
479,1080,321,1619,1611,2026-03-04 21:00:00
480,225,321,1745,1753,2026-03-04 21:00:00
481,1762,322,1428,1416,2026-03-04 22:00:00
482,91,322,1414,1426,2026-03-04 22:00:00
483,2452,323,1537,1530,2026-03-04 22:00:00
484,873,323,1682,1689,2026-03-04 22:00:00
485,1544,324,1630,1617,2026-03-04 23:00:00
486,1000,324,1607,1620,2026-03-04 23:00:00
487,816,325,1821,1829,2026-03-05 00:00:00
488,2180,325,1706,1698,2026-03-05 00:00:00
489,1689,327,1362,1377,2026-03-05 09:00:00
490,866,327,1448,1433,2026-03-05 09:00:00
491,1820,328,1303,1295,2026-03-05 17:00:00
492,1599,328,1445,1452,2026-03-05 17:00:00
493,1053,329,1705,1718,2026-03-05 17:00:00
494,1708,329,1732,1719,2026-03-05 17:00:00
495,1700,330,2014,2017,2026-03-05 18:00:00
496,873,330,1689,1686,2026-03-05 18:00:00
497,2095,332,1600,1609,2026-03-05 20:00:00
498,1028,332,1516,1507,2026-03-05 20:00:00
499,1631,333,1879,1888,2026-03-05 20:00:00
500,1961,333,1775,1766,2026-03-05 20:00:00
501,2348,334,1294,1291,2026-03-05 21:00:00
502,1986,334,1593,1596,2026-03-05 21:00:00
503,615,335,1607,1616,2026-03-05 21:00:00
504,656,335,1519,1510,2026-03-05 21:00:00
505,2435,336,1275,1287,2026-03-05 21:00:00
506,2262,336,1287,1275,2026-03-05 21:00:00
507,1839,338,1420,1409,2026-03-05 22:00:00
508,1303,338,1462,1472,2026-03-05 22:00:00
509,1608,339,1317,1304,2026-03-05 22:00:00
510,2399,339,1277,1290,2026-03-05 22:00:00
511,98,340,1590,1603,2026-03-05 22:00:00
512,1080,340,1611,1598,2026-03-05 22:00:00
513,269,341,1356,1366,2026-03-05 22:00:00
514,1771,341,1309,1299,2026-03-05 22:00:00
515,2225,343,2178,2187,2026-03-06 01:00:00
516,1687,343,2099,2090,2026-03-06 01:00:00
517,91,344,1426,1417,2026-03-06 11:00:00
518,1028,344,1507,1516,2026-03-06 11:00:00
519,1579,347,1439,1428,2026-03-06 11:00:00
520,736,347,1460,1471,2026-03-06 11:00:00
521,199,348,1682,1673,2026-03-06 12:00:00
522,744,348,1770,1779,2026-03-06 12:00:00
523,744,349,1779,1787,2026-03-06 12:00:00
524,2297,349,1644,1636,2026-03-06 12:00:00
525,1708,350,1719,1705,2026-03-06 12:00:00
526,873,350,1686,1699,2026-03-06 12:00:00
527,1401,351,1387,1404,2026-03-06 14:00:00
528,1603,351,1536,1519,2026-03-06 14:00:00
529,1062,352,1413,1421,2026-03-06 15:00:00
530,2348,352,1291,1283,2026-03-06 15:00:00
531,1870,353,1817,1814,2026-03-06 16:00:00
532,2225,353,2187,2190,2026-03-06 16:00:00
533,873,354,1699,1708,2026-03-06 16:00:00
534,1918,354,1606,1597,2026-03-06 16:00:00
535,737,355,1498,1490,2026-03-06 17:00:00
536,2169,355,1611,1619,2026-03-06 17:00:00
537,737,356,1490,1506,2026-03-06 17:00:00
538,2169,356,1619,1603,2026-03-06 17:00:00
539,979,357,1360,1355,2026-03-06 17:00:00
540,2454,357,1564,1569,2026-03-06 17:00:00
541,1687,358,2090,2081,2026-03-06 19:00:00
542,2225,358,2190,2198,2026-03-06 19:00:00
543,2169,359,1603,1595,2026-03-06 19:00:00
544,869,359,1714,1722,2026-03-06 19:00:00
545,737,360,1506,1512,2026-03-06 19:00:00
546,311,360,1296,1291,2026-03-06 19:00:00
547,2306,362,1197,1211,2026-03-06 19:00:00
548,1332,362,1252,1238,2026-03-06 19:00:00
549,2169,363,1595,1585,2026-03-06 20:00:00
550,234,363,1644,1654,2026-03-06 20:00:00
551,1574,364,1747,1752,2026-03-06 20:00:00
552,595,364,1481,1477,2026-03-06 20:00:00
553,1345,365,1506,1498,2026-03-06 21:00:00
554,615,365,1616,1625,2026-03-06 21:00:00
555,787,366,1712,1697,2026-03-06 22:00:00
556,2095,366,1609,1624,2026-03-06 22:00:00
557,646,367,1244,1233,2026-03-06 22:00:00
558,2348,367,1283,1293,2026-03-06 22:00:00
559,2096,369,1705,1709,2026-03-06 22:00:00
560,2109,369,1434,1430,2026-03-06 22:00:00
561,1303,370,1472,1458,2026-03-06 22:00:00
562,938,370,1422,1436,2026-03-06 22:00:00
563,261,372,1488,1474,2026-03-06 23:00:00
564,91,372,1417,1432,2026-03-06 23:00:00
565,200,374,1092,1086,2026-03-06 23:00:00
566,1609,374,1278,1284,2026-03-06 23:00:00
567,1858,375,1566,1555,2026-03-06 23:00:00
568,1080,375,1598,1609,2026-03-06 23:00:00
569,2225,377,2198,2207,2026-03-07 11:00:00
570,1687,377,2081,2073,2026-03-07 11:00:00
571,261,379,1474,1466,2026-03-07 12:00:00
572,1986,379,1596,1604,2026-03-07 12:00:00
573,1603,380,1519,1509,2026-03-07 12:00:00
574,2169,380,1585,1594,2026-03-07 12:00:00
575,1445,381,1396,1410,2026-03-07 13:00:00
576,442,381,1469,1454,2026-03-07 13:00:00
577,2225,382,2207,2210,2026-03-07 15:00:00
578,109,382,1896,1893,2026-03-07 15:00:00
579,1858,383,1555,1563,2026-03-07 15:00:00
580,1579,383,1428,1420,2026-03-07 15:00:00
581,1298,384,1041,1040,2026-03-07 15:00:00
582,2454,384,1569,1570,2026-03-07 15:00:00
583,988,385,1899,1907,2026-03-07 16:00:00
584,225,385,1753,1746,2026-03-07 16:00:00
585,1000,386,1620,1624,2026-03-07 16:00:00
586,269,386,1366,1362,2026-03-07 16:00:00
587,1530,388,1576,1564,2026-03-07 17:00:00
588,1282,388,1569,1582,2026-03-07 17:00:00
589,261,389,1466,1476,2026-03-07 18:00:00
590,1762,389,1416,1405,2026-03-07 18:00:00
591,1154,390,1524,1532,2026-03-07 19:00:00
592,1762,390,1405,1397,2026-03-07 19:00:00
593,1631,391,1888,1895,2026-03-07 19:00:00
594,869,391,1722,1715,2026-03-07 19:00:00
595,1179,392,1624,1617,2026-03-07 19:00:00
596,651,392,1763,1770,2026-03-07 19:00:00
597,737,393,1512,1505,2026-03-07 19:00:00
598,234,393,1654,1662,2026-03-07 19:00:00
599,98,394,1603,1608,2026-03-07 19:00:00
600,20,394,1391,1385,2026-03-07 19:00:00
601,1282,395,1582,1574,2026-03-07 19:00:00
602,76,395,1727,1734,2026-03-07 19:00:00
603,717,396,1436,1444,2026-03-07 20:00:00
604,1608,396,1304,1296,2026-03-07 20:00:00
605,1663,397,1634,1625,2026-03-07 21:00:00
606,1261,397,1728,1737,2026-03-07 21:00:00
607,234,398,1662,1677,2026-03-07 21:00:00
608,651,398,1770,1755,2026-03-07 21:00:00
609,2474,400,1263,1255,2026-03-07 21:00:00
610,474,400,1395,1403,2026-03-07 21:00:00
611,1579,401,1420,1413,2026-03-07 21:00:00
612,1858,401,1563,1570,2026-03-07 21:00:00
613,651,402,1755,1767,2026-03-07 22:00:00
614,1961,402,1766,1754,2026-03-07 22:00:00
615,1961,403,1754,1761,2026-03-07 22:00:00
616,1179,403,1617,1609,2026-03-07 22:00:00
617,873,404,1708,1704,2026-03-07 22:00:00
618,1700,404,2017,2021,2026-03-07 22:00:00
619,2026,406,1599,1609,2026-03-07 22:00:00
620,1451,406,1542,1532,2026-03-07 22:00:00
621,2348,407,1293,1279,2026-03-07 23:00:00
622,646,407,1233,1247,2026-03-07 23:00:00
623,869,408,1715,1726,2026-03-07 23:00:00
624,234,408,1677,1667,2026-03-07 23:00:00
625,450,410,1585,1595,2026-03-08 01:00:00
626,643,410,1518,1509,2026-03-08 01:00:00
627,1154,412,1532,1547,2026-03-08 12:00:00
628,2095,412,1624,1609,2026-03-08 12:00:00
629,1961,413,1761,1772,2026-03-08 12:00:00
630,869,413,1726,1715,2026-03-08 12:00:00
631,916,415,1229,1222,2026-03-08 14:00:00
632,1401,415,1404,1410,2026-03-08 14:00:00
633,2297,416,1636,1631,2026-03-08 14:00:00
634,2005,416,1840,1846,2026-03-08 14:00:00
635,2169,417,1594,1598,2026-03-08 15:00:00
636,896,417,1317,1313,2026-03-08 15:00:00
637,1451,418,1532,1526,2026-03-08 16:00:00
638,1574,418,1752,1757,2026-03-08 16:00:00
639,787,419,1697,1706,2026-03-08 17:00:00
640,1986,419,1604,1595,2026-03-08 17:00:00
641,1663,420,1625,1634,2026-03-08 17:00:00
642,1154,420,1547,1538,2026-03-08 17:00:00
643,910,421,1634,1625,2026-03-08 17:00:00
644,1261,421,1737,1745,2026-03-08 17:00:00
645,1762,422,1397,1407,2026-03-08 18:00:00
646,536,422,1336,1326,2026-03-08 18:00:00
647,992,423,1350,1336,2026-03-08 18:00:00
648,311,423,1291,1305,2026-03-08 18:00:00
649,1608,424,1296,1305,2026-03-08 18:00:00
650,2306,424,1211,1202,2026-03-08 18:00:00
651,643,426,1509,1522,2026-03-08 19:00:00
652,1154,426,1538,1525,2026-03-08 19:00:00
653,1179,427,1609,1613,2026-03-08 19:00:00
654,992,427,1336,1332,2026-03-08 19:00:00
655,988,428,1907,1912,2026-03-08 19:00:00
656,626,428,1682,1677,2026-03-08 19:00:00
657,1758,430,1390,1381,2026-03-08 20:00:00
658,1621,430,1468,1478,2026-03-08 20:00:00
659,1342,431,1477,1463,2026-03-08 20:00:00
660,1579,431,1413,1427,2026-03-08 20:00:00
661,1028,432,1516,1501,2026-03-08 21:00:00
662,1062,432,1421,1436,2026-03-08 21:00:00
663,109,434,1893,1900,2026-03-08 22:00:00
664,1261,434,1745,1738,2026-03-08 22:00:00
665,1748,435,1534,1520,2026-03-08 22:00:00
666,1173,435,1476,1490,2026-03-08 22:00:00
667,910,436,1625,1637,2026-03-09 09:00:00
668,2095,436,1609,1598,2026-03-09 09:00:00
669,1683,437,1471,1483,2026-03-09 09:00:00
670,595,437,1477,1465,2026-03-09 09:00:00
671,76,438,1734,1738,2026-03-09 13:00:00
672,2196,438,1446,1442,2026-03-09 13:00:00
673,1028,439,1501,1516,2026-03-09 16:00:00
674,450,439,1595,1579,2026-03-09 16:00:00
675,334,440,1490,1506,2026-03-09 17:00:00
676,1364,440,1600,1584,2026-03-09 17:00:00
677,2151,441,1871,1873,2026-03-09 18:00:00
678,966,441,1482,1480,2026-03-09 18:00:00
679,1608,443,1305,1293,2026-03-09 18:00:00
680,2399,443,1290,1303,2026-03-09 18:00:00
681,1252,444,1361,1376,2026-03-09 18:00:00
682,2196,444,1442,1427,2026-03-09 18:00:00
683,1762,446,1407,1396,2026-03-09 19:00:00
684,1321,446,1421,1433,2026-03-09 19:00:00
685,737,447,1505,1517,2026-03-09 19:00:00
686,1603,447,1509,1497,2026-03-09 19:00:00
687,1961,448,1772,1762,2026-03-09 19:00:00
688,1551,448,1836,1846,2026-03-09 19:00:00
689,2151,449,1873,1876,2026-03-09 19:00:00
690,1402,449,1480,1478,2026-03-09 19:00:00
691,1252,451,1376,1384,2026-03-09 19:00:00
692,67,451,1254,1246,2026-03-09 19:00:00
693,979,452,1355,1347,2026-03-09 19:00:00
694,1173,452,1490,1498,2026-03-09 19:00:00
695,2225,453,2210,2218,2026-03-09 20:00:00
696,1687,453,2073,2066,2026-03-09 20:00:00
697,261,455,1476,1486,2026-03-09 21:00:00
698,1321,455,1433,1422,2026-03-09 21:00:00
699,234,456,1667,1677,2026-03-09 21:00:00
700,1179,456,1613,1603,2026-03-09 21:00:00
701,615,457,1625,1634,2026-03-09 21:00:00
702,911,457,1557,1548,2026-03-09 21:00:00
703,1179,458,1603,1596,2026-03-09 22:00:00
704,651,458,1767,1774,2026-03-09 22:00:00
705,2063,459,1245,1240,2026-03-09 22:00:00
706,1402,459,1478,1483,2026-03-09 22:00:00
707,1053,460,1718,1710,2026-03-09 22:00:00
708,1039,460,1828,1837,2026-03-09 22:00:00
709,1574,461,1757,1750,2026-03-09 22:00:00
710,1536,461,1905,1912,2026-03-09 22:00:00
711,1752,462,1647,1639,2026-03-09 22:00:00
712,1886,462,1760,1768,2026-03-09 22:00:00
713,1062,463,1436,1451,2026-03-09 23:00:00
714,643,463,1522,1507,2026-03-09 23:00:00
715,1687,465,2066,2052,2026-03-10 01:00:00
716,1471,465,2018,2032,2026-03-10 01:00:00
717,938,466,1436,1449,2026-03-10 13:00:00
718,966,466,1480,1466,2026-03-10 13:00:00
719,2454,467,1570,1560,2026-03-10 13:00:00
720,1544,467,1617,1628,2026-03-10 13:00:00
721,1631,468,1895,1905,2026-03-10 15:00:00
722,1551,468,1846,1835,2026-03-10 15:00:00
723,722,470,1422,1433,2026-03-10 17:00:00
724,1411,470,1398,1387,2026-03-10 17:00:00
725,1592,471,1545,1552,2026-03-10 17:00:00
726,1762,471,1396,1389,2026-03-10 17:00:00
727,916,472,1222,1237,2026-03-10 17:00:00
728,311,472,1305,1290,2026-03-10 17:00:00
729,938,474,1449,1444,2026-03-10 18:00:00
730,171,474,1661,1667,2026-03-10 18:00:00
731,1593,476,1450,1441,2026-03-10 19:00:00
732,1154,476,1525,1534,2026-03-10 19:00:00
733,1401,477,1410,1403,2026-03-10 19:00:00
734,901,477,1547,1555,2026-03-10 19:00:00
735,1708,478,1705,1714,2026-03-10 19:00:00
736,1918,478,1597,1588,2026-03-10 19:00:00
737,1451,479,1526,1537,2026-03-10 19:00:00
738,1683,479,1483,1472,2026-03-10 19:00:00
739,626,480,1677,1672,2026-03-10 19:00:00
740,988,480,1912,1917,2026-03-10 19:00:00
741,2435,481,1287,1279,2026-03-10 20:00:00
742,2344,481,1390,1399,2026-03-10 20:00:00
743,1257,485,1505,1516,2026-03-10 21:00:00
744,736,485,1471,1461,2026-03-10 21:00:00
745,2095,486,1598,1594,2026-03-10 22:00:00
746,109,486,1900,1903,2026-03-10 22:00:00
747,717,487,1444,1432,2026-03-10 22:00:00
748,442,487,1454,1466,2026-03-10 22:00:00
749,2063,490,1240,1238,2026-03-11 14:00:00
750,199,490,1673,1675,2026-03-11 14:00:00
751,1886,491,1768,1752,2026-03-11 14:00:00
752,1752,491,1639,1655,2026-03-11 14:00:00
753,722,493,1433,1444,2026-03-11 18:00:00
754,1411,493,1387,1376,2026-03-11 18:00:00
755,1179,494,1596,1586,2026-03-11 18:00:00
756,1172,494,1640,1650,2026-03-11 18:00:00
757,896,495,1313,1322,2026-03-11 18:00:00
758,916,495,1237,1228,2026-03-11 18:00:00
759,2095,496,1594,1605,2026-03-11 19:00:00
760,1592,496,1552,1542,2026-03-11 19:00:00
761,311,497,1290,1282,2026-03-11 19:00:00
762,1401,497,1403,1411,2026-03-11 19:00:00
763,1820,499,1295,1285,2026-03-11 19:00:00
764,1633,499,1354,1364,2026-03-11 19:00:00
765,1053,500,1710,1698,2026-03-11 19:00:00
766,1708,500,1714,1726,2026-03-11 19:00:00
767,439,501,1520,1510,2026-03-11 19:00:00
768,468,501,1571,1581,2026-03-11 19:00:00
769,1411,502,1376,1384,2026-03-11 20:00:00
770,646,502,1247,1239,2026-03-11 20:00:00
771,1758,505,1381,1365,2026-03-11 22:00:00
772,1820,505,1285,1301,2026-03-11 22:00:00
773,1621,506,1478,1470,2026-03-12 10:00:00
774,1918,506,1588,1597,2026-03-12 10:00:00
775,1687,507,2052,2039,2026-03-12 11:00:00
776,1471,507,2032,2044,2026-03-12 11:00:00
777,2129,508,1019,1033,2026-03-12 12:00:00
778,200,508,1086,1072,2026-03-12 12:00:00
779,2225,509,2218,2218,2026-03-12 13:00:00
780,261,509,1486,1486,2026-03-12 13:00:00
781,1345,510,1498,1485,2026-03-12 13:00:00
782,1402,510,1483,1495,2026-03-12 13:00:00
783,1687,511,2039,2041,2026-03-12 14:00:00
784,910,511,1637,1635,2026-03-12 14:00:00
785,468,512,1581,1589,2026-03-12 14:00:00
786,1702,512,1454,1446,2026-03-12 14:00:00
787,722,513,1444,1435,2026-03-12 16:00:00
788,1592,513,1542,1551,2026-03-12 16:00:00
789,1179,514,1586,1577,2026-03-12 17:00:00
790,234,514,1677,1686,2026-03-12 17:00:00
791,873,515,1704,1717,2026-03-12 17:00:00
792,2183,515,1722,1709,2026-03-12 17:00:00
793,1593,516,1441,1427,2026-03-12 19:00:00
794,1762,516,1389,1402,2026-03-12 19:00:00
795,722,521,1435,1449,2026-03-12 20:00:00
796,261,521,1486,1472,2026-03-12 20:00:00
797,1593,522,1427,1442,2026-03-12 21:00:00
798,1154,522,1534,1519,2026-03-12 21:00:00
799,869,523,1715,1706,2026-03-12 21:00:00
800,1126,523,1784,1794,2026-03-12 21:00:00
801,1401,524,1411,1424,2026-03-12 21:00:00
802,255,524,1435,1422,2026-03-12 21:00:00
803,1401,525,1424,1416,2026-03-12 21:00:00
804,901,525,1555,1562,2026-03-12 21:00:00
805,1609,526,1284,1275,2026-03-12 21:00:00
806,1884,526,1371,1380,2026-03-12 21:00:00
807,2180,527,1698,1706,2026-03-12 22:00:00
808,450,527,1579,1571,2026-03-12 22:00:00
809,159,528,1763,1748,2026-03-12 22:00:00
810,1756,528,1685,1700,2026-03-12 22:00:00
811,646,531,1239,1254,2026-03-13 13:00:00
812,536,531,1326,1311,2026-03-13 13:00:00
813,2056,532,1180,1171,2026-03-13 14:00:00
814,2348,532,1279,1288,2026-03-13 14:00:00
815,1762,533,1402,1394,2026-03-13 14:00:00
816,643,533,1507,1515,2026-03-13 14:00:00
817,1172,534,1650,1667,2026-03-13 14:00:00
818,651,534,1774,1758,2026-03-13 14:00:00
819,1608,537,1293,1281,2026-03-13 14:00:00
820,2399,537,1303,1315,2026-03-13 14:00:00
821,2306,538,1202,1197,2026-03-13 14:00:00
822,717,538,1432,1437,2026-03-13 14:00:00
823,1683,540,1472,1465,2026-03-13 16:00:00
824,2163,540,1616,1623,2026-03-13 16:00:00
825,1028,541,1516,1505,2026-03-13 17:00:00
826,1592,541,1551,1561,2026-03-13 17:00:00
827,1154,542,1519,1526,2026-03-13 17:00:00
828,1411,542,1384,1377,2026-03-13 17:00:00
829,744,543,1787,1795,2026-03-13 17:00:00
830,199,543,1675,1667,2026-03-13 17:00:00
831,1884,544,1380,1371,2026-03-13 17:00:00
832,1599,544,1452,1462,2026-03-13 17:00:00
833,2189,545,1728,1732,2026-03-13 17:00:00
834,387,545,1439,1435,2026-03-13 17:00:00
835,1551,548,1835,1826,2026-03-13 18:00:00
836,1631,548,1905,1914,2026-03-13 18:00:00
837,869,551,1706,1713,2026-03-13 19:00:00
838,1179,551,1577,1569,2026-03-13 19:00:00
839,1631,552,1914,1925,2026-03-13 19:00:00
840,2379,552,1873,1862,2026-03-13 19:00:00
841,992,553,1332,1340,2026-03-13 19:00:00
842,916,553,1228,1219,2026-03-13 19:00:00
843,450,557,1571,1580,2026-03-13 20:00:00
844,446,557,1474,1465,2026-03-13 20:00:00
845,2452,558,1530,1516,2026-03-13 20:00:00
846,1448,558,1474,1488,2026-03-13 20:00:00
847,1702,560,1446,1437,2026-03-13 20:00:00
848,1825,560,1531,1540,2026-03-13 20:00:00
849,2095,561,1605,1591,2026-03-13 21:00:00
850,1592,561,1561,1575,2026-03-13 21:00:00
851,1631,564,1925,1934,2026-03-13 21:00:00
852,1551,564,1826,1817,2026-03-13 21:00:00
853,2109,565,1430,1444,2026-03-13 21:00:00
854,656,565,1510,1496,2026-03-13 21:00:00
855,643,567,1515,1507,2026-03-13 22:00:00
856,910,567,1635,1643,2026-03-13 22:00:00
857,28,568,1726,1737,2026-03-13 22:00:00
858,873,568,1717,1705,2026-03-13 22:00:00
859,1126,570,1794,1784,2026-03-13 23:00:00
860,2379,570,1862,1872,2026-03-13 23:00:00
861,2169,571,1598,1609,2026-03-13 23:00:00
862,901,571,1562,1551,2026-03-13 23:00:00
863,988,573,1917,1923,2026-03-13 23:00:00
864,225,573,1746,1739,2026-03-13 23:00:00
865,2193,574,1674,1659,2026-03-14 01:00:00
866,1858,574,1570,1586,2026-03-14 01:00:00
867,1685,575,1739,1728,2026-03-14 01:00:00
868,363,575,1761,1772,2026-03-14 01:00:00
869,159,576,1748,1755,2026-03-14 10:00:00
870,2095,576,1591,1584,2026-03-14 10:00:00
871,707,577,1387,1381,2026-03-14 10:00:00
872,1736,577,1572,1578,2026-03-14 10:00:00
873,363,580,1772,1781,2026-03-14 11:00:00
874,626,580,1672,1663,2026-03-14 11:00:00
875,646,582,1254,1250,2026-03-14 14:00:00
876,1028,582,1505,1510,2026-03-14 14:00:00
877,916,583,1219,1211,2026-03-14 14:00:00
878,992,583,1340,1348,2026-03-14 14:00:00
879,2433,584,1197,1190,2026-03-14 14:00:00
880,992,584,1348,1355,2026-03-14 14:00:00
881,646,585,1250,1259,2026-03-14 15:00:00
882,2056,585,1171,1162,2026-03-14 15:00:00
883,442,587,1466,1456,2026-03-14 15:00:00
884,1901,587,1514,1524,2026-03-14 15:00:00
885,1228,588,1179,1174,2026-03-14 16:00:00
886,1447,588,1392,1397,2026-03-14 16:00:00
887,651,591,1758,1751,2026-03-14 17:00:00
888,1631,591,1934,1940,2026-03-14 17:00:00
889,873,594,1705,1714,2026-03-14 17:00:00
890,1918,594,1597,1588,2026-03-14 17:00:00
891,1341,595,1373,1357,2026-03-14 18:00:00
892,646,595,1259,1275,2026-03-14 18:00:00
893,261,596,1472,1462,2026-03-14 18:00:00
894,1028,596,1510,1520,2026-03-14 18:00:00
895,234,597,1686,1699,2026-03-14 18:00:00
896,869,597,1713,1700,2026-03-14 18:00:00
897,901,599,1551,1546,2026-03-14 18:00:00
898,1961,599,1762,1768,2026-03-14 18:00:00
899,2433,602,1190,1205,2026-03-14 19:00:00
900,311,602,1282,1266,2026-03-14 19:00:00
901,2297,603,1631,1644,2026-03-14 19:00:00
902,199,603,1667,1654,2026-03-14 19:00:00
903,28,605,1737,1724,2026-03-14 19:00:00
904,1053,605,1698,1711,2026-03-14 19:00:00
905,988,606,1923,1931,2026-03-14 19:00:00
906,363,606,1781,1774,2026-03-14 19:00:00
907,664,607,1741,1724,2026-03-14 20:00:00
908,1986,607,1595,1612,2026-03-14 20:00:00
909,916,608,1211,1205,2026-03-14 20:00:00
910,1401,608,1416,1422,2026-03-14 20:00:00
911,1401,609,1422,1415,2026-03-14 20:00:00
912,1179,609,1569,1576,2026-03-14 20:00:00
913,1184,610,1172,1187,2026-03-14 20:00:00
914,2474,610,1255,1241,2026-03-14 20:00:00
915,2149,611,1330,1340,2026-03-14 20:00:00
916,509,611,1269,1259,2026-03-14 20:00:00
917,1579,612,1427,1438,2026-03-14 20:00:00
918,20,612,1385,1375,2026-03-14 20:00:00
919,651,614,1751,1759,2026-03-14 21:00:00
920,1721,614,1607,1600,2026-03-14 21:00:00
921,2295,615,1235,1228,2026-03-14 21:00:00
922,1252,615,1384,1391,2026-03-14 21:00:00
923,1119,616,1671,1675,2026-03-14 21:00:00
924,2049,616,1374,1370,2026-03-14 21:00:00
925,1592,617,1575,1582,2026-03-14 22:00:00
926,1321,617,1422,1415,2026-03-14 22:00:00
927,1411,619,1377,1386,2026-03-14 22:00:00
928,2348,619,1288,1279,2026-03-14 22:00:00
929,1411,620,1386,1381,2026-03-14 22:00:00
930,1663,620,1634,1639,2026-03-14 22:00:00
931,938,621,1444,1431,2026-03-14 23:00:00
932,1839,621,1409,1423,2026-03-14 23:00:00
933,2297,623,1644,1632,2026-03-14 23:00:00
934,615,623,1634,1647,2026-03-14 23:00:00
935,1738,626,1852,1860,2026-03-14 23:00:00
936,2442,626,1740,1732,2026-03-14 23:00:00
937,2049,627,1370,1382,2026-03-15 00:00:00
938,2226,627,1351,1339,2026-03-15 00:00:00
939,2189,629,1732,1740,2026-03-15 01:00:00
940,2163,629,1623,1615,2026-03-15 01:00:00
941,1886,630,1752,1763,2026-03-15 10:00:00
942,2189,630,1740,1729,2026-03-15 10:00:00
943,200,631,1072,1062,2026-03-15 11:00:00
944,2110,631,1150,1159,2026-03-15 11:00:00
945,2348,632,1279,1271,2026-03-15 13:00:00
946,993,632,1394,1402,2026-03-15 13:00:00
947,1371,633,1004,997,2026-03-15 13:00:00
948,1906,633,1146,1153,2026-03-15 13:00:00
949,2379,635,1872,1880,2026-03-15 15:00:00
950,651,635,1759,1750,2026-03-15 15:00:00
951,1401,636,1415,1422,2026-03-15 15:00:00
952,311,636,1266,1259,2026-03-15 15:00:00
953,1758,638,1365,1357,2026-03-15 16:00:00
954,1621,638,1470,1478,2026-03-15 16:00:00
955,1282,639,1574,1582,2026-03-15 16:00:00
956,2196,639,1427,1420,2026-03-15 16:00:00
957,1341,640,1357,1373,2026-03-15 17:00:00
958,261,640,1462,1446,2026-03-15 17:00:00
959,1961,642,1768,1761,2026-03-15 17:00:00
960,1631,642,1940,1947,2026-03-15 17:00:00
961,1884,644,1371,1362,2026-03-15 17:00:00
962,1448,644,1488,1496,2026-03-15 17:00:00
963,741,645,1415,1426,2026-03-15 17:00:00
964,1252,645,1391,1380,2026-03-15 17:00:00
965,2095,649,1584,1596,2026-03-15 19:00:00
966,1592,649,1582,1570,2026-03-15 19:00:00
967,1433,650,1542,1535,2026-03-15 19:00:00
968,1053,650,1711,1718,2026-03-15 19:00:00
969,1825,651,1540,1526,2026-03-15 19:00:00
970,442,651,1456,1471,2026-03-15 19:00:00
971,2193,652,1659,1666,2026-03-15 19:00:00
972,1257,652,1516,1509,2026-03-15 19:00:00
973,261,653,1446,1461,2026-03-15 20:00:00
974,1154,653,1526,1512,2026-03-15 20:00:00
975,2262,654,1275,1263,2026-03-15 20:00:00
976,1845,654,1260,1273,2026-03-15 20:00:00
977,2344,655,1399,1412,2026-03-15 20:00:00
978,938,655,1431,1418,2026-03-15 20:00:00
979,1371,656,997,995,2026-03-15 20:00:00
980,1342,656,1463,1464,2026-03-15 20:00:00
981,76,657,1738,1748,2026-03-15 20:00:00
982,1788,657,1667,1657,2026-03-15 20:00:00
983,91,659,1432,1421,2026-03-15 21:00:00
984,261,659,1461,1472,2026-03-15 21:00:00
985,787,660,1706,1719,2026-03-15 22:00:00
986,159,660,1755,1741,2026-03-15 22:00:00
987,2121,661,1193,1206,2026-03-15 22:00:00
988,2295,661,1228,1215,2026-03-15 22:00:00
989,1592,662,1570,1579,2026-03-15 23:00:00
990,446,662,1465,1457,2026-03-15 23:00:00
991,869,663,1700,1716,2026-03-16 12:00:00
992,1551,663,1817,1801,2026-03-16 12:00:00
993,1592,665,1579,1592,2026-03-16 14:00:00
994,1986,665,1612,1599,2026-03-16 14:00:00
995,2225,666,2218,2218,2026-03-16 14:00:00
996,91,666,1421,1420,2026-03-16 14:00:00
997,1633,668,1364,1355,2026-03-16 17:00:00
998,1599,668,1462,1471,2026-03-16 17:00:00
999,1579,669,1438,1432,2026-03-16 17:00:00
1000,2193,669,1666,1671,2026-03-16 17:00:00
1001,1411,671,1381,1372,2026-03-16 18:00:00
1002,261,671,1472,1481,2026-03-16 18:00:00
1003,1471,672,2044,2052,2026-03-16 18:00:00
1004,109,672,1903,1896,2026-03-16 18:00:00
1005,664,674,1724,1733,2026-03-16 19:00:00
1006,910,674,1643,1634,2026-03-16 19:00:00
1007,450,675,1580,1573,2026-03-16 19:00:00
1008,787,675,1719,1727,2026-03-16 19:00:00
1009,2379,676,1880,1889,2026-03-16 19:00:00
1010,1126,676,1784,1775,2026-03-16 19:00:00
1011,2297,677,1632,1620,2026-03-16 19:00:00
1012,615,677,1647,1658,2026-03-16 19:00:00
1013,1820,678,1301,1295,2026-03-16 19:00:00
1014,2434,678,1502,1507,2026-03-16 19:00:00
1015,28,679,1724,1736,2026-03-16 19:00:00
1016,873,679,1714,1702,2026-03-16 19:00:00
1017,1053,680,1718,1706,2026-03-16 19:00:00
1018,1360,680,1729,1741,2026-03-16 19:00:00
1019,2303,681,1476,1468,2026-03-16 19:00:00
1020,1080,681,1609,1617,2026-03-16 19:00:00
1021,2183,683,1709,1717,2026-03-16 20:00:00
1022,1364,683,1584,1576,2026-03-16 20:00:00
1023,1687,685,2041,2049,2026-03-16 21:00:00
1024,109,685,1896,1889,2026-03-16 21:00:00
1025,722,686,1449,1457,2026-03-16 21:00:00
1026,1644,686,1348,1339,2026-03-16 21:00:00
1027,916,688,1205,1198,2026-03-16 21:00:00
1028,992,688,1355,1362,2026-03-16 21:00:00
1029,911,689,1548,1533,2026-03-16 21:00:00
1030,1345,689,1485,1499,2026-03-16 21:00:00
1031,1053,690,1706,1699,2026-03-16 21:00:00
1032,1039,690,1837,1844,2026-03-16 21:00:00
1033,1599,691,1471,1463,2026-03-16 21:00:00
1034,1918,691,1588,1596,2026-03-16 21:00:00
1035,363,692,1774,1760,2026-03-16 21:00:00
1036,225,692,1739,1752,2026-03-16 21:00:00
1037,91,693,1420,1410,2026-03-16 22:00:00
1038,261,693,1481,1491,2026-03-16 22:00:00
1039,1126,694,1775,1760,2026-03-16 22:00:00
1040,1172,694,1667,1682,2026-03-16 22:00:00
1041,1303,696,1458,1456,2026-03-16 22:00:00
1042,2393,696,1834,1836,2026-03-16 22:00:00
1043,2129,698,1033,1049,2026-03-16 22:00:00
1044,2110,698,1159,1143,2026-03-16 22:00:00
1045,1282,699,1582,1596,2026-03-16 23:00:00
1046,1788,699,1657,1643,2026-03-16 23:00:00
1047,2193,700,1671,1659,2026-03-17 10:00:00
1048,626,700,1663,1676,2026-03-17 10:00:00
1049,1530,701,1564,1572,2026-03-17 10:00:00
1050,2196,701,1420,1413,2026-03-17 10:00:00
1051,334,702,1506,1503,2026-03-17 12:00:00
1052,1039,702,1844,1847,2026-03-17 12:00:00
1053,2452,703,1516,1525,2026-03-17 12:00:00
1054,1389,703,1425,1416,2026-03-17 12:00:00
1055,1663,704,1639,1649,2026-03-17 13:00:00
1056,1592,704,1592,1581,2026-03-17 13:00:00
1057,966,705,1466,1476,2026-03-17 14:00:00
1058,938,705,1418,1407,2026-03-17 14:00:00
1059,1228,706,1174,1161,2026-03-17 15:00:00
1060,2056,706,1162,1174,2026-03-17 15:00:00
1061,1663,713,1649,1637,2026-03-17 19:00:00
1062,910,713,1634,1646,2026-03-17 19:00:00
1063,2087,714,1697,1705,2026-03-17 19:00:00
1064,1179,714,1576,1568,2026-03-17 19:00:00
1065,664,716,1733,1722,2026-03-17 20:00:00
1066,1261,716,1738,1750,2026-03-17 20:00:00
1067,1663,717,1637,1646,2026-03-17 20:00:00
1068,450,717,1573,1563,2026-03-17 20:00:00
1069,916,718,1198,1188,2026-03-17 20:00:00
1070,311,718,1259,1269,2026-03-17 20:00:00
1071,722,721,1457,1466,2026-03-17 21:00:00
1072,1341,721,1373,1364,2026-03-17 21:00:00
1073,1599,722,1463,1453,2026-03-17 21:00:00
1074,2452,722,1525,1535,2026-03-17 21:00:00
1075,1028,723,1520,1531,2026-03-17 22:00:00
1076,722,723,1466,1456,2026-03-17 22:00:00
1077,538,724,1703,1715,2026-03-17 22:00:00
1078,2180,724,1706,1694,2026-03-17 22:00:00
1079,787,725,1727,1742,2026-03-17 22:00:00
1080,816,725,1829,1813,2026-03-17 22:00:00
1081,1126,726,1760,1772,2026-03-17 22:00:00
1082,1961,726,1761,1749,2026-03-17 22:00:00
1083,896,727,1322,1317,2026-03-17 22:00:00
1084,901,727,1546,1551,2026-03-17 22:00:00
1085,1179,728,1568,1578,2026-03-17 22:00:00
1086,1603,728,1497,1487,2026-03-17 22:00:00
1087,2129,729,1049,1041,2026-03-17 22:00:00
1088,2110,729,1143,1152,2026-03-17 22:00:00
1089,1756,732,1700,1712,2026-03-17 23:00:00
1090,538,732,1715,1703,2026-03-17 23:00:00
1091,1126,734,1772,1777,2026-03-17 23:00:00
1092,1894,734,1551,1546,2026-03-17 23:00:00
1093,1618,735,1303,1312,2026-03-17 23:00:00
1094,1834,735,1200,1191,2026-03-17 23:00:00
1095,1752,736,1655,1647,2026-03-18 00:00:00
1096,1886,736,1763,1772,2026-03-18 00:00:00
1097,1126,737,1777,1793,2026-03-18 09:00:00
1098,1810,737,1896,1880,2026-03-18 09:00:00
1099,334,738,1503,1513,2026-03-18 09:00:00
1100,1599,738,1453,1442,2026-03-18 09:00:00
1101,643,739,1507,1493,2026-03-18 10:00:00
1102,1062,739,1451,1465,2026-03-18 10:00:00
1103,2129,740,1041,1029,2026-03-18 11:00:00
1104,200,740,1062,1074,2026-03-18 11:00:00
1105,2000,741,1549,1538,2026-03-18 11:00:00
1106,1761,741,1582,1593,2026-03-18 11:00:00
1107,2121,742,1206,1203,2026-03-18 11:00:00
1108,1223,742,1527,1530,2026-03-18 11:00:00
1109,311,743,1269,1282,2026-03-18 12:00:00
1110,1710,743,1293,1280,2026-03-18 12:00:00
1111,1345,745,1499,1488,2026-03-18 13:00:00
1112,911,745,1533,1544,2026-03-18 13:00:00
1113,1618,748,1312,1305,2026-03-18 14:00:00
1114,736,748,1461,1468,2026-03-18 14:00:00
1115,2095,749,1596,1588,2026-03-18 15:00:00
1116,538,749,1703,1711,2026-03-18 15:00:00
1117,664,750,1722,1706,2026-03-18 16:00:00
1118,1986,750,1599,1615,2026-03-18 16:00:00
1119,787,753,1742,1729,2026-03-18 17:00:00
1120,2180,753,1694,1708,2026-03-18 17:00:00
1121,2081,754,1115,1111,2026-03-18 17:00:00
1122,707,754,1381,1385,2026-03-18 17:00:00
1123,787,755,1729,1716,2026-03-18 18:00:00
1124,2180,755,1708,1720,2026-03-18 18:00:00
1125,744,757,1795,1798,2026-03-18 18:00:00
1126,1345,757,1488,1485,2026-03-18 18:00:00
1127,1433,758,1535,1526,2026-03-18 18:00:00
1128,331,758,1614,1623,2026-03-18 18:00:00
1129,1080,759,1617,1608,2026-03-18 18:00:00
1130,1685,759,1728,1736,2026-03-18 18:00:00
1131,159,760,1741,1756,2026-03-18 19:00:00
1132,816,760,1813,1799,2026-03-18 19:00:00
1133,1837,761,1638,1628,2026-03-18 19:00:00
1134,2213,761,1709,1719,2026-03-18 19:00:00
1135,873,762,1702,1695,2026-03-18 19:00:00
1136,1039,762,1847,1854,2026-03-18 19:00:00
1137,899,763,1367,1359,2026-03-18 19:00:00
1138,1705,763,1475,1483,2026-03-18 19:00:00
1139,536,765,1311,1326,2026-03-18 20:00:00
1140,91,765,1410,1395,2026-03-18 20:00:00
1141,722,766,1456,1448,2026-03-18 20:00:00
1142,1592,766,1581,1589,2026-03-18 20:00:00
1143,901,767,1551,1536,2026-03-18 20:00:00
1144,278,767,1446,1462,2026-03-18 20:00:00
1145,2379,768,1889,1901,2026-03-18 20:00:00
1146,1810,768,1880,1868,2026-03-18 20:00:00
1147,1574,769,1750,1752,2026-03-18 20:00:00
1148,1689,769,1377,1374,2026-03-18 20:00:00
1149,626,770,1676,1681,2026-03-18 20:00:00
1150,2303,770,1468,1463,2026-03-18 20:00:00
1151,1282,772,1596,1586,2026-03-18 20:00:00
1152,1788,772,1643,1653,2026-03-18 20:00:00
1153,2348,773,1271,1267,2026-03-18 21:00:00
1154,450,773,1563,1567,2026-03-18 21:00:00
1155,2261,774,1382,1375,2026-03-18 21:00:00
1156,1894,774,1546,1552,2026-03-18 21:00:00
1157,2110,775,1152,1160,2026-03-18 21:00:00
1158,2129,775,1029,1021,2026-03-18 21:00:00
1159,200,776,1074,1068,2026-03-18 21:00:00
1160,1820,776,1295,1300,2026-03-18 21:00:00
1161,1389,777,1416,1403,2026-03-18 21:00:00
1162,1611,777,1383,1396,2026-03-18 21:00:00
1163,1663,778,1646,1637,2026-03-18 22:00:00
1164,2180,778,1720,1730,2026-03-18 22:00:00
1165,910,779,1646,1653,2026-03-18 23:00:00
1166,643,779,1493,1486,2026-03-18 23:00:00
1167,2433,780,1205,1192,2026-03-18 23:00:00
1168,916,780,1188,1201,2026-03-18 23:00:00
1169,736,781,1468,1460,2026-03-19 01:00:00
1170,1858,781,1586,1594,2026-03-19 01:00:00
1171,1593,782,1442,1452,2026-03-19 09:00:00
1172,2092,782,1369,1359,2026-03-19 09:00:00
1173,1918,783,1596,1589,2026-03-19 09:00:00
1174,28,783,1736,1743,2026-03-19 09:00:00
1175,1389,784,1403,1415,2026-03-19 09:00:00
1176,1611,784,1396,1384,2026-03-19 09:00:00
1177,2087,786,1705,1695,2026-03-19 13:00:00
1178,1961,786,1749,1760,2026-03-19 13:00:00
1179,1028,787,1531,1525,2026-03-19 14:00:00
1180,159,787,1756,1761,2026-03-19 14:00:00
1181,901,788,1536,1528,2026-03-19 15:00:00
1182,1172,788,1682,1689,2026-03-19 15:00:00
1183,656,789,1496,1493,2026-03-19 15:00:00
1184,2393,789,1836,1839,2026-03-19 15:00:00
1185,2196,790,1413,1424,2026-03-19 15:00:00
1186,1252,790,1380,1369,2026-03-19 15:00:00
1187,2003,791,1526,1539,2026-03-19 17:00:00
1188,1894,791,1552,1540,2026-03-19 17:00:00
1189,744,793,1798,1807,2026-03-19 17:00:00
1190,2096,793,1709,1700,2026-03-19 17:00:00
1191,1530,794,1572,1579,2026-03-19 17:00:00
1192,741,794,1426,1419,2026-03-19 17:00:00
1193,1663,795,1637,1628,2026-03-19 18:00:00
1194,1756,795,1712,1722,2026-03-19 18:00:00
1195,1687,796,2049,2051,2026-03-19 18:00:00
1196,1663,796,1628,1626,2026-03-19 18:00:00
1197,2357,797,1498,1491,2026-03-19 19:00:00
1198,2120,797,1636,1643,2026-03-19 19:00:00
1199,1837,798,1628,1619,2026-03-19 19:00:00
1200,2213,798,1719,1728,2026-03-19 19:00:00
1201,200,802,1068,1083,2026-03-19 20:00:00
1202,2110,802,1160,1145,2026-03-19 20:00:00
1203,1901,803,1524,1511,2026-03-19 20:00:00
1204,1552,803,1471,1485,2026-03-19 20:00:00
1205,988,804,1931,1933,2026-03-19 20:00:00
1206,1257,804,1509,1507,2026-03-19 20:00:00
1207,261,805,1491,1499,2026-03-19 21:00:00
1208,91,805,1395,1386,2026-03-19 21:00:00
1209,2348,806,1267,1259,2026-03-19 21:00:00
1210,1411,806,1372,1381,2026-03-19 21:00:00
1211,722,808,1448,1440,2026-03-19 22:00:00
1212,450,808,1567,1575,2026-03-19 22:00:00
1213,1433,810,1526,1536,2026-03-19 22:00:00
1214,1621,810,1478,1468,2026-03-19 22:00:00
1215,1389,811,1415,1405,2026-03-19 22:00:00
1216,1621,811,1468,1478,2026-03-19 22:00:00
1217,1633,812,1355,1365,2026-03-19 22:00:00
1218,1609,812,1275,1266,2026-03-19 22:00:00
1219,741,813,1419,1429,2026-03-19 23:00:00
1220,1252,813,1369,1359,2026-03-19 23:00:00
1221,2095,814,1588,1599,2026-03-20 00:00:00
1222,450,814,1575,1563,2026-03-20 00:00:00
1223,91,816,1386,1398,2026-03-20 00:00:00
1224,1411,816,1381,1369,2026-03-20 00:00:00
1225,2225,817,2218,2218,2026-03-20 01:00:00
1226,993,817,1402,1402,2026-03-20 01:00:00
1227,1705,818,1483,1476,2026-03-20 09:00:00
1228,2026,818,1609,1617,2026-03-20 09:00:00
1229,2225,819,2218,2220,2026-03-20 11:00:00
1230,2180,819,1730,1729,2026-03-20 11:00:00
1231,1631,820,1947,1958,2026-03-20 11:00:00
1232,527,820,1916,1905,2026-03-20 11:00:00
1233,2003,821,1539,1547,2026-03-20 11:00:00
1234,1401,821,1422,1414,2026-03-20 11:00:00
1235,1411,822,1369,1360,2026-03-20 12:00:00
1236,446,822,1457,1466,2026-03-20 12:00:00
1237,1401,823,1414,1405,2026-03-20 12:00:00
1238,737,823,1517,1525,2026-03-20 12:00:00
1239,1252,824,1359,1348,2026-03-20 12:00:00
1240,283,824,1385,1396,2026-03-20 12:00:00
1241,1631,825,1958,1961,2026-03-20 14:00:00
1242,2120,825,1643,1640,2026-03-20 14:00:00
1243,1401,826,1405,1395,2026-03-20 14:00:00
1244,278,826,1462,1472,2026-03-20 14:00:00
1245,1961,827,1760,1769,2026-03-20 14:00:00
1246,1172,827,1689,1680,2026-03-20 14:00:00
1247,1593,829,1452,1465,2026-03-20 15:00:00
1248,643,829,1486,1473,2026-03-20 15:00:00
1249,993,830,1402,1397,2026-03-20 15:00:00
1250,910,830,1653,1658,2026-03-20 15:00:00
1251,1592,831,1589,1578,2026-03-20 15:00:00
1252,1663,831,1626,1636,2026-03-20 15:00:00
1253,234,833,1699,1707,2026-03-20 16:00:00
1254,1179,833,1578,1570,2026-03-20 16:00:00
1255,1810,834,1868,1878,2026-03-20 16:00:00
1256,947,834,1787,1778,2026-03-20 16:00:00
1257,1845,835,1273,1259,2026-03-20 16:00:00
1258,2063,835,1238,1251,2026-03-20 16:00:00
1259,1884,836,1362,1354,2026-03-20 16:00:00
1260,1621,836,1478,1486,2026-03-20 16:00:00
1261,873,837,1695,1680,2026-03-20 16:00:00
1262,331,837,1623,1638,2026-03-20 16:00:00
1263,2180,838,1729,1734,2026-03-20 17:00:00
1264,261,838,1499,1494,2026-03-20 17:00:00
1265,234,839,1707,1713,2026-03-20 17:00:00
1266,2003,839,1547,1540,2026-03-20 17:00:00
1267,2262,840,1263,1275,2026-03-20 17:00:00
1268,2435,840,1279,1266,2026-03-20 17:00:00
1269,1303,841,1456,1447,2026-03-20 17:00:00
1270,911,841,1544,1553,2026-03-20 17:00:00
1271,240,842,1621,1634,2026-03-20 17:00:00
1272,615,842,1658,1645,2026-03-20 17:00:00
1273,563,844,1282,1296,2026-03-20 17:00:00
1274,979,844,1347,1333,2026-03-20 17:00:00
1275,664,845,1706,1697,2026-03-20 18:00:00
1276,816,845,1799,1808,2026-03-20 18:00:00
1277,869,847,1716,1705,2026-03-20 18:00:00
1278,1367,847,1744,1755,2026-03-20 18:00:00
1279,1053,848,1699,1707,2026-03-20 18:00:00
1280,1918,848,1589,1581,2026-03-20 18:00:00
1281,1342,849,1464,1452,2026-03-20 18:00:00
1282,736,849,1460,1472,2026-03-20 18:00:00
1283,123,850,1211,1198,2026-03-20 19:00:00
1284,2433,850,1192,1205,2026-03-20 19:00:00
1285,527,851,1905,1912,2026-03-20 19:00:00
1286,1367,851,1755,1748,2026-03-20 19:00:00
1287,2379,853,1901,1885,2026-03-20 19:00:00
1288,1551,853,1801,1817,2026-03-20 19:00:00
1289,2129,855,1021,1013,2026-03-20 19:00:00
1290,2110,855,1145,1153,2026-03-20 19:00:00
1291,400,856,1336,1347,2026-03-20 19:00:00
1292,2399,856,1315,1303,2026-03-20 19:00:00
1293,1252,857,1348,1338,2026-03-20 19:00:00
1294,2196,857,1424,1433,2026-03-20 19:00:00
1295,1756,859,1722,1706,2026-03-20 20:00:00
1296,1986,859,1615,1631,2026-03-20 20:00:00
1297,538,860,1711,1720,2026-03-20 20:00:00
1298,1986,860,1631,1621,2026-03-20 20:00:00
1299,615,865,1645,1650,2026-03-20 20:00:00
1300,2344,865,1412,1407,2026-03-20 20:00:00
1301,269,867,1362,1354,2026-03-20 20:00:00
1302,1173,867,1498,1505,2026-03-20 20:00:00
1303,1154,868,1512,1504,2026-03-20 21:00:00
1304,910,868,1658,1665,2026-03-20 21:00:00
1305,1961,869,1769,1754,2026-03-20 21:00:00
1306,1172,869,1680,1695,2026-03-20 21:00:00
1307,2474,870,1241,1256,2026-03-20 21:00:00
1308,899,870,1359,1343,2026-03-20 21:00:00
1309,2326,871,1271,1263,2026-03-20 21:00:00
1310,474,871,1403,1411,2026-03-20 21:00:00
1311,1579,872,1432,1428,2026-03-20 21:00:00
1312,626,872,1681,1686,2026-03-20 21:00:00
1313,1592,874,1578,1585,2026-03-20 22:00:00
1314,993,874,1397,1391,2026-03-20 22:00:00
1315,109,876,1889,1882,2026-03-20 22:00:00
1316,1687,876,2051,2057,2026-03-20 22:00:00
1317,1144,877,1953,1963,2026-03-20 22:00:00
1318,109,877,1882,1872,2026-03-20 22:00:00
1319,1762,878,1394,1387,2026-03-20 22:00:00
1320,1808,878,1543,1550,2026-03-20 22:00:00
1321,869,879,1705,1718,2026-03-20 22:00:00
1322,234,879,1713,1701,2026-03-20 22:00:00
1323,1631,880,1961,1947,2026-03-20 22:00:00
1324,527,880,1912,1926,2026-03-20 22:00:00
1325,2357,881,1491,1500,2026-03-20 22:00:00
1326,255,881,1422,1413,2026-03-20 22:00:00
1327,2433,882,1205,1193,2026-03-20 22:00:00
1328,916,882,1201,1213,2026-03-20 22:00:00
1329,2452,883,1535,1527,2026-03-20 22:00:00
1330,873,883,1680,1687,2026-03-20 22:00:00
1331,1611,884,1384,1376,2026-03-20 22:00:00
1332,2434,884,1507,1515,2026-03-20 22:00:00
1333,28,885,1743,1748,2026-03-20 22:00:00
1334,2434,885,1515,1510,2026-03-20 22:00:00
1335,450,887,1563,1572,2026-03-20 23:00:00
1336,1593,887,1465,1456,2026-03-20 23:00:00
1337,1808,888,1550,1554,2026-03-20 23:00:00
1338,646,888,1275,1271,2026-03-20 23:00:00
1339,2189,891,1729,1736,2026-03-21 01:00:00
1340,461,891,1598,1590,2026-03-21 01:00:00
1341,2430,892,1306,1317,2026-03-21 09:00:00
1342,311,892,1282,1271,2026-03-21 09:00:00
1343,28,894,1748,1759,2026-03-21 11:00:00
1344,1053,894,1707,1696,2026-03-21 11:00:00
1345,664,895,1697,1686,2026-03-21 12:00:00
1346,2180,895,1734,1744,2026-03-21 12:00:00
1347,450,896,1572,1581,2026-03-21 13:00:00
1348,2316,896,1491,1482,2026-03-21 13:00:00
1349,174,897,1712,1724,2026-03-21 13:00:00
1350,234,897,1701,1690,2026-03-21 13:00:00
1351,1901,898,1511,1527,2026-03-21 13:00:00
1352,186,898,1643,1626,2026-03-21 13:00:00
1353,1228,899,1161,1153,2026-03-21 14:00:00
1354,646,899,1271,1279,2026-03-21 14:00:00
1355,28,900,1759,1750,2026-03-21 14:00:00
1356,1039,900,1854,1863,2026-03-21 14:00:00
1357,1702,901,1437,1448,2026-03-21 14:00:00
1358,1445,901,1410,1399,2026-03-21 14:00:00
1359,736,902,1472,1488,2026-03-21 14:00:00
1360,1858,902,1594,1578,2026-03-21 14:00:00
1361,2169,903,1609,1621,2026-03-21 15:00:00
1362,1721,903,1600,1588,2026-03-21 15:00:00
1363,717,905,1437,1425,2026-03-21 15:00:00
1364,1702,905,1448,1460,2026-03-21 15:00:00
1365,1530,908,1579,1593,2026-03-21 16:00:00
1366,1788,908,1653,1639,2026-03-21 16:00:00
1367,333,909,1476,1491,2026-03-21 16:00:00
1368,2454,909,1560,1545,2026-03-21 16:00:00
1369,1228,910,1153,1169,2026-03-21 17:00:00
1370,646,910,1279,1263,2026-03-21 17:00:00
1371,2003,912,1540,1535,2026-03-21 17:00:00
1372,947,912,1778,1783,2026-03-21 17:00:00
1373,174,913,1724,1735,2026-03-21 17:00:00
1374,1172,913,1695,1684,2026-03-21 17:00:00
1375,1901,915,1527,1517,2026-03-21 17:00:00
1376,468,915,1589,1599,2026-03-21 17:00:00
1377,1223,917,1530,1522,2026-03-21 17:00:00
1378,1788,917,1639,1647,2026-03-21 17:00:00
1379,1687,918,2057,2066,2026-03-21 18:00:00
1380,1144,918,1963,1954,2026-03-21 18:00:00
1381,2183,920,1717,1725,2026-03-21 18:00:00
1382,1364,920,1576,1569,2026-03-21 18:00:00
1383,1983,921,1376,1367,2026-03-21 18:00:00
1384,1342,921,1452,1462,2026-03-21 18:00:00
1385,343,922,1621,1613,2026-03-21 18:00:00
1386,1917,922,1736,1744,2026-03-21 18:00:00
1387,2120,925,1640,1649,2026-03-21 19:00:00
1388,2003,925,1535,1527,2026-03-21 19:00:00
1389,311,926,1271,1263,2026-03-21 19:00:00
1390,255,926,1413,1420,2026-03-21 19:00:00
1391,651,927,1750,1761,2026-03-21 19:00:00
1392,2087,927,1695,1684,2026-03-21 19:00:00
1393,1179,928,1570,1586,2026-03-21 19:00:00
1394,2087,928,1684,1669,2026-03-21 19:00:00
1395,1918,930,1581,1586,2026-03-21 19:00:00
1396,1884,930,1354,1349,2026-03-21 19:00:00
1397,820,931,1443,1436,2026-03-21 19:00:00
1398,1918,931,1586,1593,2026-03-21 19:00:00
1399,461,932,1590,1579,2026-03-21 19:00:00
1400,2026,932,1617,1628,2026-03-21 19:00:00
1401,1705,933,1476,1487,2026-03-21 19:00:00
1402,1683,933,1465,1453,2026-03-21 19:00:00
1403,866,934,1433,1422,2026-03-21 19:00:00
1404,595,934,1465,1475,2026-03-21 19:00:00
1405,852,935,1427,1412,2026-03-21 19:00:00
1406,1252,935,1338,1353,2026-03-21 19:00:00
1407,787,939,1716,1725,2026-03-21 20:00:00
1408,1663,939,1636,1627,2026-03-21 20:00:00
1409,1721,941,1588,1596,2026-03-21 20:00:00
1410,278,941,1472,1463,2026-03-21 20:00:00
1411,646,943,1263,1272,2026-03-21 21:00:00
1412,1228,943,1169,1160,2026-03-21 21:00:00
1413,1303,944,1447,1461,2026-03-21 21:00:00
1414,656,944,1493,1479,2026-03-21 21:00:00
1415,516,945,1538,1546,2026-03-21 21:00:00
1416,474,945,1411,1403,2026-03-21 21:00:00
1417,1689,946,1374,1386,2026-03-21 21:00:00
1418,1165,946,1359,1348,2026-03-21 21:00:00
1419,20,948,1375,1390,2026-03-21 21:00:00
1420,736,948,1488,1472,2026-03-21 21:00:00
1421,643,949,1473,1483,2026-03-21 22:00:00
1422,1447,949,1397,1388,2026-03-21 22:00:00
1423,1144,950,1954,1950,2026-03-21 22:00:00
1424,2225,950,2220,2224,2026-03-21 22:00:00
1425,1172,951,1684,1676,2026-03-21 22:00:00
1426,1551,951,1817,1824,2026-03-21 22:00:00
1427,1172,953,1676,1663,2026-03-21 22:00:00
1428,2120,953,1649,1662,2026-03-21 22:00:00
1429,651,954,1761,1763,2026-03-21 22:00:00
1430,2261,954,1375,1373,2026-03-21 22:00:00
1431,2393,955,1839,1828,2026-03-21 22:00:00
1432,2005,955,1846,1858,2026-03-21 22:00:00
1433,2455,956,1456,1449,2026-03-21 22:00:00
1434,1918,956,1593,1601,2026-03-21 22:00:00
1435,2226,957,1339,1331,2026-03-21 22:00:00
1436,1533,957,1436,1445,2026-03-21 22:00:00
1437,563,958,1296,1307,2026-03-21 22:00:00
1438,571,958,1259,1248,2026-03-21 22:00:00
1439,651,959,1763,1772,2026-03-21 23:00:00
1440,1172,959,1663,1655,2026-03-21 23:00:00
1441,1342,961,1462,1474,2026-03-21 23:00:00
1442,2303,961,1463,1451,2026-03-21 23:00:00
1443,1593,962,1456,1440,2026-03-22 00:00:00
1444,536,962,1326,1343,2026-03-22 00:00:00
1445,1592,963,1585,1591,2026-03-22 00:00:00
1446,993,963,1391,1385,2026-03-22 00:00:00
1447,1411,964,1360,1352,2026-03-22 01:00:00
1448,261,964,1494,1502,2026-03-22 01:00:00
1449,1592,966,1591,1600,2026-03-22 10:00:00
1450,261,966,1502,1493,2026-03-22 10:00:00
1451,334,968,1513,1501,2026-03-22 10:00:00
1452,2434,968,1510,1522,2026-03-22 10:00:00
1453,1257,969,1507,1517,2026-03-22 11:00:00
1454,1342,969,1474,1463,2026-03-22 11:00:00
1455,283,970,1396,1385,2026-03-22 11:00:00
1456,852,970,1412,1423,2026-03-22 11:00:00
1457,1179,971,1586,1578,2026-03-22 12:00:00
1458,869,971,1718,1725,2026-03-22 12:00:00
1459,1053,972,1696,1685,2026-03-22 12:00:00
1460,1708,972,1726,1737,2026-03-22 12:00:00
1461,2407,973,1360,1351,2026-03-22 12:00:00
1462,701,973,1464,1473,2026-03-22 12:00:00
1463,1179,975,1578,1570,2026-03-22 13:00:00
1464,234,975,1690,1698,2026-03-22 13:00:00
1465,1845,976,1259,1252,2026-03-22 13:00:00
1466,938,976,1407,1414,2026-03-22 13:00:00
1467,1599,977,1442,1450,2026-03-22 13:00:00
1468,1820,977,1300,1293,2026-03-22 13:00:00
1469,1144,978,1950,1941,2026-03-22 14:00:00
1470,1471,978,2052,2060,2026-03-22 14:00:00
1471,2120,979,1662,1672,2026-03-22 14:00:00
1472,2169,979,1621,1610,2026-03-22 14:00:00
1473,538,980,1720,1709,2026-03-22 15:00:00
1474,1261,980,1750,1761,2026-03-22 15:00:00
1475,2087,982,1669,1659,2026-03-22 15:00:00
1476,869,982,1725,1735,2026-03-22 15:00:00
1477,988,983,1933,1933,2026-03-22 15:00:00
1478,1618,983,1305,1304,2026-03-22 15:00:00
1479,1296,984,1034,1046,2026-03-22 15:00:00
1480,584,984,1039,1027,2026-03-22 15:00:00
1481,1820,989,1293,1280,2026-03-22 16:00:00
1482,1609,989,1266,1279,2026-03-22 16:00:00
1483,1367,990,1748,1757,2026-03-22 17:00:00
1484,2087,990,1659,1650,2026-03-22 17:00:00
1485,901,991,1528,1532,2026-03-22 17:00:00
1486,916,991,1213,1210,2026-03-22 17:00:00
1487,2081,994,1111,1121,2026-03-22 17:00:00
1488,1296,994,1046,1036,2026-03-22 17:00:00
1489,1663,995,1627,1617,2026-03-22 18:00:00
1490,664,995,1686,1696,2026-03-22 18:00:00
1491,1644,996,1339,1332,2026-03-22 18:00:00
1492,643,996,1483,1490,2026-03-22 18:00:00
1493,255,997,1420,1431,2026-03-22 18:00:00
1494,836,997,1399,1388,2026-03-22 18:00:00
1495,174,998,1735,1723,2026-03-22 18:00:00
1496,869,998,1735,1747,2026-03-22 18:00:00
1497,1433,999,1536,1552,2026-03-22 18:00:00
1498,331,999,1638,1622,2026-03-22 18:00:00
1499,1000,1001,1624,1616,2026-03-22 18:00:00
1500,2442,1001,1732,1740,2026-03-22 18:00:00
1501,1184,1003,1187,1201,2026-03-22 19:00:00
1502,2326,1003,1263,1249,2026-03-22 19:00:00
1503,2295,1004,1215,1228,2026-03-22 19:00:00
1504,67,1004,1246,1233,2026-03-22 19:00:00
1505,1411,1005,1352,1345,2026-03-22 20:00:00
1506,643,1005,1490,1497,2026-03-22 20:00:00
1507,2433,1006,1193,1184,2026-03-22 20:00:00
1508,1710,1006,1280,1289,2026-03-22 20:00:00
1509,1687,1008,2066,2050,2026-03-22 21:00:00
1510,1144,1008,1941,1957,2026-03-22 21:00:00
1511,159,1009,1761,1768,2026-03-22 21:00:00
1512,1663,1009,1617,1610,2026-03-22 21:00:00
1513,234,1010,1698,1690,2026-03-22 21:00:00
1514,1551,1010,1824,1832,2026-03-22 21:00:00
1515,2087,1011,1650,1659,2026-03-22 21:00:00
1516,1179,1011,1570,1561,2026-03-22 21:00:00
1517,701,1012,1473,1456,2026-03-22 21:00:00
1518,2407,1012,1351,1368,2026-03-22 21:00:00
1519,1703,1013,1186,1184,2026-03-22 21:00:00
1520,2026,1013,1628,1630,2026-03-22 21:00:00
1521,2056,1014,1174,1173,2026-03-22 22:00:00
1522,1986,1014,1621,1623,2026-03-22 22:00:00
1523,2087,1015,1659,1647,2026-03-22 22:00:00
1524,2120,1015,1672,1684,2026-03-22 22:00:00
1525,2087,1016,1647,1656,2026-03-22 22:00:00
1526,1179,1016,1561,1551,2026-03-22 22:00:00
1527,2129,1017,1013,1004,2026-03-22 22:00:00
1528,200,1017,1083,1093,2026-03-22 22:00:00
1529,2348,1020,1259,1267,2026-03-23 11:00:00
1530,1228,1020,1160,1151,2026-03-23 11:00:00
1531,2109,1021,1444,1434,2026-03-23 11:00:00
1532,1402,1021,1495,1505,2026-03-23 11:00:00
1533,1154,1022,1504,1490,2026-03-23 12:00:00
1534,1593,1022,1440,1454,2026-03-23 12:00:00
1535,2087,1023,1656,1666,2026-03-23 12:00:00
1536,881,1023,1595,1585,2026-03-23 12:00:00
1537,1389,1024,1405,1394,2026-03-23 12:00:00
1538,2455,1024,1449,1459,2026-03-23 12:00:00
1539,1833,1025,1535,1524,2026-03-23 12:00:00
1540,85,1025,1572,1583,2026-03-23 12:00:00
1541,1287,1026,1277,1268,2026-03-23 13:00:00
1542,992,1026,1362,1372,2026-03-23 13:00:00
1543,1552,1028,1485,1492,2026-03-23 14:00:00
1544,400,1028,1347,1340,2026-03-23 14:00:00
1545,1599,1029,1450,1442,2026-03-23 15:00:00
1546,1364,1029,1569,1577,2026-03-23 15:00:00
1547,343,1030,1613,1601,2026-03-23 15:00:00
1548,98,1030,1608,1620,2026-03-23 15:00:00
1549,2357,1032,1500,1491,2026-03-23 17:00:00
1550,1721,1032,1596,1605,2026-03-23 17:00:00
1551,395,1037,1444,1435,2026-03-23 17:00:00
1552,1748,1037,1520,1529,2026-03-23 17:00:00
1553,538,1039,1709,1694,2026-03-23 18:00:00
1554,1986,1039,1623,1638,2026-03-23 18:00:00
1555,2261,1040,1373,1383,2026-03-23 18:00:00
1556,2430,1040,1317,1307,2026-03-23 18:00:00
1557,2452,1041,1527,1517,2026-03-23 18:00:00
1558,1364,1041,1577,1587,2026-03-23 18:00:00
1559,2326,1042,1249,1243,2026-03-23 18:00:00
1560,701,1042,1456,1462,2026-03-23 18:00:00
1561,1401,1043,1395,1388,2026-03-23 19:00:00
1562,901,1043,1532,1539,2026-03-23 19:00:00
1563,1810,1044,1878,1880,2026-03-23 19:00:00
1564,278,1044,1463,1461,2026-03-23 19:00:00
1565,2297,1045,1620,1628,2026-03-23 19:00:00
1566,656,1045,1479,1472,2026-03-23 19:00:00
1567,1936,1046,1250,1263,2026-03-23 19:00:00
1568,1609,1046,1279,1266,2026-03-23 19:00:00
1569,1223,1047,1522,1512,2026-03-23 19:00:00
1570,1282,1047,1586,1596,2026-03-23 19:00:00
1571,1502,1048,1842,1855,2026-03-23 20:00:00
1572,2379,1048,1885,1872,2026-03-23 20:00:00
1573,2183,1049,1725,1741,2026-03-23 20:00:00
1574,1039,1049,1863,1847,2026-03-23 20:00:00
1575,334,1050,1501,1496,2026-03-23 20:00:00
1576,1708,1050,1737,1742,2026-03-23 20:00:00
1577,1808,1051,1554,1537,2026-03-23 21:00:00
1578,91,1051,1398,1415,2026-03-23 21:00:00
1579,2151,1052,1876,1859,2026-03-23 21:00:00
1580,2213,1052,1728,1744,2026-03-23 21:00:00
1581,1593,1053,1454,1447,2026-03-23 22:00:00
1582,1592,1053,1600,1607,2026-03-23 22:00:00
1583,1961,1054,1754,1746,2026-03-23 22:00:00
1584,1502,1054,1855,1864,2026-03-23 22:00:00
1585,200,1055,1093,1102,2026-03-23 22:00:00
1586,2129,1055,1004,995,2026-03-23 22:00:00
1587,2306,1056,1197,1193,2026-03-23 22:00:00
1588,439,1056,1510,1513,2026-03-23 22:00:00
1589,538,1058,1694,1699,2026-03-24 00:00:00
1590,446,1058,1466,1461,2026-03-24 00:00:00
1591,2142,1059,1629,1634,2026-03-24 01:00:00
1592,91,1059,1415,1410,2026-03-24 01:00:00
1593,1411,1060,1345,1334,2026-03-24 10:00:00
1594,993,1060,1385,1396,2026-03-24 10:00:00
1595,1618,1061,1304,1297,2026-03-24 11:00:00
1596,2303,1061,1451,1458,2026-03-24 11:00:00
1597,2142,1062,1634,1642,2026-03-24 13:00:00
1598,1154,1062,1490,1483,2026-03-24 13:00:00
1599,1599,1063,1442,1430,2026-03-24 14:00:00
1600,2455,1063,1459,1470,2026-03-24 14:00:00
1601,283,1065,1385,1374,2026-03-24 16:00:00
1602,2196,1065,1433,1444,2026-03-24 16:00:00
1603,1961,1067,1746,1738,2026-03-24 17:00:00
1604,2379,1067,1872,1880,2026-03-24 17:00:00
1605,334,1068,1496,1506,2026-03-24 17:00:00
1606,820,1068,1436,1426,2026-03-24 17:00:00
1607,1533,1069,1445,1437,2026-03-24 17:00:00
1608,1736,1069,1578,1586,2026-03-24 17:00:00
1609,1411,1070,1334,1326,2026-03-24 18:00:00
1610,722,1070,1440,1449,2026-03-24 18:00:00
1611,1401,1071,1388,1379,2026-03-24 18:00:00
1612,1998,1071,1484,1493,2026-03-24 18:00:00
1613,400,1073,1340,1330,2026-03-24 18:00:00
1614,1445,1073,1399,1409,2026-03-24 18:00:00
1615,1687,1074,2050,2044,2026-03-24 19:00:00
1616,2225,1074,2224,2230,2026-03-24 19:00:00
1617,2056,1075,1173,1166,2026-03-24 19:00:00
1618,536,1075,1343,1349,2026-03-24 19:00:00
1619,1113,1076,1462,1453,2026-03-24 19:00:00
1620,1894,1076,1540,1549,2026-03-24 19:00:00
1621,1252,1079,1353,1361,2026-03-24 19:00:00
1622,67,1079,1233,1225,2026-03-24 19:00:00
1623,1428,1080,1898,1905,2026-03-24 19:00:00
1624,76,1080,1748,1741,2026-03-24 19:00:00
1625,2226,1081,1331,1320,2026-03-24 19:00:00
1626,707,1081,1385,1395,2026-03-24 19:00:00
1627,2087,1082,1666,1674,2026-03-24 20:00:00
1628,1179,1082,1551,1543,2026-03-24 20:00:00
1629,1179,1083,1543,1555,2026-03-24 20:00:00
1630,1894,1083,1549,1537,2026-03-24 20:00:00
1631,214,1084,1268,1264,2026-03-24 20:00:00
1632,2454,1084,1545,1549,2026-03-24 20:00:00
1633,214,1087,1264,1255,2026-03-24 21:00:00
1634,269,1087,1354,1363,2026-03-24 21:00:00
1635,1179,1088,1555,1548,2026-03-24 22:00:00
1636,234,1088,1690,1698,2026-03-24 22:00:00
1637,334,1090,1506,1514,2026-03-24 22:00:00
1638,1611,1090,1376,1369,2026-03-24 22:00:00
1639,2454,1092,1549,1557,2026-03-24 22:00:00
1640,1256,1092,1411,1404,2026-03-24 22:00:00
1641,255,1095,1431,1427,2026-03-24 23:00:00
1642,2309,1095,1718,1722,2026-03-24 23:00:00
1643,1936,1096,1263,1255,2026-03-24 23:00:00
1644,1389,1096,1394,1402,2026-03-24 23:00:00
1645,1028,1099,1525,1536,2026-03-25 00:00:00
1646,643,1099,1497,1486,2026-03-25 00:00:00
1647,737,1100,1525,1533,2026-03-25 09:00:00
1648,1401,1100,1379,1372,2026-03-25 09:00:00
1649,1663,1101,1610,1624,2026-03-25 12:00:00
1650,910,1101,1665,1651,2026-03-25 12:00:00
1651,1172,1102,1655,1649,2026-03-25 14:00:00
1652,1810,1102,1880,1885,2026-03-25 14:00:00
1653,2120,1103,1684,1697,2026-03-25 14:00:00
1654,2309,1103,1722,1709,2026-03-25 14:00:00
1655,1471,1104,2060,2045,2026-03-25 16:00:00
1656,1144,1104,1957,1973,2026-03-25 16:00:00
1657,261,1105,1493,1498,2026-03-25 16:00:00
1658,646,1105,1272,1267,2026-03-25 16:00:00
1659,2169,1106,1610,1620,2026-03-25 16:00:00
1660,737,1106,1533,1523,2026-03-25 16:00:00
1661,1428,1108,1905,1911,2026-03-25 16:00:00
1662,76,1108,1741,1734,2026-03-25 16:00:00
1663,1062,1109,1465,1478,2026-03-25 17:00:00
1664,643,1109,1486,1474,2026-03-25 17:00:00
1665,2169,1110,1620,1628,2026-03-25 17:00:00
1666,737,1110,1523,1514,2026-03-25 17:00:00
1667,1810,1111,1885,1875,2026-03-25 17:00:00
1668,1631,1111,1947,1957,2026-03-25 17:00:00
1669,442,1112,1471,1484,2026-03-25 17:00:00
1670,439,1112,1513,1500,2026-03-25 17:00:00
1671,395,1113,1435,1425,2026-03-25 17:00:00
1672,1173,1113,1505,1515,2026-03-25 17:00:00
1673,741,1117,1429,1439,2026-03-25 18:00:00
1674,1252,1117,1361,1352,2026-03-25 18:00:00
1675,1173,1118,1515,1523,2026-03-25 18:00:00
1676,2246,1118,1402,1394,2026-03-25 18:00:00
1677,1126,1119,1793,1779,2026-03-25 19:00:00
1678,869,1119,1747,1761,2026-03-25 19:00:00
1679,174,1120,1723,1734,2026-03-25 19:00:00
1680,2120,1120,1697,1686,2026-03-25 19:00:00
1681,1603,1122,1487,1479,2026-03-25 19:00:00
1682,1721,1122,1605,1613,2026-03-25 19:00:00
1683,1758,1123,1357,1366,2026-03-25 19:00:00
1684,1820,1123,1280,1271,2026-03-25 19:00:00
1685,1687,1124,2044,2053,2026-03-25 20:00:00
1686,1144,1124,1973,1963,2026-03-25 20:00:00
1687,966,1125,1476,1493,2026-03-25 20:00:00
1688,2297,1125,1628,1611,2026-03-25 20:00:00
1689,1433,1126,1552,1563,2026-03-25 20:00:00
1690,2434,1126,1522,1511,2026-03-25 20:00:00
1691,787,1128,1725,1730,2026-03-25 21:00:00
1692,1062,1128,1478,1473,2026-03-25 21:00:00
1693,1502,1130,1864,1853,2026-03-25 21:00:00
1694,2379,1130,1880,1891,2026-03-25 21:00:00
1695,527,1131,1926,1930,2026-03-25 21:00:00
1696,2169,1131,1628,1625,2026-03-25 21:00:00
1697,1367,1132,1757,1746,2026-03-25 21:00:00
1698,1126,1132,1779,1791,2026-03-25 21:00:00
1699,1502,1133,1853,1860,2026-03-25 21:00:00
1700,2309,1133,1709,1701,2026-03-25 21:00:00
1701,1113,1136,1453,1445,2026-03-25 22:00:00
1702,881,1136,1585,1593,2026-03-25 22:00:00
1703,2453,1138,1241,1246,2026-03-25 22:00:00
1704,2129,1138,995,990,2026-03-25 22:00:00
1705,1030,1140,1693,1702,2026-03-25 22:00:00
1706,114,1140,1595,1586,2026-03-25 22:00:00
1707,2348,1142,1267,1259,2026-03-25 23:00:00
1708,1762,1142,1387,1395,2026-03-25 23:00:00
1709,2142,1143,1642,1634,2026-03-26 00:00:00
1710,159,1143,1768,1776,2026-03-26 00:00:00
1711,1940,1144,1552,1563,2026-03-26 00:00:00
1712,1223,1144,1512,1501,2026-03-26 00:00:00
1713,1144,1146,1963,1972,2026-03-26 10:00:00
1714,109,1146,1872,1863,2026-03-26 10:00:00
1715,1163,1148,1898,1883,2026-03-26 13:00:00
1716,816,1148,1808,1823,2026-03-26 13:00:00
1717,1126,1149,1791,1777,2026-03-26 14:00:00
1718,174,1149,1734,1748,2026-03-26 14:00:00
1719,787,1150,1730,1743,2026-03-26 15:00:00
1720,1261,1150,1761,1748,2026-03-26 15:00:00
1721,2005,1151,1858,1845,2026-03-26 15:00:00
1722,2393,1151,1828,1841,2026-03-26 15:00:00
1723,1886,1152,1772,1783,2026-03-26 15:00:00
1724,1574,1152,1752,1741,2026-03-26 15:00:00
1725,1592,1153,1607,1596,2026-03-26 17:00:00
1726,1773,1153,1647,1658,2026-03-26 17:00:00
1727,1687,1154,2053,2062,2026-03-26 17:00:00
1728,1144,1154,1972,1963,2026-03-26 17:00:00
1729,787,1155,1743,1753,2026-03-26 17:00:00
1730,538,1155,1699,1689,2026-03-26 17:00:00
1731,2142,1156,1634,1622,2026-03-26 17:00:00
1732,1986,1156,1638,1650,2026-03-26 17:00:00
1733,992,1158,1372,1379,2026-03-26 17:00:00
1734,621,1158,1246,1238,2026-03-26 17:00:00
1735,1961,1159,1738,1751,2026-03-26 17:00:00
1736,947,1159,1783,1769,2026-03-26 17:00:00
1737,1256,1161,1404,1411,2026-03-26 17:00:00
1738,214,1161,1255,1248,2026-03-26 17:00:00
1739,722,1162,1449,1459,2026-03-26 18:00:00
1740,91,1162,1410,1399,2026-03-26 18:00:00
1741,1644,1163,1332,1323,2026-03-26 18:00:00
1742,1098,1163,1423,1432,2026-03-26 18:00:00
1743,1053,1166,1685,1695,2026-03-26 18:00:00
1744,331,1166,1622,1613,2026-03-26 18:00:00
1745,1762,1167,1395,1390,2026-03-26 19:00:00
1746,910,1167,1651,1655,2026-03-26 19:00:00
1747,1961,1170,1751,1736,2026-03-26 19:00:00
1748,1172,1170,1649,1665,2026-03-26 19:00:00
1749,1608,1171,1281,1290,2026-03-26 19:00:00
1750,2306,1171,1193,1184,2026-03-26 19:00:00
1751,1342,1172,1463,1455,2026-03-26 19:00:00
1752,1858,1172,1578,1586,2026-03-26 19:00:00
1753,2348,1173,1259,1276,2026-03-26 20:00:00
1754,993,1173,1396,1379,2026-03-26 20:00:00
1755,816,1175,1823,1812,2026-03-26 20:00:00
1756,109,1175,1863,1874,2026-03-26 20:00:00
1757,1299,1177,1456,1471,2026-03-26 20:00:00
1758,911,1177,1553,1538,2026-03-26 20:00:00
1759,1544,1179,1628,1623,2026-03-26 20:00:00
1760,1738,1179,1860,1865,2026-03-26 20:00:00
1761,1249,1180,1451,1457,2026-03-26 20:00:00
1762,571,1180,1248,1243,2026-03-26 20:00:00
1763,2003,1182,1527,1534,2026-03-26 21:00:00
1764,836,1182,1388,1380,2026-03-26 21:00:00
1765,1579,1184,1428,1417,2026-03-26 21:00:00
1766,2303,1184,1458,1469,2026-03-26 21:00:00
1767,538,1185,1689,1676,2026-03-26 22:00:00
1768,1986,1185,1650,1663,2026-03-26 22:00:00
1769,1870,1186,1814,1807,2026-03-26 22:00:00
1770,1144,1186,1963,1970,2026-03-26 22:00:00
1771,1299,1188,1471,1467,2026-03-26 22:00:00
1772,2213,1188,1744,1748,2026-03-26 22:00:00
1773,1163,1190,1883,1866,2026-03-26 23:00:00
1774,2180,1190,1744,1761,2026-03-26 23:00:00
1775,1360,1191,1741,1744,2026-03-26 23:00:00
1776,1389,1191,1402,1399,2026-03-26 23:00:00
1777,2121,1192,1203,1216,2026-03-27 01:00:00
1778,2295,1192,1228,1215,2026-03-27 01:00:00
1779,1154,1193,1483,1479,2026-03-27 09:00:00
1780,2180,1193,1761,1765,2026-03-27 09:00:00
1781,1773,1194,1658,1646,2026-03-27 11:00:00
1782,910,1194,1655,1668,2026-03-27 11:00:00
1783,1098,1195,1432,1423,2026-03-27 11:00:00
1784,1808,1195,1537,1546,2026-03-27 11:00:00
1785,1367,1196,1746,1758,2026-03-27 11:00:00
1786,947,1196,1769,1756,2026-03-27 11:00:00
1787,91,1197,1399,1395,2026-03-27 12:00:00
1788,538,1197,1676,1680,2026-03-27 12:00:00
1789,1687,1199,2062,2074,2026-03-27 12:00:00
1790,1471,1199,2045,2034,2026-03-27 12:00:00
1791,2063,1200,1251,1240,2026-03-27 12:00:00
1792,533,1200,1287,1298,2026-03-27 12:00:00
1793,1551,1202,1832,1818,2026-03-27 15:00:00
1794,1126,1202,1777,1791,2026-03-27 15:00:00
1795,911,1203,1538,1547,2026-03-27 15:00:00
1796,2109,1203,1434,1426,2026-03-27 15:00:00
1797,737,1205,1514,1527,2026-03-27 16:00:00
1798,901,1205,1539,1526,2026-03-27 16:00:00
1799,2379,1206,1891,1895,2026-03-27 16:00:00
1800,881,1206,1593,1589,2026-03-27 16:00:00
1801,1633,1207,1365,1357,2026-03-27 16:00:00
1802,1621,1207,1486,1494,2026-03-27 16:00:00
1803,1228,1208,1151,1164,2026-03-27 17:00:00
1804,2056,1208,1166,1154,2026-03-27 17:00:00
1805,820,1209,1426,1416,2026-03-27 17:00:00
1806,1621,1209,1494,1504,2026-03-27 17:00:00
1807,1762,1210,1390,1401,2026-03-27 18:00:00
1808,1341,1210,1364,1352,2026-03-27 18:00:00
1809,1411,1211,1326,1336,2026-03-27 18:00:00
1810,2348,1211,1276,1265,2026-03-27 18:00:00
1811,1721,1212,1613,1629,2026-03-27 18:00:00
1812,1961,1212,1736,1720,2026-03-27 18:00:00
1813,2309,1213,1701,1692,2026-03-27 18:00:00
1814,651,1213,1772,1781,2026-03-27 18:00:00
1815,1864,1215,1220,1211,2026-03-27 18:00:00
1816,2430,1215,1307,1316,2026-03-27 18:00:00
1817,999,1216,1500,1487,2026-03-27 18:00:00
1818,1299,1216,1467,1480,2026-03-27 18:00:00
1819,1433,1217,1563,1572,2026-03-27 18:00:00
1820,82,1217,1468,1459,2026-03-27 18:00:00
1821,214,1218,1248,1239,2026-03-27 18:00:00
1822,979,1218,1333,1342,2026-03-27 18:00:00
1823,1098,1219,1423,1410,2026-03-27 19:00:00
1824,1447,1219,1388,1401,2026-03-27 19:00:00
1825,1572,1220,1414,1420,2026-03-27 19:00:00
1826,1864,1220,1211,1205,2026-03-27 19:00:00
1827,2433,1221,1184,1197,2026-03-27 19:00:00
1828,916,1221,1210,1197,2026-03-27 19:00:00
1829,123,1222,1198,1189,2026-03-27 19:00:00
1830,1287,1222,1268,1278,2026-03-27 19:00:00
1831,689,1224,1181,1173,2026-03-27 19:00:00
1832,533,1224,1298,1306,2026-03-27 19:00:00
1833,2455,1225,1470,1465,2026-03-27 19:00:00
1834,2481,1225,1692,1697,2026-03-27 19:00:00
1835,1820,1226,1271,1279,2026-03-27 19:00:00
1836,2110,1226,1153,1145,2026-03-27 19:00:00
1837,2452,1227,1517,1512,2026-03-27 19:00:00
1838,2183,1227,1741,1746,2026-03-27 19:00:00
1839,1618,1228,1297,1287,2026-03-27 19:00:00
1840,1983,1228,1367,1376,2026-03-27 19:00:00
1841,2081,1229,1121,1137,2026-03-27 19:00:00
1842,1854,1229,1244,1228,2026-03-27 19:00:00
1843,2454,1230,1557,1565,2026-03-27 19:00:00
1844,1249,1230,1457,1448,2026-03-27 19:00:00
1845,1249,1231,1448,1459,2026-03-27 19:00:00
1846,1256,1231,1411,1400,2026-03-27 19:00:00
1847,1113,1232,1445,1431,2026-03-27 20:00:00
1848,1401,1232,1372,1386,2026-03-27 20:00:00
1849,541,1233,1481,1489,2026-03-27 20:00:00
1850,2031,1233,1366,1358,2026-03-27 20:00:00
1851,615,1235,1650,1657,2026-03-27 20:00:00
1852,1402,1235,1505,1498,2026-03-27 20:00:00
1853,1206,1236,1583,1590,2026-03-27 20:00:00
1854,852,1236,1423,1417,2026-03-27 20:00:00
1855,2095,1237,1599,1608,2026-03-27 21:00:00
1856,261,1237,1498,1490,2026-03-27 21:00:00
1857,1953,1238,1335,1328,2026-03-27 21:00:00
1858,1154,1238,1479,1486,2026-03-27 21:00:00
1859,450,1239,1581,1590,2026-03-27 21:00:00
1860,2316,1239,1482,1473,2026-03-27 21:00:00
1861,1773,1240,1646,1656,2026-03-27 21:00:00
1862,450,1240,1590,1580,2026-03-27 21:00:00
1863,816,1241,1812,1802,2026-03-27 21:00:00
1864,109,1241,1874,1884,2026-03-27 21:00:00
1865,1144,1242,1970,1984,2026-03-27 21:00:00
1866,1471,1242,2034,2019,2026-03-27 21:00:00
1867,2433,1243,1197,1188,2026-03-27 21:00:00
1868,2035,1243,1292,1301,2026-03-27 21:00:00
1869,2261,1244,1383,1376,2026-03-27 21:00:00
1870,737,1244,1527,1535,2026-03-27 21:00:00
1871,2003,1245,1534,1546,2026-03-27 21:00:00
1872,901,1245,1526,1515,2026-03-27 21:00:00
1873,1053,1246,1695,1687,2026-03-27 21:00:00
1874,2310,1246,1827,1835,2026-03-27 21:00:00
1875,2452,1247,1512,1524,2026-03-27 21:00:00
1876,2434,1247,1511,1499,2026-03-27 21:00:00
1877,1342,1248,1455,1446,2026-03-27 21:00:00
1878,30,1248,1563,1571,2026-03-27 21:00:00
1879,214,1249,1239,1231,2026-03-27 21:00:00
1880,269,1249,1363,1371,2026-03-27 21:00:00
1881,1028,1250,1536,1546,2026-03-27 22:00:00
1882,2316,1250,1473,1463,2026-03-27 22:00:00
1883,1261,1251,1748,1758,2026-03-27 22:00:00
1884,538,1251,1680,1670,2026-03-27 22:00:00
1885,1401,1253,1386,1374,2026-03-27 22:00:00
1886,992,1253,1379,1392,2026-03-27 22:00:00
1887,615,1256,1657,1668,2026-03-27 22:00:00
1888,2297,1256,1611,1600,2026-03-27 22:00:00
1889,1396,1257,1228,1218,2026-03-27 22:00:00
1890,1677,1257,1298,1308,2026-03-27 22:00:00
1891,787,1258,1753,1769,2026-03-27 23:00:00
1892,1163,1258,1866,1851,2026-03-27 23:00:00
1893,1551,1259,1818,1827,2026-03-27 23:00:00
1894,1961,1259,1720,1711,2026-03-27 23:00:00
1895,1367,1260,1758,1745,2026-03-27 23:00:00
1896,1961,1260,1711,1725,2026-03-27 23:00:00
1897,873,1262,1687,1699,2026-03-27 23:00:00
1898,1053,1262,1687,1675,2026-03-27 23:00:00
1899,866,1263,1422,1414,2026-03-27 23:00:00
1900,1451,1263,1537,1545,2026-03-27 23:00:00
1901,1257,1264,1517,1509,2026-03-27 23:00:00
1902,98,1264,1620,1629,2026-03-27 23:00:00
1903,369,1265,1909,1895,2026-03-27 23:00:00
1904,1738,1265,1865,1879,2026-03-27 23:00:00
1905,643,1266,1474,1459,2026-03-28 01:00:00
1906,1447,1266,1401,1416,2026-03-28 01:00:00
1907,2056,1267,1154,1141,2026-03-28 10:00:00
1908,1168,1267,1149,1161,2026-03-28 10:00:00
1909,334,1268,1514,1526,2026-03-28 10:00:00
1910,2434,1268,1499,1488,2026-03-28 10:00:00
1911,1983,1269,1376,1365,2026-03-28 10:00:00
1912,601,1269,1396,1407,2026-03-28 10:00:00
1913,1936,1270,1255,1248,2026-03-28 11:00:00
1914,1389,1270,1399,1406,2026-03-28 11:00:00
1915,1433,1272,1572,1558,2026-03-28 12:00:00
1916,334,1272,1526,1539,2026-03-28 12:00:00
1917,1858,1273,1586,1569,2026-03-28 12:00:00
1918,1342,1273,1446,1463,2026-03-28 12:00:00
1919,1572,1274,1420,1434,2026-03-28 13:00:00
1920,1603,1274,1479,1465,2026-03-28 13:00:00
1921,283,1276,1374,1364,2026-03-28 13:00:00
1922,852,1276,1417,1427,2026-03-28 13:00:00
1923,2120,1278,1686,1692,2026-03-28 14:00:00
1924,1998,1278,1493,1487,2026-03-28 14:00:00
1925,255,1280,1427,1418,2026-03-28 14:00:00
1926,2224,1280,1498,1508,2026-03-28 14:00:00
1927,820,1281,1416,1429,2026-03-28 14:00:00
1928,1599,1281,1430,1418,2026-03-28 14:00:00
1929,154,1285,1275,1283,2026-03-28 15:00:00
1930,2110,1285,1145,1137,2026-03-28 15:00:00
1931,98,1286,1629,1613,2026-03-28 15:00:00
1932,1257,1286,1509,1525,2026-03-28 15:00:00
1933,269,1287,1371,1364,2026-03-28 15:00:00
1934,1748,1287,1529,1536,2026-03-28 15:00:00
1935,159,1288,1776,1785,2026-03-28 16:00:00
1936,538,1288,1670,1662,2026-03-28 16:00:00
1937,656,1289,1472,1458,2026-03-28 16:00:00
1938,1839,1289,1423,1436,2026-03-28 16:00:00
1939,1030,1290,1702,1710,2026-03-28 16:00:00
1940,1282,1290,1596,1587,2026-03-28 16:00:00
1941,1163,1291,1851,1833,2026-03-28 17:00:00
1942,1773,1291,1656,1674,2026-03-28 17:00:00
1943,787,1292,1769,1776,2026-03-28 17:00:00
1944,1663,1292,1624,1616,2026-03-28 17:00:00
1945,1631,1294,1957,1944,2026-03-28 17:00:00
1946,527,1294,1930,1942,2026-03-28 17:00:00
1947,2399,1299,1303,1296,2026-03-28 17:00:00
1948,1614,1299,1447,1454,2026-03-28 17:00:00
1949,651,1301,1781,1789,2026-03-28 18:00:00
1950,1172,1301,1665,1657,2026-03-28 18:00:00
1951,2262,1302,1275,1284,2026-03-28 18:00:00
1952,27,1302,1177,1168,2026-03-28 18:00:00
1953,2452,1303,1524,1533,2026-03-28 18:00:00
1954,820,1303,1429,1420,2026-03-28 18:00:00
1955,1053,1304,1675,1684,2026-03-28 18:00:00
1956,1433,1304,1558,1550,2026-03-28 18:00:00
1957,2399,1306,1296,1306,2026-03-28 18:00:00
1958,1332,1306,1238,1228,2026-03-28 18:00:00
1959,1036,1309,1051,1067,2026-03-28 19:00:00
1960,1228,1309,1164,1148,2026-03-28 19:00:00
1961,2344,1312,1407,1420,2026-03-28 19:00:00
1962,1839,1312,1436,1423,2026-03-28 19:00:00
1963,698,1314,1531,1522,2026-03-28 19:00:00
1964,1080,1314,1608,1618,2026-03-28 19:00:00
1965,255,1316,1418,1410,2026-03-28 20:00:00
1966,1179,1316,1548,1556,2026-03-28 20:00:00
1967,2262,1317,1284,1300,2026-03-28 20:00:00
1968,2109,1317,1426,1409,2026-03-28 20:00:00
1969,2453,1318,1246,1240,2026-03-28 20:00:00
1970,82,1318,1459,1465,2026-03-28 20:00:00
1971,1608,1319,1290,1307,2026-03-28 20:00:00
1972,1614,1319,1454,1437,2026-03-28 20:00:00
1973,792,1321,1528,1537,2026-03-28 20:00:00
1974,717,1321,1425,1417,2026-03-28 20:00:00
1975,1342,1322,1463,1449,2026-03-28 20:00:00
1976,1579,1322,1417,1430,2026-03-28 20:00:00
1977,1530,1323,1593,1600,2026-03-28 20:00:00
1978,2196,1323,1444,1436,2026-03-28 20:00:00
1979,1028,1325,1546,1558,2026-03-28 21:00:00
1980,1808,1325,1546,1534,2026-03-28 21:00:00
1981,836,1327,1380,1372,2026-03-28 21:00:00
1982,2224,1327,1508,1515,2026-03-28 21:00:00
1983,2120,1328,1692,1699,2026-03-28 21:00:00
1984,2003,1328,1546,1539,2026-03-28 21:00:00
1985,1845,1330,1252,1237,2026-03-28 21:00:00
1986,689,1330,1173,1188,2026-03-28 21:00:00
1987,1551,1335,1827,1830,2026-03-28 22:00:00
1988,2224,1335,1515,1512,2026-03-28 22:00:00
1989,656,1336,1458,1463,2026-03-28 22:00:00
1990,2063,1336,1240,1235,2026-03-28 22:00:00
1991,1360,1337,1744,1735,2026-03-28 22:00:00
1992,2310,1337,1835,1844,2026-03-28 22:00:00
1993,67,1338,1225,1217,2026-03-28 22:00:00
1994,1252,1338,1352,1359,2026-03-28 22:00:00
1995,1676,1339,1833,1823,2026-03-28 22:00:00
1996,1738,1339,1879,1889,2026-03-28 22:00:00
1997,2169,1341,1625,1637,2026-03-28 23:00:00
1998,1721,1341,1629,1617,2026-03-28 23:00:00
1999,1894,1343,1537,1522,2026-03-28 23:00:00
2000,1603,1343,1465,1480,2026-03-28 23:00:00
2001,1165,1345,1348,1356,2026-03-28 23:00:00
2002,2474,1345,1256,1248,2026-03-28 23:00:00
2003,2454,1346,1565,1576,2026-03-28 23:00:00
2004,1173,1346,1523,1512,2026-03-28 23:00:00
2005,1428,1347,1911,1914,2026-03-29 00:00:00
2006,1656,1347,1554,1551,2026-03-29 00:00:00
2007,261,1348,1490,1478,2026-03-29 01:00:00
2008,1154,1348,1486,1498,2026-03-29 01:00:00
2009,1886,1350,1783,1769,2026-03-29 01:00:00
2010,2189,1350,1736,1750,2026-03-29 01:00:00
2011,1837,1351,1619,1628,2026-03-29 10:00:00
2012,1169,1351,1520,1511,2026-03-29 10:00:00
2013,1360,1352,1735,1726,2026-03-29 10:00:00
2014,2310,1352,1844,1852,2026-03-29 10:00:00
2015,2183,1353,1746,1733,2026-03-29 10:00:00
2016,2481,1353,1697,1711,2026-03-29 10:00:00
2017,1163,1355,1833,1842,2026-03-29 11:00:00
2018,1261,1355,1758,1748,2026-03-29 11:00:00
2019,1389,1356,1406,1402,2026-03-29 11:00:00
2020,2481,1356,1711,1714,2026-03-29 11:00:00
2021,255,1357,1410,1419,2026-03-29 12:00:00
2022,2430,1357,1316,1307,2026-03-29 12:00:00
2023,1676,1358,1823,1832,2026-03-29 13:00:00
2024,437,1358,1732,1723,2026-03-29 13:00:00
2025,1592,1364,1596,1582,2026-03-29 15:00:00
2026,1808,1364,1534,1548,2026-03-29 15:00:00
2027,1062,1365,1473,1483,2026-03-29 15:00:00
2028,1098,1365,1410,1400,2026-03-29 15:00:00
2029,2169,1366,1637,1651,2026-03-29 15:00:00
2030,2309,1366,1692,1678,2026-03-29 15:00:00
2031,442,1368,1484,1495,2026-03-29 15:00:00
2032,1702,1368,1460,1449,2026-03-29 15:00:00
2033,1702,1369,1449,1436,2026-03-29 15:00:00
2034,717,1369,1417,1430,2026-03-29 15:00:00
2035,988,1370,1933,1915,2026-03-29 15:00:00
2036,1685,1370,1736,1755,2026-03-29 15:00:00
2037,1282,1371,1587,1596,2026-03-29 15:00:00
2038,1223,1371,1501,1492,2026-03-29 15:00:00
2039,1663,1373,1616,1607,2026-03-29 16:00:00
2040,1756,1373,1706,1715,2026-03-29 16:00:00
2041,1126,1374,1791,1802,2026-03-29 17:00:00
2042,651,1374,1789,1777,2026-03-29 17:00:00
2043,1758,1376,1366,1350,2026-03-29 17:00:00
2044,2453,1376,1240,1256,2026-03-29 17:00:00
2045,1886,1377,1769,1774,2026-03-29 17:00:00
2046,2000,1377,1538,1533,2026-03-29 17:00:00
2047,1748,1378,1536,1529,2026-03-29 17:00:00
2048,647,1378,1677,1684,2026-03-29 17:00:00
2049,2035,1380,1301,1312,2026-03-29 18:00:00
2050,1710,1380,1289,1277,2026-03-29 18:00:00
2051,1820,1381,1279,1269,2026-03-29 18:00:00
2052,1633,1381,1357,1366,2026-03-29 18:00:00
2053,1448,1382,1496,1505,2026-03-29 18:00:00
2054,1599,1382,1418,1408,2026-03-29 18:00:00
2055,461,1383,1579,1594,2026-03-29 18:00:00
2056,1752,1383,1647,1633,2026-03-29 18:00:00
2057,1961,1389,1725,1714,2026-03-29 19:00:00
2058,1367,1389,1745,1756,2026-03-29 19:00:00
2059,869,1390,1761,1769,2026-03-29 19:00:00
2060,2169,1390,1651,1642,2026-03-29 19:00:00
2061,2306,1392,1184,1176,2026-03-29 19:00:00
2062,1608,1392,1307,1315,2026-03-29 19:00:00
2063,1223,1393,1492,1504,2026-03-29 19:00:00
2064,1556,1393,1470,1459,2026-03-29 19:00:00
2065,2196,1394,1436,1446,2026-03-29 19:00:00
2066,1252,1394,1359,1350,2026-03-29 19:00:00
2067,1663,1395,1607,1615,2026-03-29 20:00:00
2068,261,1395,1478,1470,2026-03-29 20:00:00
2069,2310,1396,1852,1859,2026-03-29 20:00:00
2070,873,1396,1699,1692,2026-03-29 20:00:00
2071,563,1397,1307,1321,2026-03-29 20:00:00
2072,1363,1397,1372,1358,2026-03-29 20:00:00
2073,311,1398,1263,1249,2026-03-29 21:00:00
2074,2433,1398,1188,1203,2026-03-29 21:00:00
2075,881,1404,1589,1605,2026-03-29 22:00:00
2076,1961,1404,1714,1697,2026-03-29 22:00:00
2077,2433,1405,1203,1192,2026-03-29 22:00:00
2078,621,1405,1238,1249,2026-03-29 22:00:00
2079,701,1406,1462,1470,2026-03-29 22:00:00
2080,1099,1406,1352,1344,2026-03-29 22:00:00
2081,2357,1408,1491,1502,2026-03-29 23:00:00
2082,278,1408,1461,1450,2026-03-29 23:00:00
2083,737,1409,1535,1525,2026-03-29 23:00:00
2084,881,1409,1605,1615,2026-03-29 23:00:00
2085,1592,1410,1582,1580,2026-03-30 10:00:00
2086,1144,1410,1984,1986,2026-03-30 10:00:00
2087,1839,1411,1423,1411,2026-03-30 11:00:00
2088,2109,1411,1409,1421,2026-03-30 11:00:00
2089,1502,1412,1860,1875,2026-03-30 12:00:00
2090,1631,1412,1944,1929,2026-03-30 12:00:00
2091,1864,1413,1205,1217,2026-03-30 12:00:00
2092,2433,1413,1192,1180,2026-03-30 12:00:00
2093,1572,1414,1434,1421,2026-03-30 13:00:00
2094,255,1414,1419,1431,2026-03-30 13:00:00
2095,938,1417,1414,1429,2026-03-30 14:00:00
2096,541,1417,1489,1475,2026-03-30 14:00:00
2097,2357,1419,1502,1512,2026-03-30 16:00:00
2098,1572,1419,1421,1412,2026-03-30 16:00:00
2099,1126,1421,1802,1811,2026-03-30 17:00:00
2100,1961,1421,1697,1689,2026-03-30 17:00:00
2101,836,1422,1372,1380,2026-03-30 17:00:00
2102,621,1422,1249,1241,2026-03-30 17:00:00
2103,2031,1423,1358,1374,2026-03-30 17:00:00
2104,541,1423,1475,1459,2026-03-30 17:00:00
2105,400,1425,1330,1338,2026-03-30 17:00:00
2106,1332,1425,1228,1220,2026-03-30 17:00:00
2107,450,1426,1580,1561,2026-03-30 18:00:00
2108,536,1426,1349,1368,2026-03-30 18:00:00
2109,261,1427,1470,1461,2026-03-30 18:00:00
2110,450,1427,1561,1570,2026-03-30 18:00:00
2111,1936,1429,1248,1241,2026-03-30 18:00:00
2112,1389,1429,1402,1409,2026-03-30 18:00:00
2113,1572,1430,1412,1402,2026-03-30 19:00:00
2114,1603,1430,1480,1489,2026-03-30 19:00:00
2115,28,1431,1750,1760,2026-03-30 19:00:00
2116,1053,1431,1684,1674,2026-03-30 19:00:00
2117,2303,1432,1469,1454,2026-03-30 19:00:00
2118,20,1432,1390,1405,2026-03-30 19:00:00
2119,2031,1434,1374,1364,2026-03-30 20:00:00
2120,1499,1434,1447,1457,2026-03-30 20:00:00
2121,2452,1435,1533,1521,2026-03-30 20:00:00
2122,1433,1435,1550,1561,2026-03-30 20:00:00
2123,1686,1436,1704,1709,2026-03-30 20:00:00
2124,1683,1436,1453,1449,2026-03-30 20:00:00
2125,1020,1437,1476,1489,2026-03-30 20:00:00
2126,1552,1437,1492,1480,2026-03-30 20:00:00
2127,1773,1438,1674,1664,2026-03-30 21:00:00
2128,1261,1438,1748,1758,2026-03-30 21:00:00
2129,2110,1440,1137,1130,2026-03-30 21:00:00
2130,154,1440,1283,1290,2026-03-30 21:00:00
2131,873,1441,1692,1701,2026-03-30 21:00:00
2132,1938,1441,1595,1586,2026-03-30 21:00:00
2133,2455,1442,1465,1454,2026-03-30 21:00:00
2134,2434,1442,1488,1499,2026-03-30 21:00:00
2135,1020,1443,1489,1481,2026-03-30 21:00:00
2136,149,1443,1620,1628,2026-03-30 21:00:00
2137,1411,1445,1336,1328,2026-03-30 22:00:00
2138,643,1445,1459,1467,2026-03-30 22:00:00
2139,1634,1446,1490,1504,2026-03-30 22:00:00
2140,792,1446,1537,1523,2026-03-30 22:00:00
2141,1983,1447,1365,1358,2026-03-30 22:00:00
2142,698,1447,1522,1529,2026-03-30 22:00:00
2143,1036,1449,1067,1057,2026-03-31 00:00:00
2144,209,1449,1129,1139,2026-03-31 00:00:00
2145,261,1450,1461,1454,2026-03-31 10:00:00
2146,2095,1450,1608,1615,2026-03-31 10:00:00
2147,1965,1451,1865,1867,2026-03-31 10:00:00
2148,1593,1451,1447,1445,2026-03-31 10:00:00
2149,1839,1452,1411,1402,2026-03-31 10:00:00
2150,1402,1452,1498,1507,2026-03-31 10:00:00
2151,787,1453,1776,1764,2026-03-31 11:00:00
2152,2180,1453,1765,1777,2026-03-31 11:00:00
2153,28,1454,1760,1762,2026-03-31 11:00:00
2154,1599,1454,1408,1406,2026-03-31 11:00:00
2155,159,1455,1785,1776,2026-03-31 12:00:00
2156,109,1455,1884,1893,2026-03-31 12:00:00
2157,1303,1456,1461,1449,2026-03-31 12:00:00
2158,656,1456,1463,1475,2026-03-31 12:00:00
2159,234,1458,1698,1707,2026-03-31 14:00:00
2160,1721,1458,1617,1608,2026-03-31 14:00:00
2161,2306,1461,1176,1167,2026-03-31 16:00:00
2162,509,1461,1259,1268,2026-03-31 16:00:00
2163,1663,1462,1615,1627,2026-03-31 17:00:00
2164,2095,1462,1615,1603,2026-03-31 17:00:00
2165,1223,1463,1504,1506,2026-03-31 17:00:00
2166,1751,1463,1131,1128,2026-03-31 17:00:00
2167,91,1464,1395,1382,2026-03-31 18:00:00
2168,536,1464,1368,1381,2026-03-31 18:00:00
2169,529,1465,1516,1531,2026-03-31 18:00:00
2170,2095,1465,1603,1588,2026-03-31 18:00:00
2171,1028,1466,1558,1552,2026-03-31 18:00:00
2172,1261,1466,1758,1763,2026-03-31 18:00:00
2173,334,1467,1539,1523,2026-03-31 18:00:00
2174,1389,1467,1409,1426,2026-03-31 18:00:00
2175,63,1469,1597,1607,2026-03-31 19:00:00
2176,529,1469,1531,1521,2026-03-31 19:00:00
2177,1789,1470,1818,1805,2026-03-31 19:00:00
2178,159,1470,1776,1789,2026-03-31 19:00:00
2179,651,1471,1777,1789,2026-03-31 19:00:00
2180,947,1471,1756,1745,2026-03-31 19:00:00
2181,2096,1472,1700,1692,2026-03-31 19:00:00
2182,744,1472,1807,1816,2026-03-31 19:00:00
2183,2149,1473,1340,1330,2026-03-31 19:00:00
2184,1445,1473,1409,1419,2026-03-31 19:00:00
2185,1833,1474,1524,1512,2026-03-31 19:00:00
2186,1748,1474,1529,1540,2026-03-31 19:00:00
2187,1098,1475,1400,1408,2026-03-31 20:00:00
2188,646,1475,1267,1259,2026-03-31 20:00:00
2189,2379,1476,1895,1880,2026-03-31 20:00:00
2190,1126,1476,1811,1826,2026-03-31 20:00:00
2191,1502,1477,1875,1880,2026-03-31 20:00:00
2192,1172,1477,1657,1651,2026-03-31 20:00:00
2193,2225,1479,2230,2232,2026-03-31 21:00:00
2194,1789,1479,1805,1803,2026-03-31 21:00:00
2195,1965,1480,1867,1874,2026-03-31 21:00:00
2196,1756,1480,1715,1708,2026-03-31 21:00:00
2197,1986,1481,1663,1652,2026-03-31 21:00:00
2198,664,1481,1696,1707,2026-03-31 21:00:00
2199,171,1482,1667,1660,2026-03-31 21:00:00
2200,2393,1482,1841,1847,2026-03-31 21:00:00
2201,1599,1484,1406,1398,2026-03-31 22:00:00
2202,334,1484,1523,1531,2026-03-31 22:00:00
2203,2120,1487,1699,1713,2026-03-31 23:00:00
2204,869,1487,1769,1755,2026-03-31 23:00:00
2205,1953,1488,1328,1324,2026-04-01 00:00:00
2206,1663,1488,1627,1631,2026-04-01 00:00:00
2207,1789,1489,1803,1790,2026-04-01 01:00:00
2208,159,1489,1789,1802,2026-04-01 01:00:00
2209,1030,1490,1710,1714,2026-04-01 01:00:00
2210,741,1490,1439,1435,2026-04-01 01:00:00
2211,1609,1492,1266,1281,2026-04-01 10:00:00
2212,1611,1492,1369,1353,2026-04-01 10:00:00
2213,1360,1493,1726,1716,2026-04-01 10:00:00
2214,28,1493,1762,1773,2026-04-01 10:00:00
2215,2183,1494,1733,1741,2026-04-01 11:00:00
2216,331,1494,1613,1604,2026-04-01 11:00:00
2217,1303,1495,1449,1456,2026-04-01 12:00:00
2218,2262,1495,1300,1293,2026-04-01 12:00:00
2219,1808,1496,1548,1535,2026-04-01 14:00:00
2220,529,1496,1521,1534,2026-04-01 14:00:00
2221,374,1497,1370,1361,2026-04-01 14:00:00
2222,446,1497,1461,1470,2026-04-01 14:00:00
2223,966,1501,1493,1481,2026-04-01 16:00:00
2224,999,1501,1487,1499,2026-04-01 16:00:00
2225,2233,1502,1373,1366,2026-04-01 17:00:00
2226,1894,1502,1522,1529,2026-04-01 17:00:00
2227,2067,1503,1357,1374,2026-04-01 17:00:00
2228,1448,1503,1505,1489,2026-04-01 17:00:00
2229,869,1504,1755,1740,2026-04-01 18:00:00
2230,2087,1504,1674,1689,2026-04-01 18:00:00
2231,1687,1506,2074,2084,2026-04-01 19:00:00
2232,1471,1506,2019,2009,2026-04-01 19:00:00
2233,261,1508,1454,1444,2026-04-01 19:00:00
2234,1808,1508,1535,1544,2026-04-01 19:00:00
2235,1367,1509,1756,1742,2026-04-01 19:00:00
2236,2309,1509,1678,1692,2026-04-01 19:00:00
2237,154,1511,1290,1287,2026-04-01 19:00:00
2238,331,1511,1604,1608,2026-04-01 19:00:00
2239,1599,1512,1398,1389,2026-04-01 19:00:00
2240,1621,1512,1504,1512,2026-04-01 19:00:00
2241,442,1513,1495,1489,2026-04-01 19:00:00
2242,335,1513,1686,1692,2026-04-01 19:00:00
2243,988,1514,1915,1915,2026-04-01 19:00:00
2244,2392,1514,1164,1164,2026-04-01 19:00:00
2245,1756,1515,1708,1698,2026-04-01 20:00:00
2246,2180,1515,1777,1787,2026-04-01 20:00:00
2247,2169,1516,1642,1651,2026-04-01 20:00:00
2248,1179,1516,1556,1547,2026-04-01 20:00:00
2249,2233,1517,1366,1359,2026-04-01 20:00:00
2250,2003,1517,1539,1545,2026-04-01 20:00:00
2251,2452,1518,1521,1509,2026-04-01 20:00:00
2252,223,1518,1509,1521,2026-04-01 20:00:00
2253,1544,1519,1623,1632,2026-04-01 20:00:00
2254,1748,1519,1540,1531,2026-04-01 20:00:00
2255,901,1520,1515,1526,2026-04-01 21:00:00
2256,1495,1520,1489,1478,2026-04-01 21:00:00
2257,1367,1522,1742,1749,2026-04-01 21:00:00
2258,881,1522,1615,1607,2026-04-01 21:00:00
2259,2455,1523,1454,1463,2026-04-01 21:00:00
2260,2067,1523,1374,1365,2026-04-01 21:00:00
2261,1053,1524,1674,1663,2026-04-01 21:00:00
2262,1360,1524,1716,1726,2026-04-01 21:00:00
2263,1282,1527,1596,1588,2026-04-01 21:00:00
2264,1030,1527,1714,1722,2026-04-01 21:00:00
2265,2348,1528,1265,1255,2026-04-01 22:00:00
2266,1644,1528,1323,1333,2026-04-01 22:00:00
2267,737,1529,1525,1532,2026-04-01 22:00:00
2268,836,1529,1380,1373,2026-04-01 22:00:00
2269,1502,1530,1880,1889,2026-04-01 22:00:00
2270,651,1530,1789,1780,2026-04-01 22:00:00
2271,563,1532,1321,1311,2026-04-01 23:00:00
2272,269,1532,1364,1375,2026-04-01 23:00:00
2273,1644,1533,1333,1322,2026-04-02 00:00:00
2274,2092,1533,1359,1371,2026-04-02 00:00:00
2275,678,1534,1664,1675,2026-04-02 01:00:00
2276,1752,1534,1633,1622,2026-04-02 01:00:00
2277,2225,1535,2232,2239,2026-04-02 10:00:00
2278,1687,1535,2084,2077,2026-04-02 10:00:00
2279,2120,1536,1713,1720,2026-04-02 10:00:00
2280,737,1536,1532,1526,2026-04-02 10:00:00
2281,343,1537,1601,1604,2026-04-02 10:00:00
2282,1583,1537,1271,1268,2026-04-02 10:00:00
2283,334,1540,1531,1521,2026-04-02 14:00:00
2284,1364,1540,1587,1597,2026-04-02 14:00:00
2285,1154,1543,1498,1492,2026-04-02 17:00:00
2286,1756,1543,1698,1704,2026-04-02 17:00:00
2287,1447,1544,1416,1426,2026-04-02 17:00:00
2288,374,1544,1361,1351,2026-04-02 17:00:00
2289,651,1545,1780,1769,2026-04-02 17:00:00
2290,1551,1545,1830,1841,2026-04-02 17:00:00
2291,234,1546,1707,1721,2026-04-02 17:00:00
2292,651,1546,1769,1755,2026-04-02 17:00:00
2293,123,1547,1189,1183,2026-04-02 17:00:00
2294,1572,1547,1402,1408,2026-04-02 17:00:00
2295,999,1548,1499,1492,2026-04-02 17:00:00
2296,615,1548,1668,1674,2026-04-02 17:00:00
2297,1820,1549,1269,1279,2026-04-02 17:00:00
2298,855,1549,1206,1196,2026-04-02 17:00:00
2299,1389,1550,1426,1411,2026-04-02 17:00:00
2300,1758,1550,1350,1365,2026-04-02 17:00:00
2301,1917,1551,1744,1733,2026-04-02 17:00:00
2302,363,1551,1760,1772,2026-04-02 17:00:00
2303,240,1554,1634,1645,2026-04-02 18:00:00
2304,2297,1554,1600,1589,2026-04-02 18:00:00
2305,1702,1555,1436,1448,2026-04-02 18:00:00
2306,1614,1555,1437,1425,2026-04-02 18:00:00
2307,869,1557,1740,1750,2026-04-02 19:00:00
2308,2087,1557,1689,1679,2026-04-02 19:00:00
2309,1845,1558,1237,1233,2026-04-02 19:00:00
2310,999,1558,1492,1497,2026-04-02 19:00:00
2311,1039,1559,1847,1831,2026-04-02 19:00:00
2312,1708,1559,1742,1757,2026-04-02 19:00:00
2313,2303,1560,1454,1446,2026-04-02 19:00:00
2314,30,1560,1571,1579,2026-04-02 19:00:00
2315,1810,1562,1875,1883,2026-04-02 20:00:00
2316,1367,1562,1749,1741,2026-04-02 20:00:00
2317,911,1563,1547,1556,2026-04-02 20:00:00
2318,656,1563,1475,1466,2026-04-02 20:00:00
2319,2399,1564,1306,1291,2026-04-02 20:00:00
2320,1332,1564,1220,1234,2026-04-02 20:00:00
2321,1552,1565,1480,1469,2026-04-02 20:00:00
2322,792,1565,1523,1533,2026-04-02 20:00:00
2323,225,1566,1752,1765,2026-04-02 20:00:00
2324,363,1566,1772,1759,2026-04-02 20:00:00
2325,1030,1567,1722,1708,2026-04-02 20:00:00
2326,1788,1567,1647,1662,2026-04-02 20:00:00
2327,367,1568,1319,1311,2026-04-02 20:00:00
2328,2196,1568,1446,1454,2026-04-02 20:00:00
2329,643,1569,1467,1451,2026-04-02 21:00:00
2330,374,1569,1351,1367,2026-04-02 21:00:00
2331,1756,1570,1704,1695,2026-04-02 21:00:00
2332,2180,1570,1787,1796,2026-04-02 21:00:00
2333,1631,1572,1929,1918,2026-04-02 21:00:00
2334,527,1572,1942,1954,2026-04-02 21:00:00
2335,278,1573,1450,1456,2026-04-02 21:00:00
2336,311,1573,1249,1243,2026-04-02 21:00:00
2337,327,1574,1103,1114,2026-04-02 21:00:00
2338,413,1574,1063,1052,2026-04-02 21:00:00
2339,1884,1575,1349,1358,2026-04-02 21:00:00
2340,1936,1575,1241,1233,2026-04-02 21:00:00
2341,639,1576,1458,1468,2026-04-02 21:00:00
2342,1599,1576,1389,1379,2026-04-02 21:00:00
2343,249,1577,1900,1906,2026-04-02 21:00:00
2344,873,1577,1701,1695,2026-04-02 21:00:00
2345,1126,1578,1826,1830,2026-04-02 22:00:00
2346,1179,1578,1547,1543,2026-04-02 22:00:00
2347,1401,1579,1374,1365,2026-04-02 22:00:00
2348,1495,1579,1478,1486,2026-04-02 22:00:00
2349,2149,1581,1330,1317,2026-04-02 22:00:00
2350,2399,1581,1291,1304,2026-04-02 22:00:00
2351,852,1582,1427,1418,2026-04-02 22:00:00
2352,897,1582,1497,1507,2026-04-02 22:00:00
2353,1940,1583,1563,1549,2026-04-02 22:00:00
2354,897,1583,1507,1521,2026-04-02 22:00:00
2355,651,1585,1755,1766,2026-04-02 23:00:00
2356,2120,1585,1720,1709,2026-04-02 23:00:00
2357,621,1586,1241,1233,2026-04-02 23:00:00
2358,836,1586,1373,1381,2026-04-02 23:00:00
2359,1676,1587,1832,1822,2026-04-02 23:00:00
2360,369,1587,1895,1905,2026-04-02 23:00:00
2361,1099,1589,1344,1341,2026-04-03 00:00:00
2362,1686,1589,1709,1711,2026-04-03 00:00:00
2363,1371,1590,995,995,2026-04-03 01:00:00
2364,1685,1590,1755,1755,2026-04-03 01:00:00
2365,2183,1591,1741,1748,2026-04-03 09:00:00
2366,331,1591,1608,1600,2026-04-03 09:00:00
2367,63,1592,1607,1594,2026-04-03 11:00:00
2368,1592,1592,1580,1593,2026-04-03 11:00:00
2369,2325,1593,1279,1269,2026-04-03 12:00:00
2370,1953,1593,1324,1335,2026-04-03 12:00:00
2371,2169,1594,1651,1667,2026-04-03 12:00:00
2372,1462,1594,1747,1732,2026-04-03 12:00:00
2373,1113,1595,1431,1422,2026-04-03 12:00:00
2374,1179,1595,1543,1551,2026-04-03 12:00:00
2375,1228,1596,1148,1139,2026-04-03 13:00:00
2376,1292,1596,1222,1231,2026-04-03 13:00:00
2377,737,1598,1526,1515,2026-04-03 13:00:00
2378,1179,1598,1551,1562,2026-04-03 13:00:00
2379,533,1599,1306,1314,2026-04-03 13:00:00
2380,689,1599,1188,1180,2026-04-03 13:00:00
2381,1359,1600,1481,1490,2026-04-03 13:00:00
2382,2049,1600,1382,1373,2026-04-03 13:00:00
2383,2095,1601,1588,1594,2026-04-03 15:00:00
2384,2092,1601,1371,1365,2026-04-03 15:00:00
2385,2225,1602,2239,2241,2026-04-03 15:00:00
2386,1789,1602,1790,1789,2026-04-03 15:00:00
2387,643,1604,1451,1442,2026-04-03 16:00:00
2388,529,1604,1534,1543,2026-04-03 16:00:00
2389,1292,1605,1231,1220,2026-04-03 16:00:00
2390,2348,1605,1255,1267,2026-04-03 16:00:00
2391,896,1606,1317,1311,2026-04-03 16:00:00
2392,1495,1606,1486,1493,2026-04-03 16:00:00
2393,1837,1608,1628,1612,2026-04-03 16:00:00
2394,1169,1608,1511,1527,2026-04-03 16:00:00
2395,2169,1609,1667,1657,2026-04-03 17:00:00
2396,1367,1609,1741,1751,2026-04-03 17:00:00
2397,2035,1610,1312,1311,2026-04-03 17:00:00
2398,869,1610,1750,1752,2026-04-03 17:00:00
2399,327,1611,1114,1100,2026-04-03 17:00:00
2400,413,1611,1052,1066,2026-04-03 17:00:00
2401,1389,1612,1411,1402,2026-04-03 17:00:00
2402,1448,1612,1489,1498,2026-04-03 17:00:00
2403,91,1614,1382,1394,2026-04-03 18:00:00
2404,993,1614,1379,1367,2026-04-03 18:00:00
2405,643,1615,1442,1452,2026-04-03 18:00:00
2406,536,1615,1381,1371,2026-04-03 18:00:00
2407,1721,1617,1608,1621,2026-04-03 18:00:00
2408,971,1617,1642,1629,2026-04-03 18:00:00
2409,2357,1618,1512,1524,2026-04-03 18:00:00
2410,2224,1618,1512,1500,2026-04-03 18:00:00
2411,621,1619,1233,1232,2026-04-03 18:00:00
2412,215,1619,1669,1671,2026-04-03 18:00:00
2413,249,1620,1906,1891,2026-04-03 18:00:00
2414,1039,1620,1831,1846,2026-04-03 18:00:00
2415,1389,1621,1402,1412,2026-04-03 18:00:00
2416,1611,1621,1353,1343,2026-04-03 18:00:00
2417,2303,1622,1446,1451,2026-04-03 18:00:00
2418,1396,1622,1218,1213,2026-04-03 18:00:00
2419,2225,1623,2241,2243,2026-04-03 19:00:00
2420,1789,1623,1789,1787,2026-04-03 19:00:00
2421,1965,1624,1874,1883,2026-04-03 19:00:00
2422,2180,1624,1796,1787,2026-04-03 19:00:00
2423,2141,1625,1750,1737,2026-04-03 19:00:00
2424,664,1625,1707,1720,2026-04-03 19:00:00
2425,1631,1626,1918,1927,2026-04-03 19:00:00
2426,1551,1626,1841,1831,2026-04-03 19:00:00
2427,1401,1627,1365,1349,2026-04-03 19:00:00
2428,311,1627,1243,1259,2026-04-03 19:00:00
2429,1499,1628,1457,1467,2026-04-03 19:00:00
2430,1839,1628,1402,1392,2026-04-03 19:00:00
2431,28,1629,1773,1789,2026-04-03 19:00:00
2432,249,1629,1891,1875,2026-04-03 19:00:00
2433,1080,1631,1618,1606,2026-04-03 19:00:00
2434,1378,1631,1638,1649,2026-04-03 19:00:00
2435,1144,1632,1986,1975,2026-04-03 20:00:00
2436,1471,1632,2009,2020,2026-04-03 20:00:00
2437,916,1633,1197,1189,2026-04-03 20:00:00
2438,2430,1633,1307,1316,2026-04-03 20:00:00
2439,2005,1634,1845,1856,2026-04-03 20:00:00
2440,744,1634,1816,1805,2026-04-03 20:00:00
2441,249,1635,1875,1883,2026-04-03 20:00:00
2442,2183,1635,1748,1740,2026-04-03 20:00:00
2443,1574,1636,1741,1753,2026-04-03 20:00:00
2444,2189,1636,1750,1738,2026-04-03 20:00:00
2445,1631,1638,1927,1914,2026-04-03 21:00:00
2446,2379,1638,1880,1894,2026-04-03 21:00:00
2447,123,1639,1183,1198,2026-04-03 21:00:00
2448,1710,1639,1277,1262,2026-04-03 21:00:00
2449,174,1640,1748,1736,2026-04-03 21:00:00
2450,869,1640,1752,1764,2026-04-03 21:00:00
2451,1495,1641,1493,1482,2026-04-03 21:00:00
2452,901,1641,1526,1537,2026-04-03 21:00:00
2453,1287,1642,1278,1268,2026-04-03 21:00:00
2454,2233,1642,1359,1369,2026-04-03 21:00:00
2455,541,1643,1459,1453,2026-04-03 21:00:00
2456,615,1643,1674,1680,2026-04-03 21:00:00
2457,656,1644,1466,1459,2026-04-03 21:00:00
2458,483,1644,1635,1642,2026-04-03 21:00:00
2459,2297,1645,1589,1603,2026-04-03 21:00:00
2460,240,1645,1645,1631,2026-04-03 21:00:00
2461,873,1646,1695,1709,2026-04-03 21:00:00
2462,2183,1646,1740,1727,2026-04-03 21:00:00
2463,643,1648,1452,1440,2026-04-03 22:00:00
2464,446,1648,1470,1481,2026-04-03 22:00:00
2465,109,1650,1893,1901,2026-04-03 22:00:00
2466,1789,1650,1787,1778,2026-04-03 22:00:00
2467,123,1652,1198,1190,2026-04-03 22:00:00
2468,896,1652,1311,1319,2026-04-03 22:00:00
2469,255,1653,1431,1421,2026-04-03 22:00:00
2470,1737,1653,1476,1486,2026-04-03 22:00:00
2471,2120,1654,1709,1697,2026-04-03 22:00:00
2472,234,1654,1721,1733,2026-04-03 22:00:00
2473,1499,1655,1467,1463,2026-04-03 22:00:00
2474,2213,1655,1748,1752,2026-04-03 22:00:00
2475,2262,1657,1293,1285,2026-04-03 22:00:00
2476,2109,1657,1421,1429,2026-04-03 22:00:00
2477,1820,1658,1279,1290,2026-04-03 22:00:00
2478,2453,1658,1256,1245,2026-04-03 22:00:00
2479,1614,1659,1425,1413,2026-04-03 22:00:00
2480,717,1659,1430,1442,2026-04-03 22:00:00
2481,1352,1660,1256,1249,2026-04-03 22:00:00
2482,707,1660,1395,1403,2026-04-03 22:00:00
2483,2225,1661,2243,2248,2026-04-03 23:00:00
2484,1471,1661,2020,2015,2026-04-03 23:00:00
2485,1220,1663,1722,1714,2026-04-03 23:00:00
2486,2304,1663,1831,1839,2026-04-03 23:00:00
2487,966,1665,1481,1469,2026-04-03 23:00:00
2488,738,1665,1471,1483,2026-04-03 23:00:00
2489,1210,1666,1161,1158,2026-04-03 23:00:00
2490,1169,1666,1527,1530,2026-04-03 23:00:00
2491,1689,1667,1386,1374,2026-04-03 23:00:00
2492,128,1667,1396,1408,2026-04-03 23:00:00
2493,1223,1668,1506,1520,2026-04-03 23:00:00
2494,1940,1668,1549,1535,2026-04-03 23:00:00
2495,1656,1669,1551,1554,2026-04-03 23:00:00
2496,2121,1669,1216,1213,2026-04-03 23:00:00
2497,214,1670,1231,1245,2026-04-03 23:00:00
2498,1771,1670,1299,1284,2026-04-03 23:00:00
2499,1080,1672,1606,1618,2026-04-04 01:00:00
2500,343,1672,1604,1592,2026-04-04 01:00:00
2501,225,1673,1765,1776,2026-04-04 01:00:00
2502,2020,1673,1735,1724,2026-04-04 01:00:00
2503,2000,1674,1533,1517,2026-04-04 10:00:00
2504,128,1674,1408,1424,2026-04-04 10:00:00
2505,363,1675,1759,1772,2026-04-04 10:00:00
2506,225,1675,1776,1763,2026-04-04 10:00:00
2507,1579,1676,1430,1420,2026-04-04 10:00:00
2508,736,1676,1472,1483,2026-04-04 10:00:00
2509,676,1679,1812,1798,2026-04-04 12:00:00
2510,1367,1679,1751,1765,2026-04-04 12:00:00
2511,28,1680,1789,1780,2026-04-04 12:00:00
2512,2310,1680,1859,1869,2026-04-04 12:00:00
2513,154,1681,1287,1280,2026-04-04 12:00:00
2514,82,1681,1465,1471,2026-04-04 12:00:00
2515,2454,1682,1576,1568,2026-04-04 12:00:00
2516,647,1682,1684,1693,2026-04-04 12:00:00
2517,1371,1683,995,987,2026-04-04 13:00:00
2518,2040,1683,1107,1115,2026-04-04 13:00:00
2519,1282,1684,1588,1598,2026-04-04 13:00:00
2520,1940,1684,1535,1525,2026-04-04 13:00:00
2521,722,1685,1459,1469,2026-04-04 14:00:00
2522,91,1685,1394,1384,2026-04-04 14:00:00
2523,2003,1686,1545,1555,2026-04-04 14:00:00
2524,1495,1686,1482,1472,2026-04-04 14:00:00
2525,234,1687,1733,1737,2026-04-04 14:00:00
2526,1998,1687,1487,1482,2026-04-04 14:00:00
2527,1839,1688,1392,1405,2026-04-04 14:00:00
2528,2494,1688,1424,1411,2026-04-04 14:00:00
2529,1020,1689,1481,1495,2026-04-04 14:00:00
2530,792,1689,1533,1520,2026-04-04 14:00:00
2531,1257,1690,1525,1538,2026-04-04 14:00:00
2532,1858,1690,1569,1556,2026-04-04 14:00:00
2533,646,1692,1259,1253,2026-04-04 15:00:00
2534,643,1692,1440,1447,2026-04-04 15:00:00
2535,1965,1693,1883,1893,2026-04-04 15:00:00
2536,1870,1693,1807,1798,2026-04-04 15:00:00
2537,1522,1694,1620,1628,2026-04-04 15:00:00
2538,1603,1694,1489,1482,2026-04-04 15:00:00
2539,2183,1695,1727,1738,2026-04-04 15:00:00
2540,561,1695,1689,1678,2026-04-04 15:00:00
2541,333,1697,1491,1498,2026-04-04 15:00:00
2542,979,1697,1342,1335,2026-04-04 15:00:00
2543,1462,1698,1732,1719,2026-04-04 16:00:00
2544,2120,1698,1697,1711,2026-04-04 16:00:00
2545,334,1701,1521,1534,2026-04-04 16:00:00
2546,1433,1701,1561,1548,2026-04-04 16:00:00
2547,1592,1703,1593,1580,2026-04-04 17:00:00
2548,1792,1703,1571,1584,2026-04-04 17:00:00
2549,737,1705,1515,1513,2026-04-04 17:00:00
2550,527,1705,1954,1956,2026-04-04 17:00:00
2551,651,1706,1766,1774,2026-04-04 17:00:00
2552,971,1706,1629,1621,2026-04-04 17:00:00
2553,28,1708,1780,1765,2026-04-04 17:00:00
2554,2481,1708,1714,1729,2026-04-04 17:00:00
2555,30,1709,1579,1586,2026-04-04 17:00:00
2556,20,1709,1405,1399,2026-04-04 17:00:00
2557,1959,1710,1570,1555,2026-04-04 17:00:00
2558,1359,1710,1490,1504,2026-04-04 17:00:00
2559,1773,1712,1664,1656,2026-04-04 18:00:00
2560,2180,1712,1787,1795,2026-04-04 18:00:00
2561,82,1716,1471,1463,2026-04-04 18:00:00
2562,1938,1716,1586,1594,2026-04-04 18:00:00
2563,2303,1718,1451,1442,2026-04-04 18:00:00
2564,1257,1718,1538,1547,2026-04-04 18:00:00
2565,664,1719,1720,1730,2026-04-04 19:00:00
2566,538,1719,1662,1652,2026-04-04 19:00:00
2567,1808,1721,1544,1526,2026-04-04 19:00:00
2568,1953,1721,1335,1353,2026-04-04 19:00:00
2569,1163,1722,1842,1832,2026-04-04 19:00:00
2570,1965,1722,1893,1903,2026-04-04 19:00:00
2571,1965,1723,1903,1886,2026-04-04 19:00:00
2572,2141,1723,1737,1754,2026-04-04 19:00:00
2573,2379,1725,1894,1906,2026-04-04 19:00:00
2574,40,1725,1906,1894,2026-04-04 19:00:00
2575,533,1727,1314,1307,2026-04-04 19:00:00
2576,738,1727,1483,1490,2026-04-04 19:00:00
2577,999,1728,1497,1507,2026-04-04 19:00:00
2578,938,1728,1429,1419,2026-04-04 19:00:00
2579,200,1730,1102,1098,2026-04-04 19:00:00
2580,1599,1730,1379,1383,2026-04-04 19:00:00
2581,2310,1731,1869,1871,2026-04-04 19:00:00
2582,1621,1731,1512,1509,2026-04-04 19:00:00
2583,542,1732,1735,1743,2026-04-04 19:00:00
2584,186,1732,1626,1618,2026-04-04 19:00:00
2585,455,1734,1285,1297,2026-04-04 19:00:00
2586,1771,1734,1284,1272,2026-04-04 19:00:00
2587,395,1736,1425,1433,2026-04-04 19:00:00
2588,563,1736,1311,1302,2026-04-04 19:00:00
2589,1593,1737,1445,1454,2026-04-04 20:00:00
2590,374,1737,1367,1357,2026-04-04 20:00:00
2591,297,1738,1797,1805,2026-04-04 20:00:00
2592,998,1738,1684,1676,2026-04-04 20:00:00
2593,160,1740,1900,1887,2026-04-04 20:00:00
2594,249,1740,1883,1896,2026-04-04 20:00:00
2595,374,1741,1357,1363,2026-04-04 21:00:00
2596,1228,1741,1139,1133,2026-04-04 21:00:00
2597,2379,1742,1906,1918,2026-04-04 21:00:00
2598,1631,1742,1914,1901,2026-04-04 21:00:00
2599,2434,1744,1499,1513,2026-04-04 21:00:00
2600,1433,1744,1548,1534,2026-04-04 21:00:00
2601,741,1746,1435,1448,2026-04-04 21:00:00
2602,1556,1746,1459,1446,2026-04-04 21:00:00
2603,1644,1747,1322,1332,2026-04-04 22:00:00
2604,646,1747,1253,1243,2026-04-04 22:00:00
2605,538,1748,1652,1638,2026-04-04 22:00:00
2606,63,1748,1594,1608,2026-04-04 22:00:00
2607,1572,1749,1408,1418,2026-04-04 22:00:00
2608,2233,1749,1369,1358,2026-04-04 22:00:00
2609,737,1750,1513,1522,2026-04-04 22:00:00
2610,1113,1750,1422,1413,2026-04-04 22:00:00
2611,1367,1751,1765,1757,2026-04-04 22:00:00
2612,1810,1751,1883,1891,2026-04-04 22:00:00
2613,1434,1753,1614,1629,2026-04-04 22:00:00
2614,335,1753,1692,1677,2026-04-04 22:00:00
2615,1789,1755,1778,1764,2026-04-04 23:00:00
2616,1220,1755,1714,1728,2026-04-04 23:00:00
2617,2348,1756,1267,1254,2026-04-04 23:00:00
2618,646,1756,1243,1256,2026-04-04 23:00:00
2619,643,1757,1447,1455,2026-04-04 23:00:00
2620,1411,1757,1328,1320,2026-04-04 23:00:00
2621,91,1758,1384,1396,2026-04-04 23:00:00
2622,993,1758,1367,1356,2026-04-04 23:00:00
2623,2325,1760,1269,1263,2026-04-04 23:00:00
2624,2316,1760,1463,1469,2026-04-04 23:00:00
2625,2433,1761,1180,1169,2026-04-04 23:00:00
2626,123,1761,1190,1202,2026-04-04 23:00:00
2627,916,1762,1189,1203,2026-04-04 23:00:00
2628,311,1762,1259,1245,2026-04-04 23:00:00
2629,1864,1763,1217,1230,2026-04-04 23:00:00
2630,311,1763,1245,1232,2026-04-04 23:00:00
2631,2035,1764,1311,1302,2026-04-04 23:00:00
2632,255,1764,1421,1429,2026-04-04 23:00:00
2633,561,1765,1678,1693,2026-04-04 23:00:00
2634,1708,1765,1757,1742,2026-04-04 23:00:00
2635,1621,1766,1509,1497,2026-04-04 23:00:00
2636,1448,1766,1498,1510,2026-04-04 23:00:00
2637,249,1767,1896,1912,2026-04-04 23:00:00
2638,1700,1767,2021,2004,2026-04-04 23:00:00
2639,2189,1768,1738,1740,2026-04-04 23:00:00
2640,899,1768,1343,1340,2026-04-04 23:00:00
2641,2020,1769,1724,1736,2026-04-04 23:00:00
2642,1917,1769,1733,1721,2026-04-04 23:00:00
2643,1252,1770,1350,1347,2026-04-04 23:00:00
2644,1788,1770,1662,1665,2026-04-04 23:00:00
2645,722,1771,1469,1461,2026-04-05 00:00:00
2646,1792,1771,1584,1592,2026-04-05 00:00:00
2647,2348,1773,1254,1266,2026-04-05 00:00:00
2648,646,1773,1256,1244,2026-04-05 00:00:00
2649,852,1775,1418,1426,2026-04-05 00:00:00
2650,367,1775,1311,1303,2026-04-05 00:00:00
2651,158,1777,1654,1644,2026-04-05 01:00:00
2652,1917,1777,1721,1730,2026-04-05 01:00:00
2653,2344,1779,1420,1435,2026-04-05 11:00:00
2654,999,1779,1507,1492,2026-04-05 11:00:00
2655,1884,1780,1358,1348,2026-04-05 11:00:00
2656,820,1780,1420,1430,2026-04-05 11:00:00
2657,2471,1781,1613,1602,2026-04-05 12:00:00
2658,1663,1781,1631,1642,2026-04-05 12:00:00
2659,1965,1782,1886,1871,2026-04-05 13:00:00
2660,2180,1782,1795,1810,2026-04-05 13:00:00
2661,2357,1783,1524,1512,2026-04-05 13:00:00
2662,901,1783,1537,1548,2026-04-05 13:00:00
2663,869,1784,1764,1744,2026-04-05 13:00:00
2664,2357,1784,1512,1532,2026-04-05 13:00:00
2665,483,1786,1642,1629,2026-04-05 13:00:00
2666,240,1786,1631,1643,2026-04-05 13:00:00
2667,1611,1787,1343,1329,2026-04-05 13:00:00
2668,154,1787,1280,1294,2026-04-05 13:00:00
2669,2475,1788,1717,1722,2026-04-05 13:00:00
2670,2390,1788,1486,1481,2026-04-05 13:00:00
2671,1631,1790,1901,1906,2026-04-05 14:00:00
2672,1172,1790,1651,1647,2026-04-05 14:00:00
2673,896,1791,1319,1330,2026-04-05 14:00:00
2674,2035,1791,1302,1291,2026-04-05 14:00:00
2675,664,1795,1730,1721,2026-04-05 15:00:00
2676,1870,1795,1798,1808,2026-04-05 15:00:00
2677,234,1796,1737,1745,2026-04-05 15:00:00
2678,971,1796,1621,1613,2026-04-05 15:00:00
2679,1845,1797,1233,1223,2026-04-05 15:00:00
2680,533,1797,1307,1317,2026-04-05 15:00:00
2681,249,1798,1912,1899,2026-04-05 15:00:00
2682,160,1798,1887,1900,2026-04-05 15:00:00
2683,1808,1799,1526,1539,2026-04-05 16:00:00
2684,1028,1799,1552,1540,2026-04-05 16:00:00
2685,2379,1801,1918,1927,2026-04-05 16:00:00
2686,1126,1801,1830,1821,2026-04-05 16:00:00
2687,1738,1803,1889,1896,2026-04-05 16:00:00
2688,437,1803,1723,1716,2026-04-05 16:00:00
2689,676,1805,1798,1783,2026-04-05 17:00:00
2690,2120,1805,1711,1725,2026-04-05 17:00:00
2691,1599,1806,1383,1399,2026-04-05 17:00:00
2692,1621,1806,1497,1481,2026-04-05 17:00:00
2693,209,1807,1139,1148,2026-04-05 18:00:00
2694,1036,1807,1057,1048,2026-04-05 18:00:00
2695,159,1808,1802,1815,2026-04-05 18:00:00
2696,1163,1808,1832,1819,2026-04-05 18:00:00
2697,646,1809,1244,1231,2026-04-05 18:00:00
2698,1292,1809,1220,1233,2026-04-05 18:00:00
2699,2233,1810,1358,1372,2026-04-05 18:00:00
2700,1113,1810,1413,1399,2026-04-05 18:00:00
2701,2379,1811,1927,1912,2026-04-05 18:00:00
2702,1126,1811,1821,1836,2026-04-05 18:00:00
2703,820,1812,1430,1413,2026-04-05 18:00:00
2704,1609,1812,1281,1298,2026-04-05 18:00:00
2705,2149,1813,1317,1300,2026-04-05 18:00:00
2706,2306,1813,1167,1184,2026-04-05 18:00:00
2707,1618,1814,1287,1278,2026-04-05 18:00:00
2708,210,1814,1384,1393,2026-04-05 18:00:00
2709,2003,1815,1555,1547,2026-04-05 19:00:00
2710,1961,1815,1689,1697,2026-04-05 19:00:00
2711,2452,1817,1509,1516,2026-04-05 19:00:00
2712,1758,1817,1365,1357,2026-04-05 19:00:00
2713,1609,1818,1298,1311,2026-04-05 19:00:00
2714,2176,1818,1312,1300,2026-04-05 19:00:00
2715,1614,1819,1413,1403,2026-04-05 19:00:00
2716,1552,1819,1469,1479,2026-04-05 19:00:00
2717,1079,1820,1770,1763,2026-04-05 19:00:00
2718,988,1820,1915,1923,2026-04-05 19:00:00
2719,374,1821,1363,1372,2026-04-05 20:00:00
2720,2348,1821,1266,1257,2026-04-05 20:00:00
2721,1228,1822,1133,1125,2026-04-05 20:00:00
2722,1292,1822,1233,1242,2026-04-05 20:00:00
2723,1789,1824,1764,1754,2026-04-05 20:00:00
2724,159,1824,1815,1825,2026-04-05 20:00:00
2725,2379,1825,1912,1919,2026-04-05 20:00:00
2726,651,1825,1774,1766,2026-04-05 20:00:00
2727,896,1826,1330,1323,2026-04-05 20:00:00
2728,278,1826,1456,1464,2026-04-05 20:00:00
2729,1502,1827,1889,1891,2026-04-05 20:00:00
2730,1737,1827,1486,1484,2026-04-05 20:00:00
2731,2435,1829,1266,1264,2026-04-05 20:00:00
2732,998,1829,1676,1678,2026-04-05 20:00:00
2733,1839,1830,1405,1393,2026-04-05 20:00:00
2734,938,1830,1419,1431,2026-04-05 20:00:00
2735,2129,1831,990,987,2026-04-05 20:00:00
2736,1807,1831,1305,1308,2026-04-05 20:00:00
2737,334,1832,1534,1544,2026-04-05 20:00:00
2738,2455,1832,1463,1454,2026-04-05 20:00:00
2739,343,1833,1592,1585,2026-04-05 20:00:00
2740,2020,1833,1736,1744,2026-04-05 20:00:00
2741,1788,1835,1665,1651,2026-04-05 20:00:00
2742,1530,1835,1600,1615,2026-04-05 20:00:00
2743,1292,1836,1242,1250,2026-04-05 21:00:00
2744,1228,1836,1125,1117,2026-04-05 21:00:00
2745,2169,1839,1657,1666,2026-04-05 21:00:00
2746,2003,1839,1547,1539,2026-04-05 21:00:00
2747,1572,1840,1418,1433,2026-04-05 21:00:00
2748,2224,1840,1500,1485,2026-04-05 21:00:00
2749,123,1841,1202,1196,2026-04-05 21:00:00
2750,836,1841,1381,1387,2026-04-05 21:00:00
2751,2453,1842,1245,1261,2026-04-05 21:00:00
2752,1633,1842,1366,1350,2026-04-05 21:00:00
2753,1389,1843,1412,1420,2026-04-05 21:00:00
2754,154,1843,1294,1286,2026-04-05 21:00:00
2755,369,1844,1905,1917,2026-04-05 21:00:00
2756,1738,1844,1896,1884,2026-04-05 21:00:00
2757,1228,1846,1117,1130,2026-04-05 22:00:00
2758,209,1846,1148,1135,2026-04-05 22:00:00
2759,159,1847,1825,1815,2026-04-05 22:00:00
2760,1965,1847,1871,1881,2026-04-05 22:00:00
2761,1502,1848,1891,1874,2026-04-05 22:00:00
2762,869,1848,1744,1761,2026-04-05 22:00:00
2763,1810,1849,1891,1901,2026-04-05 22:00:00
2764,1126,1849,1836,1826,2026-04-05 22:00:00
2765,836,1850,1387,1399,2026-04-05 22:00:00
2766,992,1850,1392,1379,2026-04-05 22:00:00
2767,174,1851,1736,1738,2026-04-05 22:00:00
2768,2430,1851,1316,1314,2026-04-05 22:00:00
2769,2494,1853,1411,1400,2026-04-05 22:00:00
2770,938,1853,1431,1442,2026-04-05 22:00:00
2771,1676,1854,1822,1830,2026-04-05 22:00:00
2772,598,1854,1721,1712,2026-04-05 22:00:00
2773,1618,1856,1278,1294,2026-04-06 01:00:00
2774,210,1856,1393,1377,2026-04-06 01:00:00
2775,615,1857,1680,1691,2026-04-06 11:00:00
2776,171,1857,1660,1649,2026-04-06 11:00:00
2777,1389,1858,1420,1411,2026-04-06 11:00:00
2778,2452,1858,1516,1525,2026-04-06 11:00:00
2779,1691,1859,1191,1205,2026-04-06 11:00:00
2780,2474,1859,1248,1234,2026-04-06 11:00:00
2781,1341,1860,1352,1344,2026-04-06 12:00:00
2782,722,1860,1461,1469,2026-04-06 12:00:00
2783,2110,1861,1130,1137,2026-04-06 12:00:00
2784,2129,1861,987,979,2026-04-06 12:00:00
2785,816,1863,1802,1789,2026-04-06 13:00:00
2786,1789,1863,1754,1768,2026-04-06 13:00:00
2787,584,1864,1027,1025,2026-04-06 13:00:00
2788,1865,1864,1469,1471,2026-04-06 13:00:00
2789,1179,1866,1562,1554,2026-04-06 14:00:00
2790,2309,1866,1692,1700,2026-04-06 14:00:00
2791,1820,1867,1290,1303,2026-04-06 14:00:00
2792,1807,1867,1308,1296,2026-04-06 14:00:00
2793,1961,1869,1697,1685,2026-04-06 15:00:00
2794,1462,1869,1719,1730,2026-04-06 15:00:00
2795,450,1870,1570,1578,2026-04-06 16:00:00
2796,261,1870,1444,1437,2026-04-06 16:00:00
2797,1807,1871,1296,1284,2026-04-06 16:00:00
2798,2176,1871,1300,1311,2026-04-06 16:00:00
2799,1168,1872,1161,1155,2026-04-06 17:00:00
2800,1644,1872,1332,1338,2026-04-06 17:00:00
2801,816,1873,1789,1776,2026-04-06 17:00:00
2802,787,1873,1764,1777,2026-04-06 17:00:00
2803,1113,1875,1399,1411,2026-04-06 17:00:00
2804,2261,1875,1376,1365,2026-04-06 17:00:00
2805,1998,1876,1482,1474,2026-04-06 17:00:00
2806,881,1876,1607,1615,2026-04-06 17:00:00
2807,249,1877,1899,1891,2026-04-06 17:00:00
2808,1700,1877,2004,2013,2026-04-06 17:00:00
2809,92,1878,1476,1484,2026-04-06 17:00:00
2810,2407,1878,1368,1359,2026-04-06 17:00:00
2811,869,1879,1761,1774,2026-04-06 18:00:00
2812,676,1879,1783,1770,2026-04-06 18:00:00
2813,1633,1882,1350,1348,2026-04-06 18:00:00
2814,1708,1882,1742,1745,2026-04-06 18:00:00
2815,1801,1883,1363,1355,2026-04-06 18:00:00
2816,92,1883,1484,1492,2026-04-06 18:00:00
2817,261,1884,1437,1446,2026-04-06 19:00:00
2818,374,1884,1372,1362,2026-04-06 19:00:00
2819,2498,1887,1548,1534,2026-04-06 19:00:00
2820,999,1887,1492,1506,2026-04-06 19:00:00
2821,1611,1888,1329,1315,2026-04-06 19:00:00
2822,504,1888,1269,1283,2026-04-06 19:00:00
2823,1179,1890,1554,1545,2026-04-06 20:00:00
2824,1172,1890,1647,1656,2026-04-06 20:00:00
2825,2262,1892,1285,1278,2026-04-06 20:00:00
2826,2344,1892,1435,1442,2026-04-06 20:00:00
2827,2392,1893,1164,1177,2026-04-06 20:00:00
2828,1396,1893,1213,1200,2026-04-06 20:00:00
2829,123,1894,1196,1191,2026-04-06 21:00:00
2830,255,1894,1429,1434,2026-04-06 21:00:00
2831,234,1895,1745,1733,2026-04-06 21:00:00
2832,2120,1895,1725,1738,2026-04-06 21:00:00
2833,1401,1896,1349,1342,2026-04-06 21:00:00
2834,1603,1896,1482,1489,2026-04-06 21:00:00
2835,1113,1897,1411,1401,2026-04-06 21:00:00
2836,1737,1897,1484,1494,2026-04-06 21:00:00
2837,2109,1898,1429,1418,2026-04-06 21:00:00
2838,656,1898,1459,1470,2026-04-06 21:00:00
2839,1708,1899,1745,1756,2026-04-06 21:00:00
2840,2481,1899,1729,1717,2026-04-06 21:00:00
2841,2092,1903,1365,1356,2026-04-06 22:00:00
2842,261,1903,1446,1456,2026-04-06 22:00:00
2843,901,1904,1548,1555,2026-04-06 22:00:00
2844,836,1904,1399,1392,2026-04-06 22:00:00
2845,1839,1905,1393,1389,2026-04-06 22:00:00
2846,240,1905,1643,1648,2026-04-06 22:00:00
2847,297,1906,1805,1811,2026-04-06 22:00:00
2848,2297,1906,1603,1598,2026-04-06 22:00:00
2849,2067,1909,1365,1378,2026-04-06 22:00:00
2850,1599,1909,1399,1386,2026-04-06 22:00:00
2851,534,1910,1440,1449,2026-04-06 22:00:00
2852,2407,1910,1359,1350,2026-04-06 22:00:00
2853,1579,1911,1420,1431,2026-04-06 22:00:00
2854,20,1911,1399,1387,2026-04-06 22:00:00
2855,369,1912,1917,1928,2026-04-06 22:00:00
2856,1738,1912,1884,1873,2026-04-06 22:00:00
2857,1522,1913,1628,1644,2026-04-06 23:00:00
2858,1367,1913,1757,1741,2026-04-06 23:00:00
2859,998,1914,1678,1690,2026-04-07 10:00:00
2860,615,1914,1691,1678,2026-04-07 10:00:00
2861,2183,1915,1738,1726,2026-04-07 10:00:00
2862,1708,1915,1756,1768,2026-04-07 10:00:00
2863,70,1918,1609,1596,2026-04-07 12:00:00
2864,103,1918,1568,1581,2026-04-07 12:00:00
2865,1220,1919,1728,1717,2026-04-07 15:00:00
2866,1261,1919,1763,1774,2026-04-07 15:00:00
2867,1495,1920,1472,1484,2026-04-07 15:00:00
2868,278,1920,1464,1452,2026-04-07 15:00:00
2869,1810,1923,1901,1910,2026-04-07 15:00:00
2870,1126,1923,1826,1817,2026-04-07 15:00:00
2871,626,1924,1686,1677,2026-04-07 15:00:00
2872,363,1924,1772,1781,2026-04-07 15:00:00
2873,1163,1925,1819,1831,2026-04-07 16:00:00
2874,2304,1925,1839,1827,2026-04-07 16:00:00
2875,1687,1926,2077,2087,2026-04-07 17:00:00
2876,1471,1926,2015,2005,2026-04-07 17:00:00
2877,722,1927,1469,1481,2026-04-07 17:00:00
2878,643,1927,1455,1443,2026-04-07 17:00:00
2879,1865,1929,1471,1458,2026-04-07 17:00:00
2880,1533,1929,1437,1450,2026-04-07 17:00:00
2881,2120,1930,1738,1729,2026-04-07 18:00:00
2882,1126,1930,1817,1826,2026-04-07 18:00:00
2883,2310,1932,1871,1858,2026-04-07 18:00:00
2884,1039,1932,1846,1859,2026-04-07 18:00:00
2885,103,1933,1581,1593,2026-04-07 18:00:00
2886,666,1933,1572,1560,2026-04-07 18:00:00
2887,1249,1934,1459,1450,2026-04-07 18:00:00
2888,2454,1934,1568,1576,2026-04-07 18:00:00
2889,261,1936,1456,1464,2026-04-07 19:00:00
2890,1341,1936,1344,1336,2026-04-07 19:00:00
2891,1367,1938,1741,1732,2026-04-07 19:00:00
2892,1551,1938,1831,1840,2026-04-07 19:00:00
2893,1599,1940,1386,1373,2026-04-07 19:00:00
2894,1884,1940,1348,1361,2026-04-07 19:00:00
2895,223,1941,1521,1536,2026-04-07 19:00:00
2896,1938,1941,1594,1580,2026-04-07 19:00:00
2897,14,1942,1824,1831,2026-04-07 19:00:00
2898,678,1942,1675,1668,2026-04-07 19:00:00
2899,2400,1943,1899,1906,2026-04-07 19:00:00
2900,789,1943,1751,1744,2026-04-07 19:00:00
2901,664,1944,1721,1728,2026-04-07 20:00:00
2902,1592,1944,1580,1573,2026-04-07 20:00:00
2903,1411,1945,1320,1318,2026-04-07 20:00:00
2904,2141,1945,1754,1756,2026-04-07 20:00:00
2905,297,1946,1811,1795,2026-04-07 20:00:00
2906,390,1946,1690,1706,2026-04-07 20:00:00
2907,1677,1947,1308,1298,2026-04-07 20:00:00
2908,20,1947,1387,1397,2026-04-07 20:00:00
2909,789,1948,1744,1737,2026-04-07 20:00:00
2910,2400,1948,1906,1913,2026-04-07 20:00:00
2911,91,1950,1396,1388,2026-04-07 21:00:00
2912,1829,1950,1525,1533,2026-04-07 21:00:00
2913,2357,1951,1532,1523,2026-04-07 21:00:00
2914,1522,1951,1644,1652,2026-04-07 21:00:00
2915,869,1952,1774,1764,2026-04-07 21:00:00
2916,1551,1952,1840,1850,2026-04-07 21:00:00
2917,947,1954,1745,1758,2026-04-07 21:00:00
2918,676,1954,1770,1757,2026-04-07 21:00:00
2919,160,1955,1900,1892,2026-04-07 21:00:00
2920,1700,1955,2013,2021,2026-04-07 21:00:00
2921,2399,1956,1304,1315,2026-04-07 21:00:00
2922,44,1956,1273,1262,2026-04-07 21:00:00
2923,1080,1957,1618,1607,2026-04-07 21:00:00
2924,158,1957,1644,1655,2026-04-07 21:00:00
2925,2316,1958,1469,1457,2026-04-07 22:00:00
2926,261,1958,1464,1476,2026-04-07 22:00:00
2927,1228,1959,1130,1122,2026-04-07 22:00:00
2928,2325,1959,1263,1270,2026-04-07 22:00:00
2929,1028,1960,1540,1550,2026-04-07 22:00:00
2930,1062,1960,1483,1473,2026-04-07 22:00:00
2931,2325,1961,1270,1258,2026-04-07 22:00:00
2932,2348,1961,1257,1270,2026-04-07 22:00:00
2933,174,1962,1738,1747,2026-04-07 22:00:00
2934,1522,1962,1652,1643,2026-04-07 22:00:00
2935,44,1964,1262,1271,2026-04-07 22:00:00
2936,2306,1964,1184,1175,2026-04-07 22:00:00
2937,1228,1965,1122,1119,2026-04-07 23:00:00
2938,1447,1965,1426,1429,2026-04-07 23:00:00
2939,737,1967,1522,1507,2026-04-07 23:00:00
2940,255,1967,1434,1449,2026-04-07 23:00:00
2941,1752,1968,1622,1631,2026-04-08 00:00:00
2942,1451,1968,1545,1536,2026-04-08 00:00:00
2943,1494,1969,1121,1109,2026-04-08 00:00:00
2944,1751,1969,1128,1140,2026-04-08 00:00:00
2945,92,1970,1492,1500,2026-04-08 01:00:00
2946,1672,1970,1345,1338,2026-04-08 01:00:00
2947,1036,1971,1048,1038,2026-04-08 10:00:00
2948,1228,1971,1119,1128,2026-04-08 10:00:00
2949,234,1972,1733,1721,2026-04-08 11:00:00
2950,2120,1972,1729,1741,2026-04-08 11:00:00
2951,1495,1973,1484,1479,2026-04-08 12:00:00
2952,234,1973,1721,1725,2026-04-08 12:00:00
2953,896,1975,1323,1330,2026-04-08 13:00:00
2954,1218,1975,1185,1178,2026-04-08 13:00:00
2955,1039,1976,1859,1867,2026-04-08 13:00:00
2956,28,1976,1765,1756,2026-04-08 13:00:00
2957,154,1979,1286,1295,2026-04-08 14:00:00
2958,558,1979,1202,1193,2026-04-08 14:00:00
2959,787,1980,1777,1782,2026-04-08 15:00:00
2960,529,1980,1543,1538,2026-04-08 15:00:00
2961,1228,1981,1128,1120,2026-04-08 15:00:00
2962,2325,1981,1258,1266,2026-04-08 15:00:00
2963,896,1982,1330,1328,2026-04-08 15:00:00
2964,676,1982,1757,1759,2026-04-08 15:00:00
2965,171,1983,1649,1636,2026-04-08 15:00:00
2966,483,1983,1629,1642,2026-04-08 15:00:00
2967,2240,1984,1778,1787,2026-04-08 15:00:00
2968,335,1984,1677,1669,2026-04-08 15:00:00
2969,988,1985,1923,1931,2026-04-08 15:00:00
2970,867,1985,1805,1797,2026-04-08 15:00:00
2971,1825,1986,1526,1534,2026-04-08 16:00:00
2972,1614,1986,1403,1395,2026-04-08 16:00:00
2973,159,1988,1815,1823,2026-04-08 17:00:00
2974,1220,1988,1717,1708,2026-04-08 17:00:00
2975,374,1989,1362,1371,2026-04-08 17:00:00
2976,2348,1989,1270,1261,2026-04-08 17:00:00
2977,1808,1991,1539,1546,2026-04-08 17:00:00
2978,1098,1991,1408,1400,2026-04-08 17:00:00
2979,1522,1992,1643,1654,2026-04-08 17:00:00
2980,971,1992,1613,1602,2026-04-08 17:00:00
2981,1856,1996,1505,1515,2026-04-08 17:00:00
2982,1249,1996,1450,1440,2026-04-08 17:00:00
2983,1544,1997,1632,1623,2026-04-08 17:00:00
2984,598,1997,1712,1722,2026-04-08 17:00:00
2985,538,1998,1638,1630,2026-04-08 18:00:00
2986,1261,1998,1774,1782,2026-04-08 18:00:00
2987,2003,1999,1539,1554,2026-04-08 18:00:00
2988,1721,1999,1621,1606,2026-04-08 18:00:00
2989,2261,2000,1365,1357,2026-04-08 18:00:00
2990,1603,2000,1489,1497,2026-04-08 18:00:00
2991,1172,2001,1656,1643,2026-04-08 18:00:00
2992,183,2001,1642,1654,2026-04-08 18:00:00
2993,2213,2002,1752,1761,2026-04-08 18:00:00
2994,240,2002,1648,1639,2026-04-08 18:00:00
2995,563,2005,1302,1292,2026-04-08 18:00:00
2996,1363,2005,1358,1368,2026-04-08 18:00:00
2997,2120,2007,1741,1730,2026-04-08 19:00:00
2998,676,2007,1759,1771,2026-04-08 19:00:00
2999,183,2008,1654,1662,2026-04-08 19:00:00
3000,737,2008,1507,1500,2026-04-08 19:00:00
3001,873,2009,1709,1696,2026-04-08 19:00:00
3002,1602,2009,1694,1707,2026-04-08 19:00:00
3003,1113,2011,1401,1392,2026-04-08 20:00:00
3004,1998,2011,1474,1484,2026-04-08 20:00:00
3005,2261,2013,1357,1341,2026-04-08 20:00:00
3006,621,2013,1232,1248,2026-04-08 20:00:00
3007,2087,2014,1679,1664,2026-04-08 20:00:00
3008,971,2014,1602,1617,2026-04-08 20:00:00
3009,1169,2015,1530,1520,2026-04-08 20:00:00
3010,970,2015,1597,1607,2026-04-08 20:00:00
3011,1433,2016,1534,1547,2026-04-08 20:00:00
3012,334,2016,1544,1531,2026-04-08 20:00:00
3013,722,2017,1481,1474,2026-04-08 21:00:00
3014,1986,2017,1652,1659,2026-04-08 21:00:00
3015,1287,2019,1268,1277,2026-04-08 21:00:00
3016,2433,2019,1169,1160,2026-04-08 21:00:00
3017,255,2020,1449,1462,2026-04-08 21:00:00
3018,2268,2020,1486,1473,2026-04-08 21:00:00
3019,240,2021,1639,1652,2026-04-08 21:00:00
3020,199,2021,1654,1641,2026-04-08 21:00:00
3021,2390,2022,1481,1493,2026-04-08 21:00:00
3022,595,2022,1475,1464,2026-04-08 21:00:00
3023,1365,2026,1689,1698,2026-04-08 22:00:00
3024,2471,2026,1602,1593,2026-04-08 22:00:00
3025,1756,2027,1695,1684,2026-04-08 22:00:00
3026,664,2027,1728,1739,2026-04-08 22:00:00
3027,1836,2028,1329,1342,2026-04-08 22:00:00
3028,2092,2028,1356,1343,2026-04-08 22:00:00
3029,297,2030,1795,1785,2026-04-08 22:00:00
3030,2005,2030,1856,1866,2026-04-08 22:00:00
3031,1839,2031,1389,1380,2026-04-08 22:00:00
3032,1345,2031,1485,1494,2026-04-08 22:00:00
3033,2452,2032,1525,1535,2026-04-08 22:00:00
3034,82,2032,1463,1453,2026-04-08 22:00:00
3035,44,2034,1271,1268,2026-04-08 22:00:00
3036,666,2034,1560,1564,2026-04-08 22:00:00
3037,1788,2035,1651,1661,2026-04-08 22:00:00
3038,1282,2035,1598,1588,2026-04-08 22:00:00
3039,1296,2036,1036,1025,2026-04-08 22:00:00
3040,823,2036,1040,1052,2026-04-08 22:00:00
3041,1228,2040,1120,1113,2026-04-08 23:00:00
3042,2348,2040,1261,1268,2026-04-08 23:00:00
3043,2310,2041,1858,1871,2026-04-08 23:00:00
3044,1039,2041,1867,1855,2026-04-08 23:00:00
3045,2471,2044,1593,1576,2026-04-09 01:00:00
3046,1593,2044,1454,1471,2026-04-09 01:00:00
3047,1401,2047,1342,1329,2026-04-09 13:00:00
3048,896,2047,1328,1341,2026-04-09 13:00:00
3049,2063,2048,1235,1223,2026-04-09 13:00:00
3050,1845,2048,1223,1236,2026-04-09 13:00:00
3051,1820,2049,1303,1294,2026-04-09 13:00:00
3052,2164,2049,1389,1398,2026-04-09 13:00:00
3053,109,2050,1901,1909,2026-04-09 14:00:00
3054,787,2050,1782,1774,2026-04-09 14:00:00
3055,1949,2051,1140,1137,2026-04-09 16:00:00
3056,738,2051,1490,1493,2026-04-09 16:00:00
3057,722,2052,1474,1465,2026-04-09 17:00:00
3058,1028,2052,1550,1559,2026-04-09 17:00:00
3059,119,2053,1497,1504,2026-04-09 17:00:00
3060,993,2053,1356,1349,2026-04-09 17:00:00
3061,676,2054,1771,1781,2026-04-09 17:00:00
3062,234,2054,1725,1715,2026-04-09 17:00:00
3063,1287,2056,1277,1268,2026-04-09 17:00:00
3064,2233,2056,1372,1381,2026-04-09 17:00:00
3065,2379,2061,1919,1931,2026-04-09 18:00:00
3066,1810,2061,1910,1899,2026-04-09 18:00:00
3067,873,2062,1696,1687,2026-04-09 18:00:00
3068,1708,2062,1768,1777,2026-04-09 18:00:00
3069,2110,2063,1137,1132,2026-04-09 18:00:00
3070,2067,2063,1378,1383,2026-04-09 18:00:00
3071,283,2066,1364,1352,2026-04-09 18:00:00
3072,222,2066,1382,1393,2026-04-09 18:00:00
3073,2056,2067,1141,1150,2026-04-09 19:00:00
3074,1036,2067,1038,1030,2026-04-09 19:00:00
3075,1287,2069,1268,1263,2026-04-09 19:00:00
3076,1495,2069,1479,1485,2026-04-09 19:00:00
3077,390,2070,1706,1699,2026-04-09 19:00:00
3078,2393,2070,1847,1855,2026-04-09 19:00:00
3079,1389,2071,1411,1429,2026-04-09 19:00:00
3080,1938,2071,1580,1563,2026-04-09 19:00:00
3081,70,2072,1596,1581,2026-04-09 19:00:00
3082,792,2072,1520,1534,2026-04-09 19:00:00
3083,2442,2073,1740,1733,2026-04-09 19:00:00
3084,1738,2073,1873,1881,2026-04-09 19:00:00
3085,1808,2074,1546,1535,2026-04-09 20:00:00
3086,450,2074,1578,1588,2026-04-09 20:00:00
3087,612,2075,1491,1484,2026-04-09 20:00:00
3088,538,2075,1630,1638,2026-04-09 20:00:00
3089,1810,2076,1899,1887,2026-04-09 20:00:00
3090,40,2076,1894,1906,2026-04-09 20:00:00
3091,651,2077,1766,1776,2026-04-09 20:00:00
3092,2309,2077,1700,1690,2026-04-09 20:00:00
3093,2183,2078,1726,1734,2026-04-09 20:00:00
3094,1364,2078,1597,1590,2026-04-09 20:00:00
3095,2067,2079,1383,1369,2026-04-09 20:00:00
3096,1633,2079,1348,1361,2026-04-09 20:00:00
3097,1599,2080,1373,1365,2026-04-09 20:00:00
3098,2434,2080,1513,1520,2026-04-09 20:00:00
3099,563,2081,1292,1280,2026-04-09 20:00:00
3100,190,2081,1275,1288,2026-04-09 20:00:00
3101,1593,2084,1471,1482,2026-04-09 21:00:00
3102,643,2084,1443,1432,2026-04-09 21:00:00
3103,1233,2085,1371,1360,2026-04-09 21:00:00
3104,1113,2085,1392,1403,2026-04-09 21:00:00
3105,896,2086,1341,1332,2026-04-09 21:00:00
3106,1572,2086,1433,1442,2026-04-09 21:00:00
3107,1825,2088,1534,1520,2026-04-09 21:00:00
3108,1634,2088,1504,1517,2026-04-09 21:00:00
3109,1833,2089,1512,1527,2026-04-09 21:00:00
3110,2454,2089,1576,1562,2026-04-09 21:00:00
3111,1808,2090,1535,1543,2026-04-09 22:00:00
3112,1762,2090,1401,1394,2026-04-09 22:00:00
3113,1737,2091,1494,1503,2026-04-09 22:00:00
3114,1113,2091,1403,1394,2026-04-09 22:00:00
3115,1710,2092,1262,1251,2026-04-09 22:00:00
3116,2035,2092,1291,1302,2026-04-09 22:00:00
3117,1602,2093,1707,1695,2026-04-09 22:00:00
3118,2481,2093,1717,1729,2026-04-09 22:00:00
3119,1761,2095,1593,1585,2026-04-09 22:00:00
3120,2475,2095,1722,1730,2026-04-09 22:00:00
3121,439,2097,1500,1509,2026-04-09 22:00:00
3122,1445,2097,1419,1410,2026-04-09 22:00:00
3123,192,2098,1221,1231,2026-04-09 22:00:00
3124,2306,2098,1175,1164,2026-04-09 22:00:00
3125,876,2100,1741,1728,2026-04-09 22:00:00
3126,857,2100,1701,1714,2026-04-09 22:00:00
3127,109,2101,1909,1899,2026-04-09 23:00:00
3128,1144,2101,1975,1985,2026-04-09 23:00:00
3129,2209,2102,1431,1422,2026-04-10 00:00:00
3130,698,2102,1529,1537,2026-04-10 00:00:00
3131,2211,2104,1909,1913,2026-04-10 01:00:00
3132,2163,2104,1615,1611,2026-04-10 01:00:00
3133,2121,2105,1213,1204,2026-04-10 01:00:00
3134,367,2105,1303,1312,2026-04-10 01:00:00
3135,664,2106,1739,1748,2026-04-10 10:00:00
3136,910,2106,1668,1658,2026-04-10 10:00:00
3137,2433,2107,1160,1151,2026-04-10 10:00:00
3138,1710,2107,1251,1260,2026-04-10 10:00:00
3139,1906,2108,1153,1143,2026-04-10 10:00:00
3140,1396,2108,1200,1210,2026-04-10 10:00:00
3141,434,2109,1617,1630,2026-04-10 11:00:00
3142,1663,2109,1642,1629,2026-04-10 11:00:00
3143,2164,2110,1398,1385,2026-04-10 11:00:00
3144,1884,2110,1361,1374,2026-04-10 11:00:00
3145,2056,2111,1150,1147,2026-04-10 12:00:00
3146,722,2111,1465,1468,2026-04-10 12:00:00
3147,869,2112,1764,1773,2026-04-10 12:00:00
3148,215,2112,1671,1662,2026-04-10 12:00:00
3149,1645,2114,1529,1538,2026-04-10 12:00:00
3150,1818,2114,1453,1444,2026-04-10 12:00:00
3151,2142,2115,1622,1632,2026-04-10 13:00:00
3152,1592,2115,1573,1562,2026-04-10 13:00:00
3153,1592,2116,1562,1566,2026-04-10 13:00:00
3154,2348,2116,1268,1264,2026-04-10 13:00:00
3155,664,2117,1748,1753,2026-04-10 13:00:00
3156,1198,2117,1502,1497,2026-04-10 13:00:00
3157,1810,2118,1887,1898,2026-04-10 13:00:00
3158,1502,2118,1874,1863,2026-04-10 13:00:00
3159,1789,2119,1768,1776,2026-04-10 14:00:00
3160,1773,2119,1656,1648,2026-04-10 14:00:00
3161,1572,2122,1442,1433,2026-04-10 14:00:00
3162,2357,2122,1523,1533,2026-04-10 14:00:00
3163,979,2123,1335,1345,2026-04-10 14:00:00
3164,190,2123,1288,1277,2026-04-10 14:00:00
3165,374,2124,1371,1386,2026-04-10 15:00:00
3166,722,2124,1468,1453,2026-04-10 15:00:00
3167,971,2125,1617,1606,2026-04-10 15:00:00
3168,183,2125,1662,1672,2026-04-10 15:00:00
3169,174,2126,1747,1756,2026-04-10 15:00:00
3170,2087,2126,1664,1655,2026-04-10 15:00:00
3171,223,2128,1536,1525,2026-04-10 15:00:00
3172,1938,2128,1563,1574,2026-04-10 15:00:00
3173,529,2129,1538,1528,2026-04-10 16:00:00
3174,1792,2129,1592,1602,2026-04-10 16:00:00
3175,2169,2132,1666,1650,2026-04-10 16:00:00
3176,901,2132,1555,1571,2026-04-10 16:00:00
3177,651,2133,1776,1784,2026-04-10 16:00:00
3178,215,2133,1662,1654,2026-04-10 16:00:00
3179,2183,2134,1734,1744,2026-04-10 16:00:00
3180,1053,2134,1663,1654,2026-04-10 16:00:00
3181,1574,2135,1753,1765,2026-04-10 16:00:00
3182,2189,2135,1740,1728,2026-04-10 16:00:00
3183,1365,2137,1698,1702,2026-04-10 17:00:00
3184,1447,2137,1429,1425,2026-04-10 17:00:00
3185,1890,2138,1482,1490,2026-04-10 17:00:00
3186,536,2138,1371,1363,2026-04-10 17:00:00
3187,1593,2140,1482,1492,2026-04-10 17:00:00
3188,1321,2140,1415,1405,2026-04-10 17:00:00
3189,651,2141,1784,1768,2026-04-10 17:00:00
3190,2169,2141,1650,1666,2026-04-10 17:00:00
3191,2120,2143,1730,1739,2026-04-10 17:00:00
3192,215,2143,1654,1644,2026-04-10 17:00:00
3193,2120,2144,1739,1745,2026-04-10 17:00:00
3194,2003,2144,1554,1548,2026-04-10 17:00:00
3195,2213,2145,1761,1768,2026-04-10 17:00:00
3196,1837,2145,1612,1605,2026-04-10 17:00:00
3197,362,2147,1672,1688,2026-04-10 17:00:00
3198,654,2147,1800,1784,2026-04-10 17:00:00
3199,670,2149,1499,1486,2026-04-10 17:00:00
3200,2027,2149,1456,1469,2026-04-10 17:00:00
3201,1144,2150,1985,1994,2026-04-10 18:00:00
3202,109,2150,1899,1890,2026-04-10 18:00:00
3203,374,2151,1386,1377,2026-04-10 18:00:00
3204,1154,2151,1492,1501,2026-04-10 18:00:00
3205,664,2153,1753,1744,2026-04-10 18:00:00
3206,1163,2153,1831,1841,2026-04-10 18:00:00
3207,1172,2154,1643,1636,2026-04-10 18:00:00
3208,869,2154,1773,1781,2026-04-10 18:00:00
3209,2369,2155,1558,1542,2026-04-10 18:00:00
3210,278,2155,1452,1468,2026-04-10 18:00:00
3211,1169,2157,1520,1511,2026-04-10 18:00:00
3212,2297,2157,1598,1607,2026-04-10 18:00:00
3213,2227,2158,1785,1796,2026-04-10 19:00:00
3214,664,2158,1744,1733,2026-04-10 19:00:00
3215,1808,2159,1543,1549,2026-04-10 19:00:00
3216,1644,2159,1338,1333,2026-04-10 19:00:00
3217,1953,2160,1353,1341,2026-04-10 19:00:00
3218,2092,2160,1343,1355,2026-04-10 19:00:00
3219,6,2166,1551,1562,2026-04-10 19:00:00
3220,1901,2166,1517,1506,2026-04-10 19:00:00
3221,410,2169,1766,1779,2026-04-10 19:00:00
3222,363,2169,1781,1768,2026-04-10 19:00:00
3223,76,2170,1734,1742,2026-04-10 19:00:00
3224,1530,2170,1615,1607,2026-04-10 19:00:00
3225,1663,2171,1629,1637,2026-04-10 20:00:00
3226,1198,2171,1497,1490,2026-04-10 20:00:00
3227,1228,2173,1113,1122,2026-04-10 20:00:00
3228,1036,2173,1030,1020,2026-04-10 20:00:00
3229,896,2174,1332,1340,2026-04-10 20:00:00
3230,1864,2174,1230,1221,2026-04-10 20:00:00
3231,615,2175,1678,1664,2026-04-10 20:00:00
3232,970,2175,1607,1621,2026-04-10 20:00:00
3233,1303,2176,1456,1463,2026-04-10 20:00:00
3234,715,2176,1320,1312,2026-04-10 20:00:00
3235,1621,2177,1481,1488,2026-04-10 20:00:00
3236,2176,2177,1311,1305,2026-04-10 20:00:00
3237,210,2179,1377,1366,2026-04-10 20:00:00
3238,601,2179,1407,1418,2026-04-10 20:00:00
3239,1282,2180,1588,1596,2026-04-10 20:00:00
3240,2027,2180,1469,1461,2026-04-10 20:00:00
3241,530,2181,1830,1838,2026-04-10 20:00:00
3242,1724,2181,1714,1706,2026-04-10 20:00:00
3243,1256,2182,1400,1389,2026-04-10 20:00:00
3244,395,2182,1433,1444,2026-04-10 20:00:00
3245,2227,2183,1796,1783,2026-04-10 21:00:00
3246,816,2183,1776,1789,2026-04-10 21:00:00
3247,1163,2184,1841,1851,2026-04-10 21:00:00
3248,1261,2184,1782,1772,2026-04-10 21:00:00
3249,1592,2185,1566,1557,2026-04-10 21:00:00
3250,1663,2185,1637,1647,2026-04-10 21:00:00
3251,916,2187,1203,1197,2026-04-10 21:00:00
3252,1113,2187,1394,1400,2026-04-10 21:00:00
3253,2261,2188,1341,1349,2026-04-10 21:00:00
3254,621,2188,1248,1239,2026-04-10 21:00:00
3255,2453,2190,1261,1253,2026-04-10 21:00:00
3256,2067,2190,1369,1378,2026-04-10 21:00:00
3257,1184,2191,1201,1194,2026-04-10 21:00:00
3258,1099,2191,1341,1348,2026-04-10 21:00:00
3259,666,2192,1564,1572,2026-04-10 21:00:00
3260,1702,2192,1448,1439,2026-04-10 21:00:00
3261,698,2193,1537,1528,2026-04-10 21:00:00
3262,98,2193,1613,1622,2026-04-10 21:00:00
3263,214,2194,1245,1235,2026-04-10 21:00:00
3264,455,2194,1297,1307,2026-04-10 21:00:00
3265,2325,2196,1266,1256,2026-04-10 22:00:00
3266,1953,2196,1341,1350,2026-04-10 22:00:00
3267,538,2197,1638,1647,2026-04-10 22:00:00
3268,1592,2197,1557,1547,2026-04-10 22:00:00
3269,1789,2198,1776,1779,2026-04-10 22:00:00
3270,261,2198,1476,1472,2026-04-10 22:00:00
3271,1098,2200,1400,1391,2026-04-10 22:00:00
3272,261,2200,1472,1482,2026-04-10 22:00:00
3273,2005,2202,1866,1877,2026-04-10 22:00:00
3274,2393,2202,1855,1843,2026-04-10 22:00:00
3275,1807,2203,1284,1299,2026-04-10 22:00:00
3276,1480,2203,1368,1353,2026-04-10 22:00:00
3277,504,2204,1283,1274,2026-04-10 22:00:00
3278,1599,2204,1365,1375,2026-04-10 22:00:00
3279,334,2205,1531,1545,2026-04-10 22:00:00
3280,1938,2205,1574,1560,2026-04-10 22:00:00
3281,1480,2207,1353,1363,2026-04-10 22:00:00
3282,154,2207,1295,1285,2026-04-10 22:00:00
3283,2399,2208,1315,1311,2026-04-10 22:00:00
3284,840,2208,1594,1598,2026-04-10 22:00:00
3285,2149,2209,1300,1311,2026-04-10 22:00:00
3286,509,2209,1268,1257,2026-04-10 22:00:00
3287,283,2210,1352,1360,2026-04-10 22:00:00
3288,2121,2210,1204,1197,2026-04-10 22:00:00
3289,2027,2211,1461,1466,2026-04-10 22:00:00
3290,2121,2211,1197,1192,2026-04-10 22:00:00
3291,1993,2212,1581,1589,2026-04-10 22:00:00
3292,2196,2212,1454,1446,2026-04-10 22:00:00
3293,197,2213,1540,1552,2026-04-10 22:00:00
3294,1856,2213,1515,1504,2026-04-10 22:00:00
3295,1592,2214,1547,1561,2026-04-10 23:00:00
3296,450,2214,1588,1575,2026-04-10 23:00:00
3297,91,2215,1388,1379,2026-04-10 23:00:00
3298,446,2215,1481,1490,2026-04-10 23:00:00
3299,1365,2216,1702,1694,2026-04-10 23:00:00
3300,2180,2216,1810,1818,2026-04-10 23:00:00
3301,2095,2217,1594,1585,2026-04-10 23:00:00
3302,1756,2217,1684,1693,2026-04-10 23:00:00
3303,2120,2218,1745,1749,2026-04-10 23:00:00
3304,2268,2218,1473,1469,2026-04-10 23:00:00
3305,2063,2219,1223,1218,2026-04-10 23:00:00
3306,541,2219,1453,1458,2026-04-10 23:00:00
3307,154,2220,1285,1300,2026-04-10 23:00:00
3308,1480,2220,1363,1349,2026-04-10 23:00:00
3309,2049,2221,1373,1376,2026-04-10 23:00:00
3310,584,2221,1025,1022,2026-04-10 23:00:00
3311,2246,2222,1394,1386,2026-04-10 23:00:00
3312,1748,2222,1531,1539,2026-04-10 23:00:00
3313,2056,2223,1147,1143,2026-04-11 01:00:00
3314,1062,2223,1473,1476,2026-04-11 01:00:00
3315,670,2224,1486,1475,2026-04-11 01:00:00
3316,172,2224,1542,1552,2026-04-11 01:00:00
3317,285,2225,1640,1651,2026-04-11 10:00:00
3318,1792,2225,1602,1591,2026-04-11 10:00:00
3319,1700,2227,2021,2029,2026-04-11 10:00:00
3320,249,2227,1891,1883,2026-04-11 10:00:00
3321,1788,2230,1661,1672,2026-04-11 11:00:00
3322,1317,2230,1624,1613,2026-04-11 11:00:00
3323,1494,2231,1109,1103,2026-04-11 11:00:00
3324,1575,2231,1288,1294,2026-04-11 11:00:00
3325,249,2232,1883,1891,2026-04-11 12:00:00
3326,1708,2232,1777,1769,2026-04-11 12:00:00
3327,2284,2234,1533,1545,2026-04-11 12:00:00
3328,1385,2234,1539,1527,2026-04-11 12:00:00
3329,261,2235,1482,1470,2026-04-11 13:00:00
3330,1062,2235,1476,1488,2026-04-11 13:00:00
3331,255,2237,1462,1453,2026-04-11 13:00:00
3332,1894,2237,1529,1539,2026-04-11 13:00:00
3333,434,2239,1630,1640,2026-04-11 14:00:00
3334,1592,2239,1561,1551,2026-04-11 14:00:00
3335,234,2241,1715,1701,2026-04-11 14:00:00
3336,2087,2241,1655,1669,2026-04-11 14:00:00
3337,1401,2242,1329,1341,2026-04-11 14:00:00
3338,2430,2242,1314,1302,2026-04-11 14:00:00
3339,1683,2243,1449,1457,2026-04-11 14:00:00
3340,1672,2243,1338,1330,2026-04-11 14:00:00
3341,73,2244,1744,1757,2026-04-11 14:00:00
3342,410,2244,1779,1765,2026-04-11 14:00:00
3343,67,2245,1217,1229,2026-04-11 14:00:00
3344,2295,2245,1215,1203,2026-04-11 14:00:00
3345,395,2246,1444,1436,2026-04-11 14:00:00
3346,197,2246,1552,1560,2026-04-11 14:00:00
3347,91,2247,1379,1371,2026-04-11 15:00:00
3348,446,2247,1490,1498,2026-04-11 15:00:00
3349,1502,2248,1863,1870,2026-04-11 15:00:00
3350,1367,2248,1732,1724,2026-04-11 15:00:00
3351,2306,2249,1164,1157,2026-04-11 15:00:00
3352,2149,2249,1311,1318,2026-04-11 15:00:00
3353,2316,2250,1457,1465,2026-04-11 16:00:00
3354,1341,2250,1336,1328,2026-04-11 16:00:00
3355,722,2251,1453,1461,2026-04-11 16:00:00
3356,1411,2251,1318,1311,2026-04-11 16:00:00
3357,2325,2252,1256,1247,2026-04-11 16:00:00
3358,1953,2252,1350,1359,2026-04-11 16:00:00
3359,327,2253,1100,1110,2026-04-11 16:00:00
3360,413,2253,1066,1056,2026-04-11 16:00:00
3361,1756,2257,1693,1707,2026-04-11 17:00:00
3362,2141,2257,1756,1742,2026-04-11 17:00:00
3363,261,2258,1470,1478,2026-04-11 17:00:00
3364,1836,2258,1342,1334,2026-04-11 17:00:00
3365,109,2259,1890,1875,2026-04-11 17:00:00
3366,2227,2259,1783,1798,2026-04-11 17:00:00
3367,1228,2260,1122,1114,2026-04-11 17:00:00
3368,2325,2260,1247,1255,2026-04-11 17:00:00
3369,1126,2261,1826,1834,2026-04-11 17:00:00
3370,234,2261,1701,1693,2026-04-11 17:00:00
3371,2326,2262,1243,1240,2026-04-11 17:00:00
3372,461,2262,1594,1596,2026-04-11 17:00:00
3373,6,2263,1562,1574,2026-04-11 17:00:00
3374,70,2263,1581,1568,2026-04-11 17:00:00
3375,382,2264,1656,1639,2026-04-11 17:00:00
3376,1634,2264,1517,1533,2026-04-11 17:00:00
3377,2430,2266,1302,1292,2026-04-11 18:00:00
3378,2261,2266,1349,1360,2026-04-11 18:00:00
3379,2031,2267,1364,1356,2026-04-11 18:00:00
3380,738,2267,1493,1500,2026-04-11 18:00:00
3381,2027,2268,1466,1477,2026-04-11 18:00:00
3382,2196,2268,1446,1435,2026-04-11 18:00:00
3383,1163,2269,1851,1840,2026-04-11 19:00:00
3384,109,2269,1875,1886,2026-04-11 19:00:00
3385,1836,2270,1334,1343,2026-04-11 19:00:00
3386,1292,2270,1250,1241,2026-04-11 19:00:00
3387,2348,2271,1264,1256,2026-04-11 19:00:00
3388,536,2271,1363,1371,2026-04-11 19:00:00
3389,651,2274,1768,1776,2026-04-11 19:00:00
3390,1522,2274,1654,1646,2026-04-11 19:00:00
3391,1126,2275,1834,1837,2026-04-11 19:00:00
3392,278,2275,1468,1465,2026-04-11 19:00:00
3393,916,2278,1197,1184,2026-04-11 19:00:00
3394,1218,2278,1178,1190,2026-04-11 19:00:00
3395,1807,2280,1299,1283,2026-04-11 19:00:00
3396,558,2280,1193,1208,2026-04-11 19:00:00
3397,516,2281,1546,1530,2026-04-11 19:00:00
3398,1818,2281,1444,1459,2026-04-11 19:00:00
3399,852,2284,1426,1436,2026-04-11 19:00:00
3400,283,2284,1360,1350,2026-04-11 19:00:00
3401,455,2285,1307,1317,2026-04-11 19:00:00
3402,571,2285,1243,1233,2026-04-11 19:00:00
3403,1593,2286,1492,1483,2026-04-11 20:00:00
3404,2095,2286,1585,1594,2026-04-11 20:00:00
3405,2261,2288,1360,1344,2026-04-11 20:00:00
3406,1710,2288,1260,1276,2026-04-11 20:00:00
3407,1367,2289,1724,1716,2026-04-11 20:00:00
3408,1126,2289,1837,1845,2026-04-11 20:00:00
3409,737,2290,1500,1489,2026-04-11 20:00:00
3410,2369,2290,1542,1553,2026-04-11 20:00:00
3411,2337,2292,1424,1417,2026-04-11 20:00:00
3412,1094,2292,1564,1571,2026-04-11 20:00:00
3413,1621,2293,1488,1499,2026-04-11 20:00:00
3414,2455,2293,1454,1443,2026-04-11 20:00:00
3415,2149,2295,1318,1309,2026-04-11 20:00:00
3416,1614,2295,1395,1405,2026-04-11 20:00:00
3417,2399,2296,1311,1321,2026-04-11 20:00:00
3418,509,2296,1257,1247,2026-04-11 20:00:00
3419,1471,2297,2005,2013,2026-04-11 21:00:00
3420,1965,2297,1881,1873,2026-04-11 21:00:00
3421,1687,2298,2087,2096,2026-04-11 21:00:00
3422,1471,2298,2013,2004,2026-04-11 21:00:00
3423,1169,2300,1511,1518,2026-04-11 21:00:00
3424,1839,2300,1380,1372,2026-04-11 21:00:00
3425,2110,2301,1132,1147,2026-04-11 21:00:00
3426,558,2301,1208,1194,2026-04-11 21:00:00
3427,563,2303,1280,1272,2026-04-11 21:00:00
3428,2359,2303,1404,1412,2026-04-11 21:00:00
3429,1808,2305,1549,1554,2026-04-11 22:00:00
3430,1644,2305,1333,1327,2026-04-11 22:00:00
3431,261,2306,1478,1490,2026-04-11 22:00:00
3432,446,2306,1498,1485,2026-04-11 22:00:00
3433,40,2308,1906,1910,2026-04-11 22:00:00
3434,1522,2308,1646,1641,2026-04-11 22:00:00
3435,836,2309,1392,1382,2026-04-11 22:00:00
3436,255,2309,1453,1463,2026-04-11 22:00:00
3437,2473,2310,1423,1418,2026-04-11 22:00:00
3438,171,2310,1636,1642,2026-04-11 22:00:00
3439,297,2312,1785,1797,2026-04-11 22:00:00
3440,620,2312,1790,1778,2026-04-11 22:00:00
3441,92,2315,1500,1485,2026-04-11 22:00:00
3442,128,2315,1424,1438,2026-04-11 22:00:00
3443,1579,2316,1431,1421,2026-04-11 22:00:00
3444,736,2316,1483,1493,2026-04-11 22:00:00
3445,1206,2317,1590,1599,2026-04-11 22:00:00
3446,897,2317,1521,1511,2026-04-11 22:00:00
3447,1252,2318,1347,1338,2026-04-11 22:00:00
3448,2196,2318,1435,1444,2026-04-11 22:00:00
3449,571,2320,1233,1218,2026-04-11 22:00:00
3450,1294,2320,1158,1173,2026-04-11 22:00:00
3451,197,2321,1560,1549,2026-04-11 22:00:00
3452,1875,2321,1587,1598,2026-04-11 22:00:00
3453,1592,2322,1551,1542,2026-04-11 23:00:00
3454,2142,2322,1632,1642,2026-04-11 23:00:00
3455,1495,2325,1485,1496,2026-04-11 23:00:00
3456,278,2325,1465,1454,2026-04-11 23:00:00
3457,869,2326,1781,1788,2026-04-11 23:00:00
3458,215,2326,1644,1637,2026-04-11 23:00:00
3459,1936,2327,1233,1243,2026-04-11 23:00:00
3460,558,2327,1194,1183,2026-04-11 23:00:00
3461,1574,2328,1765,1752,2026-04-11 23:00:00
3462,2189,2328,1728,1742,2026-04-11 23:00:00
3463,1148,2330,1534,1528,2026-04-11 23:00:00
3464,1917,2330,1730,1736,2026-04-11 23:00:00
3465,1788,2334,1672,1667,2026-04-12 10:00:00
3466,1428,2334,1914,1919,2026-04-12 10:00:00
3467,40,2335,1910,1899,2026-04-12 11:00:00
3468,2379,2335,1931,1942,2026-04-12 11:00:00
3469,685,2336,1258,1250,2026-04-12 11:00:00
3470,836,2336,1382,1390,2026-04-12 11:00:00
3471,2498,2337,1534,1544,2026-04-12 11:00:00
3472,1499,2337,1463,1453,2026-04-12 11:00:00
3473,1389,2338,1429,1434,2026-04-12 11:00:00
3474,558,2338,1183,1178,2026-04-12 11:00:00
3475,450,2340,1575,1584,2026-04-12 13:00:00
3476,1593,2340,1483,1474,2026-04-12 13:00:00
3477,787,2341,1774,1782,2026-04-12 13:00:00
3478,1986,2341,1659,1651,2026-04-12 13:00:00
3479,40,2342,1899,1907,2026-04-12 13:00:00
3480,869,2342,1788,1780,2026-04-12 13:00:00
3481,1218,2343,1190,1184,2026-04-12 13:00:00
3482,992,2343,1379,1386,2026-04-12 13:00:00
3483,1700,2344,2029,2009,2026-04-12 13:00:00
3484,28,2344,1756,1776,2026-04-12 13:00:00
3485,1983,2346,1358,1347,2026-04-12 13:00:00
3486,20,2346,1397,1407,2026-04-12 13:00:00
3487,670,2347,1475,1461,2026-04-12 13:00:00
3488,1601,2347,1399,1414,2026-04-12 13:00:00
3489,643,2349,1432,1418,2026-04-12 14:00:00
3490,536,2349,1371,1386,2026-04-12 14:00:00
3491,374,2350,1377,1367,2026-04-12 14:00:00
3492,1447,2350,1425,1436,2026-04-12 14:00:00
3493,1502,2351,1870,1879,2026-04-12 14:00:00
3494,947,2351,1758,1750,2026-04-12 14:00:00
3495,125,2352,1402,1414,2026-04-12 14:00:00
3496,1262,2352,1407,1395,2026-04-12 14:00:00
3497,1126,2354,1845,1852,2026-04-12 15:00:00
3498,234,2354,1693,1686,2026-04-12 15:00:00
3499,1402,2355,1507,1521,2026-04-12 15:00:00
3500,1094,2355,1571,1557,2026-04-12 15:00:00
3501,1836,2358,1343,1334,2026-04-12 16:00:00
3502,2436,2358,1420,1429,2026-04-12 16:00:00
3503,1663,2359,1647,1658,2026-04-12 16:00:00
3504,2142,2359,1642,1630,2026-04-12 16:00:00
3505,174,2360,1756,1764,2026-04-12 16:00:00
3506,881,2360,1615,1607,2026-04-12 16:00:00
3507,676,2361,1781,1792,2026-04-12 16:00:00
3508,2120,2361,1749,1738,2026-04-12 16:00:00
3509,2433,2362,1151,1144,2026-04-12 16:00:00
3510,2430,2362,1292,1299,2026-04-12 16:00:00
3511,1792,2365,1591,1576,2026-04-12 17:00:00
3512,1198,2365,1490,1505,2026-04-12 17:00:00
3513,612,2366,1484,1472,2026-04-12 17:00:00
3514,119,2366,1504,1516,2026-04-12 17:00:00
3515,1154,2367,1501,1492,2026-04-12 17:00:00
3516,450,2367,1584,1593,2026-04-12 17:00:00
3517,1572,2368,1433,1423,2026-04-12 17:00:00
3518,2224,2368,1485,1495,2026-04-12 17:00:00
3519,174,2369,1764,1749,2026-04-12 17:00:00
3520,2309,2369,1690,1705,2026-04-12 17:00:00
3521,2169,2370,1666,1674,2026-04-12 17:00:00
3522,2357,2370,1533,1525,2026-04-12 17:00:00
3523,1303,2372,1463,1454,2026-04-12 17:00:00
3524,2498,2372,1544,1553,2026-04-12 17:00:00
3525,2005,2373,1877,1882,2026-04-12 17:00:00
3526,483,2373,1642,1637,2026-04-12 17:00:00
3527,1611,2374,1315,1304,2026-04-12 17:00:00
3528,1758,2374,1357,1368,2026-04-12 17:00:00
3529,1389,2375,1434,1437,2026-04-12 17:00:00
3530,200,2375,1098,1095,2026-04-12 17:00:00
3531,247,2377,1681,1690,2026-04-12 17:00:00
3532,1993,2377,1589,1580,2026-04-12 17:00:00
3533,2048,2379,1231,1220,2026-04-12 17:00:00
3534,1771,2379,1272,1283,2026-04-12 17:00:00
3535,2455,2380,1443,1454,2026-04-12 18:00:00
3536,820,2380,1413,1402,2026-04-12 18:00:00
3537,678,2381,1668,1663,2026-04-12 18:00:00
3538,2211,2381,1913,1917,2026-04-12 18:00:00
3539,2407,2382,1350,1342,2026-04-12 18:00:00
3540,701,2382,1470,1478,2026-04-12 18:00:00
3541,1282,2383,1596,1608,2026-04-12 18:00:00
3542,114,2383,1586,1575,2026-04-12 18:00:00
3543,455,2384,1317,1308,2026-04-12 18:00:00
3544,5,2384,1396,1405,2026-04-12 18:00:00
3545,2095,2385,1594,1584,2026-04-12 19:00:00
3546,910,2385,1658,1668,2026-04-12 19:00:00
3547,1756,2386,1707,1710,2026-04-12 19:00:00
3548,1341,2386,1328,1325,2026-04-12 19:00:00
3549,1154,2387,1492,1497,2026-04-12 19:00:00
3550,2325,2387,1255,1250,2026-04-12 19:00:00
3551,2227,2388,1798,1807,2026-04-12 19:00:00
3552,2024,2388,1693,1685,2026-04-12 19:00:00
3553,2141,2391,1742,1755,2026-04-12 19:00:00
3554,787,2391,1782,1769,2026-04-12 19:00:00
3555,2433,2392,1144,1133,2026-04-12 19:00:00
3556,916,2392,1184,1195,2026-04-12 19:00:00
3557,1367,2393,1716,1710,2026-04-12 19:00:00
3558,1810,2393,1898,1904,2026-04-12 19:00:00
3559,255,2394,1463,1458,2026-04-12 19:00:00
3560,2309,2394,1705,1710,2026-04-12 19:00:00
3561,1936,2395,1243,1233,2026-04-12 19:00:00
3562,2176,2395,1305,1315,2026-04-12 19:00:00
3563,30,2396,1586,1576,2026-04-12 19:00:00
3564,1378,2396,1649,1659,2026-04-12 19:00:00
3565,1163,2398,1840,1847,2026-04-12 20:00:00
3566,1220,2398,1708,1701,2026-04-12 20:00:00
3567,664,2399,1733,1724,2026-04-12 20:00:00
3568,1870,2399,1808,1817,2026-04-12 20:00:00
3569,2056,2402,1143,1135,2026-04-12 21:00:00
3570,2348,2402,1256,1264,2026-04-12 21:00:00
3571,1261,2403,1772,1773,2026-04-12 21:00:00
3572,1836,2403,1334,1332,2026-04-12 21:00:00
3573,787,2405,1769,1775,2026-04-12 21:00:00
3574,63,2405,1608,1601,2026-04-12 21:00:00
3575,119,2407,1516,1524,2026-04-12 21:00:00
3576,1762,2407,1394,1386,2026-04-12 21:00:00
3577,2087,2409,1669,1672,2026-04-12 21:00:00
3578,2261,2409,1344,1341,2026-04-12 21:00:00
3579,123,2410,1191,1204,2026-04-12 21:00:00
3580,621,2410,1239,1225,2026-04-12 21:00:00
3581,327,2412,1110,1125,2026-04-12 21:00:00
3582,689,2412,1180,1165,2026-04-12 21:00:00
3583,1030,2414,1708,1717,2026-04-12 21:00:00
3584,1317,2414,1613,1604,2026-04-12 21:00:00
3585,2095,2416,1584,1593,2026-04-12 22:00:00
3586,1062,2416,1488,1479,2026-04-12 22:00:00
3587,1341,2417,1325,1338,2026-04-12 22:00:00
3588,993,2417,1349,1336,2026-04-12 22:00:00
3589,2325,2418,1250,1241,2026-04-12 22:00:00
3590,1836,2418,1332,1341,2026-04-12 22:00:00
3591,311,2419,1232,1222,2026-04-12 22:00:00
3592,2430,2419,1299,1309,2026-04-12 22:00:00
3593,123,2420,1204,1197,2026-04-12 22:00:00
3594,2261,2420,1341,1349,2026-04-12 22:00:00
3595,1179,2421,1545,1562,2026-04-12 22:00:00
3596,2087,2421,1672,1656,2026-04-12 22:00:00
3597,1839,2424,1372,1381,2026-04-12 22:00:00
3598,2262,2424,1278,1270,2026-04-12 22:00:00
3599,1053,2425,1654,1643,2026-04-12 22:00:00
3600,561,2425,1693,1704,2026-04-12 22:00:00
3601,2110,2427,1147,1137,2026-04-12 22:00:00
3602,855,2427,1196,1206,2026-04-12 22:00:00
3603,2454,2428,1562,1570,2026-04-12 23:00:00
3604,395,2428,1436,1428,2026-04-12 23:00:00
3605,2025,2429,1499,1509,2026-04-13 00:00:00
3606,1533,2429,1450,1440,2026-04-13 00:00:00
3607,343,2430,1585,1575,2026-04-13 01:00:00
3608,2439,2430,1652,1662,2026-04-13 01:00:00
3609,285,2431,1651,1643,2026-04-13 10:00:00
3610,816,2431,1789,1796,2026-04-13 10:00:00
3611,1028,2432,1559,1545,2026-04-13 11:00:00
3612,1198,2432,1505,1519,2026-04-13 11:00:00
3613,1365,2433,1694,1704,2026-04-13 12:00:00
3614,285,2433,1643,1633,2026-04-13 12:00:00
3615,1462,2434,1730,1720,2026-04-13 13:00:00
3616,676,2434,1792,1802,2026-04-13 13:00:00
3617,2310,2435,1871,1878,2026-04-13 13:00:00
3618,2481,2435,1729,1722,2026-04-13 13:00:00
3619,382,2436,1639,1626,2026-04-13 13:00:00
3620,840,2436,1598,1611,2026-04-13 13:00:00
3621,1367,2437,1710,1720,2026-04-13 14:00:00
3622,183,2437,1672,1661,2026-04-13 14:00:00
3623,1126,2438,1852,1866,2026-04-13 14:00:00
3624,1631,2438,1906,1892,2026-04-13 14:00:00
3625,1708,2439,1769,1784,2026-04-13 14:00:00
3626,2310,2439,1878,1862,2026-04-13 14:00:00
3627,2392,2440,1177,1169,2026-04-13 14:00:00
3628,2256,2440,1298,1306,2026-04-13 14:00:00
3629,1000,2441,1616,1625,2026-04-13 16:00:00
3630,1748,2441,1539,1529,2026-04-13 16:00:00
3631,1028,2442,1545,1534,2026-04-13 17:00:00
3632,2471,2442,1576,1587,2026-04-13 17:00:00
3633,374,2443,1367,1359,2026-04-13 17:00:00
3634,1593,2443,1474,1482,2026-04-13 17:00:00
3635,1599,2444,1375,1366,2026-04-13 17:00:00
3636,2208,2444,1463,1472,2026-04-13 17:00:00
3637,1804,2445,1528,1513,2026-04-13 17:00:00
3638,1342,2445,1449,1464,2026-04-13 17:00:00
3639,1756,2448,1710,1717,2026-04-13 18:00:00
3640,1792,2448,1576,1568,2026-04-13 18:00:00
3641,676,2450,1802,1817,2026-04-13 18:00:00
3642,1631,2450,1892,1877,2026-04-13 18:00:00
3643,2454,2452,1570,1575,2026-04-13 18:00:00
3644,269,2452,1375,1369,2026-04-13 18:00:00
3645,2056,2453,1135,1127,2026-04-13 19:00:00
3646,2348,2453,1264,1272,2026-04-13 19:00:00
3647,2142,2454,1630,1618,2026-04-13 19:00:00
3648,1773,2454,1648,1659,2026-04-13 19:00:00
3649,2003,2455,1548,1539,2026-04-13 19:00:00
3650,1172,2455,1636,1645,2026-04-13 19:00:00
3651,992,2456,1386,1393,2026-04-13 19:00:00
3652,685,2456,1250,1243,2026-04-13 19:00:00
3653,1462,2457,1720,1731,2026-04-13 19:00:00
3654,234,2457,1686,1675,2026-04-13 19:00:00
3655,639,2459,1468,1482,2026-04-13 19:00:00
3656,223,2459,1525,1511,2026-04-13 19:00:00
3657,1614,2460,1405,1395,2026-04-13 19:00:00
3658,1701,2460,1493,1502,2026-04-13 19:00:00
3659,410,2461,1765,1777,2026-04-13 19:00:00
3660,1685,2461,1755,1743,2026-04-13 19:00:00
3661,1359,2462,1504,1500,2026-04-13 19:00:00
3662,1295,2462,1770,1774,2026-04-13 19:00:00
3663,1986,2463,1651,1655,2026-04-13 20:00:00
3664,1098,2463,1391,1386,2026-04-13 20:00:00
3665,1388,2464,1580,1590,2026-04-13 20:00:00
3666,2357,2464,1525,1515,2026-04-13 20:00:00
3667,621,2465,1225,1217,2026-04-13 20:00:00
3668,896,2465,1340,1348,2026-04-13 20:00:00
3669,223,2466,1511,1517,2026-04-13 20:00:00
3670,2483,2466,1309,1303,2026-04-13 20:00:00
3671,1870,2469,1817,1826,2026-04-13 21:00:00
3672,1756,2469,1717,1709,2026-04-13 21:00:00
3673,446,2470,1485,1476,2026-04-13 21:00:00
3674,1792,2470,1568,1578,2026-04-13 21:00:00
3675,722,2471,1461,1447,2026-04-13 21:00:00
3676,643,2471,1418,1432,2026-04-13 21:00:00
3677,1915,2473,1589,1585,2026-04-13 21:00:00
3678,1551,2473,1850,1854,2026-04-13 21:00:00
3679,639,2474,1482,1495,2026-04-13 21:00:00
3680,223,2474,1517,1503,2026-04-13 21:00:00
3681,1611,2475,1304,1317,2026-04-13 21:00:00
3682,2176,2475,1315,1302,2026-04-13 21:00:00
3683,1687,2477,2096,2089,2026-04-13 22:00:00
3684,2225,2477,2248,2255,2026-04-13 22:00:00
3685,2225,2478,2255,2257,2026-04-13 22:00:00
3686,2180,2478,1818,1816,2026-04-13 22:00:00
3687,1303,2480,1454,1444,2026-04-13 22:00:00
3688,926,2480,1523,1533,2026-04-13 22:00:00
3689,1499,2481,1453,1443,2026-04-13 22:00:00
3690,999,2481,1506,1516,2026-04-13 22:00:00
3691,149,2483,1628,1620,2026-04-13 22:00:00
3692,542,2483,1743,1752,2026-04-13 22:00:00
3693,852,2484,1436,1420,2026-04-13 22:00:00
3694,1252,2484,1338,1353,2026-04-13 22:00:00
3695,1387,2485,1118,1110,2026-04-13 22:00:00
3696,1352,2485,1249,1256,2026-04-13 22:00:00
3697,2025,2486,1509,1496,2026-04-13 22:00:00
3698,1865,2486,1458,1471,2026-04-13 22:00:00
3699,1544,2487,1623,1633,2026-04-13 22:00:00
3700,85,2487,1583,1572,2026-04-13 22:00:00
3701,529,2488,1528,1538,2026-04-13 23:00:00
3702,612,2488,1472,1462,2026-04-13 23:00:00
3703,873,2489,1687,1704,2026-04-13 23:00:00
3704,2310,2489,1862,1845,2026-04-13 23:00:00
3705,516,2490,1530,1540,2026-04-14 00:00:00
3706,1683,2490,1457,1448,2026-04-14 00:00:00
3707,1536,2491,1912,1921,2026-04-14 00:00:00
3708,14,2491,1831,1822,2026-04-14 00:00:00
3709,2196,2492,1444,1448,2026-04-14 00:00:00
3710,2295,2492,1203,1198,2026-04-14 00:00:00
3711,1387,2493,1110,1103,2026-04-14 00:00:00
3712,1352,2493,1256,1263,2026-04-14 00:00:00
3713,1804,2494,1513,1506,2026-04-14 01:00:00
3714,1378,2494,1659,1666,2026-04-14 01:00:00
3715,1428,2495,1919,1924,2026-04-14 01:00:00
3716,1788,2495,1667,1662,2026-04-14 01:00:00
3717,1228,2496,1114,1112,2026-04-14 10:00:00
3718,1592,2496,1542,1544,2026-04-14 10:00:00
3719,119,2498,1524,1508,2026-04-14 11:00:00
3720,2436,2498,1429,1445,2026-04-14 11:00:00
3721,2325,2500,1241,1232,2026-04-14 13:00:00
3722,1341,2500,1338,1347,2026-04-14 13:00:00
3723,63,2501,1601,1613,2026-04-14 13:00:00
3724,450,2501,1593,1581,2026-04-14 13:00:00
3725,775,2502,1214,1207,2026-04-14 13:00:00
3726,91,2502,1371,1378,2026-04-14 13:00:00
3727,2189,2503,1742,1752,2026-04-14 13:00:00
3728,362,2503,1688,1678,2026-04-14 13:00:00
3729,109,2504,1886,1895,2026-04-14 14:00:00
3730,2180,2504,1816,1807,2026-04-14 14:00:00
3731,1807,2505,1283,1272,2026-04-14 15:00:00
3732,1609,2505,1311,1322,2026-04-14 15:00:00
3733,1144,2506,1994,2000,2026-04-14 16:00:00
3734,2227,2506,1807,1801,2026-04-14 16:00:00
3735,455,2508,1308,1306,2026-04-14 17:00:00
3736,437,2508,1716,1718,2026-04-14 17:00:00
3737,1808,2509,1554,1547,2026-04-14 18:00:00
3738,1365,2509,1704,1711,2026-04-14 18:00:00
3739,2325,2510,1232,1227,2026-04-14 18:00:00
3740,1145,2510,1438,1444,2026-04-14 18:00:00
3741,2151,2511,1859,1844,2026-04-14 18:00:00
3742,2213,2511,1768,1783,2026-04-14 18:00:00
3743,334,2512,1545,1559,2026-04-14 18:00:00
3744,1918,2512,1601,1587,2026-04-14 18:00:00
3745,1371,2513,987,979,2026-04-14 18:00:00
3746,2040,2513,1115,1123,2026-04-14 18:00:00
3747,1387,2514,1103,1101,2026-04-14 18:00:00
3748,1063,2514,1491,1493,2026-04-14 18:00:00
3749,1502,2517,1879,1887,2026-04-14 19:00:00
3750,869,2517,1780,1771,2026-04-14 19:00:00
3751,869,2518,1771,1782,2026-04-14 19:00:00
3752,1462,2518,1731,1720,2026-04-14 19:00:00
3753,999,2519,1516,1504,2026-04-14 19:00:00
3754,1402,2519,1521,1533,2026-04-14 19:00:00
3755,2208,2520,1472,1486,2026-04-14 19:00:00
3756,1927,2520,1544,1530,2026-04-14 19:00:00
3757,2369,2522,1553,1565,2026-04-14 20:00:00
3758,2003,2522,1539,1527,2026-04-14 20:00:00
3759,685,2523,1243,1254,2026-04-14 20:00:00
3760,311,2523,1222,1211,2026-04-14 20:00:00
3761,970,2524,1621,1634,2026-04-14 20:00:00
3762,171,2524,1642,1629,2026-04-14 20:00:00
3763,999,2525,1504,1513,2026-04-14 20:00:00
3764,2494,2525,1400,1391,2026-04-14 20:00:00
3765,1303,2526,1444,1443,2026-04-14 20:00:00
3766,2005,2526,1882,1884,2026-04-14 20:00:00
3767,1633,2527,1361,1371,2026-04-14 20:00:00
3768,1611,2527,1317,1306,2026-04-14 20:00:00
3769,192,2529,1231,1229,2026-04-14 20:00:00
3770,468,2529,1599,1602,2026-04-14 20:00:00
3771,67,2530,1229,1243,2026-04-14 20:00:00
3772,1575,2530,1294,1280,2026-04-14 20:00:00
3773,374,2532,1359,1350,2026-04-14 21:00:00
3774,2316,2532,1465,1473,2026-04-14 21:00:00
3775,1113,2535,1400,1407,2026-04-14 21:00:00
3776,685,2535,1254,1247,2026-04-14 21:00:00
3777,2453,2536,1253,1269,2026-04-14 21:00:00
3778,1599,2536,1366,1350,2026-04-14 21:00:00
3779,952,2538,1433,1444,2026-04-14 22:00:00
3780,1321,2538,1405,1394,2026-04-14 22:00:00
3781,1522,2539,1641,1649,2026-04-14 22:00:00
3782,1737,2539,1503,1495,2026-04-14 22:00:00
3783,2379,2542,1942,1952,2026-04-14 22:00:00
3784,1126,2542,1866,1856,2026-04-14 22:00:00
3785,2176,2543,1302,1313,2026-04-14 22:00:00
3786,1807,2543,1272,1261,2026-04-14 22:00:00
3787,1752,2545,1631,1640,2026-04-14 22:00:00
3788,516,2545,1540,1531,2026-04-14 22:00:00
3789,1252,2546,1353,1344,2026-04-14 22:00:00
3790,2196,2546,1448,1457,2026-04-14 22:00:00
3791,1676,2547,1830,1844,2026-04-14 22:00:00
3792,1738,2547,1881,1867,2026-04-14 22:00:00
3793,1864,2548,1221,1213,2026-04-14 23:00:00
3794,1401,2548,1341,1349,2026-04-14 23:00:00
3795,1003,2549,1424,1412,2026-04-14 23:00:00
3796,1389,2549,1437,1448,2026-04-14 23:00:00
3797,2227,2551,1801,1812,2026-04-15 00:00:00
3798,1261,2551,1773,1762,2026-04-15 00:00:00
3799,1801,2552,1355,1370,2026-04-15 10:00:00
3800,387,2552,1435,1420,2026-04-15 10:00:00
3801,2325,2553,1227,1241,2026-04-15 11:00:00
3802,1411,2553,1311,1296,2026-04-15 11:00:00
3803,529,2554,1538,1547,2026-04-15 11:00:00
3804,1447,2554,1436,1427,2026-04-15 11:00:00
3805,1599,2556,1350,1337,2026-04-15 12:00:00
3806,2176,2556,1313,1327,2026-04-15 12:00:00
3807,1601,2557,1414,1407,2026-04-15 12:00:00
3808,525,2557,1581,1588,2026-04-15 12:00:00
3809,1965,2558,1873,1882,2026-04-15 13:00:00
3810,787,2558,1775,1767,2026-04-15 13:00:00
3811,527,2559,1956,1939,2026-04-15 13:00:00
3812,676,2559,1817,1833,2026-04-15 13:00:00
3813,1321,2561,1394,1385,2026-04-15 14:00:00
3814,1593,2561,1482,1491,2026-04-15 14:00:00
3815,283,2562,1350,1337,2026-04-15 14:00:00
3816,367,2562,1312,1325,2026-04-15 14:00:00
3817,1687,2564,2089,2098,2026-04-15 15:00:00
3818,1471,2564,2004,1995,2026-04-15 15:00:00
3819,1801,2565,1370,1361,2026-04-15 15:00:00
3820,1861,2565,1482,1490,2026-04-15 15:00:00
3821,643,2566,1432,1440,2026-04-15 16:00:00
3822,1644,2566,1327,1319,2026-04-15 16:00:00
3823,1172,2567,1645,1634,2026-04-15 17:00:00
3824,2169,2567,1674,1685,2026-04-15 17:00:00
3825,483,2568,1637,1626,2026-04-15 17:00:00
3826,2445,2568,1680,1691,2026-04-15 17:00:00
3827,1683,2569,1448,1435,2026-04-15 17:00:00
3828,387,2569,1420,1433,2026-04-15 17:00:00
3829,1608,2570,1315,1327,2026-04-15 17:00:00
3830,2149,2570,1309,1297,2026-04-15 17:00:00
3831,1352,2571,1263,1280,2026-04-15 17:00:00
3832,707,2571,1403,1386,2026-04-15 17:00:00
3833,701,2573,1478,1492,2026-04-15 18:00:00
3834,188,2573,1536,1522,2026-04-15 18:00:00
3835,1825,2574,1520,1507,2026-04-15 18:00:00
3836,442,2574,1489,1502,2026-04-15 18:00:00
3837,787,2575,1767,1776,2026-04-15 19:00:00
3838,2024,2575,1685,1675,2026-04-15 19:00:00
3839,261,2576,1490,1474,2026-04-15 19:00:00
3840,374,2576,1350,1367,2026-04-15 19:00:00
3841,1292,2577,1241,1233,2026-04-15 19:00:00
3842,1762,2577,1386,1393,2026-04-15 19:00:00
3843,1961,2578,1685,1693,2026-04-15 19:00:00
3844,1894,2578,1539,1532,2026-04-15 19:00:00
3845,2261,2579,1349,1361,2026-04-15 19:00:00
3846,896,2579,1348,1336,2026-04-15 19:00:00
3847,1691,2580,1205,1196,2026-04-15 19:00:00
3848,1300,2580,1292,1301,2026-04-15 19:00:00
3849,1371,2581,979,975,2026-04-15 19:00:00
3850,1583,2581,1268,1272,2026-04-15 19:00:00
3851,2020,2582,1744,1749,2026-04-15 19:00:00
3852,1257,2582,1547,1542,2026-04-15 19:00:00
3853,647,2583,1693,1703,2026-04-15 19:00:00
3854,13,2583,1648,1638,2026-04-15 19:00:00
3855,538,2584,1647,1632,2026-04-15 20:00:00
3856,1792,2584,1578,1592,2026-04-15 20:00:00
3857,2325,2585,1241,1256,2026-04-15 20:00:00
3858,1644,2585,1319,1304,2026-04-15 20:00:00
3859,676,2586,1833,1836,2026-04-15 20:00:00
3860,2268,2586,1469,1466,2026-04-15 20:00:00
3861,1020,2590,1495,1500,2026-04-15 20:00:00
3862,44,2590,1268,1262,2026-04-15 20:00:00
3863,2226,2591,1320,1310,2026-04-15 20:00:00
3864,2049,2591,1376,1386,2026-04-15 20:00:00
3865,2056,2593,1127,1119,2026-04-15 21:00:00
3866,1292,2593,1233,1242,2026-04-15 21:00:00
3867,311,2594,1211,1223,2026-04-15 21:00:00
3868,621,2594,1217,1205,2026-04-15 21:00:00
3869,1389,2595,1448,1433,2026-04-15 21:00:00
3870,1758,2595,1368,1383,2026-04-15 21:00:00
3871,1099,2596,1348,1340,2026-04-15 21:00:00
3872,1818,2596,1459,1467,2026-04-15 21:00:00
3873,1676,2599,1844,1852,2026-04-15 21:00:00
3874,2442,2599,1733,1724,2026-04-15 21:00:00
3875,787,2601,1776,1781,2026-04-15 22:00:00
3876,1829,2601,1533,1528,2026-04-15 22:00:00
3877,125,2602,1414,1402,2026-04-15 22:00:00
3878,1262,2602,1395,1407,2026-04-15 22:00:00
3879,2169,2603,1685,1690,2026-04-15 22:00:00
3880,255,2603,1458,1453,2026-04-15 22:00:00
3881,855,2604,1206,1198,2026-04-15 22:00:00
3882,2483,2604,1303,1312,2026-04-15 22:00:00
3883,536,2605,1386,1393,2026-04-15 23:00:00
3884,2325,2605,1256,1248,2026-04-15 23:00:00
3885,261,2607,1474,1483,2026-04-16 12:00:00
3886,536,2607,1393,1384,2026-04-16 12:00:00
3887,2176,2608,1327,1338,2026-04-16 12:00:00
3888,154,2608,1300,1289,2026-04-16 12:00:00
3889,2203,2609,1833,1843,2026-04-16 12:00:00
3890,363,2609,1768,1759,2026-04-16 12:00:00
3891,1721,2610,1606,1614,2026-04-16 14:00:00
3892,1603,2610,1497,1489,2026-04-16 14:00:00
3893,1401,2612,1349,1361,2026-04-16 15:00:00
3894,1233,2612,1360,1347,2026-04-16 15:00:00
3895,916,2613,1195,1191,2026-04-16 15:00:00
3896,1737,2613,1495,1499,2026-04-16 15:00:00
3897,2048,2616,1220,1207,2026-04-16 15:00:00
3898,1294,2616,1173,1186,2026-04-16 15:00:00
3899,2304,2618,1827,1833,2026-04-16 16:00:00
3900,1773,2618,1659,1653,2026-04-16 16:00:00
3901,2325,2619,1248,1264,2026-04-16 17:00:00
3902,2092,2619,1355,1340,2026-04-16 17:00:00
3903,2363,2623,1354,1368,2026-04-16 18:00:00
3904,2109,2623,1418,1404,2026-04-16 18:00:00
3905,1552,2625,1479,1487,2026-04-16 18:00:00
3906,400,2625,1338,1331,2026-04-16 18:00:00
3907,1836,2627,1341,1333,2026-04-16 19:00:00
3908,1145,2627,1444,1452,2026-04-16 19:00:00
3909,664,2628,1724,1733,2026-04-16 19:00:00
3910,538,2628,1632,1623,2026-04-16 19:00:00
3911,901,2629,1571,1563,2026-04-16 19:00:00
3912,1961,2629,1693,1701,2026-04-16 19:00:00
3913,1936,2631,1233,1220,2026-04-16 19:00:00
3914,855,2631,1198,1211,2026-04-16 19:00:00
3915,128,2632,1438,1426,2026-04-16 19:00:00
3916,2128,2632,1427,1439,2026-04-16 19:00:00
3917,1965,2634,1882,1884,2026-04-16 20:00:00
3918,2316,2634,1473,1471,2026-04-16 20:00:00
3919,91,2635,1378,1387,2026-04-16 20:00:00
3920,1644,2635,1304,1295,2026-04-16 20:00:00
3921,1756,2636,1709,1714,2026-04-16 20:00:00
3922,261,2636,1483,1478,2026-04-16 20:00:00
3923,1411,2637,1296,1289,2026-04-16 20:00:00
3924,2436,2637,1445,1452,2026-04-16 20:00:00
3925,234,2638,1675,1683,2026-04-16 20:00:00
3926,901,2638,1563,1555,2026-04-16 20:00:00
3927,1825,2640,1507,1520,2026-04-16 20:00:00
3928,792,2640,1534,1521,2026-04-16 20:00:00
3929,1788,2641,1662,1644,2026-04-16 20:00:00
3930,670,2641,1461,1479,2026-04-16 20:00:00
3931,1218,2642,1184,1200,2026-04-16 21:00:00
3932,2430,2642,1309,1293,2026-04-16 21:00:00
3933,2369,2643,1565,1557,2026-04-16 21:00:00
3934,1961,2643,1701,1708,2026-04-16 21:00:00
3935,390,2644,1699,1707,2026-04-16 21:00:00
3936,549,2644,1586,1578,2026-04-16 21:00:00
3937,1433,2645,1547,1555,2026-04-16 21:00:00
3938,2455,2645,1454,1445,2026-04-16 21:00:00
3939,154,2646,1289,1285,2026-04-16 21:00:00
3940,1938,2646,1560,1564,2026-04-16 21:00:00
3941,876,2647,1728,1735,2026-04-16 21:00:00
3942,1875,2647,1598,1590,2026-04-16 21:00:00
3943,1447,2649,1427,1419,2026-04-16 22:00:00
3944,1417,2649,1542,1550,2026-04-16 22:00:00
3945,1388,2650,1590,1601,2026-04-16 22:00:00
3946,2369,2650,1557,1546,2026-04-16 22:00:00
3947,2031,2652,1356,1347,2026-04-16 22:00:00
3948,2473,2652,1418,1427,2026-04-16 22:00:00
3949,910,2656,1668,1676,2026-04-16 23:00:00
3950,1808,2656,1547,1539,2026-04-16 23:00:00
3951,2452,2657,1535,1522,2026-04-16 23:00:00
3952,223,2657,1503,1516,2026-04-16 23:00:00
3953,2209,2658,1422,1439,2026-04-17 00:00:00
3954,2044,2658,1568,1551,2026-04-17 00:00:00
3955,1808,2659,1539,1546,2026-04-17 01:00:00
3956,1762,2659,1393,1386,2026-04-17 01:00:00
3957,387,2660,1433,1424,2026-04-17 01:00:00
3958,188,2660,1522,1531,2026-04-17 01:00:00
3959,722,2662,1447,1440,2026-04-17 11:00:00
3960,2471,2662,1587,1594,2026-04-17 11:00:00
3961,1721,2663,1614,1622,2026-04-17 11:00:00
3962,2004,2663,1466,1459,2026-04-17 11:00:00
3963,536,2664,1384,1374,2026-04-17 12:00:00
3964,722,2664,1440,1450,2026-04-17 12:00:00
3965,738,2665,1500,1509,2026-04-17 13:00:00
3966,2109,2665,1404,1395,2026-04-17 13:00:00
3967,2392,2667,1169,1161,2026-04-17 13:00:00
3968,1583,2667,1272,1280,2026-04-17 13:00:00
3969,707,2669,1386,1389,2026-04-17 13:00:00
3970,1296,2669,1025,1022,2026-04-17 13:00:00
3971,901,2670,1555,1567,2026-04-17 14:00:00
3972,1179,2670,1562,1549,2026-04-17 14:00:00
3973,2369,2671,1546,1538,2026-04-17 14:00:00
3974,2234,2671,1674,1682,2026-04-17 14:00:00
3975,199,2672,1641,1658,2026-04-17 14:00:00
3976,1863,2672,1791,1774,2026-04-17 14:00:00
3977,639,2673,1495,1483,2026-04-17 14:00:00
3978,1621,2673,1499,1510,2026-04-17 14:00:00
3979,1480,2674,1349,1341,2026-04-17 14:00:00
3980,639,2674,1483,1491,2026-04-17 14:00:00
3981,44,2675,1262,1252,2026-04-17 14:00:00
3982,784,2675,1300,1311,2026-04-17 14:00:00
3983,1249,2676,1440,1427,2026-04-17 14:00:00
3984,2359,2676,1412,1425,2026-04-17 14:00:00
3985,2434,2677,1520,1523,2026-04-17 15:00:00
3986,558,2677,1178,1176,2026-04-17 15:00:00
3987,2176,2678,1338,1325,2026-04-17 15:00:00
3988,2483,2678,1312,1325,2026-04-17 15:00:00
3989,1144,2679,2000,2002,2026-04-17 16:00:00
3990,2471,2679,1594,1592,2026-04-17 16:00:00
3991,1723,2681,1525,1516,2026-04-17 16:00:00
3992,881,2681,1607,1617,2026-04-17 16:00:00
3993,28,2682,1776,1764,2026-04-17 16:00:00
3994,191,2682,1776,1788,2026-04-17 16:00:00
3995,509,2683,1247,1238,2026-04-17 16:00:00
3996,2399,2683,1321,1331,2026-04-17 16:00:00
3997,209,2685,1135,1127,2026-04-17 17:00:00
3998,2325,2685,1264,1272,2026-04-17 17:00:00
3999,1502,2686,1887,1875,2026-04-17 17:00:00
4000,1631,2686,1877,1889,2026-04-17 17:00:00
4001,2498,2688,1553,1537,2026-04-17 17:00:00
4002,1499,2688,1443,1459,2026-04-17 17:00:00
4003,542,2690,1752,1753,2026-04-17 17:00:00
4004,400,2690,1331,1329,2026-04-17 17:00:00
4005,76,2691,1742,1749,2026-04-17 17:00:00
4006,1206,2691,1599,1592,2026-04-17 17:00:00
4007,1365,2693,1711,1700,2026-04-17 18:00:00
4008,1354,2693,1740,1751,2026-04-17 18:00:00
4009,1179,2696,1549,1539,2026-04-17 18:00:00
4010,1915,2696,1585,1595,2026-04-17 18:00:00
4011,1614,2700,1395,1408,2026-04-17 18:00:00
4012,1445,2700,1410,1397,2026-04-17 18:00:00
4013,252,2701,1677,1666,2026-04-17 18:00:00
4014,1060,2701,1707,1718,2026-04-17 18:00:00
4015,1060,2702,1718,1726,2026-04-17 18:00:00
4016,1736,2702,1586,1578,2026-04-17 18:00:00
4017,1870,2703,1826,1838,2026-04-17 19:00:00
4018,159,2703,1823,1811,2026-04-17 19:00:00
4019,159,2704,1811,1821,2026-04-17 19:00:00
4020,2141,2704,1755,1745,2026-04-17 19:00:00
4021,646,2705,1231,1243,2026-04-17 19:00:00
4022,1292,2705,1242,1230,2026-04-17 19:00:00
4023,1919,2706,1532,1523,2026-04-17 19:00:00
4024,1721,2706,1622,1631,2026-04-17 19:00:00
4025,1998,2707,1484,1495,2026-04-17 19:00:00
4026,2004,2707,1459,1448,2026-04-17 19:00:00
4027,1367,2708,1720,1724,2026-04-17 19:00:00
4028,2004,2708,1448,1444,2026-04-17 19:00:00
4029,615,2710,1664,1669,2026-04-17 19:00:00
4030,938,2710,1442,1437,2026-04-17 19:00:00
4031,656,2711,1470,1462,2026-04-17 19:00:00
4032,549,2711,1578,1586,2026-04-17 19:00:00
4033,2208,2712,1486,1500,2026-04-17 19:00:00
4034,2434,2712,1523,1510,2026-04-17 19:00:00
4035,1820,2713,1294,1310,2026-04-17 19:00:00
4036,1003,2713,1412,1396,2026-04-17 19:00:00
4037,866,2714,1414,1399,2026-04-17 19:00:00
4038,899,2714,1340,1355,2026-04-17 19:00:00
4039,2048,2715,1207,1198,2026-04-17 19:00:00
4040,455,2715,1306,1314,2026-04-17 19:00:00
4041,2048,2716,1198,1211,2026-04-17 19:00:00
4042,1061,2716,1235,1222,2026-04-17 19:00:00
4043,450,2718,1581,1589,2026-04-17 20:00:00
4044,1803,2718,1446,1438,2026-04-17 20:00:00
4045,1522,2720,1649,1643,2026-04-17 20:00:00
4046,1126,2720,1856,1862,2026-04-17 20:00:00
4047,685,2722,1247,1257,2026-04-17 20:00:00
4048,916,2722,1191,1181,2026-04-17 20:00:00
4049,1342,2724,1464,1474,2026-04-17 20:00:00
4050,601,2724,1418,1408,2026-04-17 20:00:00
4051,1592,2726,1544,1553,2026-04-17 21:00:00
4052,722,2726,1450,1441,2026-04-17 21:00:00
4053,1592,2727,1553,1554,2026-04-17 21:00:00
4054,1374,2727,1122,1120,2026-04-17 21:00:00
4055,1028,2728,1534,1526,2026-04-17 21:00:00
4056,1773,2728,1653,1661,2026-04-17 21:00:00
4057,1145,2729,1452,1440,2026-04-17 21:00:00
4058,2436,2729,1452,1464,2026-04-17 21:00:00
4059,1367,2732,1724,1719,2026-04-17 21:00:00
4060,2379,2732,1952,1957,2026-04-17 21:00:00
4061,970,2733,1634,1640,2026-04-17 21:00:00
4062,1303,2733,1443,1437,2026-04-17 21:00:00
4063,327,2734,1125,1117,2026-04-17 21:00:00
4064,799,2734,1267,1274,2026-04-17 21:00:00
4065,911,2735,1556,1567,2026-04-17 21:00:00
4066,999,2735,1513,1502,2026-04-17 21:00:00
4067,160,2737,1892,1908,2026-04-17 21:00:00
4068,1700,2737,2009,1993,2026-04-17 21:00:00
4069,1691,2738,1196,1185,2026-04-17 21:00:00
4070,2326,2738,1240,1251,2026-04-17 21:00:00
4071,1788,2741,1644,1654,2026-04-17 21:00:00
4072,114,2741,1575,1565,2026-04-17 21:00:00
4073,1748,2742,1529,1521,2026-04-17 21:00:00
4074,13,2742,1638,1646,2026-04-17 21:00:00
4075,2095,2743,1593,1603,2026-04-17 22:00:00
4076,529,2743,1547,1536,2026-04-17 22:00:00
4077,2357,2745,1515,1510,2026-04-17 22:00:00
4078,2120,2745,1738,1744,2026-04-17 22:00:00
4079,2433,2746,1133,1123,2026-04-17 22:00:00
4080,1218,2746,1200,1210,2026-04-17 22:00:00
4081,911,2747,1567,1576,2026-04-17 22:00:00
4082,999,2747,1502,1492,2026-04-17 22:00:00
4083,2344,2748,1442,1454,2026-04-17 22:00:00
4084,1499,2748,1459,1446,2026-04-17 22:00:00
4085,2110,2750,1137,1153,2026-04-17 22:00:00
4086,1807,2750,1261,1245,2026-04-17 22:00:00
4087,1788,2751,1654,1644,2026-04-17 22:00:00
4088,1030,2751,1717,1726,2026-04-17 22:00:00
4089,1359,2752,1500,1502,2026-04-17 22:00:00
4090,823,2752,1052,1050,2026-04-17 22:00:00
4091,910,2753,1676,1661,2026-04-17 23:00:00
4092,450,2753,1589,1604,2026-04-17 23:00:00
4093,2227,2755,1812,1820,2026-04-17 23:00:00
4094,1220,2755,1701,1692,2026-04-17 23:00:00
4095,1592,2756,1554,1559,2026-04-17 23:00:00
4096,1644,2756,1295,1290,2026-04-17 23:00:00
4097,999,2758,1492,1483,2026-04-17 23:00:00
4098,911,2758,1576,1586,2026-04-17 23:00:00
4099,483,2759,1626,1617,2026-04-17 23:00:00
4100,998,2759,1690,1700,2026-04-17 23:00:00
4101,1053,2760,1643,1657,2026-04-17 23:00:00
4102,561,2760,1704,1690,2026-04-17 23:00:00
4103,2176,2761,1325,1315,2026-04-17 23:00:00
4104,820,2761,1402,1411,2026-04-17 23:00:00
4105,1063,2764,1493,1505,2026-04-17 23:00:00
4106,2025,2764,1496,1483,2026-04-17 23:00:00
4107,1836,2767,1333,1343,2026-04-18 00:00:00
4108,2348,2767,1272,1262,2026-04-18 00:00:00
4109,2325,2768,1272,1264,2026-04-18 01:00:00
4110,1098,2768,1386,1395,2026-04-18 01:00:00
4111,1618,2770,1294,1283,2026-04-18 01:00:00
4112,2256,2770,1306,1318,2026-04-18 01:00:00
4113,2110,2771,1153,1145,2026-04-18 10:00:00
4114,154,2771,1285,1292,2026-04-18 10:00:00
4115,2363,2772,1368,1364,2026-04-18 11:00:00
4116,483,2772,1617,1621,2026-04-18 11:00:00
4117,1352,2774,1280,1269,2026-04-18 11:00:00
4118,2226,2774,1310,1321,2026-04-18 11:00:00
4119,2225,2775,2257,2258,2026-04-18 12:00:00
4120,1354,2775,1751,1750,2026-04-18 12:00:00
4121,2116,2776,1542,1550,2026-04-18 12:00:00
4122,1572,2776,1423,1415,2026-04-18 12:00:00
4123,2455,2780,1445,1435,2026-04-18 12:00:00
4124,2208,2780,1500,1510,2026-04-18 12:00:00
4125,2176,2782,1315,1307,2026-04-18 13:00:00
4126,2455,2782,1435,1443,2026-04-18 13:00:00
4127,374,2784,1367,1360,2026-04-18 14:00:00
4128,1747,2784,1535,1542,2026-04-18 14:00:00
4129,2056,2786,1119,1116,2026-04-18 14:00:00
4130,1062,2786,1479,1482,2026-04-18 14:00:00
4131,1502,2787,1875,1865,2026-04-18 14:00:00
4132,527,2787,1939,1949,2026-04-18 14:00:00
4133,1611,2789,1306,1314,2026-04-18 14:00:00
4134,558,2789,1176,1168,2026-04-18 14:00:00
4135,382,2790,1626,1638,2026-04-18 14:00:00
4136,1434,2790,1629,1617,2026-04-18 14:00:00
4137,159,2791,1821,1809,2026-04-18 15:00:00
4138,2227,2791,1820,1832,2026-04-18 15:00:00
4139,91,2792,1387,1394,2026-04-18 15:00:00
4140,694,2792,1238,1231,2026-04-18 15:00:00
4141,1864,2793,1213,1227,2026-04-18 15:00:00
4142,685,2793,1257,1243,2026-04-18 15:00:00
4143,561,2794,1690,1679,2026-04-18 15:00:00
4144,2183,2794,1744,1754,2026-04-18 15:00:00
4145,2388,2795,1815,1824,2026-04-18 15:00:00
4146,2442,2795,1724,1715,2026-04-18 15:00:00
4147,816,2796,1796,1785,2026-04-18 16:00:00
4148,2304,2796,1833,1844,2026-04-18 16:00:00
4149,1401,2798,1361,1372,2026-04-18 16:00:00
4150,896,2798,1336,1325,2026-04-18 16:00:00
4151,1299,2799,1480,1468,2026-04-18 16:00:00
4152,656,2799,1462,1474,2026-04-18 16:00:00
4153,2483,2800,1325,1319,2026-04-18 16:00:00
4154,2208,2800,1510,1516,2026-04-18 16:00:00
4155,249,2801,1891,1875,2026-04-18 16:00:00
4156,28,2801,1764,1781,2026-04-18 16:00:00
4157,44,2802,1252,1247,2026-04-18 16:00:00
4158,2223,2802,1479,1484,2026-04-18 16:00:00
4159,604,2803,1343,1336,2026-04-18 16:00:00
4160,736,2803,1493,1500,2026-04-18 16:00:00
4161,2471,2804,1592,1603,2026-04-18 17:00:00
4162,1808,2804,1546,1536,2026-04-18 17:00:00
4163,2169,2806,1690,1686,2026-04-18 17:00:00
4164,527,2806,1949,1953,2026-04-18 17:00:00
4165,2110,2808,1145,1140,2026-04-18 17:00:00
4166,2067,2808,1378,1383,2026-04-18 17:00:00
4167,670,2809,1479,1469,2026-04-18 17:00:00
4168,1940,2809,1525,1535,2026-04-18 17:00:00
4169,455,2810,1314,1303,2026-04-18 17:00:00
4170,1814,2810,1345,1356,2026-04-18 17:00:00
4171,1961,2812,1708,1719,2026-04-18 18:00:00
4172,2234,2812,1682,1671,2026-04-18 18:00:00
4173,901,2813,1567,1587,2026-04-18 18:00:00
4174,1502,2813,1865,1845,2026-04-18 18:00:00
4175,1502,2815,1845,1852,2026-04-18 18:00:00
4176,2169,2815,1686,1679,2026-04-18 18:00:00
4177,2379,2816,1957,1962,2026-04-18 18:00:00
4178,174,2816,1749,1743,2026-04-18 18:00:00
4179,1611,2817,1314,1299,2026-04-18 18:00:00
4180,1936,2817,1220,1235,2026-04-18 18:00:00
4181,937,2818,1510,1498,2026-04-18 18:00:00
4182,1621,2818,1510,1522,2026-04-18 18:00:00
4183,2392,2819,1161,1172,2026-04-18 18:00:00
4184,1906,2819,1143,1132,2026-04-18 18:00:00
4185,252,2822,1666,1655,2026-04-18 18:00:00
4186,1724,2822,1706,1716,2026-04-18 18:00:00
4187,538,2824,1623,1635,2026-04-18 19:00:00
4188,63,2824,1613,1601,2026-04-18 19:00:00
4189,1098,2825,1395,1408,2026-04-18 19:00:00
4190,952,2825,1444,1430,2026-04-18 19:00:00
4191,123,2826,1197,1195,2026-04-18 19:00:00
4192,971,2826,1606,1608,2026-04-18 19:00:00
4193,1172,2827,1634,1647,2026-04-18 19:00:00
4194,2234,2827,1671,1657,2026-04-18 19:00:00
4195,1233,2828,1347,1340,2026-04-18 19:00:00
4196,1998,2828,1495,1502,2026-04-18 19:00:00
4197,971,2829,1608,1601,2026-04-18 19:00:00
4198,174,2829,1743,1751,2026-04-18 19:00:00
4199,2435,2830,1264,1281,2026-04-18 19:00:00
4200,2109,2830,1395,1379,2026-04-18 19:00:00
4201,99,2831,1512,1502,2026-04-18 19:00:00
4202,1761,2831,1585,1595,2026-04-18 19:00:00
4203,104,2832,1783,1794,2026-04-18 19:00:00
4204,1079,2832,1763,1751,2026-04-18 19:00:00
4205,910,2833,1661,1666,2026-04-18 20:00:00
4206,643,2833,1440,1435,2026-04-18 20:00:00
4207,1808,2834,1536,1531,2026-04-18 20:00:00
4208,787,2834,1781,1785,2026-04-18 20:00:00
4209,2316,2835,1471,1484,2026-04-18 20:00:00
4210,1062,2835,1482,1470,2026-04-18 20:00:00
4211,971,2837,1601,1610,2026-04-18 20:00:00
4212,1919,2837,1523,1514,2026-04-18 20:00:00
4213,1218,2838,1210,1222,2026-04-18 20:00:00
4214,1791,2838,1212,1200,2026-04-18 20:00:00
4215,869,2840,1782,1791,2026-04-18 20:00:00
4216,2169,2840,1679,1670,2026-04-18 20:00:00
4217,2483,2841,1319,1304,2026-04-18 20:00:00
4218,1807,2841,1245,1260,2026-04-18 20:00:00
4219,331,2842,1600,1592,2026-04-18 20:00:00
4220,2481,2842,1722,1729,2026-04-18 20:00:00
4221,1480,2843,1341,1351,2026-04-18 20:00:00
4222,504,2843,1274,1264,2026-04-18 20:00:00
4223,670,2845,1469,1458,2026-04-18 20:00:00
4224,1223,2845,1520,1530,2026-04-18 20:00:00
4225,2123,2846,1687,1671,2026-04-18 20:00:00
4226,1656,2846,1554,1571,2026-04-18 20:00:00
4227,1030,2847,1726,1711,2026-04-18 20:00:00
4228,2478,2847,1615,1631,2026-04-18 20:00:00
4229,563,2848,1272,1258,2026-04-18 20:00:00
4230,2048,2848,1211,1225,2026-04-18 20:00:00
4231,1762,2849,1386,1377,2026-04-18 21:00:00
4232,446,2849,1476,1485,2026-04-18 21:00:00
4233,1163,2850,1847,1858,2026-04-18 21:00:00
4234,2180,2850,1807,1796,2026-04-18 21:00:00
4235,119,2851,1508,1516,2026-04-18 21:00:00
4236,374,2851,1360,1353,2026-04-18 21:00:00
4237,125,2852,1402,1416,2026-04-18 21:00:00
4238,737,2852,1489,1474,2026-04-18 21:00:00
4239,234,2854,1683,1673,2026-04-18 21:00:00
4240,1961,2854,1719,1730,2026-04-18 21:00:00
4241,1204,2855,1662,1670,2026-04-18 21:00:00
4242,926,2855,1533,1525,2026-04-18 21:00:00
4243,1708,2856,1784,1772,2026-04-18 21:00:00
4244,28,2856,1781,1793,2026-04-18 21:00:00
4245,2326,2857,1251,1241,2026-04-18 21:00:00
4246,1300,2857,1301,1311,2026-04-18 21:00:00
4247,670,2860,1458,1454,2026-04-18 21:00:00
4248,1030,2860,1711,1715,2026-04-18 21:00:00
4249,2348,2863,1262,1254,2026-04-18 22:00:00
4250,1762,2863,1377,1385,2026-04-18 22:00:00
4251,144,2864,1327,1321,2026-04-18 22:00:00
4252,1028,2864,1526,1532,2026-04-18 22:00:00
4253,125,2866,1416,1411,2026-04-18 22:00:00
4254,1213,2866,1632,1637,2026-04-18 22:00:00
4255,1631,2867,1889,1898,2026-04-18 22:00:00
4256,869,2867,1791,1782,2026-04-18 22:00:00
4257,1631,2868,1898,1886,2026-04-18 22:00:00
4258,1810,2868,1904,1916,2026-04-18 22:00:00
4259,1495,2869,1496,1484,2026-04-18 22:00:00
4260,1998,2869,1502,1514,2026-04-18 22:00:00
4261,2067,2870,1383,1368,2026-04-18 22:00:00
4262,1611,2870,1299,1313,2026-04-18 22:00:00
4263,30,2871,1576,1562,2026-04-18 22:00:00
4264,2267,2871,1529,1543,2026-04-18 22:00:00
4265,1993,2872,1580,1570,2026-04-18 22:00:00
4266,1788,2872,1644,1654,2026-04-18 22:00:00
4267,1575,2873,1280,1273,2026-04-18 22:00:00
4268,852,2873,1420,1428,2026-04-18 22:00:00
4269,67,2874,1243,1233,2026-04-18 22:00:00
4270,2426,2874,1293,1303,2026-04-18 22:00:00
4271,910,2875,1666,1678,2026-04-18 23:00:00
4272,33,2875,1676,1664,2026-04-18 23:00:00
4273,1687,2876,2098,2107,2026-04-18 23:00:00
4274,1144,2876,2002,1993,2026-04-18 23:00:00
4275,2471,2878,1603,1597,2026-04-18 23:00:00
4276,2180,2878,1796,1802,2026-04-18 23:00:00
4277,1551,2879,1854,1857,2026-04-18 23:00:00
4278,1737,2879,1499,1496,2026-04-18 23:00:00
4279,2433,2880,1123,1138,2026-04-18 23:00:00
4280,123,2880,1195,1180,2026-04-18 23:00:00
4281,1172,2882,1647,1637,2026-04-18 23:00:00
4282,2309,2882,1710,1719,2026-04-18 23:00:00
4283,2452,2883,1522,1509,2026-04-18 23:00:00
4284,639,2883,1491,1504,2026-04-18 23:00:00
4285,2310,2884,1845,1831,2026-04-18 23:00:00
4286,191,2884,1788,1802,2026-04-18 23:00:00
4287,2295,2885,1198,1191,2026-04-18 23:00:00
4288,283,2885,1337,1344,2026-04-18 23:00:00
4289,2284,2886,1545,1534,2026-04-18 23:00:00
4290,1959,2886,1555,1567,2026-04-18 23:00:00
4291,2304,2887,1844,1837,2026-04-19 00:00:00
4292,1144,2887,1993,2000,2026-04-19 00:00:00
4293,2211,2888,1917,1920,2026-04-19 00:00:00
4294,771,2888,1551,1548,2026-04-19 00:00:00
4295,252,2889,1655,1643,2026-04-19 01:00:00
4296,77,2889,1636,1649,2026-04-19 01:00:00
4297,1417,2890,1550,1559,2026-04-19 10:00:00
4298,2436,2890,1464,1455,2026-04-19 10:00:00
4299,558,2891,1168,1159,2026-04-19 10:00:00
4300,1807,2891,1260,1268,2026-04-19 10:00:00
4301,966,2892,1469,1456,2026-04-19 11:00:00
4302,1499,2892,1446,1459,2026-04-19 11:00:00
4303,2225,2895,2258,2258,2026-04-19 13:00:00
4304,374,2895,1353,1353,2026-04-19 13:00:00
4305,1411,2897,1289,1296,2026-04-19 13:00:00
4306,1168,2897,1155,1147,2026-04-19 13:00:00
4307,1367,2898,1719,1726,2026-04-19 13:00:00
4308,1179,2898,1539,1532,2026-04-19 13:00:00
4309,1936,2899,1235,1223,2026-04-19 13:00:00
4310,921,2899,1227,1239,2026-04-19 13:00:00
4311,2453,2900,1269,1262,2026-04-19 13:00:00
4312,82,2900,1453,1459,2026-04-19 13:00:00
4313,2306,2901,1157,1148,2026-04-19 13:00:00
4314,509,2901,1238,1247,2026-04-19 13:00:00
4315,2001,2902,1548,1537,2026-04-19 13:00:00
4316,1736,2902,1578,1589,2026-04-19 13:00:00
4317,816,2903,1785,1797,2026-04-19 14:00:00
4318,787,2903,1785,1773,2026-04-19 14:00:00
4319,1098,2904,1408,1403,2026-04-19 14:00:00
4320,538,2904,1635,1640,2026-04-19 14:00:00
4321,2003,2905,1527,1538,2026-04-19 14:00:00
4322,1737,2905,1496,1485,2026-04-19 14:00:00
4323,44,2907,1247,1262,2026-04-19 14:00:00
4324,2192,2907,1343,1328,2026-04-19 14:00:00
4325,2388,2908,1824,1833,2026-04-19 14:00:00
4326,876,2908,1735,1726,2026-04-19 14:00:00
4327,2261,2909,1361,1373,2026-04-19 15:00:00
4328,1401,2909,1372,1360,2026-04-19 15:00:00
4329,2035,2910,1302,1295,2026-04-19 15:00:00
4330,2004,2910,1444,1451,2026-04-19 15:00:00
4331,1715,2912,1827,1836,2026-04-19 15:00:00
4332,2181,2912,1726,1717,2026-04-19 15:00:00
4333,2304,2914,1837,1821,2026-04-19 16:00:00
4334,1756,2914,1714,1730,2026-04-19 16:00:00
4335,1721,2915,1631,1639,2026-04-19 16:00:00
4336,1179,2915,1532,1524,2026-04-19 16:00:00
4337,2433,2916,1138,1129,2026-04-19 16:00:00
4338,685,2916,1243,1252,2026-04-19 16:00:00
4339,1723,2917,1516,1528,2026-04-19 16:00:00
4340,1179,2917,1524,1511,2026-04-19 16:00:00
4341,1411,2918,1296,1289,2026-04-19 17:00:00
4342,1944,2918,1462,1469,2026-04-19 17:00:00
4343,1401,2921,1360,1369,2026-04-19 17:00:00
4344,1710,2921,1276,1266,2026-04-19 17:00:00
4345,2211,2924,1920,1931,2026-04-19 17:00:00
4346,1568,2924,1898,1887,2026-04-19 17:00:00
4347,2325,2926,1264,1256,2026-04-19 18:00:00
4348,1762,2926,1385,1393,2026-04-19 18:00:00
4349,886,2928,1345,1355,2026-04-19 18:00:00
4350,799,2928,1274,1265,2026-04-19 18:00:00
4351,1633,2929,1371,1382,2026-04-19 18:00:00
4352,1609,2929,1322,1311,2026-04-19 18:00:00
4353,252,2930,1643,1627,2026-04-19 18:00:00
4354,1385,2930,1527,1543,2026-04-19 18:00:00
4355,2417,2931,1640,1631,2026-04-19 18:00:00
4356,857,2931,1714,1724,2026-04-19 18:00:00
4357,2454,2932,1575,1588,2026-04-19 18:00:00
4358,1875,2932,1590,1578,2026-04-19 18:00:00
4359,33,2933,1664,1669,2026-04-19 19:00:00
4360,2212,2933,1445,1440,2026-04-19 19:00:00
4361,2087,2934,1656,1652,2026-04-19 19:00:00
4362,40,2934,1907,1912,2026-04-19 19:00:00
4363,2393,2936,1843,1850,2026-04-19 19:00:00
4364,390,2936,1707,1699,2026-04-19 19:00:00
4365,516,2937,1531,1518,2026-04-19 19:00:00
4366,2000,2937,1517,1529,2026-04-19 19:00:00
4367,34,2938,1250,1267,2026-04-19 19:00:00
4368,1445,2938,1397,1380,2026-04-19 19:00:00
4369,374,2942,1353,1350,2026-04-19 20:00:00
4370,2024,2942,1675,1679,2026-04-19 20:00:00
4371,1810,2943,1916,1924,2026-04-19 20:00:00
4372,651,2943,1776,1768,2026-04-19 20:00:00
4373,2262,2945,1270,1266,2026-04-19 20:00:00
4374,1837,2945,1605,1608,2026-04-19 20:00:00
4375,1599,2946,1337,1329,2026-04-19 20:00:00
4376,141,2946,1472,1480,2026-04-19 20:00:00
4377,1833,2947,1527,1515,2026-04-19 20:00:00
4378,197,2947,1549,1560,2026-04-19 20:00:00
4379,109,2948,1895,1899,2026-04-19 21:00:00
4380,63,2948,1601,1597,2026-04-19 21:00:00
4381,816,2949,1797,1784,2026-04-19 21:00:00
4382,787,2949,1773,1786,2026-04-19 21:00:00
4383,1018,2950,1387,1377,2026-04-19 21:00:00
4384,643,2950,1435,1445,2026-04-19 21:00:00
4385,896,2951,1325,1334,2026-04-19 21:00:00
4386,1864,2951,1227,1218,2026-04-19 21:00:00
4387,901,2953,1587,1576,2026-04-19 21:00:00
4388,971,2953,1610,1621,2026-04-19 21:00:00
4389,1830,2954,1689,1691,2026-04-19 21:00:00
4390,1300,2954,1311,1309,2026-04-19 21:00:00
4391,2142,2956,1618,1604,2026-04-19 22:00:00
4392,1417,2956,1559,1573,2026-04-19 22:00:00
4393,901,2957,1576,1585,2026-04-19 22:00:00
4394,2224,2957,1495,1486,2026-04-19 22:00:00
4395,1810,2958,1924,1907,2026-04-19 22:00:00
4396,651,2958,1768,1785,2026-04-19 22:00:00
4397,744,2959,1805,1794,2026-04-19 22:00:00
4398,2151,2959,1844,1854,2026-04-19 22:00:00
4399,2452,2960,1509,1502,2026-04-19 22:00:00
4400,1053,2960,1657,1664,2026-04-19 22:00:00
4401,639,2961,1504,1492,2026-04-19 22:00:00
4402,2208,2961,1516,1528,2026-04-19 22:00:00
4403,1634,2964,1533,1524,2026-04-19 22:00:00
4404,468,2964,1602,1611,2026-04-19 22:00:00
4405,1010,2965,1665,1668,2026-04-19 22:00:00
4406,2149,2965,1297,1294,2026-04-19 22:00:00
4407,437,2967,1718,1720,2026-04-19 23:00:00
4408,1771,2967,1283,1281,2026-04-19 23:00:00
4409,1354,2968,1750,1763,2026-04-20 00:00:00
4410,1789,2968,1779,1766,2026-04-20 00:00:00
4411,715,2969,1312,1301,2026-04-20 10:00:00
4412,533,2969,1317,1329,2026-04-20 10:00:00
4413,1163,2972,1858,1866,2026-04-20 11:00:00
4414,2090,2972,1727,1719,2026-04-20 11:00:00
4415,2225,2973,2258,2259,2026-04-20 12:00:00
4416,1028,2973,1532,1532,2026-04-20 12:00:00
4417,249,2975,1875,1864,2026-04-20 12:00:00
4418,160,2975,1908,1919,2026-04-20 12:00:00
4419,926,2977,1525,1518,2026-04-20 13:00:00
4420,615,2977,1669,1676,2026-04-20 13:00:00
4421,1953,2979,1359,1351,2026-04-20 14:00:00
4422,261,2979,1478,1486,2026-04-20 14:00:00
4423,2169,2980,1670,1660,2026-04-20 14:00:00
4424,1462,2980,1720,1730,2026-04-20 14:00:00
4425,676,2981,1836,1825,2026-04-20 15:00:00
4426,1126,2981,1862,1873,2026-04-20 15:00:00
4427,1360,2982,1726,1718,2026-04-20 15:00:00
4428,2310,2982,1831,1839,2026-04-20 15:00:00
4429,651,2983,1785,1793,2026-04-20 16:00:00
4430,1213,2983,1637,1630,2026-04-20 16:00:00
4431,1172,2984,1637,1628,2026-04-20 16:00:00
4432,1367,2984,1726,1735,2026-04-20 16:00:00
4433,434,2986,1640,1648,2026-04-20 17:00:00
4434,1198,2986,1519,1511,2026-04-20 17:00:00
4435,1411,2988,1289,1300,2026-04-20 17:00:00
4436,2348,2988,1254,1243,2026-04-20 17:00:00
4437,2129,2989,979,971,2026-04-20 17:00:00
4438,200,2989,1095,1103,2026-04-20 17:00:00
4439,1292,2991,1230,1214,2026-04-20 18:00:00
4440,1374,2991,1120,1136,2026-04-20 18:00:00
4441,646,2992,1243,1256,2026-04-20 18:00:00
4442,2325,2992,1256,1243,2026-04-20 18:00:00
4443,2004,2993,1451,1442,2026-04-20 18:00:00
4444,2116,2993,1550,1559,2026-04-20 18:00:00
4445,886,2994,1355,1341,2026-04-20 18:00:00
4446,713,2994,1320,1333,2026-04-20 18:00:00
4447,1374,2996,1136,1130,2026-04-20 19:00:00
4448,2092,2996,1340,1346,2026-04-20 19:00:00
4449,1808,2997,1531,1519,2026-04-20 19:00:00
4450,529,2997,1536,1548,2026-04-20 19:00:00
4451,787,2998,1786,1790,2026-04-20 19:00:00
4452,1808,2998,1519,1515,2026-04-20 19:00:00
4453,529,2999,1548,1557,2026-04-20 19:00:00
4454,1145,2999,1440,1432,2026-04-20 19:00:00
4455,2224,3000,1486,1498,2026-04-20 19:00:00
4456,1495,3000,1484,1472,2026-04-20 19:00:00
4457,1495,3001,1472,1464,2026-04-20 19:00:00
4458,901,3001,1585,1594,2026-04-20 19:00:00
4459,2164,3003,1385,1396,2026-04-20 19:00:00
4460,1480,3003,1351,1340,2026-04-20 19:00:00
4461,626,3006,1677,1685,2026-04-20 19:00:00
4462,2044,3006,1551,1543,2026-04-20 19:00:00
4463,1890,3007,1490,1484,2026-04-20 20:00:00
4464,1773,3007,1661,1667,2026-04-20 20:00:00
4465,1593,3008,1491,1504,2026-04-20 20:00:00
4466,1154,3008,1497,1484,2026-04-20 20:00:00
4467,1360,3011,1718,1725,2026-04-20 20:00:00
4468,331,3011,1592,1584,2026-04-20 20:00:00
4469,2306,3012,1148,1145,2026-04-20 20:00:00
4470,1825,3012,1520,1523,2026-04-20 20:00:00
4471,1371,3013,975,992,2026-04-20 20:00:00
4472,2040,3013,1123,1106,2026-04-20 20:00:00
4473,1865,3014,1471,1485,2026-04-20 20:00:00
4474,1063,3014,1505,1492,2026-04-20 20:00:00
4475,530,3015,1838,1847,2026-04-20 20:00:00
4476,562,3015,1731,1723,2026-04-20 20:00:00
4477,1944,3016,1469,1458,2026-04-20 21:00:00
4478,119,3016,1516,1526,2026-04-20 21:00:00
4479,952,3017,1430,1418,2026-04-20 21:00:00
4480,1447,3017,1419,1431,2026-04-20 21:00:00
4481,1631,3020,1886,1871,2026-04-20 21:00:00
4482,869,3020,1782,1797,2026-04-20 21:00:00
4483,896,3021,1334,1318,2026-04-20 21:00:00
4484,1864,3021,1218,1234,2026-04-20 21:00:00
4485,1113,3022,1407,1399,2026-04-20 21:00:00
4486,1723,3022,1528,1536,2026-04-20 21:00:00
4487,2233,3023,1381,1394,2026-04-20 21:00:00
4488,125,3023,1411,1398,2026-04-20 21:00:00
4489,970,3024,1640,1635,2026-04-20 21:00:00
4490,2005,3024,1884,1889,2026-04-20 21:00:00
4491,2005,3025,1889,1875,2026-04-20 21:00:00
4492,10,3025,1835,1849,2026-04-20 21:00:00
4493,676,3026,1825,1834,2026-04-20 22:00:00
4494,947,3026,1750,1740,2026-04-20 22:00:00
4495,799,3027,1265,1273,2026-04-20 22:00:00
4496,689,3027,1165,1157,2026-04-20 22:00:00
4497,873,3028,1704,1716,2026-04-20 22:00:00
4498,1602,3028,1695,1683,2026-04-20 22:00:00
4499,1825,3031,1523,1513,2026-04-20 22:00:00
4500,103,3031,1593,1603,2026-04-20 22:00:00
4501,988,3032,1931,1938,2026-04-20 22:00:00
4502,867,3032,1797,1789,2026-04-20 22:00:00
4503,1601,3033,1407,1403,2026-04-20 22:00:00
4504,2123,3033,1671,1675,2026-04-20 22:00:00
4505,563,3034,1258,1243,2026-04-20 22:00:00
4506,1294,3034,1186,1201,2026-04-20 22:00:00
4507,1061,3036,1222,1233,2026-04-20 22:00:00
4508,1294,3036,1201,1189,2026-04-20 22:00:00
4509,876,3037,1726,1711,2026-04-20 22:00:00
4510,2417,3037,1631,1646,2026-04-20 22:00:00
4511,1788,3038,1654,1662,2026-04-20 23:00:00
4512,672,3038,1540,1532,2026-04-20 23:00:00
4513,534,3039,1449,1439,2026-04-21 00:00:00
4514,2390,3039,1493,1503,2026-04-21 00:00:00
4515,1766,3040,1225,1221,2026-04-21 01:00:00
4516,1148,3040,1528,1532,2026-04-21 01:00:00
4517,1687,3041,2107,2111,2026-04-21 10:00:00
4518,1870,3041,1838,1833,2026-04-21 10:00:00
4519,1965,3042,1884,1876,2026-04-21 11:00:00
4520,1144,3042,2000,2009,2026-04-21 11:00:00
4521,938,3044,1437,1452,2026-04-21 11:00:00
4522,1169,3044,1518,1504,2026-04-21 11:00:00
4523,2326,3045,1241,1233,2026-04-21 11:00:00
4524,1801,3045,1361,1369,2026-04-21 11:00:00
4525,2227,3046,1832,1843,2026-04-21 12:00:00
4526,159,3046,1809,1798,2026-04-21 12:00:00
4527,1789,3047,1766,1775,2026-04-21 12:00:00
4528,1663,3047,1658,1650,2026-04-21 12:00:00
4529,331,3049,1584,1579,2026-04-21 13:00:00
4530,191,3049,1802,1807,2026-04-21 13:00:00
4531,1364,3050,1590,1597,2026-04-21 14:00:00
4532,82,3050,1459,1451,2026-04-21 14:00:00
4533,141,3051,1480,1494,2026-04-21 14:00:00
4534,1433,3051,1555,1541,2026-04-21 14:00:00
4535,529,3052,1557,1548,2026-04-21 15:00:00
4536,1773,3052,1667,1676,2026-04-21 15:00:00
4537,1687,3053,2111,2104,2026-04-21 15:00:00
4538,2225,3053,2259,2266,2026-04-21 15:00:00
4539,40,3054,1912,1916,2026-04-21 15:00:00
4540,2087,3054,1652,1647,2026-04-21 15:00:00
4541,896,3055,1318,1305,2026-04-21 16:00:00
4542,2430,3055,1293,1306,2026-04-21 16:00:00
4543,784,3056,1311,1323,2026-04-21 16:00:00
4544,1608,3056,1327,1314,2026-04-21 16:00:00
4545,2092,3057,1346,1356,2026-04-21 17:00:00
4546,1644,3057,1290,1280,2026-04-21 17:00:00
4547,1144,3058,2009,2024,2026-04-21 18:00:00
4548,1687,3058,2104,2089,2026-04-21 18:00:00
4549,1179,3059,1511,1524,2026-04-21 18:00:00
4550,1894,3059,1532,1519,2026-04-21 18:00:00
4551,14,3060,1822,1824,2026-04-21 18:00:00
4552,474,3060,1403,1401,2026-04-21 18:00:00
4553,2306,3061,1145,1142,2026-04-21 18:00:00
4554,1075,3061,1482,1485,2026-04-21 18:00:00
4555,1644,3062,1280,1287,2026-04-21 19:00:00
4556,1374,3062,1130,1123,2026-04-21 19:00:00
4557,1374,3063,1123,1115,2026-04-21 19:00:00
4558,2348,3063,1243,1251,2026-04-21 19:00:00
4559,1663,3065,1650,1657,2026-04-21 19:00:00
4560,446,3065,1485,1479,2026-04-21 19:00:00
4561,1365,3066,1700,1711,2026-04-21 19:00:00
4562,2024,3066,1679,1667,2026-04-21 19:00:00
4563,1228,3067,1112,1128,2026-04-21 19:00:00
4564,1292,3067,1214,1198,2026-04-21 19:00:00
4565,1721,3069,1639,1627,2026-04-21 19:00:00
4566,971,3069,1621,1634,2026-04-21 19:00:00
4567,2390,3072,1503,1511,2026-04-21 19:00:00
4568,1165,3072,1356,1349,2026-04-21 19:00:00
4569,1544,3074,1633,1620,2026-04-21 19:00:00
4570,2454,3074,1588,1602,2026-04-21 19:00:00
4571,2141,3076,1745,1752,2026-04-21 20:00:00
4572,2471,3076,1597,1590,2026-04-21 20:00:00
4573,2180,3077,1802,1792,2026-04-21 20:00:00
4574,2227,3077,1843,1854,2026-04-21 20:00:00
4575,255,3078,1453,1463,2026-04-21 20:00:00
4576,1262,3078,1407,1397,2026-04-21 20:00:00
4577,651,3079,1793,1803,2026-04-21 20:00:00
4578,1367,3079,1735,1725,2026-04-21 20:00:00
4579,1218,3081,1222,1235,2026-04-21 20:00:00
4580,1287,3081,1263,1249,2026-04-21 20:00:00
4581,999,3082,1483,1495,2026-04-21 20:00:00
4582,656,3082,1474,1463,2026-04-21 20:00:00
4583,504,3083,1264,1260,2026-04-21 20:00:00
4584,2208,3083,1528,1532,2026-04-21 20:00:00
4585,534,3084,1439,1449,2026-04-21 20:00:00
4586,989,3084,1394,1384,2026-04-21 20:00:00
4587,1223,3085,1530,1543,2026-04-21 20:00:00
4588,114,3085,1565,1552,2026-04-21 20:00:00
4589,664,3086,1733,1738,2026-04-21 21:00:00
4590,1829,3086,1528,1522,2026-04-21 21:00:00
4591,775,3087,1207,1216,2026-04-21 21:00:00
4592,209,3087,1127,1118,2026-04-21 21:00:00
4593,787,3088,1790,1795,2026-04-21 21:00:00
4594,119,3088,1526,1522,2026-04-21 21:00:00
4595,1113,3089,1399,1389,2026-04-21 21:00:00
4596,2268,3089,1466,1476,2026-04-21 21:00:00
4597,1603,3090,1489,1482,2026-04-21 21:00:00
4598,1213,3090,1630,1638,2026-04-21 21:00:00
4599,2435,3091,1281,1288,2026-04-21 21:00:00
4600,1949,3091,1137,1130,2026-04-21 21:00:00
4601,738,3092,1509,1518,2026-04-21 21:00:00
4602,2236,3092,1422,1413,2026-04-21 21:00:00
4603,1983,3095,1347,1341,2026-04-21 21:00:00
4604,61,3095,1510,1517,2026-04-21 21:00:00
4605,1423,3097,1327,1337,2026-04-21 21:00:00
4606,190,3097,1277,1267,2026-04-21 21:00:00
4607,2149,3100,1294,1311,2026-04-21 22:00:00
4608,1702,3100,1439,1423,2026-04-21 22:00:00
4609,1808,3101,1515,1508,2026-04-21 23:00:00
4610,1663,3101,1657,1664,2026-04-21 23:00:00
4611,1663,3102,1664,1667,2026-04-21 23:00:00
4612,1644,3102,1287,1285,2026-04-21 23:00:00
4613,92,3103,1485,1501,2026-04-21 23:00:00
4614,1761,3103,1595,1579,2026-04-21 23:00:00
4615,2025,3104,1483,1497,2026-04-21 23:00:00
4616,2284,3104,1534,1520,2026-04-21 23:00:00
4617,2388,3105,1833,1835,2026-04-21 23:00:00
4618,5,3105,1405,1403,2026-04-21 23:00:00
4619,952,3106,1418,1428,2026-04-22 00:00:00
4620,1953,3106,1351,1341,2026-04-22 00:00:00
4621,2129,3108,971,964,2026-04-22 10:00:00
4622,200,3108,1103,1111,2026-04-22 10:00:00
4623,1691,3109,1185,1198,2026-04-22 11:00:00
4624,913,3109,1205,1192,2026-04-22 11:00:00
4625,1367,3110,1725,1717,2026-04-22 12:00:00
4626,1502,3110,1852,1860,2026-04-22 12:00:00
4627,2031,3111,1347,1361,2026-04-22 12:00:00
4628,2337,3111,1417,1402,2026-04-22 12:00:00
4629,283,3113,1344,1337,2026-04-22 12:00:00
4630,1883,3113,1509,1516,2026-04-22 12:00:00
4631,1374,3114,1115,1127,2026-04-22 13:00:00
4632,209,3114,1118,1106,2026-04-22 13:00:00
4633,278,3115,1454,1459,2026-04-22 13:00:00
4634,621,3115,1205,1200,2026-04-22 13:00:00
4635,966,3118,1456,1446,2026-04-22 14:00:00
4636,1169,3118,1504,1514,2026-04-22 14:00:00
4637,1010,3120,1668,1654,2026-04-22 14:00:00
4638,840,3120,1611,1625,2026-04-22 14:00:00
4639,541,3122,1458,1466,2026-04-22 15:00:00
4640,886,3122,1341,1333,2026-04-22 15:00:00
4641,1756,3124,1730,1737,2026-04-22 17:00:00
4642,2471,3124,1590,1582,2026-04-22 17:00:00
4643,1919,3126,1514,1525,2026-04-22 17:00:00
4644,2224,3126,1498,1487,2026-04-22 17:00:00
4645,911,3127,1586,1577,2026-04-22 17:00:00
4646,998,3127,1700,1708,2026-04-22 17:00:00
4647,192,3130,1229,1220,2026-04-22 17:00:00
4648,784,3130,1323,1332,2026-04-22 17:00:00
4649,34,3131,1267,1275,2026-04-22 17:00:00
4650,2306,3131,1142,1134,2026-04-22 17:00:00
4651,1367,3132,1717,1720,2026-04-22 18:00:00
4652,1401,3132,1369,1366,2026-04-22 18:00:00
4653,1179,3133,1524,1515,2026-04-22 18:00:00
4654,1721,3133,1627,1635,2026-04-22 18:00:00
4655,1915,3134,1595,1585,2026-04-22 18:00:00
4656,971,3134,1634,1645,2026-04-22 18:00:00
4657,125,3135,1398,1410,2026-04-22 18:00:00
4658,992,3135,1393,1381,2026-04-22 18:00:00
4659,1839,3136,1381,1395,2026-04-22 18:00:00
4660,1303,3136,1437,1423,2026-04-22 18:00:00
4661,1389,3137,1433,1444,2026-04-22 18:00:00
4662,1633,3137,1382,1371,2026-04-22 18:00:00
4663,2180,3139,1792,1803,2026-04-22 19:00:00
4664,1261,3139,1762,1751,2026-04-22 19:00:00
4665,1773,3140,1676,1679,2026-04-22 19:00:00
4666,1018,3140,1377,1373,2026-04-22 19:00:00
4667,285,3141,1633,1622,2026-04-22 19:00:00
4668,1663,3141,1667,1677,2026-04-22 19:00:00
4669,1154,3142,1484,1471,2026-04-22 19:00:00
4670,643,3142,1445,1459,2026-04-22 19:00:00
4671,2325,3143,1243,1255,2026-04-22 19:00:00
4672,694,3143,1231,1219,2026-04-22 19:00:00
4673,2433,3145,1129,1144,2026-04-22 19:00:00
4674,621,3145,1200,1186,2026-04-22 19:00:00
4675,1172,3146,1628,1637,2026-04-22 19:00:00
4676,1929,3146,1524,1515,2026-04-22 19:00:00
4677,971,3147,1645,1628,2026-04-22 19:00:00
4678,1179,3147,1515,1532,2026-04-22 19:00:00
4679,327,3149,1117,1106,2026-04-22 19:00:00
4680,1949,3149,1130,1141,2026-04-22 19:00:00
4681,1303,3150,1423,1412,2026-04-22 19:00:00
4682,541,3150,1466,1477,2026-04-22 19:00:00
4683,2453,3151,1262,1254,2026-04-22 19:00:00
4684,1633,3151,1371,1380,2026-04-22 19:00:00
4685,2306,3152,1134,1125,2026-04-22 19:00:00
4686,192,3152,1220,1229,2026-04-22 19:00:00
4687,67,3153,1233,1241,2026-04-22 19:00:00
4688,1494,3153,1103,1095,2026-04-22 19:00:00
4689,1365,3155,1711,1703,2026-04-22 20:00:00
4690,2304,3155,1821,1829,2026-04-22 20:00:00
4691,916,3156,1181,1176,2026-04-22 20:00:00
4692,1262,3156,1397,1402,2026-04-22 20:00:00
4693,2167,3157,1696,1688,2026-04-22 20:00:00
4694,191,3157,1807,1816,2026-04-22 20:00:00
4695,2208,3158,1532,1522,2026-04-22 20:00:00
4696,1918,3158,1587,1597,2026-04-22 20:00:00
4697,604,3160,1336,1347,2026-04-22 20:00:00
4698,2256,3160,1318,1306,2026-04-22 20:00:00
4699,664,3163,1738,1750,2026-04-22 21:00:00
4700,2090,3163,1719,1708,2026-04-22 21:00:00
4701,1401,3164,1366,1380,2026-04-22 21:00:00
4702,1572,3164,1415,1401,2026-04-22 21:00:00
4703,1737,3166,1485,1497,2026-04-22 21:00:00
4704,2224,3166,1487,1475,2026-04-22 21:00:00
4705,1204,3168,1670,1659,2026-04-22 21:00:00
4706,998,3168,1708,1719,2026-04-22 21:00:00
4707,1365,3174,1703,1713,2026-04-22 22:00:00
4708,1986,3174,1655,1645,2026-04-22 22:00:00
4709,1836,3175,1343,1335,2026-04-22 22:00:00
4710,1890,3175,1484,1491,2026-04-22 22:00:00
4711,952,3176,1428,1416,2026-04-22 22:00:00
4712,722,3176,1441,1452,2026-04-22 22:00:00
4713,1820,3178,1310,1297,2026-04-22 22:00:00
4714,154,3178,1292,1305,2026-04-22 22:00:00
4715,672,3179,1532,1544,2026-04-22 22:00:00
4716,1940,3179,1535,1523,2026-04-22 22:00:00
4717,571,3180,1218,1207,2026-04-22 22:00:00
4718,1061,3180,1233,1244,2026-04-22 22:00:00
4719,563,3182,1243,1236,2026-04-22 23:00:00
4720,2246,3182,1386,1394,2026-04-22 23:00:00
4721,1801,3185,1369,1381,2026-04-23 01:00:00
4722,1165,3185,1349,1338,2026-04-23 01:00:00
4723,1944,3187,1458,1451,2026-04-23 11:00:00
4724,198,3187,1605,1612,2026-04-23 11:00:00
4725,1886,3191,1774,1787,2026-04-23 12:00:00
4726,654,3191,1784,1771,2026-04-23 12:00:00
4727,2110,3192,1140,1132,2026-04-23 13:00:00
4728,1807,3192,1268,1276,2026-04-23 13:00:00
4729,367,3193,1325,1317,2026-04-23 13:00:00
4730,2196,3193,1457,1465,2026-04-23 13:00:00
4731,2454,3194,1602,1610,2026-04-23 13:00:00
4732,708,3194,1493,1485,2026-04-23 13:00:00
4733,1218,3195,1235,1224,2026-04-23 14:00:00
4734,1287,3195,1249,1261,2026-04-23 14:00:00
4735,1433,3196,1541,1533,2026-04-23 14:00:00
4736,1053,3196,1664,1672,2026-04-23 14:00:00
4737,174,3197,1751,1755,2026-04-23 15:00:00
4738,737,3197,1474,1470,2026-04-23 15:00:00
4739,1599,3198,1329,1343,2026-04-23 15:00:00
4740,2164,3198,1396,1381,2026-04-23 15:00:00
4741,979,3199,1345,1334,2026-04-23 15:00:00
4742,1357,3199,1361,1372,2026-04-23 15:00:00
4743,374,3200,1350,1339,2026-04-23 16:00:00
4744,815,3200,1388,1399,2026-04-23 16:00:00
4745,2369,3201,1538,1550,2026-04-23 16:00:00
4746,1929,3201,1515,1504,2026-04-23 16:00:00
4747,154,3202,1305,1315,2026-04-23 16:00:00
4748,921,3202,1239,1230,2026-04-23 16:00:00
4749,2192,3203,1328,1319,2026-04-23 16:00:00
4750,1702,3203,1423,1432,2026-04-23 16:00:00
4751,1144,3204,2024,2031,2026-04-23 17:00:00
4752,1965,3204,1876,1869,2026-04-23 17:00:00
4753,615,3205,1676,1689,2026-04-23 17:00:00
4754,2096,3205,1692,1679,2026-04-23 17:00:00
4755,210,3208,1366,1375,2026-04-23 17:00:00
4756,1583,3208,1280,1271,2026-04-23 17:00:00
4757,643,3209,1459,1444,2026-04-23 18:00:00
4758,536,3209,1374,1389,2026-04-23 18:00:00
4759,234,3210,1673,1680,2026-04-23 18:00:00
4760,1179,3210,1532,1524,2026-04-23 18:00:00
4761,571,3212,1207,1205,2026-04-23 18:00:00
4762,13,3212,1646,1648,2026-04-23 18:00:00
4763,1228,3213,1128,1140,2026-04-23 19:00:00
4764,1374,3213,1127,1115,2026-04-23 19:00:00
4765,1213,3214,1638,1626,2026-04-23 19:00:00
4766,1721,3214,1635,1647,2026-04-23 19:00:00
4767,1075,3215,1485,1496,2026-04-23 19:00:00
4768,717,3215,1442,1431,2026-04-23 19:00:00
4769,698,3216,1528,1519,2026-04-23 19:00:00
4770,1080,3216,1607,1617,2026-04-23 19:00:00
4771,2417,3217,1646,1653,2026-04-23 19:00:00
4772,1173,3217,1512,1505,2026-04-23 19:00:00
4773,807,3218,1302,1317,2026-04-23 20:00:00
4774,815,3218,1399,1383,2026-04-23 20:00:00
4775,1179,3220,1524,1511,2026-04-23 20:00:00
4776,1737,3220,1497,1510,2026-04-23 20:00:00
4777,685,3221,1252,1242,2026-04-23 20:00:00
4778,896,3221,1305,1315,2026-04-23 20:00:00
4779,1663,3225,1677,1689,2026-04-23 21:00:00
4780,2024,3225,1667,1656,2026-04-23 21:00:00
4781,1687,3227,2089,2075,2026-04-23 21:00:00
4782,1144,3227,2031,2045,2026-04-23 21:00:00
4783,261,3228,1486,1474,2026-04-23 21:00:00
4784,1593,3228,1504,1515,2026-04-23 21:00:00
4785,2261,3229,1373,1366,2026-04-23 21:00:00
4786,1919,3229,1525,1532,2026-04-23 21:00:00
4787,2224,3230,1475,1468,2026-04-23 21:00:00
4788,215,3230,1637,1644,2026-04-23 21:00:00
4789,2430,3231,1306,1315,2026-04-23 21:00:00
4790,1864,3231,1234,1224,2026-04-23 21:00:00
4791,154,3232,1315,1305,2026-04-23 21:00:00
4792,181,3232,1383,1393,2026-04-23 21:00:00
4793,1257,3233,1542,1532,2026-04-23 21:00:00
4794,1080,3233,1617,1626,2026-04-23 21:00:00
4795,67,3234,1241,1255,2026-04-23 21:00:00
4796,2426,3234,1303,1289,2026-04-23 21:00:00
4797,2454,3235,1610,1621,2026-04-23 21:00:00
4798,1875,3235,1578,1567,2026-04-23 21:00:00
4799,1028,3238,1532,1542,2026-04-23 22:00:00
4800,261,3238,1474,1464,2026-04-23 22:00:00
4801,1592,3239,1559,1567,2026-04-23 22:00:00
4802,1145,3239,1432,1424,2026-04-23 22:00:00
4803,1482,3240,1688,1698,2026-04-23 22:00:00
4804,970,3240,1635,1625,2026-04-23 22:00:00
4805,223,3241,1516,1528,2026-04-23 22:00:00
4806,258,3241,1489,1478,2026-04-23 22:00:00
4807,1702,3243,1432,1424,2026-04-23 22:00:00
4808,666,3243,1572,1580,2026-04-23 22:00:00
4809,878,3244,1528,1517,2026-04-23 22:00:00
4810,1656,3244,1571,1581,2026-04-23 22:00:00
4811,1592,3245,1567,1565,2026-04-23 23:00:00
4812,1471,3245,1995,1996,2026-04-23 23:00:00
4813,374,3246,1339,1348,2026-04-23 23:00:00
4814,2348,3246,1251,1242,2026-04-23 23:00:00
4815,1173,3250,1505,1521,2026-04-23 23:00:00
4816,2454,3250,1621,1605,2026-04-23 23:00:00
4817,1365,3251,1713,1727,2026-04-24 00:00:00
4818,1261,3251,1751,1738,2026-04-24 00:00:00
4819,1447,3252,1431,1420,2026-04-24 01:00:00
4820,722,3252,1452,1464,2026-04-24 01:00:00
4821,1030,3253,1715,1700,2026-04-24 01:00:00
4822,1282,3253,1608,1624,2026-04-24 01:00:00
4823,2261,3254,1366,1355,2026-04-24 09:00:00
4824,1401,3254,1380,1391,2026-04-24 09:00:00
4825,446,3255,1479,1484,2026-04-24 10:00:00
4826,2325,3255,1255,1250,2026-04-24 10:00:00
4827,722,3256,1464,1480,2026-04-24 10:00:00
4828,1792,3256,1592,1576,2026-04-24 10:00:00
4829,1965,3257,1869,1876,2026-04-24 10:00:00
4830,1756,3257,1737,1729,2026-04-24 10:00:00
4831,1360,3258,1725,1733,2026-04-24 10:00:00
4832,331,3258,1579,1572,2026-04-24 10:00:00
4833,1961,3263,1730,1735,2026-04-24 12:00:00
4834,1894,3263,1519,1514,2026-04-24 12:00:00
4835,2067,3264,1368,1358,2026-04-24 12:00:00
4836,2455,3264,1443,1452,2026-04-24 12:00:00
4837,840,3265,1625,1634,2026-04-24 12:00:00
4838,1634,3265,1524,1515,2026-04-24 12:00:00
4839,947,3267,1740,1748,2026-04-24 13:00:00
4840,881,3267,1617,1609,2026-04-24 13:00:00
4841,1762,3269,1393,1384,2026-04-24 14:00:00
4842,446,3269,1484,1493,2026-04-24 14:00:00
4843,128,3271,1426,1438,2026-04-24 14:00:00
4844,2128,3271,1439,1427,2026-04-24 14:00:00
4845,1129,3274,1460,1448,2026-04-24 15:00:00
4846,612,3274,1462,1474,2026-04-24 15:00:00
4847,1223,3278,1543,1547,2026-04-24 15:00:00
4848,1575,3278,1273,1269,2026-04-24 15:00:00
4849,1747,3279,1542,1550,2026-04-24 16:00:00
4850,2212,3279,1440,1431,2026-04-24 16:00:00
4851,2304,3280,1829,1836,2026-04-24 16:00:00
4852,1773,3280,1679,1672,2026-04-24 16:00:00
4853,2116,3283,1559,1548,2026-04-24 16:00:00
4854,881,3283,1609,1619,2026-04-24 16:00:00
4855,621,3284,1186,1197,2026-04-24 16:00:00
4856,1777,3284,1153,1142,2026-04-24 16:00:00
4857,2283,3285,987,1004,2026-04-24 16:00:00
4858,2110,3285,1132,1116,2026-04-24 16:00:00
4859,2020,3286,1749,1755,2026-04-24 16:00:00
4860,1257,3286,1532,1527,2026-04-24 16:00:00
4861,2090,3289,1708,1719,2026-04-24 17:00:00
4862,1220,3289,1692,1681,2026-04-24 17:00:00
4863,2325,3291,1250,1241,2026-04-24 17:00:00
4864,1953,3291,1341,1350,2026-04-24 17:00:00
4865,694,3292,1219,1208,2026-04-24 17:00:00
4866,2348,3292,1242,1253,2026-04-24 17:00:00
4867,1829,3293,1522,1537,2026-04-24 17:00:00
4868,198,3293,1612,1597,2026-04-24 17:00:00
4869,1367,3294,1720,1728,2026-04-24 17:00:00
4870,1388,3294,1601,1593,2026-04-24 17:00:00
4871,2369,3295,1550,1541,2026-04-24 17:00:00
4872,2087,3295,1647,1656,2026-04-24 17:00:00
4873,2467,3296,1445,1438,2026-04-24 17:00:00
4874,1915,3296,1585,1592,2026-04-24 17:00:00
4875,886,3297,1333,1322,2026-04-24 17:00:00
4876,2031,3297,1361,1372,2026-04-24 17:00:00
4877,1208,3298,1200,1193,2026-04-24 17:00:00
4878,1355,3298,1348,1355,2026-04-24 17:00:00
4879,698,3299,1519,1526,2026-04-24 17:00:00
4880,210,3299,1375,1368,2026-04-24 17:00:00
4881,172,3301,1552,1545,2026-04-24 17:00:00
4882,2355,3301,1693,1700,2026-04-24 17:00:00
4883,1836,3304,1335,1325,2026-04-24 18:00:00
4884,1018,3304,1373,1384,2026-04-24 18:00:00
4885,144,3306,1321,1335,2026-04-24 18:00:00
4886,480,3306,1380,1366,2026-04-24 18:00:00
4887,1721,3307,1647,1638,2026-04-24 18:00:00
4888,2252,3307,1722,1731,2026-04-24 18:00:00
4889,1367,3309,1728,1720,2026-04-24 18:00:00
4890,1631,3309,1871,1878,2026-04-24 18:00:00
4891,911,3310,1577,1585,2026-04-24 18:00:00
4892,314,3310,1436,1429,2026-04-24 18:00:00
4893,2373,3311,1261,1254,2026-04-24 18:00:00
4894,314,3311,1429,1435,2026-04-24 18:00:00
4895,258,3312,1478,1467,2026-04-24 18:00:00
4896,2452,3312,1502,1513,2026-04-24 18:00:00
4897,1608,3314,1314,1305,2026-04-24 18:00:00
4898,1445,3314,1380,1390,2026-04-24 18:00:00
4899,2442,3315,1715,1722,2026-04-24 18:00:00
4900,1875,3315,1567,1560,2026-04-24 18:00:00
4901,197,3316,1560,1553,2026-04-24 18:00:00
4902,647,3316,1703,1711,2026-04-24 18:00:00
4903,1946,3317,1293,1289,2026-04-24 19:00:00
4904,529,3317,1548,1553,2026-04-24 19:00:00
4905,1836,3319,1325,1334,2026-04-24 19:00:00
4906,646,3319,1256,1246,2026-04-24 19:00:00
4907,2024,3320,1656,1665,2026-04-24 19:00:00
4908,1592,3320,1565,1556,2026-04-24 19:00:00
4909,1965,3321,1876,1864,2026-04-24 19:00:00
4910,1163,3321,1866,1878,2026-04-24 19:00:00
4911,2087,3323,1656,1663,2026-04-24 19:00:00
4912,649,3323,1520,1512,2026-04-24 19:00:00
4913,916,3324,1176,1168,2026-04-24 19:00:00
4914,896,3324,1315,1323,2026-04-24 19:00:00
4915,1810,3326,1907,1913,2026-04-24 19:00:00
4916,1961,3326,1735,1729,2026-04-24 19:00:00
4917,689,3328,1157,1151,2026-04-24 19:00:00
4918,2031,3328,1372,1377,2026-04-24 19:00:00
4919,1807,3330,1276,1286,2026-04-24 19:00:00
4920,1936,3330,1223,1213,2026-04-24 19:00:00
4921,1364,3332,1597,1614,2026-04-24 19:00:00
4922,2481,3332,1729,1713,2026-04-24 19:00:00
4923,2044,3336,1543,1551,2026-04-24 19:00:00
4924,601,3336,1408,1400,2026-04-24 19:00:00
4925,1148,3337,1532,1549,2026-04-24 19:00:00
4926,626,3337,1685,1668,2026-04-24 19:00:00
4927,525,3338,1588,1596,2026-04-24 19:00:00
4928,2027,3338,1477,1469,2026-04-24 19:00:00
4929,2355,3339,1700,1688,2026-04-24 19:00:00
4930,1030,3339,1700,1712,2026-04-24 19:00:00
4931,269,3341,1369,1361,2026-04-24 19:00:00
4932,708,3341,1485,1493,2026-04-24 19:00:00
4933,2225,3342,2266,2268,2026-04-24 20:00:00
4934,1163,3342,1878,1876,2026-04-24 20:00:00
4935,434,3343,1648,1655,2026-04-24 20:00:00
4936,1198,3343,1511,1503,2026-04-24 20:00:00
4937,1022,3344,1524,1532,2026-04-24 20:00:00
4938,536,3344,1389,1381,2026-04-24 20:00:00
4939,1213,3346,1626,1618,2026-04-24 20:00:00
4940,947,3346,1748,1756,2026-04-24 20:00:00
4941,1777,3349,1142,1132,2026-04-24 20:00:00
4942,1791,3349,1200,1210,2026-04-24 20:00:00
4943,1691,3350,1198,1186,2026-04-24 20:00:00
4944,1184,3350,1194,1206,2026-04-24 20:00:00
4945,1965,3354,1864,1876,2026-04-24 21:00:00
4946,1163,3354,1876,1863,2026-04-24 21:00:00
4947,91,3355,1394,1379,2026-04-24 21:00:00
4948,1946,3355,1289,1304,2026-04-24 21:00:00
4949,1218,3357,1224,1222,2026-04-24 21:00:00
4950,1522,3357,1643,1645,2026-04-24 21:00:00
4951,2433,3358,1144,1138,2026-04-24 21:00:00
4952,1233,3358,1340,1346,2026-04-24 21:00:00
4953,1495,3359,1464,1478,2026-04-24 21:00:00
4954,2357,3359,1510,1496,2026-04-24 21:00:00
4955,1737,3360,1510,1503,2026-04-24 21:00:00
4956,1414,3360,1641,1649,2026-04-24 21:00:00
4957,2486,3363,1420,1428,2026-04-24 21:00:00
4958,1611,3363,1313,1305,2026-04-24 21:00:00
4959,249,3364,1864,1849,2026-04-24 21:00:00
4960,1708,3364,1772,1787,2026-04-24 21:00:00
4961,1715,3367,1836,1842,2026-04-24 21:00:00
4962,335,3367,1669,1662,2026-04-24 21:00:00
4963,1079,3368,1751,1764,2026-04-24 21:00:00
4964,363,3368,1759,1746,2026-04-24 21:00:00
4965,1946,3370,1304,1297,2026-04-24 22:00:00
4966,1944,3370,1451,1458,2026-04-24 22:00:00
4967,1365,3371,1727,1730,2026-04-24 22:00:00
4968,952,3371,1416,1413,2026-04-24 22:00:00
4969,1172,3372,1637,1644,2026-04-24 22:00:00
4970,1737,3372,1503,1495,2026-04-24 22:00:00
4971,1522,3373,1645,1654,2026-04-24 22:00:00
4972,1723,3373,1536,1528,2026-04-24 22:00:00
4973,1480,3376,1340,1352,2026-04-24 22:00:00
4974,1599,3376,1343,1331,2026-04-24 22:00:00
4975,873,3377,1716,1725,2026-04-24 22:00:00
4976,1364,3377,1614,1605,2026-04-24 22:00:00
4977,873,3378,1725,1711,2026-04-24 22:00:00
4978,561,3378,1679,1693,2026-04-24 22:00:00
4979,921,3379,1230,1219,2026-04-24 22:00:00
4980,1807,3379,1286,1296,2026-04-24 22:00:00
4981,1223,3381,1547,1560,2026-04-24 22:00:00
4982,1993,3381,1570,1557,2026-04-24 22:00:00
4983,1249,3382,1427,1418,2026-04-24 22:00:00
4984,1748,3382,1521,1530,2026-04-24 22:00:00
4985,647,3383,1711,1696,2026-04-24 22:00:00
4986,13,3383,1648,1662,2026-04-24 22:00:00
4987,401,3384,1538,1545,2026-04-24 23:00:00
4988,1321,3384,1385,1378,2026-04-24 23:00:00
4989,144,3385,1335,1328,2026-04-24 23:00:00
4990,722,3385,1480,1487,2026-04-24 23:00:00
4991,656,3387,1463,1448,2026-04-24 23:00:00
4992,2109,3387,1379,1394,2026-04-24 23:00:00
4993,2455,3388,1452,1442,2026-04-24 23:00:00
4994,2434,3388,1510,1520,2026-04-24 23:00:00
4995,1284,3389,1640,1649,2026-04-24 23:00:00
4996,114,3389,1552,1543,2026-04-24 23:00:00
4997,529,3391,1553,1561,2026-04-25 00:00:00
4998,1145,3391,1424,1416,2026-04-25 00:00:00
4999,787,3392,1795,1806,2026-04-25 01:00:00
5000,816,3392,1784,1773,2026-04-25 01:00:00
5001,952,3393,1413,1405,2026-04-25 01:00:00
5002,1028,3393,1542,1549,2026-04-25 01:00:00
5003,1536,3394,1921,1929,2026-04-25 01:00:00
5004,654,3394,1771,1764,2026-04-25 01:00:00
5005,2128,3395,1427,1441,2026-04-25 09:00:00
5006,99,3395,1502,1488,2026-04-25 09:00:00
5007,2473,3397,1427,1417,2026-04-25 10:00:00
5008,1299,3397,1468,1478,2026-04-25 10:00:00
5009,1708,3399,1787,1796,2026-04-25 11:00:00
5010,1602,3399,1683,1675,2026-04-25 11:00:00
5011,2453,3400,1254,1262,2026-04-25 11:00:00
5012,2110,3400,1116,1108,2026-04-25 11:00:00
5013,2244,3401,1277,1287,2026-04-25 11:00:00
5014,826,3401,1229,1219,2026-04-25 11:00:00
5015,2390,3402,1511,1499,2026-04-25 12:00:00
5016,1645,3402,1538,1549,2026-04-25 12:00:00
5017,1036,3405,1020,1018,2026-04-25 13:00:00
5018,1447,3405,1420,1422,2026-04-25 13:00:00
5019,453,3406,1223,1216,2026-04-25 13:00:00
5020,145,3406,1367,1374,2026-04-25 13:00:00
5021,689,3407,1151,1146,2026-04-25 13:00:00
5022,2363,3407,1364,1369,2026-04-25 13:00:00
5023,911,3408,1585,1575,2026-04-25 13:00:00
5024,2170,3408,1662,1671,2026-04-25 13:00:00
5025,2475,3409,1730,1738,2026-04-25 13:00:00
5026,2026,3409,1630,1621,2026-04-25 13:00:00
5027,1173,3410,1521,1513,2026-04-25 13:00:00
5028,13,3410,1662,1669,2026-04-25 13:00:00
5029,2227,3412,1854,1842,2026-04-25 14:00:00
5030,1163,3412,1863,1875,2026-04-25 14:00:00
5031,28,3413,1793,1778,2026-04-25 14:00:00
5032,2481,3413,1713,1728,2026-04-25 14:00:00
5033,807,3416,1317,1303,2026-04-25 15:00:00
5034,646,3416,1246,1261,2026-04-25 15:00:00
5035,2186,3417,1686,1693,2026-04-25 15:00:00
5036,1169,3417,1514,1508,2026-04-25 15:00:00
5037,370,3418,1221,1210,2026-04-25 15:00:00
5038,2373,3418,1254,1265,2026-04-25 15:00:00
5039,1053,3419,1672,1682,2026-04-25 15:00:00
5040,2409,3419,1618,1608,2026-04-25 15:00:00
5041,1354,3421,1763,1774,2026-04-25 17:00:00
5042,664,3421,1750,1738,2026-04-25 17:00:00
5043,2056,3422,1116,1125,2026-04-25 17:00:00
5044,1036,3422,1018,1010,2026-04-25 17:00:00
5045,1763,3423,1410,1400,2026-04-25 17:00:00
5046,2436,3423,1455,1465,2026-04-25 17:00:00
5047,1549,3424,1880,1887,2026-04-25 17:00:00
5048,664,3424,1738,1731,2026-04-25 17:00:00
5049,1919,3425,1532,1541,2026-04-25 17:00:00
5050,2004,3425,1442,1433,2026-04-25 17:00:00
5051,1367,3426,1720,1727,2026-04-25 17:00:00
5052,2369,3426,1541,1535,2026-04-25 17:00:00
5053,1961,3427,1729,1714,2026-04-25 17:00:00
5054,1414,3427,1649,1663,2026-04-25 17:00:00
5055,2337,3428,1402,1411,2026-04-25 17:00:00
5056,886,3428,1322,1313,2026-04-25 17:00:00
5057,1633,3429,1380,1395,2026-04-25 17:00:00
5058,258,3429,1467,1452,2026-04-25 17:00:00
5059,190,3431,1267,1259,2026-04-25 17:00:00
5060,1256,3431,1389,1397,2026-04-25 17:00:00
5061,1836,3432,1334,1347,2026-04-25 18:00:00
5062,1953,3432,1350,1338,2026-04-25 18:00:00
5063,2309,3433,1719,1706,2026-04-25 18:00:00
5064,2087,3433,1663,1677,2026-04-25 18:00:00
5065,1791,3434,1210,1223,2026-04-25 18:00:00
5066,685,3434,1242,1228,2026-04-25 18:00:00
5067,1820,3436,1297,1290,2026-04-25 18:00:00
5068,2455,3436,1442,1450,2026-04-25 18:00:00
5069,1614,3437,1408,1397,2026-04-25 18:00:00
5070,860,3437,1427,1438,2026-04-25 18:00:00
5071,1533,3438,1440,1432,2026-04-25 18:00:00
5072,345,3438,1572,1580,2026-04-25 18:00:00
5073,109,3440,1899,1902,2026-04-25 19:00:00
5074,1022,3440,1532,1529,2026-04-25 19:00:00
5075,538,3442,1640,1647,2026-04-25 19:00:00
5076,1890,3442,1491,1484,2026-04-25 19:00:00
5077,2056,3443,1125,1112,2026-04-25 19:00:00
5078,209,3443,1106,1119,2026-04-25 19:00:00
5079,2120,3444,1744,1752,2026-04-25 19:00:00
5080,1721,3444,1638,1629,2026-04-25 19:00:00
5081,2281,3445,1636,1627,2026-04-25 19:00:00
5082,1367,3445,1727,1736,2026-04-25 19:00:00
5083,1961,3446,1714,1703,2026-04-25 19:00:00
5084,2120,3446,1752,1763,2026-04-25 19:00:00
5085,737,3447,1470,1482,2026-04-25 19:00:00
5086,255,3447,1463,1451,2026-04-25 19:00:00
5087,1482,3449,1698,1703,2026-04-25 19:00:00
5088,938,3449,1452,1447,2026-04-25 19:00:00
5089,1837,3450,1608,1593,2026-04-25 19:00:00
5090,645,3450,1528,1543,2026-04-25 19:00:00
5091,639,3451,1492,1476,2026-04-25 19:00:00
5092,1884,3451,1374,1390,2026-04-25 19:00:00
5093,2164,3452,1381,1374,2026-04-25 19:00:00
5094,1448,3452,1510,1518,2026-04-25 19:00:00
5095,1053,3453,1682,1689,2026-04-25 19:00:00
5096,1433,3453,1533,1526,2026-04-25 19:00:00
5097,1360,3454,1733,1728,2026-04-25 19:00:00
5098,1700,3454,1993,1998,2026-04-25 19:00:00
5099,2310,3455,1839,1842,2026-04-25 19:00:00
5100,937,3455,1498,1495,2026-04-25 19:00:00
5101,913,3456,1192,1185,2026-04-25 19:00:00
5102,1672,3456,1330,1337,2026-04-25 19:00:00
5103,192,3457,1229,1244,2026-04-25 19:00:00
5104,2192,3457,1319,1304,2026-04-25 19:00:00
5105,2306,3458,1125,1118,2026-04-25 19:00:00
5106,34,3458,1275,1282,2026-04-25 19:00:00
5107,1944,3460,1458,1449,2026-04-25 20:00:00
5108,401,3460,1545,1554,2026-04-25 20:00:00
5109,538,3461,1647,1638,2026-04-25 20:00:00
5110,2090,3461,1719,1729,2026-04-25 20:00:00
5111,1777,3463,1132,1125,2026-04-25 20:00:00
5112,2035,3463,1295,1301,2026-04-25 20:00:00
5113,2357,3465,1496,1481,2026-04-25 20:00:00
5114,1572,3465,1401,1416,2026-04-25 20:00:00
5115,123,3466,1180,1190,2026-04-25 20:00:00
5116,1777,3466,1125,1115,2026-04-25 20:00:00
5117,971,3467,1628,1614,2026-04-25 20:00:00
5118,1919,3467,1541,1556,2026-04-25 20:00:00
5119,1737,3468,1495,1499,2026-04-25 20:00:00
5120,621,3468,1197,1193,2026-04-25 20:00:00
5121,1210,3469,1158,1143,2026-04-25 20:00:00
5122,413,3469,1056,1071,2026-04-25 20:00:00
5123,1094,3470,1557,1570,2026-04-25 20:00:00
5124,431,3470,1576,1563,2026-04-25 20:00:00
5125,504,3473,1260,1270,2026-04-25 20:00:00
5126,855,3473,1211,1201,2026-04-25 20:00:00
5127,583,3475,1399,1405,2026-04-25 20:00:00
5128,1208,3475,1193,1187,2026-04-25 20:00:00
5129,701,3476,1492,1480,2026-04-25 20:00:00
5130,1861,3476,1490,1502,2026-04-25 20:00:00
5131,670,3478,1454,1445,2026-04-25 20:00:00
5132,114,3478,1543,1552,2026-04-25 20:00:00
5133,374,3479,1348,1340,2026-04-25 21:00:00
5134,1154,3479,1471,1479,2026-04-25 21:00:00
5135,1946,3480,1297,1310,2026-04-25 21:00:00
5136,374,3480,1340,1327,2026-04-25 21:00:00
5137,1603,3481,1482,1474,2026-04-25 21:00:00
5138,1213,3481,1618,1625,2026-04-25 21:00:00
5139,2369,3482,1535,1525,2026-04-25 21:00:00
5140,1915,3482,1592,1602,2026-04-25 21:00:00
5141,1480,3486,1352,1343,2026-04-25 21:00:00
5142,82,3486,1451,1460,2026-04-25 21:00:00
5143,1519,3487,1609,1594,2026-04-25 21:00:00
5144,1927,3487,1530,1544,2026-04-25 21:00:00
5145,654,3490,1764,1773,2026-04-25 21:00:00
5146,362,3490,1678,1669,2026-04-25 21:00:00
5147,1766,3491,1221,1214,2026-04-25 21:00:00
5148,210,3491,1368,1375,2026-04-25 21:00:00
5149,2095,3492,1603,1612,2026-04-25 22:00:00
5150,1198,3492,1503,1495,2026-04-25 22:00:00
5151,1022,3493,1529,1545,2026-04-25 22:00:00
5152,2024,3493,1665,1648,2026-04-25 22:00:00
5153,1953,3494,1338,1324,2026-04-25 22:00:00
5154,1644,3494,1285,1299,2026-04-25 22:00:00
5155,311,3495,1223,1211,2026-04-25 22:00:00
5156,685,3495,1228,1240,2026-04-25 22:00:00
5157,1113,3496,1389,1378,2026-04-25 22:00:00
5158,1548,3496,1404,1415,2026-04-25 22:00:00
5159,1631,3497,1878,1889,2026-04-25 22:00:00
5160,676,3497,1834,1824,2026-04-25 22:00:00
5161,685,3498,1240,1252,2026-04-25 22:00:00
5162,1218,3498,1222,1211,2026-04-25 22:00:00
5163,1367,3499,1736,1744,2026-04-25 22:00:00
5164,1213,3499,1625,1617,2026-04-25 22:00:00
5165,2151,3500,1854,1864,2026-04-25 22:00:00
5166,2213,3500,1783,1774,2026-04-25 22:00:00
5167,1257,3503,1527,1517,2026-04-25 22:00:00
5168,985,3503,1594,1604,2026-04-25 22:00:00
5169,1946,3505,1310,1300,2026-04-25 23:00:00
5170,1836,3505,1347,1358,2026-04-25 23:00:00
5171,1663,3506,1689,1679,2026-04-25 23:00:00
5172,1261,3506,1738,1748,2026-04-25 23:00:00
5173,1566,3507,1907,1893,2026-04-25 23:00:00
5174,1502,3507,1860,1873,2026-04-25 23:00:00
5175,2170,3508,1671,1659,2026-04-25 23:00:00
5176,240,3508,1652,1664,2026-04-25 23:00:00
5177,1633,3509,1395,1381,2026-04-25 23:00:00
5178,2067,3509,1358,1372,2026-04-25 23:00:00
5179,1574,3511,1752,1736,2026-04-25 23:00:00
5180,1752,3511,1640,1656,2026-04-25 23:00:00
5181,2225,3512,2268,2268,2026-04-26 00:00:00
5182,480,3512,1366,1366,2026-04-26 00:00:00
5183,119,3513,1522,1514,2026-04-26 00:00:00
5184,2024,3513,1648,1656,2026-04-26 00:00:00
5185,2284,3515,1520,1507,2026-04-26 00:00:00
5186,1359,3515,1502,1514,2026-04-26 00:00:00
5187,536,3516,1381,1373,2026-04-26 01:00:00
5188,446,3516,1493,1501,2026-04-26 01:00:00
5189,1808,3517,1508,1499,2026-04-26 01:00:00
5190,2095,3517,1612,1620,2026-04-26 01:00:00
5191,816,3518,1773,1786,2026-04-26 01:00:00
5192,2180,3518,1803,1790,2026-04-26 01:00:00
5193,910,3519,1678,1692,2026-04-26 10:00:00
5194,664,3519,1731,1717,2026-04-26 10:00:00
5195,1839,3520,1395,1411,2026-04-26 10:00:00
5196,1402,3520,1533,1517,2026-04-26 10:00:00
5197,1687,3522,2075,2062,2026-04-26 13:00:00
5198,1144,3522,2045,2058,2026-04-26 13:00:00
5199,1374,3523,1115,1110,2026-04-26 13:00:00
5200,144,3523,1328,1333,2026-04-26 13:00:00
5201,816,3524,1786,1793,2026-04-26 13:00:00
5202,538,3524,1638,1631,2026-04-26 13:00:00
5203,1946,3525,1300,1309,2026-04-26 13:00:00
5204,775,3525,1216,1207,2026-04-26 13:00:00
5205,1228,3527,1140,1130,2026-04-26 14:00:00
5206,1292,3527,1198,1208,2026-04-26 14:00:00
5207,694,3528,1208,1201,2026-04-26 14:00:00
5208,2092,3528,1356,1363,2026-04-26 14:00:00
5209,1365,3529,1730,1739,2026-04-26 14:00:00
5210,2095,3529,1620,1612,2026-04-26 14:00:00
5211,1710,3530,1266,1282,2026-04-26 14:00:00
5212,1113,3530,1378,1362,2026-04-26 14:00:00
5213,1480,3531,1343,1357,2026-04-26 14:00:00
5214,1003,3531,1396,1383,2026-04-26 14:00:00
5215,160,3532,1919,1903,2026-04-26 14:00:00
5216,368,3532,1795,1811,2026-04-26 14:00:00
5217,269,3534,1361,1355,2026-04-26 14:00:00
5218,197,3534,1553,1559,2026-04-26 14:00:00
5219,664,3535,1717,1709,2026-04-26 15:00:00
5220,2227,3535,1842,1850,2026-04-26 15:00:00
5221,1028,3536,1549,1534,2026-04-26 15:00:00
5222,643,3536,1444,1459,2026-04-26 15:00:00
5223,255,3537,1451,1464,2026-04-26 15:00:00
5224,1495,3537,1478,1465,2026-04-26 15:00:00
5225,461,3540,1596,1611,2026-04-26 15:00:00
5226,678,3540,1663,1649,2026-04-26 15:00:00
5227,2181,3541,1717,1700,2026-04-26 15:00:00
5228,1343,3541,1552,1569,2026-04-26 15:00:00
5229,1080,3542,1626,1635,2026-04-26 15:00:00
5230,1148,3542,1549,1539,2026-04-26 15:00:00
5231,878,3543,1517,1511,2026-04-26 15:00:00
5232,2355,3543,1688,1695,2026-04-26 15:00:00
5233,455,3544,1303,1290,2026-04-26 15:00:00
5234,190,3544,1259,1273,2026-04-26 15:00:00
5235,1365,3545,1739,1730,2026-04-26 16:00:00
5236,1870,3545,1833,1842,2026-04-26 16:00:00
5237,1495,3546,1465,1473,2026-04-26 16:00:00
5238,743,3546,1340,1332,2026-04-26 16:00:00
5239,67,3549,1255,1268,2026-04-26 16:00:00
5240,2426,3549,1289,1276,2026-04-26 16:00:00
5241,1321,3550,1378,1387,2026-04-26 17:00:00
5242,1644,3550,1299,1289,2026-04-26 17:00:00
5243,538,3551,1631,1635,2026-04-26 17:00:00
5244,815,3551,1383,1379,2026-04-26 17:00:00
5245,98,3556,1622,1630,2026-04-26 17:00:00
5246,1545,3556,1484,1477,2026-04-26 17:00:00
5247,749,3557,1603,1594,2026-04-26 17:00:00
5248,247,3557,1690,1699,2026-04-26 17:00:00
5249,197,3558,1559,1545,2026-04-26 17:00:00
5250,1173,3558,1513,1527,2026-04-26 17:00:00
5251,255,3559,1464,1457,2026-04-26 18:00:00
5252,1915,3559,1602,1610,2026-04-26 18:00:00
5253,2379,3560,1962,1948,2026-04-26 18:00:00
5254,1631,3560,1889,1903,2026-04-26 18:00:00
5255,1303,3562,1412,1424,2026-04-26 18:00:00
5256,2337,3562,1411,1400,2026-04-26 18:00:00
5257,615,3563,1689,1694,2026-04-26 18:00:00
5258,966,3563,1446,1441,2026-04-26 18:00:00
5259,2310,3565,1842,1852,2026-04-26 18:00:00
5260,28,3565,1778,1768,2026-04-26 18:00:00
5261,2149,3566,1311,1298,2026-04-26 18:00:00
5262,34,3566,1282,1295,2026-04-26 18:00:00
5263,985,3567,1604,1618,2026-04-26 18:00:00
5264,425,3567,1660,1646,2026-04-26 18:00:00
5265,1206,3568,1592,1581,2026-04-26 18:00:00
5266,1317,3568,1604,1616,2026-04-26 18:00:00
5267,1530,3569,1607,1617,2026-04-26 18:00:00
5268,114,3569,1552,1542,2026-04-26 18:00:00
5269,1282,3570,1624,1634,2026-04-26 18:00:00
5270,749,3570,1594,1583,2026-04-26 18:00:00
5271,434,3571,1655,1647,2026-04-26 19:00:00
5272,1789,3571,1775,1783,2026-04-26 19:00:00
5273,1944,3573,1449,1462,2026-04-26 19:00:00
5274,1154,3573,1479,1466,2026-04-26 19:00:00
5275,2344,3575,1454,1438,2026-04-26 19:00:00
5276,713,3575,1333,1349,2026-04-26 19:00:00
5277,2452,3578,1513,1523,2026-04-26 19:00:00
5278,2455,3578,1450,1440,2026-04-26 19:00:00
5279,2215,3579,1854,1840,2026-04-26 19:00:00
5280,1886,3579,1787,1801,2026-04-26 19:00:00
5281,579,3582,1418,1405,2026-04-26 19:00:00
5282,2246,3582,1394,1406,2026-04-26 19:00:00
5283,198,3583,1597,1581,2026-04-26 20:00:00
5284,261,3583,1464,1481,2026-04-26 20:00:00
5285,1354,3584,1774,1783,2026-04-26 20:00:00
5286,1220,3584,1681,1672,2026-04-26 20:00:00
5287,787,3585,1806,1808,2026-04-26 20:00:00
5288,1018,3585,1384,1382,2026-04-26 20:00:00
5289,2471,3586,1582,1590,2026-04-26 20:00:00
5290,1269,3586,1449,1441,2026-04-26 20:00:00
5291,1836,3587,1358,1349,2026-04-26 20:00:00
5292,1944,3587,1462,1471,2026-04-26 20:00:00
5293,2357,3591,1481,1494,2026-04-26 20:00:00
5294,1929,3591,1504,1491,2026-04-26 20:00:00
5295,2224,3592,1468,1480,2026-04-26 20:00:00
5296,737,3592,1482,1470,2026-04-26 20:00:00
5297,2121,3593,1192,1184,2026-04-26 20:00:00
5298,367,3593,1317,1325,2026-04-26 20:00:00
5299,1030,3594,1712,1703,2026-04-26 20:00:00
5300,1314,3594,1824,1832,2026-04-26 20:00:00
5301,643,3596,1459,1450,2026-04-26 21:00:00
5302,1747,3596,1550,1559,2026-04-26 21:00:00
5303,2004,3598,1433,1442,2026-04-26 21:00:00
5304,602,3598,1350,1341,2026-04-26 21:00:00
5305,1113,3599,1362,1372,2026-04-26 21:00:00
5306,1710,3599,1282,1273,2026-04-26 21:00:00
5307,971,3600,1614,1606,2026-04-26 21:00:00
5308,1681,3600,1745,1753,2026-04-26 21:00:00
5309,2224,3601,1480,1488,2026-04-26 21:00:00
5310,602,3601,1341,1333,2026-04-26 21:00:00
5311,744,3602,1794,1777,2026-04-26 21:00:00
5312,483,3602,1621,1639,2026-04-26 21:00:00
5313,615,3603,1694,1681,2026-04-26 21:00:00
5314,240,3603,1664,1677,2026-04-26 21:00:00
5315,2213,3604,1774,1781,2026-04-26 21:00:00
5316,171,3604,1629,1622,2026-04-26 21:00:00
5317,1633,3606,1381,1394,2026-04-26 21:00:00
5318,1758,3606,1383,1371,2026-04-26 21:00:00
5319,2208,3607,1522,1535,2026-04-26 21:00:00
5320,334,3607,1559,1546,2026-04-26 21:00:00
5321,192,3608,1244,1235,2026-04-26 21:00:00
5322,2399,3608,1331,1340,2026-04-26 21:00:00
5323,2261,3610,1355,1362,2026-04-26 22:00:00
5324,311,3610,1211,1204,2026-04-26 22:00:00
5325,297,3611,1797,1806,2026-04-26 22:00:00
5326,2445,3611,1691,1682,2026-04-26 22:00:00
5327,2283,3612,1004,995,2026-04-26 22:00:00
5328,200,3612,1111,1119,2026-04-26 22:00:00
5329,1495,3614,1473,1482,2026-04-26 23:00:00
5330,1262,3614,1402,1393,2026-04-26 23:00:00
5331,2183,3615,1754,1745,2026-04-26 23:00:00
5332,1039,3615,1855,1864,2026-04-26 23:00:00
5333,1720,3616,1612,1621,2026-04-26 23:00:00
5334,969,3616,1515,1506,2026-04-26 23:00:00
5335,1098,3617,1403,1397,2026-04-27 00:00:00
5336,1792,3617,1576,1582,2026-04-27 00:00:00
5337,670,3618,1445,1436,2026-04-27 00:00:00
5338,172,3618,1545,1553,2026-04-27 00:00:00
5339,209,3619,1119,1130,2026-04-27 01:00:00
5340,2056,3619,1112,1101,2026-04-27 01:00:00
5341,2012,3621,1545,1533,2026-04-27 09:00:00
5342,188,3621,1531,1544,2026-04-27 09:00:00
5343,2486,3623,1428,1420,2026-04-27 11:00:00
5344,2434,3623,1520,1529,2026-04-27 11:00:00
5345,311,3625,1204,1197,2026-04-27 12:00:00
5346,1233,3625,1346,1353,2026-04-27 12:00:00
5347,27,3627,1168,1161,2026-04-27 12:00:00
5348,886,3627,1313,1320,2026-04-27 12:00:00
5349,1602,3628,1675,1677,2026-04-27 12:00:00
5350,1807,3628,1296,1294,2026-04-27 12:00:00
5351,2225,3629,2268,2269,2026-04-27 14:00:00
5352,1022,3629,1545,1545,2026-04-27 14:00:00
5353,1737,3631,1499,1506,2026-04-27 14:00:00
5354,1233,3631,1353,1346,2026-04-27 14:00:00
5355,2459,3632,1934,1937,2026-04-27 14:00:00
5356,1837,3632,1593,1590,2026-04-27 14:00:00
5357,969,3634,1506,1521,2026-04-27 14:00:00
5358,1910,3634,1585,1570,2026-04-27 14:00:00
5359,40,3635,1916,1921,2026-04-27 15:00:00
5360,1458,3635,1682,1677,2026-04-27 15:00:00
5361,1502,3637,1873,1863,2026-04-27 16:00:00
5362,1810,3637,1913,1924,2026-04-27 16:00:00
5363,1633,3638,1394,1407,2026-04-27 16:00:00
5364,1389,3638,1444,1430,2026-04-27 16:00:00
5365,1549,3639,1887,1895,2026-04-27 17:00:00
5366,2141,3639,1752,1744,2026-04-27 17:00:00
5367,722,3640,1487,1501,2026-04-27 17:00:00
5368,1397,3640,1544,1530,2026-04-27 17:00:00
5369,1837,3641,1590,1579,2026-04-27 17:00:00
5370,2297,3641,1607,1618,2026-04-27 17:00:00
5371,442,3643,1502,1515,2026-04-27 17:00:00
5372,792,3643,1521,1509,2026-04-27 17:00:00
5373,823,3644,1050,1037,2026-04-27 17:00:00
5374,584,3644,1022,1035,2026-04-27 17:00:00
5375,1365,3645,1730,1742,2026-04-27 18:00:00
5376,2141,3645,1744,1732,2026-04-27 18:00:00
5377,2234,3647,1657,1660,2026-04-27 18:00:00
5378,1710,3647,1273,1270,2026-04-27 18:00:00
5379,334,3648,1546,1558,2026-04-27 18:00:00
5380,1938,3648,1564,1552,2026-04-27 18:00:00
5381,1173,3649,1527,1514,2026-04-27 18:00:00
5382,1856,3649,1504,1517,2026-04-27 18:00:00
5383,443,3650,1533,1522,2026-04-27 19:00:00
5384,2119,3650,1563,1574,2026-04-27 19:00:00
5385,1829,3652,1537,1547,2026-04-27 19:00:00
5386,2436,3652,1465,1456,2026-04-27 19:00:00
5387,1129,3653,1448,1463,2026-04-27 19:00:00
5388,1829,3653,1547,1532,2026-04-27 19:00:00
5389,1566,3654,1893,1906,2026-04-27 19:00:00
5390,40,3654,1921,1908,2026-04-27 19:00:00
5391,1737,3655,1506,1493,2026-04-27 19:00:00
5392,1495,3655,1482,1495,2026-04-27 19:00:00
5393,1938,3656,1552,1542,2026-04-27 19:00:00
5394,2409,3656,1608,1618,2026-04-27 19:00:00
5395,331,3657,1572,1564,2026-04-27 19:00:00
5396,561,3657,1693,1701,2026-04-27 19:00:00
5397,434,3660,1647,1660,2026-04-27 20:00:00
5398,1773,3660,1672,1659,2026-04-27 20:00:00
5399,664,3661,1709,1717,2026-04-27 20:00:00
5400,1792,3661,1582,1574,2026-04-27 20:00:00
5401,453,3662,1216,1231,2026-04-27 20:00:00
5402,319,3662,1319,1304,2026-04-27 20:00:00
5403,2004,3665,1442,1450,2026-04-27 20:00:00
5404,319,3665,1304,1296,2026-04-27 20:00:00
5405,1163,3667,1875,1882,2026-04-27 21:00:00
5406,2090,3667,1729,1722,2026-04-27 21:00:00
5407,1163,3668,1882,1869,2026-04-27 21:00:00
5408,2304,3668,1836,1850,2026-04-27 21:00:00
5409,1773,3669,1659,1669,2026-04-27 21:00:00
5410,198,3669,1581,1571,2026-04-27 21:00:00
5411,234,3670,1680,1669,2026-04-27 21:00:00
5412,493,3670,1692,1704,2026-04-27 21:00:00
5413,1572,3671,1416,1408,2026-04-27 21:00:00
5414,1561,3671,1529,1537,2026-04-27 21:00:00
5415,1170,3673,1515,1523,2026-04-27 21:00:00
5416,2109,3673,1394,1386,2026-04-27 21:00:00
5417,245,3676,1130,1123,2026-04-27 21:00:00
5418,504,3676,1270,1278,2026-04-27 21:00:00
5419,2190,3677,1478,1463,2026-04-27 21:00:00
5420,1884,3677,1390,1405,2026-04-27 21:00:00
5421,76,3678,1749,1759,2026-04-27 21:00:00
5422,2355,3678,1695,1685,2026-04-27 21:00:00
5423,1261,3679,1748,1758,2026-04-27 22:00:00
5424,1773,3679,1669,1659,2026-04-27 22:00:00
5425,664,3680,1717,1724,2026-04-27 22:00:00
5426,198,3680,1571,1564,2026-04-27 22:00:00
5427,234,3681,1669,1654,2026-04-27 22:00:00
5428,1915,3681,1610,1624,2026-04-27 22:00:00
5429,971,3682,1606,1599,2026-04-27 22:00:00
5430,174,3682,1755,1762,2026-04-27 22:00:00
5431,1060,3685,1726,1712,2026-04-27 22:00:00
5432,1119,3685,1675,1689,2026-04-27 22:00:00
5433,1129,3686,1463,1454,2026-04-27 23:00:00
5434,1028,3686,1534,1543,2026-04-27 23:00:00
5435,1686,3688,1711,1703,2026-04-28 00:00:00
5436,2215,3688,1840,1847,2026-04-28 00:00:00
5437,538,3690,1635,1640,2026-04-28 09:00:00
5438,1763,3690,1400,1395,2026-04-28 09:00:00
5439,1915,3691,1624,1632,2026-04-28 10:00:00
5440,649,3691,1512,1504,2026-04-28 10:00:00
5441,664,3692,1724,1714,2026-04-28 12:00:00
5442,2180,3692,1790,1799,2026-04-28 12:00:00
5443,1145,3693,1416,1435,2026-04-28 12:00:00
5444,1986,3693,1645,1626,2026-04-28 12:00:00
5445,1458,3694,1677,1660,2026-04-28 12:00:00
5446,1561,3694,1537,1554,2026-04-28 12:00:00
5447,327,3695,1106,1119,2026-04-28 12:00:00
5448,1949,3695,1141,1128,2026-04-28 12:00:00
5449,2455,3696,1440,1433,2026-04-28 12:00:00
5450,1519,3696,1594,1601,2026-04-28 12:00:00
5451,656,3698,1448,1436,2026-04-28 13:00:00
5452,1499,3698,1459,1470,2026-04-28 13:00:00
5453,970,3699,1625,1611,2026-04-28 14:00:00
5454,431,3699,1563,1577,2026-04-28 14:00:00
5455,1599,3700,1331,1315,2026-04-28 15:00:00
5456,1936,3700,1213,1229,2026-04-28 15:00:00
5457,1965,3702,1876,1886,2026-04-28 16:00:00
5458,787,3702,1808,1799,2026-04-28 16:00:00
5459,1592,3704,1556,1540,2026-04-28 17:00:00
5460,1269,3704,1441,1457,2026-04-28 17:00:00
5461,775,3705,1207,1197,2026-04-28 17:00:00
5462,2348,3705,1253,1263,2026-04-28 17:00:00
5463,1126,3707,1873,1877,2026-04-28 17:00:00
5464,1213,3707,1617,1612,2026-04-28 17:00:00
5465,938,3708,1447,1432,2026-04-28 17:00:00
5466,2363,3708,1369,1384,2026-04-28 17:00:00
5467,1708,3709,1796,1804,2026-04-28 17:00:00
5468,1602,3709,1677,1669,2026-04-28 17:00:00
5469,2245,3710,1791,1800,2026-04-28 17:00:00
5470,247,3710,1699,1690,2026-04-28 17:00:00
5471,1530,3711,1617,1608,2026-04-28 17:00:00
5472,1030,3711,1703,1713,2026-04-28 17:00:00
5473,643,3713,1450,1438,2026-04-28 18:00:00
5474,2436,3713,1456,1467,2026-04-28 18:00:00
5475,27,3715,1161,1158,2026-04-28 18:00:00
5476,1402,3715,1517,1519,2026-04-28 18:00:00
5477,924,3716,1623,1640,2026-04-28 18:00:00
5478,654,3716,1773,1757,2026-04-28 18:00:00
5479,98,3717,1630,1633,2026-04-28 18:00:00
5480,1677,3717,1298,1295,2026-04-28 18:00:00
5481,2303,3718,1442,1435,2026-04-28 18:00:00
5482,343,3718,1575,1583,2026-04-28 18:00:00
5483,1644,3720,1289,1279,2026-04-28 19:00:00
5484,1341,3720,1347,1357,2026-04-28 19:00:00
5485,1810,3721,1924,1935,2026-04-28 19:00:00
5486,1631,3721,1903,1892,2026-04-28 19:00:00
5487,234,3722,1654,1665,2026-04-28 19:00:00
5488,1213,3722,1612,1602,2026-04-28 19:00:00
5489,515,3724,1370,1360,2026-04-28 19:00:00
5490,1303,3724,1424,1434,2026-04-28 19:00:00
5491,938,3725,1432,1436,2026-04-28 19:00:00
5492,327,3725,1119,1116,2026-04-28 19:00:00
5493,583,3726,1405,1393,2026-04-28 19:00:00
5494,1493,3726,1404,1416,2026-04-28 19:00:00
5495,380,3727,1423,1431,2026-04-28 19:00:00
5496,34,3727,1295,1287,2026-04-28 19:00:00
5497,1223,3728,1560,1571,2026-04-28 19:00:00
5498,295,3728,1534,1523,2026-04-28 19:00:00
5499,1277,3729,1505,1493,2026-04-28 19:00:00
5500,2025,3729,1497,1509,2026-04-28 19:00:00
5501,2024,3730,1656,1648,2026-04-28 20:00:00
5502,1789,3730,1783,1791,2026-04-28 20:00:00
5503,2309,3732,1706,1697,2026-04-28 20:00:00
5504,651,3732,1803,1811,2026-04-28 20:00:00
5505,192,3734,1235,1247,2026-04-28 20:00:00
5506,509,3734,1247,1235,2026-04-28 20:00:00
5507,807,3735,1303,1298,2026-04-28 21:00:00
5508,1397,3735,1530,1535,2026-04-28 21:00:00
5509,1126,3737,1877,1886,2026-04-28 21:00:00
5510,2120,3737,1763,1755,2026-04-28 21:00:00
5511,1631,3738,1892,1899,2026-04-28 21:00:00
5512,1681,3738,1753,1745,2026-04-28 21:00:00
5513,1723,3739,1528,1539,2026-04-28 21:00:00
5514,1179,3739,1511,1500,2026-04-28 21:00:00
5515,1391,3740,1755,1744,2026-04-28 21:00:00
5516,2213,3740,1781,1792,2026-04-28 21:00:00
5517,1884,3741,1405,1418,2026-04-28 21:00:00
5518,2455,3741,1433,1420,2026-04-28 21:00:00
5519,2181,3742,1700,1702,2026-04-28 21:00:00
5520,2192,3742,1304,1302,2026-04-28 21:00:00
5521,2399,3743,1340,1331,2026-04-28 21:00:00
5522,860,3743,1438,1447,2026-04-28 21:00:00
5523,186,3744,1618,1608,2026-04-28 21:00:00
5524,335,3744,1662,1673,2026-04-28 21:00:00
5525,2142,3746,1604,1616,2026-04-28 22:00:00
5526,450,3746,1604,1592,2026-04-28 22:00:00
5527,2095,3747,1612,1620,2026-04-28 22:00:00
5528,1890,3747,1484,1476,2026-04-28 22:00:00
5529,453,3749,1231,1221,2026-04-28 22:00:00
5530,319,3749,1296,1306,2026-04-28 22:00:00
5531,1113,3750,1372,1360,2026-04-28 22:00:00
5532,992,3750,1381,1393,2026-04-28 22:00:00
5533,2063,3752,1218,1211,2026-04-28 22:00:00
5534,2031,3752,1377,1384,2026-04-28 22:00:00
5535,1856,3755,1517,1507,2026-04-28 22:00:00
5536,85,3755,1572,1582,2026-04-28 22:00:00
5537,1354,3756,1783,1767,2026-04-28 23:00:00
5538,538,3756,1640,1657,2026-04-28 23:00:00
5539,1144,3757,2058,2062,2026-04-28 23:00:00
5540,1354,3757,1767,1763,2026-04-28 23:00:00
5541,1163,3758,1869,1854,2026-04-28 23:00:00
5542,159,3758,1798,1813,2026-04-28 23:00:00
5543,1723,3759,1539,1531,2026-04-28 23:00:00
5544,1458,3759,1660,1668,2026-04-28 23:00:00
5545,2348,3760,1263,1255,2026-04-29 00:00:00
5546,1018,3760,1382,1390,2026-04-29 00:00:00
5547,1601,3761,1403,1417,2026-04-29 00:00:00
5548,2196,3761,1465,1451,2026-04-29 00:00:00
5549,2024,3762,1648,1639,2026-04-29 01:00:00
5550,2090,3762,1722,1731,2026-04-29 01:00:00
5551,2393,3764,1850,1861,2026-04-29 10:00:00
5552,297,3764,1806,1795,2026-04-29 10:00:00
5553,367,3766,1325,1316,2026-04-29 10:00:00
5554,1329,3766,1404,1413,2026-04-29 10:00:00
5555,2126,3767,1510,1495,2026-04-29 12:00:00
5556,2212,3767,1431,1446,2026-04-29 12:00:00
5557,529,3768,1561,1568,2026-04-29 12:00:00
5558,643,3768,1438,1431,2026-04-29 12:00:00
5559,297,3769,1795,1804,2026-04-29 12:00:00
5560,1482,3769,1703,1694,2026-04-29 12:00:00
5561,2127,3770,1641,1634,2026-04-29 12:00:00
5562,368,3770,1811,1818,2026-04-29 12:00:00
5563,2121,3771,1184,1182,2026-04-29 12:00:00
5564,2171,3771,1540,1543,2026-04-29 12:00:00
5565,1374,3773,1110,1101,2026-04-29 13:00:00
5566,694,3773,1201,1210,2026-04-29 13:00:00
5567,1126,3774,1886,1893,2026-04-29 13:00:00
5568,1681,3774,1745,1738,2026-04-29 13:00:00
5569,1172,3775,1644,1656,2026-04-29 13:00:00
5570,1915,3775,1632,1620,2026-04-29 13:00:00
5571,1470,3776,1712,1725,2026-04-29 13:00:00
5572,221,3776,1751,1738,2026-04-29 13:00:00
5573,816,3777,1793,1798,2026-04-29 14:00:00
5574,198,3777,1564,1559,2026-04-29 14:00:00
5575,916,3778,1168,1155,2026-04-29 14:00:00
5576,1777,3778,1115,1129,2026-04-29 14:00:00
5577,737,3782,1470,1482,2026-04-29 15:00:00
5578,2268,3782,1476,1463,2026-04-29 15:00:00
5579,28,3783,1768,1777,2026-04-29 15:00:00
5580,2167,3783,1688,1678,2026-04-29 15:00:00
5581,1126,3784,1893,1878,2026-04-29 16:00:00
5582,651,3784,1811,1826,2026-04-29 16:00:00
5583,2169,3785,1660,1671,2026-04-29 16:00:00
5584,2281,3785,1627,1616,2026-04-29 16:00:00
5585,2496,3787,2073,2075,2026-04-29 17:00:00
5586,2234,3787,1660,1658,2026-04-29 17:00:00
5587,1949,3789,1128,1119,2026-04-29 17:00:00
5588,370,3789,1210,1219,2026-04-29 17:00:00
5589,1292,3792,1208,1198,2026-04-29 18:00:00
5590,646,3792,1261,1271,2026-04-29 18:00:00
5591,2113,3796,1671,1681,2026-04-29 18:00:00
5592,186,3796,1608,1598,2026-04-29 18:00:00
5593,2267,3797,1543,1534,2026-04-29 18:00:00
5594,158,3797,1655,1664,2026-04-29 18:00:00
5595,91,3798,1379,1364,2026-04-29 19:00:00
5596,1411,3798,1300,1315,2026-04-29 19:00:00
5597,1603,3799,1474,1482,2026-04-29 19:00:00
5598,1113,3799,1360,1352,2026-04-29 19:00:00
5599,2003,3801,1538,1548,2026-04-29 19:00:00
5600,1603,3801,1482,1472,2026-04-29 19:00:00
5601,2116,3802,1548,1540,2026-04-29 19:00:00
5602,1172,3802,1656,1664,2026-04-29 19:00:00
5603,999,3803,1495,1505,2026-04-29 19:00:00
5604,1303,3803,1434,1424,2026-04-29 19:00:00
5605,1820,3804,1290,1276,2026-04-29 19:00:00
5606,1936,3804,1229,1243,2026-04-29 19:00:00
5607,937,3805,1495,1508,2026-04-29 19:00:00
5608,1448,3805,1518,1505,2026-04-29 19:00:00
5609,2077,3807,1331,1339,2026-04-29 19:00:00
5610,826,3807,1219,1210,2026-04-29 19:00:00
5611,1036,3808,1010,1004,2026-04-29 20:00:00
5612,2325,3808,1241,1246,2026-04-29 20:00:00
5613,2095,3809,1620,1610,2026-04-29 20:00:00
5614,1663,3809,1679,1689,2026-04-29 20:00:00
5615,775,3811,1197,1185,2026-04-29 20:00:00
5616,1292,3811,1198,1210,2026-04-29 20:00:00
5617,1213,3812,1602,1605,2026-04-29 20:00:00
5618,1287,3812,1261,1258,2026-04-29 20:00:00
5619,649,3813,1504,1494,2026-04-29 20:00:00
5620,1919,3813,1556,1566,2026-04-29 20:00:00
5621,1388,3814,1593,1599,2026-04-29 20:00:00
5622,1262,3814,1393,1387,2026-04-29 20:00:00
5623,886,3816,1320,1309,2026-04-29 20:00:00
5624,713,3816,1349,1360,2026-04-29 20:00:00
5625,730,3818,1266,1259,2026-04-29 20:00:00
5626,820,3818,1411,1418,2026-04-29 20:00:00
5627,2306,3820,1118,1111,2026-04-29 20:00:00
5628,1697,3820,1251,1259,2026-04-29 20:00:00
5629,1018,3824,1390,1376,2026-04-29 21:00:00
5630,993,3824,1336,1350,2026-04-29 21:00:00
5631,1462,3825,1730,1719,2026-04-29 21:00:00
5632,2252,3825,1731,1743,2026-04-29 21:00:00
5633,319,3826,1306,1301,2026-04-29 21:00:00
5634,1561,3826,1554,1558,2026-04-29 21:00:00
5635,1708,3829,1804,1808,2026-04-29 21:00:00
5636,1796,3829,1510,1506,2026-04-29 21:00:00
5637,921,3830,1219,1216,2026-04-29 21:00:00
5638,1448,3830,1505,1509,2026-04-29 21:00:00
5639,1656,3831,1581,1591,2026-04-29 21:00:00
5640,878,3831,1511,1501,2026-04-29 21:00:00
5641,1295,3832,1774,1767,2026-04-29 21:00:00
5642,2400,3832,1913,1920,2026-04-29 21:00:00
5643,1593,3835,1515,1518,2026-04-29 22:00:00
5644,694,3835,1210,1206,2026-04-29 22:00:00
5645,2024,3836,1639,1649,2026-04-29 22:00:00
5646,2471,3836,1590,1579,2026-04-29 22:00:00
5647,2357,3837,1494,1501,2026-04-29 22:00:00
5648,1113,3837,1352,1344,2026-04-29 22:00:00
5649,2183,3838,1745,1731,2026-04-29 22:00:00
5650,2167,3838,1678,1693,2026-04-29 22:00:00
5651,561,3839,1701,1712,2026-04-29 22:00:00
5652,1602,3839,1669,1658,2026-04-29 22:00:00
5653,583,3840,1393,1379,2026-04-29 22:00:00
5654,1355,3840,1355,1368,2026-04-29 22:00:00
5655,647,3841,1696,1685,2026-04-29 22:00:00
5656,876,3841,1711,1723,2026-04-29 22:00:00
5657,2003,3843,1548,1533,2026-04-29 23:00:00
5658,278,3843,1459,1474,2026-04-29 23:00:00
5659,1284,3844,1649,1659,2026-04-29 23:00:00
5660,749,3844,1583,1573,2026-04-29 23:00:00
5661,1296,3846,1022,1034,2026-04-30 01:00:00
5662,823,3846,1037,1025,2026-04-30 01:00:00
5663,1129,3847,1454,1445,2026-04-30 09:00:00
5664,1028,3847,1543,1552,2026-04-30 09:00:00
5665,2169,3851,1671,1675,2026-04-30 12:00:00
5666,836,3851,1390,1386,2026-04-30 12:00:00
5667,1522,3852,1654,1643,2026-04-30 12:00:00
5668,493,3852,1704,1714,2026-04-30 12:00:00
5669,1335,3853,1656,1646,2026-04-30 12:00:00
5670,998,3853,1719,1729,2026-04-30 12:00:00
5671,1341,3854,1357,1343,2026-04-30 13:00:00
5672,807,3854,1298,1312,2026-04-30 13:00:00
5673,1549,3855,1895,1881,2026-04-30 13:00:00
5674,2304,3855,1850,1863,2026-04-30 13:00:00
5675,911,3856,1575,1589,2026-04-30 13:00:00
5676,2297,3856,1618,1605,2026-04-30 13:00:00
5677,2417,3857,1653,1669,2026-04-30 13:00:00
5678,487,3857,1771,1755,2026-04-30 13:00:00
5679,442,3858,1515,1503,2026-04-30 14:00:00
5680,1901,3858,1506,1518,2026-04-30 14:00:00
5681,775,3859,1185,1171,2026-04-30 15:00:00
5682,1228,3859,1130,1144,2026-04-30 15:00:00
5683,787,3860,1799,1789,2026-04-30 15:00:00
5684,1163,3860,1854,1864,2026-04-30 15:00:00
5685,1756,3861,1729,1736,2026-04-30 15:00:00
5686,1417,3861,1573,1566,2026-04-30 15:00:00
5687,453,3862,1221,1213,2026-04-30 15:00:00
5688,602,3862,1333,1342,2026-04-30 15:00:00
5689,1566,3865,1906,1916,2026-04-30 16:00:00
5690,1958,3865,1848,1838,2026-04-30 16:00:00
5691,144,3866,1333,1326,2026-04-30 17:00:00
5692,1269,3866,1457,1465,2026-04-30 17:00:00
5693,1592,3867,1540,1544,2026-04-30 17:00:00
5694,646,3867,1271,1267,2026-04-30 17:00:00
5695,2090,3868,1731,1740,2026-04-30 17:00:00
5696,1986,3868,1626,1617,2026-04-30 17:00:00
5697,2496,3869,2075,2058,2026-04-30 17:00:00
5698,40,3869,1908,1925,2026-04-30 17:00:00
5699,1113,3870,1344,1337,2026-04-30 17:00:00
5700,1737,3870,1493,1500,2026-04-30 17:00:00
5701,743,3871,1332,1340,2026-04-30 17:00:00
5702,621,3871,1193,1186,2026-04-30 17:00:00
5703,558,3872,1159,1152,2026-04-30 17:00:00
5704,2483,3872,1304,1311,2026-04-30 17:00:00
5705,1820,3873,1276,1263,2026-04-30 17:00:00
5706,2453,3873,1262,1274,2026-04-30 17:00:00
5707,34,3874,1287,1273,2026-04-30 17:00:00
5708,509,3874,1235,1248,2026-04-30 17:00:00
5709,2020,3875,1755,1764,2026-04-30 17:00:00
5710,158,3875,1664,1655,2026-04-30 17:00:00
5711,1482,3878,1694,1706,2026-04-30 18:00:00
5712,615,3878,1681,1669,2026-04-30 18:00:00
5713,1883,3880,1516,1525,2026-04-30 18:00:00
5714,670,3880,1436,1427,2026-04-30 18:00:00
5715,85,3881,1582,1596,2026-04-30 18:00:00
5716,1000,3881,1625,1612,2026-04-30 18:00:00
5717,2056,3882,1101,1097,2026-04-30 19:00:00
5718,1762,3882,1384,1388,2026-04-30 19:00:00
5719,2142,3883,1616,1626,2026-04-30 19:00:00
5720,401,3883,1554,1544,2026-04-30 19:00:00
5721,529,3884,1568,1560,2026-04-30 19:00:00
5722,1663,3884,1689,1697,2026-04-30 19:00:00
5723,2095,3885,1610,1595,2026-04-30 19:00:00
5724,1592,3885,1544,1558,2026-04-30 19:00:00
5725,1548,3886,1415,1403,2026-04-30 19:00:00
5726,125,3886,1410,1422,2026-04-30 19:00:00
5727,1961,3887,1703,1696,2026-04-30 19:00:00
5728,1551,3887,1857,1864,2026-04-30 19:00:00
5729,1721,3888,1629,1637,2026-04-30 19:00:00
5730,2357,3888,1501,1493,2026-04-30 19:00:00
5731,737,3889,1482,1500,2026-04-30 19:00:00
5732,234,3889,1665,1647,2026-04-30 19:00:00
5733,2337,3890,1400,1417,2026-04-30 19:00:00
5734,549,3890,1586,1568,2026-04-30 19:00:00
5735,1645,3891,1549,1541,2026-04-30 19:00:00
5736,362,3891,1669,1677,2026-04-30 19:00:00
5737,2407,3892,1342,1338,2026-04-30 19:00:00
5738,622,3892,1640,1644,2026-04-30 19:00:00
5739,1801,3893,1381,1376,2026-04-30 19:00:00
5740,844,3893,1615,1620,2026-04-30 19:00:00
5741,1691,3894,1186,1176,2026-04-30 19:00:00
5742,2474,3894,1234,1244,2026-04-30 19:00:00
5743,1556,3896,1446,1461,2026-04-30 19:00:00
5744,295,3896,1523,1508,2026-04-30 19:00:00
5745,1357,3897,1372,1385,2026-04-30 19:00:00
5746,1489,3897,1393,1380,2026-04-30 19:00:00
5747,91,3898,1364,1353,2026-04-30 20:00:00
5748,1098,3898,1397,1408,2026-04-30 20:00:00
5749,2348,3900,1255,1244,2026-04-30 20:00:00
5750,646,3900,1267,1278,2026-04-30 20:00:00
5751,787,3901,1789,1779,2026-04-30 20:00:00
5752,2227,3901,1850,1860,2026-04-30 20:00:00
5753,1462,3902,1719,1727,2026-04-30 20:00:00
5754,2281,3902,1616,1608,2026-04-30 20:00:00
5755,1864,3903,1224,1215,2026-04-30 20:00:00
5756,2035,3903,1301,1311,2026-04-30 20:00:00
5757,2035,3904,1311,1299,2026-04-30 20:00:00
5758,2430,3904,1315,1327,2026-04-30 20:00:00
5759,2393,3906,1861,1869,2026-04-30 20:00:00
5760,1391,3906,1744,1736,2026-04-30 20:00:00
5761,1858,3909,1556,1547,2026-04-30 20:00:00
5762,158,3909,1655,1663,2026-04-30 20:00:00
5763,823,3910,1025,1020,2026-04-30 20:00:00
5764,1352,3910,1269,1274,2026-04-30 20:00:00
5765,2142,3912,1626,1634,2026-04-30 21:00:00
5766,119,3912,1514,1506,2026-04-30 21:00:00
5767,2090,3913,1740,1746,2026-04-30 21:00:00
5768,1022,3913,1545,1539,2026-04-30 21:00:00
5769,2003,3914,1533,1518,2026-04-30 21:00:00
5770,2004,3914,1450,1465,2026-04-30 21:00:00
5771,2297,3915,1605,1612,2026-04-30 21:00:00
5772,2344,3915,1438,1432,2026-04-30 21:00:00
5773,774,3916,1941,1955,2026-04-30 21:00:00
5774,1700,3916,1998,1984,2026-04-30 21:00:00
5775,295,3919,1508,1499,2026-04-30 21:00:00
5776,1656,3919,1591,1600,2026-04-30 21:00:00
5777,1944,3920,1471,1461,2026-04-30 22:00:00
5778,401,3920,1544,1554,2026-04-30 22:00:00
5779,1228,3921,1144,1158,2026-04-30 22:00:00
5780,1292,3921,1210,1196,2026-04-30 22:00:00
5781,2169,3923,1675,1684,2026-04-30 22:00:00
5782,1213,3923,1605,1595,2026-04-30 22:00:00
5783,328,3924,1351,1364,2026-04-30 22:00:00
5784,2109,3924,1386,1373,2026-04-30 22:00:00
5785,966,3925,1441,1456,2026-04-30 22:00:00
5786,645,3925,1543,1527,2026-04-30 22:00:00
5787,2145,3927,1663,1654,2026-04-30 22:00:00
5788,1685,3927,1743,1753,2026-04-30 22:00:00
5789,698,3928,1526,1542,2026-04-30 22:00:00
5790,1080,3928,1635,1620,2026-04-30 22:00:00
5791,852,3929,1428,1419,2026-04-30 22:00:00
5792,897,3929,1511,1520,2026-04-30 22:00:00
5793,1277,3930,1493,1481,2026-04-30 22:00:00
5794,1359,3930,1514,1526,2026-04-30 22:00:00
5795,295,3932,1499,1511,2026-04-30 23:00:00
5796,2320,3932,1483,1472,2026-04-30 23:00:00
5797,1022,3933,1539,1525,2026-05-01 00:00:00
5798,1269,3933,1465,1480,2026-05-01 00:00:00
5799,1574,3934,1736,1748,2026-05-01 00:00:00
5800,2475,3934,1738,1726,2026-05-01 00:00:00
5801,2090,3935,1746,1754,2026-05-01 01:00:00
5802,285,3935,1622,1614,2026-05-01 01:00:00
5803,2024,3937,1649,1663,2026-05-01 09:00:00
5804,1663,3937,1697,1683,2026-05-01 09:00:00
5805,952,3938,1405,1395,2026-05-01 10:00:00
5806,1154,3938,1466,1476,2026-05-01 10:00:00
5807,125,3939,1422,1413,2026-05-01 10:00:00
5808,1894,3939,1514,1523,2026-05-01 10:00:00
5809,1172,3940,1664,1651,2026-05-01 10:00:00
5810,1522,3940,1643,1656,2026-05-01 10:00:00
5811,2434,3941,1529,1517,2026-05-01 10:00:00
5812,2074,3941,1542,1554,2026-05-01 10:00:00
5813,2310,3942,1852,1856,2026-05-01 10:00:00
5814,1938,3942,1542,1538,2026-05-01 10:00:00
5815,374,3943,1327,1313,2026-05-01 11:00:00
5816,646,3943,1278,1292,2026-05-01 11:00:00
5817,1687,3944,2062,2066,2026-05-01 11:00:00
5818,630,3944,1801,1797,2026-05-01 11:00:00
5819,91,3945,1353,1364,2026-05-01 11:00:00
5820,374,3945,1313,1302,2026-05-01 11:00:00
5821,1737,3946,1500,1512,2026-05-01 11:00:00
5822,2357,3946,1493,1482,2026-05-01 11:00:00
5823,1165,3947,1338,1328,2026-05-01 11:00:00
5824,989,3947,1384,1394,2026-05-01 11:00:00
5825,2306,3949,1111,1127,2026-05-01 11:00:00
5826,1332,3949,1234,1218,2026-05-01 11:00:00
5827,285,3950,1614,1624,2026-05-01 12:00:00
5828,529,3950,1560,1550,2026-05-01 12:00:00
5829,2035,3951,1299,1307,2026-05-01 12:00:00
5830,301,3951,1173,1165,2026-05-01 12:00:00
5831,979,3952,1334,1342,2026-05-01 12:00:00
5832,563,3952,1236,1227,2026-05-01 12:00:00
5833,1354,3953,1763,1755,2026-05-01 13:00:00
5834,1965,3953,1886,1894,2026-05-01 13:00:00
5835,123,3954,1190,1183,2026-05-01 13:00:00
5836,743,3954,1340,1347,2026-05-01 13:00:00
5837,998,3955,1729,1741,2026-05-01 13:00:00
5838,1391,3955,1736,1724,2026-05-01 13:00:00
5839,2481,3956,1728,1736,2026-05-01 13:00:00
5840,1364,3956,1605,1597,2026-05-01 13:00:00
5841,1341,3959,1343,1356,2026-05-01 14:00:00
5842,536,3959,1373,1360,2026-05-01 14:00:00
5843,1998,3960,1514,1525,2026-05-01 14:00:00
5844,737,3960,1500,1488,2026-05-01 14:00:00
5845,1495,3961,1495,1506,2026-05-01 14:00:00
5846,255,3961,1457,1446,2026-05-01 14:00:00
5847,387,3963,1424,1416,2026-05-01 14:00:00
5848,2000,3963,1529,1538,2026-05-01 14:00:00
5849,1165,3964,1328,1318,2026-05-01 14:00:00
5850,2488,3964,1399,1409,2026-05-01 14:00:00
5851,2113,3965,1681,1665,2026-05-01 14:00:00
5852,1343,3965,1569,1585,2026-05-01 14:00:00
5853,1614,3966,1397,1406,2026-05-01 14:00:00
5854,400,3966,1329,1319,2026-05-01 14:00:00
5855,2304,3967,1863,1873,2026-05-01 15:00:00
5856,2180,3967,1799,1789,2026-05-01 15:00:00
5857,685,3968,1252,1243,2026-05-01 15:00:00
5858,2261,3968,1362,1370,2026-05-01 15:00:00
5859,1367,3969,1744,1753,2026-05-01 15:00:00
5860,1414,3969,1663,1654,2026-05-01 15:00:00
5861,1313,3970,1113,1126,2026-05-01 15:00:00
5862,689,3970,1146,1133,2026-05-01 15:00:00
5863,1691,3971,1176,1192,2026-05-01 15:00:00
5864,1300,3971,1309,1292,2026-05-01 15:00:00
5865,1720,3972,1621,1629,2026-05-01 15:00:00
5866,969,3972,1521,1512,2026-05-01 15:00:00
5867,91,3973,1364,1374,2026-05-01 16:00:00
5868,374,3973,1302,1292,2026-05-01 16:00:00
5869,1965,3974,1894,1877,2026-05-01 16:00:00
5870,1261,3974,1758,1774,2026-05-01 16:00:00
5871,2304,3975,1873,1881,2026-05-01 16:00:00
5872,2090,3975,1754,1745,2026-05-01 16:00:00
5873,145,3976,1374,1364,2026-05-01 16:00:00
5874,2467,3976,1438,1447,2026-05-01 16:00:00
5875,1936,3978,1243,1257,2026-05-01 16:00:00
5876,1611,3978,1305,1291,2026-05-01 16:00:00
5877,1329,3981,1413,1406,2026-05-01 16:00:00
5878,289,3981,1544,1552,2026-05-01 16:00:00
5879,1965,3983,1877,1890,2026-05-01 17:00:00
5880,1549,3983,1881,1869,2026-05-01 17:00:00
5881,1789,3984,1791,1798,2026-05-01 17:00:00
5882,434,3984,1660,1652,2026-05-01 17:00:00
5883,664,3987,1714,1704,2026-05-01 17:00:00
5884,1354,3987,1755,1765,2026-05-01 17:00:00
5885,737,3989,1488,1504,2026-05-01 17:00:00
5886,260,3989,1600,1584,2026-05-01 17:00:00
5887,737,3990,1504,1499,2026-05-01 17:00:00
5888,174,3990,1762,1767,2026-05-01 17:00:00
5889,2169,3991,1684,1692,2026-05-01 17:00:00
5890,1919,3991,1566,1558,2026-05-01 17:00:00
5891,1218,3992,1211,1220,2026-05-01 17:00:00
5892,2433,3992,1138,1128,2026-05-01 17:00:00
5893,1113,3993,1337,1345,2026-05-01 17:00:00
5894,453,3993,1213,1205,2026-05-01 17:00:00
5895,1710,3994,1270,1290,2026-05-01 17:00:00
5896,1495,3994,1506,1487,2026-05-01 17:00:00
5897,998,3995,1741,1744,2026-05-01 17:00:00
5898,1839,3995,1411,1408,2026-05-01 17:00:00
5899,2240,3997,1787,1793,2026-05-01 17:00:00
5900,149,3997,1620,1613,2026-05-01 17:00:00
5901,1329,3998,1406,1398,2026-05-01 17:00:00
5902,1883,3998,1525,1533,2026-05-01 17:00:00
5903,1361,3999,1455,1468,2026-05-01 18:00:00
5904,1154,3999,1476,1463,2026-05-01 18:00:00
5905,91,4000,1374,1378,2026-05-01 18:00:00
5906,2056,4000,1097,1093,2026-05-01 18:00:00
5907,1953,4001,1324,1311,2026-05-01 18:00:00
5908,1411,4001,1315,1327,2026-05-01 18:00:00
5909,2095,4002,1595,1604,2026-05-01 18:00:00
5910,1269,4002,1480,1471,2026-05-01 18:00:00
5911,1172,4003,1651,1641,2026-05-01 18:00:00
5912,2309,4003,1697,1707,2026-05-01 18:00:00
5913,1721,4004,1637,1645,2026-05-01 18:00:00
5914,1737,4004,1512,1504,2026-05-01 18:00:00
5915,2337,4005,1417,1429,2026-05-01 18:00:00
5916,2473,4005,1417,1405,2026-05-01 18:00:00
5917,730,4006,1259,1250,2026-05-01 18:00:00
5918,1480,4006,1357,1366,2026-05-01 18:00:00
5919,313,4007,1861,1847,2026-05-01 18:00:00
5920,867,4007,1789,1804,2026-05-01 18:00:00
5921,1129,4008,1445,1443,2026-05-01 19:00:00
5922,1163,4008,1864,1866,2026-05-01 19:00:00
5923,1287,4011,1258,1250,2026-05-01 19:00:00
5924,1401,4011,1391,1399,2026-05-01 19:00:00
5925,2120,4012,1755,1743,2026-05-01 19:00:00
5926,1367,4012,1753,1765,2026-05-01 19:00:00
5927,2224,4013,1488,1475,2026-05-01 19:00:00
5928,2268,4013,1463,1476,2026-05-01 19:00:00
5929,301,4014,1165,1158,2026-05-01 19:00:00
5930,319,4014,1301,1309,2026-05-01 19:00:00
5931,1631,4015,1899,1888,2026-05-01 19:00:00
5932,40,4015,1925,1937,2026-05-01 19:00:00
5933,2004,4016,1465,1459,2026-05-01 19:00:00
5934,1025,4016,1658,1664,2026-05-01 19:00:00
5935,1482,4018,1706,1714,2026-05-01 19:00:00
5936,970,4018,1611,1602,2026-05-01 19:00:00
5937,1313,4020,1126,1124,2026-05-01 19:00:00
5938,1345,4020,1494,1496,2026-05-01 19:00:00
5939,2129,4021,964,951,2026-05-01 19:00:00
5940,1926,4021,951,963,2026-05-01 19:00:00
5941,2208,4022,1535,1529,2026-05-01 19:00:00
5942,873,4022,1711,1717,2026-05-01 19:00:00
5943,334,4023,1558,1545,2026-05-01 19:00:00
5944,1433,4023,1526,1539,2026-05-01 19:00:00
5945,1184,4024,1206,1214,2026-05-01 19:00:00
5946,1546,4024,1088,1080,2026-05-01 19:00:00
5947,701,4025,1480,1472,2026-05-01 19:00:00
5948,1761,4025,1579,1588,2026-05-01 19:00:00
5949,1352,4027,1274,1267,2026-05-01 19:00:00
5950,870,4027,1424,1431,2026-05-01 19:00:00
5951,1357,4028,1385,1394,2026-05-01 19:00:00
5952,455,4028,1290,1281,2026-05-01 19:00:00
5953,1173,4029,1514,1503,2026-05-01 19:00:00
5954,951,4029,1538,1549,2026-05-01 19:00:00
5955,2225,4030,2269,2274,2026-05-01 20:00:00
5956,1687,4030,2066,2060,2026-05-01 20:00:00
5957,119,4031,1506,1491,2026-05-01 20:00:00
5958,643,4031,1431,1445,2026-05-01 20:00:00
5959,775,4032,1171,1179,2026-05-01 20:00:00
5960,1477,4032,1067,1058,2026-05-01 20:00:00
5961,443,4033,1522,1536,2026-05-01 20:00:00
5962,1417,4033,1566,1553,2026-05-01 20:00:00
5963,952,4034,1395,1388,2026-05-01 20:00:00
5964,529,4034,1550,1557,2026-05-01 20:00:00
5965,301,4035,1158,1145,2026-05-01 20:00:00
5966,2433,4035,1128,1141,2026-05-01 20:00:00
5967,2369,4036,1525,1511,2026-05-01 20:00:00
5968,649,4036,1494,1507,2026-05-01 20:00:00
5969,1723,4037,1531,1519,2026-05-01 20:00:00
5970,1894,4037,1523,1535,2026-05-01 20:00:00
5971,1345,4038,1496,1480,2026-05-01 20:00:00
5972,713,4038,1360,1377,2026-05-01 20:00:00
5973,730,4039,1250,1238,2026-05-01 20:00:00
5974,1936,4039,1257,1269,2026-05-01 20:00:00
5975,2127,4040,1634,1626,2026-05-01 20:00:00
5976,2481,4040,1736,1744,2026-05-01 20:00:00
5977,334,4041,1545,1556,2026-05-01 20:00:00
5978,2452,4041,1523,1511,2026-05-01 20:00:00
5979,1592,4042,1558,1549,2026-05-01 21:00:00
5980,2142,4042,1634,1644,2026-05-01 21:00:00
5981,1411,4043,1327,1318,2026-05-01 21:00:00
5982,1098,4043,1408,1417,2026-05-01 21:00:00
5983,1502,4044,1863,1849,2026-05-01 21:00:00
5984,651,4044,1826,1839,2026-05-01 21:00:00
5985,2268,4045,1476,1475,2026-05-01 21:00:00
5986,1566,4045,1916,1918,2026-05-01 21:00:00
5987,1172,4047,1641,1657,2026-05-01 21:00:00
5988,1367,4047,1765,1749,2026-05-01 21:00:00
5989,40,4048,1937,1923,2026-05-01 21:00:00
5990,1126,4048,1878,1892,2026-05-01 21:00:00
5991,2186,4049,1693,1683,2026-05-01 21:00:00
5992,1863,4049,1774,1783,2026-05-01 21:00:00
5993,1303,4050,1424,1434,2026-05-01 21:00:00
5994,515,4050,1360,1350,2026-05-01 21:00:00
5995,921,4052,1216,1206,2026-05-01 21:00:00
5996,2453,4052,1274,1284,2026-05-01 21:00:00
5997,368,4053,1818,1821,2026-05-01 21:00:00
5998,1437,4053,1472,1469,2026-05-01 21:00:00
5999,186,4055,1598,1606,2026-05-01 21:00:00
6000,1552,4055,1487,1478,2026-05-01 21:00:00
6001,2225,4056,2274,2280,2026-05-01 22:00:00
6002,1687,4056,2060,2055,2026-05-01 22:00:00
6003,1028,4057,1552,1541,2026-05-01 22:00:00
6004,198,4057,1559,1571,2026-05-01 22:00:00
6005,144,4058,1326,1316,2026-05-01 22:00:00
6006,779,4058,1403,1412,2026-05-01 22:00:00
6007,2467,4059,1447,1453,2026-05-01 22:00:00
6008,1287,4059,1250,1244,2026-05-01 22:00:00
6009,911,4061,1589,1597,2026-05-01 22:00:00
6010,1499,4061,1470,1462,2026-05-01 22:00:00
6011,730,4062,1238,1246,2026-05-01 22:00:00
6012,245,4062,1123,1114,2026-05-01 22:00:00
6013,558,4064,1152,1144,2026-05-01 22:00:00
6014,1936,4064,1269,1277,2026-05-01 22:00:00
6015,334,4066,1556,1545,2026-05-01 22:00:00
6016,331,4066,1564,1576,2026-05-01 22:00:00
6017,2226,4068,1321,1337,2026-05-01 22:00:00
6018,1533,4068,1432,1417,2026-05-01 22:00:00
6019,1129,4070,1443,1457,2026-05-01 23:00:00
6020,2126,4070,1495,1482,2026-05-01 23:00:00
6021,722,4071,1501,1495,2026-05-01 23:00:00
6022,33,4071,1669,1676,2026-05-01 23:00:00
6023,1826,4073,1247,1237,2026-05-01 23:00:00
6024,1411,4073,1318,1328,2026-05-01 23:00:00
6025,1737,4076,1504,1514,2026-05-01 23:00:00
6026,2467,4076,1453,1443,2026-05-01 23:00:00
6027,971,4077,1599,1595,2026-05-01 23:00:00
6028,40,4077,1923,1926,2026-05-01 23:00:00
6029,2176,4080,1307,1323,2026-05-01 23:00:00
6030,1884,4080,1418,1402,2026-05-01 23:00:00
6031,1918,4081,1597,1610,2026-05-01 23:00:00
6032,2409,4081,1618,1605,2026-05-01 23:00:00
6033,1437,4082,1469,1461,2026-05-01 23:00:00
6034,1519,4082,1601,1609,2026-05-01 23:00:00
6035,1807,4083,1294,1310,2026-05-01 23:00:00
6036,1389,4083,1430,1413,2026-05-01 23:00:00
6037,1132,4084,1866,1870,2026-05-01 23:00:00
6038,331,4084,1576,1572,2026-05-01 23:00:00
6039,2245,4085,1800,1813,2026-05-01 23:00:00
6040,1314,4085,1832,1819,2026-05-01 23:00:00
6041,221,4086,1738,1743,2026-05-01 23:00:00
6042,969,4086,1512,1507,2026-05-01 23:00:00
6043,1792,4089,1574,1579,2026-05-02 01:00:00
6044,1411,4089,1328,1323,2026-05-02 01:00:00
6045,583,4090,1379,1370,2026-05-02 01:00:00
6046,534,4090,1449,1459,2026-05-02 01:00:00
6047,1530,4091,1608,1617,2026-05-02 01:00:00
6048,672,4091,1544,1534,2026-05-02 01:00:00
6049,1210,4092,1143,1135,2026-05-02 10:00:00
6050,799,4092,1273,1281,2026-05-02 10:00:00
6051,2283,4093,995,990,2026-05-02 10:00:00
6052,921,4093,1206,1211,2026-05-02 10:00:00
6053,421,4094,1510,1519,2026-05-02 10:00:00
6054,1389,4094,1413,1405,2026-05-02 10:00:00
6055,1620,4095,1576,1560,2026-05-02 11:00:00
6056,1129,4095,1457,1473,2026-05-02 11:00:00
6057,159,4096,1813,1799,2026-05-02 11:00:00
6058,1261,4096,1774,1788,2026-05-02 11:00:00
6059,970,4098,1602,1590,2026-05-02 12:00:00
6060,911,4098,1597,1609,2026-05-02 12:00:00
6061,1314,4099,1819,1827,2026-05-02 12:00:00
6062,2355,4099,1685,1677,2026-05-02 12:00:00
6063,159,4101,1799,1811,2026-05-02 13:00:00
6064,787,4101,1779,1767,2026-05-02 13:00:00
6065,1593,4102,1518,1529,2026-05-02 13:00:00
6066,1129,4102,1473,1462,2026-05-02 13:00:00
6067,737,4103,1499,1489,2026-05-02 13:00:00
6068,2116,4103,1540,1551,2026-05-02 13:00:00
6069,2344,4104,1432,1444,2026-05-02 13:00:00
6070,1303,4104,1434,1422,2026-05-02 13:00:00
6071,1763,4106,1395,1410,2026-05-02 14:00:00
6072,2316,4106,1484,1469,2026-05-02 14:00:00
6073,260,4107,1584,1576,2026-05-02 14:00:00
6074,2169,4107,1692,1701,2026-05-02 14:00:00
6075,319,4108,1309,1300,2026-05-02 14:00:00
6076,992,4108,1393,1402,2026-05-02 14:00:00
6077,2404,4110,1848,1861,2026-05-02 14:00:00
6078,1039,4110,1864,1851,2026-05-02 14:00:00
6079,2283,4111,990,982,2026-05-02 14:00:00
6080,2110,4111,1108,1116,2026-05-02 14:00:00
6081,1645,4113,1541,1550,2026-05-02 14:00:00
6082,1683,4113,1435,1426,2026-05-02 14:00:00
6083,1470,4114,1725,1709,2026-05-02 14:00:00
6084,967,4114,1585,1602,2026-05-02 14:00:00
6085,2225,4115,2280,2280,2026-05-02 15:00:00
6086,775,4115,1179,1179,2026-05-02 15:00:00
6087,2092,4116,1363,1372,2026-05-02 15:00:00
6088,374,4116,1292,1283,2026-05-02 15:00:00
6089,2357,4117,1482,1490,2026-05-02 15:00:00
6090,1262,4117,1387,1378,2026-05-02 15:00:00
6091,2357,4118,1490,1506,2026-05-02 15:00:00
6092,2281,4118,1608,1592,2026-05-02 15:00:00
6093,911,4119,1609,1617,2026-05-02 15:00:00
6094,1345,4119,1480,1472,2026-05-02 15:00:00
6095,1849,4120,1992,1999,2026-05-02 15:00:00
6096,10,4120,1849,1842,2026-05-02 15:00:00
6097,2074,4121,1554,1565,2026-05-02 15:00:00
6098,1938,4121,1538,1527,2026-05-02 15:00:00
6099,2113,4122,1665,1674,2026-05-02 15:00:00
6100,666,4122,1580,1571,2026-05-02 15:00:00
6101,144,4125,1316,1328,2026-05-02 16:00:00
6102,1946,4125,1309,1297,2026-05-02 16:00:00
6103,1170,4127,1523,1537,2026-05-02 16:00:00
6104,431,4127,1577,1564,2026-05-02 16:00:00
6105,2306,4128,1127,1119,2026-05-02 16:00:00
6106,1697,4128,1259,1266,2026-05-02 16:00:00
6107,1028,4129,1541,1552,2026-05-02 17:00:00
6108,1829,4129,1532,1520,2026-05-02 17:00:00
6109,1836,4130,1349,1338,2026-05-02 17:00:00
6110,2092,4130,1372,1384,2026-05-02 17:00:00
6111,446,4131,1501,1488,2026-05-02 17:00:00
6112,1944,4131,1461,1475,2026-05-02 17:00:00
6113,1631,4132,1888,1898,2026-05-02 17:00:00
6114,676,4132,1824,1814,2026-05-02 17:00:00
6115,2281,4133,1592,1606,2026-05-02 17:00:00
6116,1522,4133,1656,1642,2026-05-02 17:00:00
6117,1566,4134,1918,1904,2026-05-02 17:00:00
6118,1551,4134,1864,1878,2026-05-02 17:00:00
6119,1685,4137,1753,1746,2026-05-02 17:00:00
6120,988,4137,1938,1944,2026-05-02 17:00:00
6121,647,4138,1685,1679,2026-05-02 17:00:00
6122,1738,4138,1867,1873,2026-05-02 17:00:00
6123,646,4139,1292,1281,2026-05-02 18:00:00
6124,144,4139,1328,1339,2026-05-02 18:00:00
6125,722,4140,1495,1479,2026-05-02 18:00:00
6126,1762,4140,1388,1404,2026-05-02 18:00:00
6127,1036,4141,1004,996,2026-05-02 18:00:00
6128,1374,4141,1101,1110,2026-05-02 18:00:00
6129,409,4142,1605,1617,2026-05-02 18:00:00
6130,450,4142,1592,1580,2026-05-02 18:00:00
6131,2325,4143,1246,1238,2026-05-02 18:00:00
6132,952,4143,1388,1395,2026-05-02 18:00:00
6133,536,4144,1360,1346,2026-05-02 18:00:00
6134,1953,4144,1311,1325,2026-05-02 18:00:00
6135,2120,4145,1743,1728,2026-05-02 18:00:00
6136,183,4145,1661,1676,2026-05-02 18:00:00
6137,1213,4146,1595,1602,2026-05-02 18:00:00
6138,255,4146,1446,1439,2026-05-02 18:00:00
6139,1367,4147,1749,1759,2026-05-02 18:00:00
6140,183,4147,1676,1667,2026-05-02 18:00:00
6141,1810,4148,1935,1944,2026-05-02 18:00:00
6142,1502,4148,1849,1840,2026-05-02 18:00:00
6143,2190,4150,1463,1473,2026-05-02 18:00:00
6144,1389,4150,1405,1395,2026-05-02 18:00:00
6145,2190,4151,1473,1486,2026-05-02 18:00:00
6146,1448,4151,1509,1496,2026-05-02 18:00:00
6147,1563,4152,1606,1593,2026-05-02 18:00:00
6148,6,4152,1574,1588,2026-05-02 18:00:00
6149,104,4153,1794,1805,2026-05-02 18:00:00
6150,225,4153,1763,1752,2026-05-02 18:00:00
6151,295,4154,1511,1521,2026-05-02 18:00:00
6152,2027,4154,1469,1458,2026-05-02 18:00:00
6153,1856,4155,1507,1515,2026-05-02 18:00:00
6154,1489,4155,1380,1372,2026-05-02 18:00:00
6155,664,4156,1704,1708,2026-05-02 19:00:00
6156,779,4156,1412,1409,2026-05-02 19:00:00
6157,1144,4157,2062,2066,2026-05-02 19:00:00
6158,1789,4157,1798,1794,2026-05-02 19:00:00
6159,119,4160,1491,1477,2026-05-02 19:00:00
6160,1447,4160,1422,1436,2026-05-02 19:00:00
6161,198,4161,1571,1562,2026-05-02 19:00:00
6162,1606,4161,1673,1682,2026-05-02 19:00:00
6163,1218,4162,1220,1212,2026-05-02 19:00:00
6164,602,4162,1342,1350,2026-05-02 19:00:00
6165,685,4163,1243,1234,2026-05-02 19:00:00
6166,896,4163,1323,1332,2026-05-02 19:00:00
6167,1919,4164,1558,1542,2026-05-02 19:00:00
6168,2467,4164,1443,1459,2026-05-02 19:00:00
6169,649,4165,1507,1519,2026-05-02 19:00:00
6170,2003,4165,1518,1506,2026-05-02 19:00:00
6171,2357,4166,1506,1514,2026-05-02 19:00:00
6172,145,4166,1364,1357,2026-05-02 19:00:00
6173,1401,4167,1399,1390,2026-05-02 19:00:00
6174,1179,4167,1500,1509,2026-05-02 19:00:00
6175,896,4168,1332,1350,2026-05-02 19:00:00
6176,1179,4168,1509,1491,2026-05-02 19:00:00
6177,260,4169,1576,1580,2026-05-02 19:00:00
6178,319,4169,1300,1296,2026-05-02 19:00:00
6179,1210,4170,1135,1145,2026-05-02 19:00:00
6180,413,4170,1071,1061,2026-05-02 19:00:00
6181,1169,4171,1508,1521,2026-05-02 19:00:00
6182,2354,4171,1540,1527,2026-05-02 19:00:00
6183,2127,4172,1626,1631,2026-05-02 19:00:00
6184,1633,4172,1407,1402,2026-05-02 19:00:00
6185,2452,4173,1511,1519,2026-05-02 19:00:00
6186,1758,4173,1371,1363,2026-05-02 19:00:00
6187,778,4174,1488,1477,2026-05-02 19:00:00
6188,223,4174,1528,1538,2026-05-02 19:00:00
6189,937,4175,1508,1521,2026-05-02 19:00:00
6190,1433,4175,1539,1526,2026-05-02 19:00:00
6191,561,4177,1712,1725,2026-05-02 19:00:00
6192,2183,4177,1731,1718,2026-05-02 19:00:00
6193,1825,4178,1513,1498,2026-05-02 19:00:00
6194,1614,4178,1406,1422,2026-05-02 19:00:00
6195,579,4179,1405,1413,2026-05-02 19:00:00
6196,1771,4179,1281,1273,2026-05-02 19:00:00
6197,2024,4180,1663,1675,2026-05-02 20:00:00
6198,33,4180,1676,1663,2026-05-02 20:00:00
6199,450,4181,1580,1568,2026-05-02 20:00:00
6200,1747,4181,1559,1572,2026-05-02 20:00:00
6201,896,4182,1350,1342,2026-05-02 20:00:00
6202,1929,4182,1491,1499,2026-05-02 20:00:00
6203,2031,4183,1384,1377,2026-05-02 20:00:00
6204,1476,4183,1532,1539,2026-05-02 20:00:00
6205,1493,4184,1416,1427,2026-05-02 20:00:00
6206,267,4184,1378,1367,2026-05-02 20:00:00
6207,860,4185,1447,1429,2026-05-02 20:00:00
6208,44,4185,1262,1280,2026-05-02 20:00:00
6209,2121,4186,1182,1172,2026-05-02 20:00:00
6210,1305,4186,1257,1266,2026-05-02 20:00:00
6211,197,4187,1545,1538,2026-05-02 20:00:00
6212,647,4187,1679,1686,2026-05-02 20:00:00
6213,1592,4188,1549,1544,2026-05-02 21:00:00
6214,816,4188,1798,1803,2026-05-02 21:00:00
6215,1411,4190,1323,1334,2026-05-02 21:00:00
6216,1946,4190,1297,1286,2026-05-02 21:00:00
6217,1572,4191,1408,1394,2026-05-02 21:00:00
6218,1233,4191,1346,1360,2026-05-02 21:00:00
6219,1796,4192,1506,1498,2026-05-02 21:00:00
6220,1918,4192,1610,1618,2026-05-02 21:00:00
6221,2452,4193,1519,1513,2026-05-02 21:00:00
6222,561,4193,1725,1730,2026-05-02 21:00:00
6223,2404,4194,1861,1872,2026-05-02 21:00:00
6224,249,4194,1849,1838,2026-05-02 21:00:00
6225,2009,4195,1522,1520,2026-05-02 21:00:00
6226,1536,4195,1929,1931,2026-05-02 21:00:00
6227,1818,4196,1467,1476,2026-05-02 21:00:00
6228,1801,4196,1376,1367,2026-05-02 21:00:00
6229,2145,4197,1654,1661,2026-05-02 21:00:00
6230,1804,4197,1506,1499,2026-05-02 21:00:00
6231,377,4198,1650,1656,2026-05-02 21:00:00
6232,2143,4198,1474,1468,2026-05-02 21:00:00
6233,2171,4199,1543,1531,2026-05-02 21:00:00
6234,172,4199,1553,1565,2026-05-02 21:00:00
6235,1314,4200,1827,1829,2026-05-02 21:00:00
6236,1601,4200,1417,1415,2026-05-02 21:00:00
6237,2024,4202,1675,1662,2026-05-02 22:00:00
6238,538,4202,1657,1670,2026-05-02 22:00:00
6239,2379,4206,1948,1959,2026-05-02 22:00:00
6240,2041,4206,1918,1907,2026-05-02 22:00:00
6241,240,4207,1677,1664,2026-05-02 22:00:00
6242,171,4207,1622,1636,2026-05-02 22:00:00
6243,561,4208,1730,1717,2026-05-02 22:00:00
6244,2167,4208,1693,1706,2026-05-02 22:00:00
6245,2127,4209,1631,1639,2026-05-02 22:00:00
6246,937,4209,1521,1513,2026-05-02 22:00:00
6247,2190,4210,1486,1475,2026-05-02 22:00:00
6248,1796,4210,1498,1509,2026-05-02 22:00:00
6249,44,4211,1280,1267,2026-05-02 22:00:00
6250,1697,4211,1266,1279,2026-05-02 22:00:00
6251,1862,4212,1372,1392,2026-05-02 22:00:00
6252,158,4212,1663,1643,2026-05-02 22:00:00
6253,1154,4213,1463,1461,2026-05-02 23:00:00
6254,1549,4213,1869,1871,2026-05-02 23:00:00
6255,1220,4214,1672,1688,2026-05-02 23:00:00
6256,816,4214,1803,1786,2026-05-02 23:00:00
6257,971,4215,1595,1581,2026-05-02 23:00:00
6258,1894,4215,1535,1549,2026-05-02 23:00:00
6259,689,4217,1133,1125,2026-05-02 23:00:00
6260,799,4217,1281,1288,2026-05-02 23:00:00
6261,2453,4218,1284,1275,2026-05-02 23:00:00
6262,1480,4218,1366,1375,2026-05-02 23:00:00
6263,2404,4220,1872,1861,2026-05-02 23:00:00
6264,160,4220,1903,1914,2026-05-02 23:00:00
6265,1858,4222,1547,1558,2026-05-02 23:00:00
6266,736,4222,1500,1490,2026-05-02 23:00:00
6267,1428,4223,1924,1908,2026-05-02 23:00:00
6268,1314,4223,1829,1844,2026-05-02 23:00:00
6269,1282,4224,1634,1645,2026-05-02 23:00:00
6270,525,4224,1596,1585,2026-05-02 23:00:00
6271,1000,4225,1612,1626,2026-05-02 23:00:00
6272,2417,4225,1669,1655,2026-05-02 23:00:00
6273,1292,4226,1196,1187,2026-05-03 00:00:00
6274,646,4226,1281,1290,2026-05-03 00:00:00
6275,283,4227,1337,1343,2026-05-03 00:00:00
6276,1751,4227,1140,1134,2026-05-03 00:00:00
6277,1411,4228,1334,1343,2026-05-03 01:00:00
6278,1826,4228,1237,1229,2026-05-03 01:00:00
6279,1269,4229,1471,1459,2026-05-03 01:00:00
6280,1062,4229,1470,1482,2026-05-03 01:00:00
6281,612,4230,1474,1465,2026-05-03 01:00:00
6282,198,4230,1562,1571,2026-05-03 01:00:00
6283,261,4231,1481,1494,2026-05-03 01:00:00
6284,1829,4231,1520,1507,2026-05-03 01:00:00
6285,775,4232,1179,1177,2026-05-03 01:00:00
6286,1620,4232,1560,1562,2026-05-03 01:00:00
6287,2129,4234,951,964,2026-05-03 09:00:00
6288,1926,4234,963,951,2026-05-03 09:00:00
6289,1329,4236,1398,1383,2026-05-03 10:00:00
6290,367,4236,1316,1331,2026-05-03 10:00:00
6291,1028,4237,1552,1561,2026-05-03 12:00:00
6292,612,4237,1465,1456,2026-05-03 12:00:00
6293,1549,4238,1871,1860,2026-05-03 12:00:00
6294,2304,4238,1881,1893,2026-05-03 12:00:00
6295,1424,4239,1431,1422,2026-05-03 12:00:00
6296,2003,4239,1506,1515,2026-05-03 12:00:00
6297,778,4240,1477,1488,2026-05-03 12:00:00
6298,1004,4240,1438,1427,2026-05-03 12:00:00
6299,985,4241,1618,1626,2026-05-03 12:00:00
6300,61,4241,1517,1508,2026-05-03 12:00:00
6301,787,4243,1767,1776,2026-05-03 13:00:00
6302,538,4243,1670,1661,2026-05-03 13:00:00
6303,2385,4244,1621,1629,2026-05-03 13:00:00
6304,937,4244,1513,1504,2026-05-03 13:00:00
6305,2310,4245,1856,1843,2026-05-03 13:00:00
6306,1039,4245,1851,1863,2026-05-03 13:00:00
6307,2326,4246,1233,1223,2026-05-03 13:00:00
6308,1300,4246,1292,1302,2026-05-03 13:00:00
6309,2119,4248,1574,1568,2026-05-03 14:00:00
6310,1354,4248,1765,1771,2026-05-03 14:00:00
6311,2004,4251,1459,1447,2026-05-03 14:00:00
6312,2224,4251,1475,1486,2026-05-03 14:00:00
6313,1858,4256,1558,1548,2026-05-03 14:00:00
6314,425,4256,1646,1655,2026-05-03 14:00:00
6315,670,4257,1427,1416,2026-05-03 14:00:00
6316,2320,4257,1472,1482,2026-05-03 14:00:00
6317,1098,4260,1417,1409,2026-05-03 15:00:00
6318,443,4260,1536,1544,2026-05-03 15:00:00
6319,2325,4261,1238,1248,2026-05-03 15:00:00
6320,1228,4261,1158,1149,2026-05-03 15:00:00
6321,1777,4262,1129,1120,2026-05-03 15:00:00
6322,453,4262,1205,1215,2026-05-03 15:00:00
6323,1796,4263,1509,1517,2026-05-03 15:00:00
6324,2164,4263,1374,1366,2026-05-03 15:00:00
6325,2183,4264,1718,1710,2026-05-03 15:00:00
6326,249,4264,1838,1846,2026-05-03 15:00:00
6327,623,4265,1452,1466,2026-05-03 15:00:00
6328,1901,4265,1518,1504,2026-05-03 15:00:00
6329,646,4268,1290,1306,2026-05-03 16:00:00
6330,1098,4268,1409,1393,2026-05-03 16:00:00
6331,1581,4270,1662,1672,2026-05-03 16:00:00
6332,901,4270,1594,1584,2026-05-03 16:00:00
6333,493,4271,1714,1722,2026-05-03 16:00:00
6334,1388,4271,1599,1591,2026-05-03 16:00:00
6335,1004,4274,1427,1419,2026-05-03 16:00:00
6336,334,4274,1545,1553,2026-05-03 16:00:00
6337,2001,4275,1537,1549,2026-05-03 16:00:00
6338,1359,4275,1526,1514,2026-05-03 16:00:00
6339,2284,4276,1507,1515,2026-05-03 16:00:00
6340,2294,4276,1380,1372,2026-05-03 16:00:00
6341,646,4279,1306,1321,2026-05-03 17:00:00
6342,815,4279,1379,1364,2026-05-03 17:00:00
6343,1168,4280,1147,1136,2026-05-03 17:00:00
6344,1292,4280,1187,1197,2026-05-03 17:00:00
6345,1687,4281,2055,2043,2026-05-03 17:00:00
6346,1144,4281,2066,2078,2026-05-03 17:00:00
6347,2233,4283,1394,1387,2026-05-03 17:00:00
6348,1919,4283,1542,1550,2026-05-03 17:00:00
6349,1777,4284,1120,1135,2026-05-03 17:00:00
6350,453,4284,1215,1199,2026-05-03 17:00:00
6351,2120,4285,1728,1716,2026-05-03 17:00:00
6352,1681,4285,1738,1749,2026-05-03 17:00:00
6353,1389,4287,1395,1399,2026-05-03 17:00:00
6354,558,4287,1144,1139,2026-05-03 17:00:00
6355,1683,4288,1426,1418,2026-05-03 17:00:00
6356,188,4288,1544,1552,2026-05-03 17:00:00
6357,792,4289,1509,1503,2026-05-03 17:00:00
6358,2181,4289,1702,1708,2026-05-03 17:00:00
6359,988,4291,1944,1952,2026-05-03 17:00:00
6360,867,4291,1804,1796,2026-05-03 17:00:00
6361,1060,4292,1712,1702,2026-05-03 17:00:00
6362,1295,4292,1767,1777,2026-05-03 17:00:00
6363,285,4293,1624,1632,2026-05-03 18:00:00
6364,261,4293,1494,1486,2026-05-03 18:00:00
6365,676,4294,1814,1821,2026-05-03 18:00:00
6366,183,4294,1667,1659,2026-05-03 18:00:00
6367,1367,4295,1759,1770,2026-05-03 18:00:00
6368,2252,4295,1743,1732,2026-05-03 18:00:00
6369,896,4296,1342,1335,2026-05-03 18:00:00
6370,278,4296,1474,1481,2026-05-03 18:00:00
6371,745,4298,1533,1542,2026-05-03 18:00:00
6372,2344,4298,1444,1435,2026-05-03 18:00:00
6373,2283,4299,982,998,2026-05-03 18:00:00
6374,245,4299,1114,1098,2026-05-03 18:00:00
6375,558,4300,1139,1150,2026-05-03 18:00:00
6376,245,4300,1098,1087,2026-05-03 18:00:00
6377,1613,4301,1534,1527,2026-05-03 18:00:00
6378,763,4301,1694,1701,2026-05-03 18:00:00
6379,852,4302,1419,1409,2026-05-03 18:00:00
6380,878,4302,1501,1511,2026-05-03 18:00:00
6381,2304,4303,1893,1895,2026-05-03 19:00:00
6382,1022,4303,1525,1522,2026-05-03 19:00:00
6383,646,4305,1321,1337,2026-05-03 19:00:00
6384,1154,4305,1461,1444,2026-05-03 19:00:00
6385,2169,4308,1701,1709,2026-05-03 19:00:00
6386,1388,4308,1591,1582,2026-05-03 19:00:00
6387,836,4309,1386,1396,2026-05-03 19:00:00
6388,2430,4309,1327,1317,2026-05-03 19:00:00
6389,1482,4310,1714,1717,2026-05-03 19:00:00
6390,909,4310,1365,1362,2026-05-03 19:00:00
6391,28,4311,1777,1783,2026-05-03 19:00:00
6392,2074,4311,1565,1560,2026-05-03 19:00:00
6393,561,4312,1717,1721,2026-05-03 19:00:00
6394,2455,4312,1420,1416,2026-05-03 19:00:00
6395,1020,4313,1500,1483,2026-05-03 19:00:00
6396,1570,4313,1366,1382,2026-05-03 19:00:00
6397,878,4314,1511,1507,2026-05-03 19:00:00
6398,1314,4314,1844,1847,2026-05-03 19:00:00
6399,1411,4315,1343,1353,2026-05-03 20:00:00
6400,1490,4315,1304,1293,2026-05-03 20:00:00
6401,1965,4316,1890,1874,2026-05-03 20:00:00
6402,630,4316,1797,1812,2026-05-03 20:00:00
6403,664,4317,1708,1717,2026-05-03 20:00:00
6404,285,4317,1632,1623,2026-05-03 20:00:00
6405,1721,4318,1645,1635,2026-05-03 20:00:00
6406,2169,4318,1709,1719,2026-05-03 20:00:00
6407,971,4319,1581,1591,2026-05-03 20:00:00
6408,1723,4319,1519,1509,2026-05-03 20:00:00
6409,27,4320,1158,1169,2026-05-03 20:00:00
6410,1313,4320,1124,1113,2026-05-03 20:00:00
6411,2337,4321,1429,1421,2026-05-03 20:00:00
6412,1476,4321,1539,1548,2026-05-03 20:00:00
6413,186,4322,1606,1615,2026-05-03 20:00:00
6414,792,4322,1503,1494,2026-05-03 20:00:00
6415,44,4323,1267,1259,2026-05-03 20:00:00
6416,1445,4323,1390,1398,2026-05-03 20:00:00
6417,2294,4324,1372,1367,2026-05-03 20:00:00
6418,1736,4324,1589,1594,2026-05-03 20:00:00
6419,647,4325,1686,1690,2026-05-03 20:00:00
6420,579,4325,1413,1409,2026-05-03 20:00:00
6421,2090,4326,1745,1733,2026-05-03 21:00:00
6422,1365,4326,1742,1754,2026-05-03 21:00:00
6423,1397,4327,1535,1524,2026-05-03 21:00:00
6424,1028,4327,1561,1572,2026-05-03 21:00:00
6425,1365,4330,1754,1758,2026-05-03 21:00:00
6426,612,4330,1456,1452,2026-05-03 21:00:00
6427,2475,4331,1726,1715,2026-05-03 21:00:00
6428,1574,4331,1748,1759,2026-05-03 21:00:00
6429,2211,4332,1931,1940,2026-05-03 21:00:00
6430,2215,4332,1847,1838,2026-05-03 21:00:00
6431,2113,4333,1674,1681,2026-05-03 21:00:00
6432,1634,4333,1515,1508,2026-05-03 21:00:00
6433,391,4334,1603,1612,2026-05-03 21:00:00
6434,295,4334,1521,1512,2026-05-03 21:00:00
6435,1856,4335,1515,1518,2026-05-03 21:00:00
6436,571,4335,1205,1202,2026-05-03 21:00:00
6437,1489,4336,1372,1376,2026-05-03 21:00:00
6438,1298,4336,1040,1037,2026-05-03 21:00:00
6439,722,4339,1479,1470,2026-05-03 22:00:00
6440,1417,4339,1553,1562,2026-05-03 22:00:00
6441,1458,4341,1668,1676,2026-05-03 22:00:00
6442,1998,4341,1525,1518,2026-05-03 22:00:00
6443,123,4342,1183,1181,2026-05-03 22:00:00
6444,1561,4342,1558,1561,2026-05-03 22:00:00
6445,1915,4343,1620,1630,2026-05-03 22:00:00
6446,1561,4343,1561,1551,2026-05-03 22:00:00
6447,678,4344,1649,1659,2026-05-03 22:00:00
6448,1741,4344,1582,1572,2026-05-03 22:00:00
6449,2145,4345,1661,1667,2026-05-03 22:00:00
6450,1342,4345,1474,1468,2026-05-03 22:00:00
6451,571,4346,1202,1195,2026-05-03 22:00:00
6452,1489,4346,1376,1382,2026-05-03 22:00:00
6453,333,4347,1498,1493,2026-05-03 22:00:00
6454,876,4347,1723,1728,2026-05-03 22:00:00
6455,2225,4348,2280,2280,2026-05-03 23:00:00
6456,1773,4348,1659,1659,2026-05-03 23:00:00
6457,2379,4349,1959,1962,2026-05-03 23:00:00
6458,1414,4349,1654,1651,2026-05-03 23:00:00
6459,1357,4350,1394,1402,2026-05-03 23:00:00
6460,455,4350,1281,1273,2026-05-03 23:00:00
6461,2390,4351,1499,1489,2026-05-04 01:00:00
6462,207,4351,1531,1542,2026-05-04 01:00:00
6463,1022,4352,1522,1533,2026-05-04 09:00:00
6464,1062,4352,1482,1471,2026-05-04 09:00:00
6465,1870,4354,1842,1855,2026-05-04 10:00:00
6466,1965,4354,1874,1861,2026-05-04 10:00:00
6467,2404,4355,1861,1853,2026-05-04 10:00:00
6468,1700,4355,1984,1992,2026-05-04 10:00:00
6469,775,4356,1177,1191,2026-05-04 12:00:00
6470,2348,4356,1244,1230,2026-05-04 12:00:00
6471,319,4357,1296,1286,2026-05-04 12:00:00
6472,145,4357,1357,1367,2026-05-04 12:00:00
6473,453,4358,1199,1212,2026-05-04 12:00:00
6474,1791,4358,1223,1210,2026-05-04 12:00:00
6475,2129,4359,964,959,2026-05-04 12:00:00
6476,855,4359,1201,1206,2026-05-04 12:00:00
6477,1256,4360,1397,1390,2026-05-04 12:00:00
6478,951,4360,1549,1556,2026-05-04 12:00:00
6479,1748,4361,1530,1538,2026-05-04 12:00:00
6480,777,4361,1403,1395,2026-05-04 12:00:00
6481,2325,4362,1248,1239,2026-05-04 13:00:00
6482,144,4362,1339,1348,2026-05-04 13:00:00
6483,2186,4364,1683,1671,2026-05-04 13:00:00
6484,2445,4364,1682,1694,2026-05-04 13:00:00
6485,1502,4366,1840,1856,2026-05-04 14:00:00
6486,527,4366,1953,1938,2026-05-04 14:00:00
6487,2126,4367,1482,1469,2026-05-04 15:00:00
6488,612,4367,1452,1465,2026-05-04 15:00:00
6489,1789,4369,1794,1809,2026-05-04 16:00:00
6490,2304,4369,1895,1880,2026-05-04 16:00:00
6491,894,4372,1428,1443,2026-05-04 17:00:00
6492,1723,4372,1509,1494,2026-05-04 17:00:00
6493,234,4373,1647,1657,2026-05-04 17:00:00
6494,260,4373,1580,1570,2026-05-04 17:00:00
6495,2363,4374,1384,1393,2026-05-04 17:00:00
6496,715,4374,1301,1291,2026-05-04 17:00:00
6497,2409,4375,1605,1615,2026-05-04 17:00:00
6498,2208,4375,1529,1519,2026-05-04 17:00:00
6499,2295,4377,1191,1183,2026-05-04 17:00:00
6500,367,4377,1331,1338,2026-05-04 17:00:00
6501,1494,4378,1095,1086,2026-05-04 17:00:00
6502,2121,4378,1172,1182,2026-05-04 17:00:00
6503,1357,4379,1402,1389,2026-05-04 17:00:00
6504,1489,4379,1382,1395,2026-05-04 17:00:00
6505,1471,4380,1996,1987,2026-05-04 18:00:00
6506,1144,4380,2078,2087,2026-05-04 18:00:00
6507,1154,4381,1444,1454,2026-05-04 18:00:00
6508,1321,4381,1387,1377,2026-05-04 18:00:00
6509,2003,4382,1515,1511,2026-05-04 18:00:00
6510,947,4382,1756,1761,2026-05-04 18:00:00
6511,1360,4385,1728,1721,2026-05-04 18:00:00
6512,1039,4385,1863,1871,2026-05-04 18:00:00
6513,2139,4386,1569,1558,2026-05-04 18:00:00
6514,6,4386,1588,1599,2026-05-04 18:00:00
6515,1371,4387,992,984,2026-05-04 18:00:00
6516,1906,4387,1132,1139,2026-05-04 18:00:00
6517,443,4388,1544,1551,2026-05-04 19:00:00
6518,1763,4388,1410,1402,2026-05-04 19:00:00
6519,1145,4389,1435,1449,2026-05-04 19:00:00
6520,1808,4389,1499,1485,2026-05-04 19:00:00
6521,40,4390,1926,1930,2026-05-04 19:00:00
6522,234,4390,1657,1653,2026-05-04 19:00:00
6523,901,4392,1584,1587,2026-05-04 19:00:00
6524,1218,4392,1212,1210,2026-05-04 19:00:00
6525,2033,4393,1575,1566,2026-05-04 19:00:00
6526,1172,4393,1657,1666,2026-05-04 19:00:00
6527,2003,4394,1511,1501,2026-05-04 19:00:00
6528,901,4394,1587,1596,2026-05-04 19:00:00
6529,1495,4395,1487,1472,2026-05-04 19:00:00
6530,1424,4395,1422,1436,2026-05-04 19:00:00
6531,2163,4396,1611,1596,2026-05-04 19:00:00
6532,1451,4396,1536,1550,2026-05-04 19:00:00
6533,67,4398,1268,1280,2026-05-04 19:00:00
6534,2426,4398,1276,1264,2026-05-04 19:00:00
6535,2027,4399,1458,1466,2026-05-04 19:00:00
6536,283,4399,1343,1335,2026-05-04 19:00:00
6537,672,4400,1534,1544,2026-05-04 19:00:00
6538,2320,4400,1482,1472,2026-05-04 19:00:00
6539,2244,4401,1287,1297,2026-05-04 19:00:00
6540,826,4401,1210,1201,2026-05-04 19:00:00
6541,722,4402,1470,1483,2026-05-04 20:00:00
6542,1829,4402,1507,1493,2026-05-04 20:00:00
6543,2056,4403,1093,1084,2026-05-04 20:00:00
6544,1292,4403,1197,1206,2026-05-04 20:00:00
6545,2304,4404,1880,1889,2026-05-04 20:00:00
6546,2180,4404,1789,1781,2026-05-04 20:00:00
6547,1566,4406,1904,1913,2026-05-04 20:00:00
6548,869,4406,1797,1789,2026-05-04 20:00:00
6549,215,4407,1644,1632,2026-05-04 20:00:00
6550,1522,4407,1642,1654,2026-05-04 20:00:00
6551,1522,4408,1654,1658,2026-05-04 20:00:00
6552,145,4408,1367,1363,2026-05-04 20:00:00
6553,2281,4409,1606,1611,2026-05-04 20:00:00
6554,2233,4409,1387,1381,2026-05-04 20:00:00
6555,1169,4410,1521,1530,2026-05-04 20:00:00
6556,2344,4410,1435,1426,2026-05-04 20:00:00
6557,2388,4412,1835,1843,2026-05-04 20:00:00
6558,598,4412,1722,1713,2026-05-04 20:00:00
6559,876,4413,1728,1716,2026-05-04 20:00:00
6560,437,4413,1720,1733,2026-05-04 20:00:00
6561,1495,4416,1472,1461,2026-05-04 21:00:00
6562,2224,4416,1486,1498,2026-05-04 21:00:00
6563,744,4417,1777,1767,2026-05-04 21:00:00
6564,10,4417,1842,1851,2026-05-04 21:00:00
6565,1645,4418,1550,1545,2026-05-04 21:00:00
6566,2265,4418,1778,1783,2026-05-04 21:00:00
6567,708,4419,1493,1500,2026-05-04 21:00:00
6568,269,4419,1355,1347,2026-05-04 21:00:00
6569,2417,4420,1655,1645,2026-05-04 21:00:00
6570,876,4420,1716,1725,2026-05-04 21:00:00
6571,1022,4421,1533,1530,2026-05-04 22:00:00
6572,2304,4421,1889,1892,2026-05-04 22:00:00
6573,450,4422,1568,1573,2026-05-04 22:00:00
6574,1411,4422,1353,1348,2026-05-04 22:00:00
6575,2092,4423,1384,1375,2026-05-04 22:00:00
6576,1829,4423,1493,1502,2026-05-04 22:00:00
6577,2142,4424,1644,1633,2026-05-04 22:00:00
6578,1663,4424,1683,1694,2026-05-04 22:00:00
6579,743,4431,1347,1330,2026-05-04 23:00:00
6580,1791,4431,1210,1227,2026-05-04 23:00:00
6581,722,4432,1483,1478,2026-05-05 00:00:00
6582,2090,4432,1733,1738,2026-05-05 00:00:00
6583,1946,4434,1286,1293,2026-05-05 01:00:00
6584,1228,4434,1149,1141,2026-05-05 01:00:00
6585,1762,4436,1404,1393,2026-05-05 10:00:00
6586,1145,4436,1449,1460,2026-05-05 10:00:00
6587,1094,4438,1570,1556,2026-05-05 11:00:00
6588,645,4438,1527,1541,2026-05-05 11:00:00
6589,1476,4439,1548,1553,2026-05-05 11:00:00
6590,515,4439,1350,1344,2026-05-05 11:00:00
6591,2452,4440,1513,1505,2026-05-05 11:00:00
6592,2385,4440,1629,1638,2026-05-05 11:00:00
6593,1113,4443,1345,1332,2026-05-05 13:00:00
6594,2035,4443,1307,1320,2026-05-05 13:00:00
6595,646,4444,1337,1334,2026-05-05 14:00:00
6596,2470,4444,1669,1672,2026-05-05 14:00:00
6597,664,4445,1717,1724,2026-05-05 14:00:00
6598,1028,4445,1572,1565,2026-05-05 14:00:00
6599,450,4446,1573,1560,2026-05-05 14:00:00
6600,401,4446,1554,1566,2026-05-05 14:00:00
6601,901,4447,1596,1607,2026-05-05 14:00:00
6602,260,4447,1570,1559,2026-05-05 14:00:00
6603,2127,4448,1639,1627,2026-05-05 14:00:00
6604,1918,4448,1618,1631,2026-05-05 14:00:00
6605,2409,4449,1615,1606,2026-05-05 14:00:00
6606,561,4449,1721,1729,2026-05-05 14:00:00
6607,2095,4450,1604,1593,2026-05-05 15:00:00
6608,1773,4450,1659,1669,2026-05-05 15:00:00
6609,229,4451,1631,1618,2026-05-05 15:00:00
6610,63,4451,1597,1611,2026-05-05 15:00:00
6611,722,4453,1478,1471,2026-05-05 17:00:00
6612,63,4453,1611,1618,2026-05-05 17:00:00
6613,685,4454,1234,1226,2026-05-05 17:00:00
6614,145,4454,1363,1371,2026-05-05 17:00:00
6615,1587,4455,1504,1513,2026-05-05 17:00:00
6616,2337,4455,1421,1412,2026-05-05 17:00:00
6617,2110,4456,1116,1100,2026-05-05 17:00:00
6618,2283,4456,998,1014,2026-05-05 17:00:00
6619,952,4457,1395,1386,2026-05-05 18:00:00
6620,722,4457,1471,1480,2026-05-05 18:00:00
6621,390,4460,1699,1685,2026-05-05 18:00:00
6622,911,4460,1617,1632,2026-05-05 18:00:00
6623,1546,4462,1080,1072,2026-05-05 18:00:00
6624,1691,4462,1192,1200,2026-05-05 18:00:00
6625,952,4465,1386,1374,2026-05-05 19:00:00
6626,2092,4465,1375,1388,2026-05-05 19:00:00
6627,1213,4466,1602,1610,2026-05-05 19:00:00
6628,278,4466,1481,1473,2026-05-05 19:00:00
6629,2252,4467,1732,1740,2026-05-05 19:00:00
6630,881,4467,1619,1611,2026-05-05 19:00:00
6631,2224,4468,1498,1490,2026-05-05 19:00:00
6632,881,4468,1611,1619,2026-05-05 19:00:00
6633,1522,4469,1658,1671,2026-05-05 19:00:00
6634,1201,4469,1688,1675,2026-05-05 19:00:00
6635,171,4471,1636,1623,2026-05-05 19:00:00
6636,2297,4471,1612,1624,2026-05-05 19:00:00
6637,334,4472,1553,1560,2026-05-05 19:00:00
6638,820,4472,1418,1411,2026-05-05 19:00:00
6639,2417,4473,1645,1660,2026-05-05 19:00:00
6640,876,4473,1725,1711,2026-05-05 19:00:00
6641,1789,4475,1809,1817,2026-05-05 20:00:00
6642,2470,4475,1672,1665,2026-05-05 20:00:00
6643,1397,4476,1524,1513,2026-05-05 20:00:00
6644,1028,4476,1565,1576,2026-05-05 20:00:00
6645,1321,4477,1377,1369,2026-05-05 20:00:00
6646,722,4477,1480,1489,2026-05-05 20:00:00
6647,2224,4478,1490,1477,2026-05-05 20:00:00
6648,2467,4478,1459,1472,2026-05-05 20:00:00
6649,1126,4479,1892,1899,2026-05-05 20:00:00
6650,2252,4479,1740,1733,2026-05-05 20:00:00
6651,138,4480,1749,1765,2026-05-05 20:00:00
6652,2393,4480,1869,1853,2026-05-05 20:00:00
6653,2110,4481,1100,1108,2026-05-05 20:00:00
6654,2129,4481,959,951,2026-05-05 20:00:00
6655,1633,4482,1402,1387,2026-05-05 20:00:00
6656,1599,4482,1315,1330,2026-05-05 20:00:00
6657,28,4483,1783,1791,2026-05-05 20:00:00
6658,1602,4483,1658,1650,2026-05-05 20:00:00
6659,249,4484,1846,1853,2026-05-05 20:00:00
6660,2183,4484,1710,1703,2026-05-05 20:00:00
6661,1249,4485,1418,1409,2026-05-05 20:00:00
6662,708,4485,1500,1509,2026-05-05 20:00:00
6663,883,4487,1370,1382,2026-05-05 21:00:00
6664,91,4487,1378,1366,2026-05-05 21:00:00
6665,1631,4488,1898,1901,2026-05-05 21:00:00
6666,1561,4488,1551,1548,2026-05-05 21:00:00
6667,334,4490,1560,1553,2026-05-05 21:00:00
6668,2183,4490,1703,1710,2026-05-05 21:00:00
6669,643,4493,1445,1453,2026-05-05 22:00:00
6670,1953,4493,1325,1317,2026-05-05 22:00:00
6671,1367,4495,1770,1781,2026-05-05 22:00:00
6672,2252,4495,1733,1722,2026-05-05 22:00:00
6673,744,4496,1767,1776,2026-05-05 22:00:00
6674,2445,4496,1694,1685,2026-05-05 22:00:00
6675,1807,4497,1310,1326,2026-05-05 22:00:00
6676,2455,4497,1416,1401,2026-05-05 22:00:00
6677,1494,4498,1086,1084,2026-05-05 22:00:00
6678,878,4498,1507,1509,2026-05-05 22:00:00
6679,1169,4499,1530,1539,2026-05-05 23:00:00
6680,1499,4499,1462,1453,2026-05-05 23:00:00
6681,2326,4500,1223,1238,2026-05-05 23:00:00
6682,2407,4500,1338,1322,2026-05-05 23:00:00
6683,1396,4504,1210,1200,2026-05-06 00:00:00
6684,1618,4504,1283,1292,2026-05-06 00:00:00
6685,2295,4505,1183,1195,2026-05-06 01:00:00
6686,2121,4505,1182,1170,2026-05-06 01:00:00
6687,2294,4506,1367,1374,2026-05-06 01:00:00
6688,826,4506,1201,1194,2026-05-06 01:00:00
6689,525,4507,1585,1576,2026-05-06 10:00:00
6690,1788,4507,1662,1671,2026-05-06 10:00:00
6691,1458,4511,1676,1671,2026-05-06 12:00:00
6692,1126,4511,1899,1905,2026-05-06 12:00:00
6693,2176,4512,1323,1314,2026-05-06 12:00:00
6694,1884,4512,1402,1412,2026-05-06 12:00:00
6695,1221,4513,1539,1549,2026-05-06 12:00:00
6696,623,4513,1466,1457,2026-05-06 12:00:00
6697,249,4514,1853,1860,2026-05-06 13:00:00
6698,2183,4514,1710,1703,2026-05-06 13:00:00
6699,1593,4515,1529,1515,2026-05-06 14:00:00
6700,446,4515,1488,1501,2026-05-06 14:00:00
6701,646,4516,1334,1323,2026-05-06 14:00:00
6702,480,4516,1366,1377,2026-05-06 14:00:00
6703,269,4517,1347,1335,2026-05-06 14:00:00
6704,979,4517,1342,1355,2026-05-06 14:00:00
6705,1458,4519,1671,1680,2026-05-06 15:00:00
6706,1008,4519,1610,1600,2026-05-06 15:00:00
6707,1477,4523,1058,1044,2026-05-06 16:00:00
6708,1036,4523,996,1010,2026-05-06 16:00:00
6709,1460,4524,1394,1386,2026-05-06 16:00:00
6710,61,4524,1508,1516,2026-05-06 16:00:00
6711,1018,4526,1376,1366,2026-05-06 17:00:00
6712,2212,4526,1446,1455,2026-05-06 17:00:00
6713,1944,4528,1475,1464,2026-05-06 17:00:00
6714,1593,4528,1515,1526,2026-05-06 17:00:00
6715,2169,4530,1719,1726,2026-05-06 17:00:00
6716,1388,4530,1582,1575,2026-05-06 17:00:00
6717,1424,4532,1436,1440,2026-05-06 17:00:00
6718,123,4532,1181,1176,2026-05-06 17:00:00
6719,647,4533,1690,1697,2026-05-06 17:00:00
6720,197,4533,1538,1531,2026-05-06 17:00:00
6721,1423,4534,1337,1345,2026-05-06 17:00:00
6722,571,4534,1195,1188,2026-05-06 17:00:00
6723,2048,4535,1225,1242,2026-05-06 17:00:00
6724,202,4535,1353,1337,2026-05-06 17:00:00
6725,2304,4536,1892,1903,2026-05-06 18:00:00
6726,1549,4536,1860,1849,2026-05-06 18:00:00
6727,615,4537,1669,1656,2026-05-06 18:00:00
6728,2297,4537,1624,1638,2026-05-06 18:00:00
6729,656,4538,1436,1443,2026-05-06 18:00:00
6730,799,4538,1288,1281,2026-05-06 18:00:00
6731,334,4540,1553,1537,2026-05-06 18:00:00
6732,2486,4540,1420,1436,2026-05-06 18:00:00
6733,2452,4541,1505,1497,2026-05-06 18:00:00
6734,2127,4541,1627,1635,2026-05-06 18:00:00
6735,2390,4543,1489,1497,2026-05-06 18:00:00
6736,583,4543,1370,1362,2026-05-06 18:00:00
6737,2209,4544,1439,1429,2026-05-06 18:00:00
6738,355,4544,1491,1501,2026-05-06 18:00:00
6739,1163,4545,1866,1850,2026-05-06 19:00:00
6740,2141,4545,1732,1748,2026-05-06 19:00:00
6741,1836,4546,1338,1348,2026-05-06 19:00:00
6742,374,4546,1283,1273,2026-05-06 19:00:00
6743,1397,4548,1513,1523,2026-05-06 19:00:00
6744,2212,4548,1455,1445,2026-05-06 19:00:00
6745,910,4550,1692,1698,2026-05-06 19:00:00
6746,2317,4550,1500,1494,2026-05-06 19:00:00
6747,234,4551,1653,1661,2026-05-06 19:00:00
6748,1561,4551,1548,1540,2026-05-06 19:00:00
6749,608,4552,1379,1387,2026-05-06 19:00:00
6750,1287,4552,1244,1237,2026-05-06 19:00:00
6751,1179,4553,1491,1482,2026-05-06 19:00:00
6752,415,4553,1595,1604,2026-05-06 19:00:00
6753,2024,4555,1662,1673,2026-05-06 20:00:00
6754,285,4555,1623,1612,2026-05-06 20:00:00
6755,2325,4556,1239,1229,2026-05-06 20:00:00
6756,1490,4556,1293,1303,2026-05-06 20:00:00
6757,2379,4557,1962,1972,2026-05-06 20:00:00
6758,2041,4557,1907,1897,2026-05-06 20:00:00
6759,2369,4558,1511,1499,2026-05-06 20:00:00
6760,1929,4558,1499,1511,2026-05-06 20:00:00
6761,1807,4559,1326,1339,2026-05-06 20:00:00
6762,2164,4559,1366,1353,2026-05-06 20:00:00
6763,1579,4560,1421,1435,2026-05-06 20:00:00
6764,888,4560,1493,1479,2026-05-06 20:00:00
6765,670,4562,1416,1408,2026-05-06 20:00:00
6766,1940,4562,1523,1532,2026-05-06 20:00:00
6767,1262,4565,1378,1371,2026-05-06 21:00:00
6768,1998,4565,1518,1525,2026-05-06 21:00:00
6769,1008,4566,1600,1611,2026-05-06 21:00:00
6770,1388,4566,1575,1564,2026-05-06 21:00:00
6771,1791,4567,1227,1212,2026-05-06 21:00:00
6772,916,4567,1155,1169,2026-05-06 21:00:00
6773,1723,4568,1494,1486,2026-05-06 21:00:00
6774,1093,4568,1620,1628,2026-05-06 21:00:00
6775,2213,4569,1792,1801,2026-05-06 21:00:00
6776,1482,4569,1717,1708,2026-05-06 21:00:00
6777,1343,4570,1585,1570,2026-05-06 21:00:00
6778,1075,4570,1496,1511,2026-05-06 21:00:00
6779,1676,4571,1852,1860,2026-05-06 21:00:00
6780,437,4571,1733,1725,2026-05-06 21:00:00
6781,1028,4572,1576,1566,2026-05-06 22:00:00
6782,2142,4572,1633,1643,2026-05-06 22:00:00
6783,319,4573,1286,1281,2026-05-06 22:00:00
6784,1998,4573,1525,1530,2026-05-06 22:00:00
6785,1172,4574,1666,1673,2026-05-06 22:00:00
6786,737,4574,1489,1482,2026-05-06 22:00:00
6787,836,4575,1396,1386,2026-05-06 22:00:00
6788,255,4575,1439,1450,2026-05-06 22:00:00
6789,2074,4576,1560,1569,2026-05-06 22:00:00
6790,1448,4576,1496,1486,2026-05-06 22:00:00
6791,28,4577,1791,1781,2026-05-06 22:00:00
6792,249,4577,1860,1870,2026-05-06 22:00:00
6793,2245,4578,1813,1828,2026-05-06 22:00:00
6794,1428,4578,1908,1893,2026-05-06 22:00:00
6795,2417,4579,1660,1667,2026-05-06 22:00:00
6796,1833,4579,1515,1508,2026-05-06 22:00:00
6797,1602,4583,1650,1654,2026-05-06 23:00:00
6798,2164,4583,1353,1349,2026-05-06 23:00:00
6799,529,4584,1557,1551,2026-05-07 00:00:00
6800,2006,4584,1754,1760,2026-05-07 00:00:00
6801,883,4586,1382,1370,2026-05-07 10:00:00
6802,1018,4586,1366,1379,2026-05-07 10:00:00
6803,198,4587,1571,1567,2026-05-07 10:00:00
6804,630,4587,1812,1817,2026-05-07 10:00:00
6805,938,4589,1436,1428,2026-05-07 12:00:00
6806,1476,4589,1553,1561,2026-05-07 12:00:00
6807,443,4590,1551,1540,2026-05-07 14:00:00
6808,1792,4590,1579,1590,2026-05-07 14:00:00
6809,1213,4592,1610,1617,2026-05-07 14:00:00
6810,1495,4592,1461,1454,2026-05-07 14:00:00
6811,2113,4593,1681,1691,2026-05-07 14:00:00
6812,1434,4593,1617,1607,2026-05-07 14:00:00
6813,1284,4594,1659,1663,2026-05-07 14:00:00
6814,1601,4594,1415,1410,2026-05-07 14:00:00
6815,214,4595,1235,1248,2026-05-07 14:00:00
6816,1771,4595,1273,1260,2026-05-07 14:00:00
6817,2009,4596,1520,1513,2026-05-07 15:00:00
6818,362,4596,1677,1684,2026-05-07 15:00:00
6819,1029,4599,1854,1841,2026-05-07 16:00:00
6820,651,4599,1839,1852,2026-05-07 16:00:00
6821,2348,4600,1230,1223,2026-05-07 17:00:00
6822,1762,4600,1393,1400,2026-05-07 17:00:00
6823,1018,4601,1379,1367,2026-05-07 17:00:00
6824,952,4601,1374,1386,2026-05-07 17:00:00
6825,1365,4602,1758,1766,2026-05-07 17:00:00
6826,2142,4602,1643,1635,2026-05-07 17:00:00
6827,869,4605,1789,1799,2026-05-07 17:00:00
6828,1462,4605,1727,1717,2026-05-07 17:00:00
6829,1480,4607,1375,1385,2026-05-07 17:00:00
6830,1609,4607,1311,1302,2026-05-07 17:00:00
6831,28,4608,1781,1790,2026-05-07 17:00:00
6832,1053,4608,1689,1681,2026-05-07 17:00:00
6833,1284,4609,1663,1673,2026-05-07 17:00:00
6834,525,4609,1576,1567,2026-05-07 17:00:00
6835,608,4610,1387,1399,2026-05-07 18:00:00
6836,1572,4610,1394,1381,2026-05-07 18:00:00
6837,627,4612,1722,1734,2026-05-07 18:00:00
6838,1470,4612,1709,1697,2026-05-07 18:00:00
6839,647,4615,1697,1681,2026-05-07 18:00:00
6840,1875,4615,1560,1576,2026-05-07 18:00:00
6841,1411,4616,1348,1337,2026-05-07 19:00:00
6842,883,4616,1370,1381,2026-05-07 19:00:00
6843,1502,4617,1856,1864,2026-05-07 19:00:00
6844,2252,4617,1722,1715,2026-05-07 19:00:00
6845,2012,4621,1533,1524,2026-05-07 19:00:00
6846,2026,4621,1621,1630,2026-05-07 19:00:00
6847,672,4623,1544,1540,2026-05-07 19:00:00
6848,2245,4623,1828,1832,2026-05-07 19:00:00
6849,2169,4624,1726,1714,2026-05-07 20:00:00
6850,493,4624,1722,1734,2026-05-07 20:00:00
6851,1462,4625,1717,1730,2026-05-07 20:00:00
6852,1681,4625,1749,1736,2026-05-07 20:00:00
6853,301,4626,1145,1137,2026-05-07 20:00:00
6854,1710,4626,1290,1297,2026-05-07 20:00:00
6855,1723,4627,1486,1495,2026-05-07 20:00:00
6856,1401,4627,1390,1382,2026-05-07 20:00:00
6857,1721,4628,1635,1639,2026-05-07 20:00:00
6858,1113,4628,1332,1328,2026-05-07 20:00:00
6859,730,4629,1246,1256,2026-05-07 20:00:00
6860,1521,4629,1183,1173,2026-05-07 20:00:00
6861,197,4631,1531,1525,2026-05-07 20:00:00
6862,2442,4631,1722,1728,2026-05-07 20:00:00
6863,1129,4632,1462,1472,2026-05-07 21:00:00
6864,952,4632,1386,1376,2026-05-07 21:00:00
6865,1789,4633,1817,1827,2026-05-07 21:00:00
6866,1354,4633,1771,1761,2026-05-07 21:00:00
6867,1965,4634,1861,1873,2026-05-07 21:00:00
6868,2227,4634,1860,1848,2026-05-07 21:00:00
6869,1810,4635,1944,1956,2026-05-07 21:00:00
6870,527,4635,1938,1926,2026-05-07 21:00:00
6871,971,4636,1591,1596,2026-05-07 21:00:00
6872,1233,4636,1360,1355,2026-05-07 21:00:00
6873,926,4640,1518,1530,2026-05-07 21:00:00
6874,745,4640,1542,1529,2026-05-07 21:00:00
6875,1845,4641,1236,1219,2026-05-07 21:00:00
6876,39,4641,1094,1111,2026-05-07 21:00:00
6877,2310,4644,1843,1852,2026-05-07 21:00:00
6878,561,4644,1729,1721,2026-05-07 21:00:00
6879,1901,4645,1504,1511,2026-05-07 21:00:00
6880,1887,4645,1338,1331,2026-05-07 21:00:00
6881,2288,4647,1745,1758,2026-05-07 21:00:00
6882,1246,4647,1770,1757,2026-05-07 21:00:00
6883,191,4650,1816,1808,2026-05-07 22:00:00
6884,774,4650,1955,1962,2026-05-07 22:00:00
6885,1355,4651,1368,1376,2026-05-07 22:00:00
6886,2326,4651,1238,1231,2026-05-07 22:00:00
6887,534,4652,1459,1449,2026-05-07 22:00:00
6888,516,4652,1518,1528,2026-05-07 22:00:00
6889,255,4653,1450,1462,2026-05-07 23:00:00
6890,2268,4653,1475,1462,2026-05-07 23:00:00
6891,1364,4654,1597,1589,2026-05-07 23:00:00
6892,2183,4654,1703,1711,2026-05-07 23:00:00
6893,1053,4655,1681,1668,2026-05-07 23:00:00
6894,1602,4655,1654,1667,2026-05-07 23:00:00
6895,1280,4656,1346,1341,2026-05-07 23:00:00
6896,1741,4656,1572,1577,2026-05-07 23:00:00
6897,2288,4657,1758,1769,2026-05-07 23:00:00
6898,1917,4657,1736,1725,2026-05-07 23:00:00
6899,1282,4658,1645,1654,2026-05-07 23:00:00
6900,114,4658,1542,1533,2026-05-07 23:00:00
6901,664,4659,1724,1710,2026-05-08 00:00:00
6902,538,4659,1661,1675,2026-05-08 00:00:00
6903,304,4660,1557,1545,2026-05-08 00:00:00
6904,401,4660,1566,1578,2026-05-08 00:00:00
6905,775,4661,1191,1186,2026-05-08 00:00:00
6906,1763,4661,1402,1408,2026-05-08 00:00:00
6907,1687,4663,2043,2049,2026-05-08 09:00:00
6908,1163,4663,1850,1844,2026-05-08 09:00:00
6909,1261,4664,1788,1773,2026-05-08 10:00:00
6910,910,4664,1698,1713,2026-05-08 10:00:00
6911,1907,4665,1273,1288,2026-05-08 10:00:00
6912,2109,4665,1373,1357,2026-05-08 10:00:00
6913,2183,4668,1711,1698,2026-05-08 11:00:00
6914,1602,4668,1667,1680,2026-05-08 11:00:00
6915,158,4670,1643,1655,2026-05-08 11:00:00
6916,2037,4670,1626,1615,2026-05-08 11:00:00
6917,2095,4671,1593,1603,2026-05-08 13:00:00
6918,1593,4671,1526,1516,2026-05-08 13:00:00
6919,2433,4673,1141,1137,2026-05-08 13:00:00
6920,1548,4673,1403,1408,2026-05-08 13:00:00
6921,561,4675,1721,1713,2026-05-08 13:00:00
6922,2310,4675,1852,1859,2026-05-08 13:00:00
6923,1931,4676,1868,1876,2026-05-08 13:00:00
6924,2189,4676,1752,1744,2026-05-08 13:00:00
6925,1495,4679,1454,1461,2026-05-08 14:00:00
6926,2430,4679,1317,1310,2026-05-08 14:00:00
6927,443,4682,1540,1529,2026-05-08 15:00:00
6928,450,4682,1560,1572,2026-05-08 15:00:00
6929,2120,4684,1716,1709,2026-05-08 15:00:00
6930,651,4684,1852,1859,2026-05-08 15:00:00
6931,301,4686,1137,1129,2026-05-08 15:00:00
6932,1287,4686,1237,1245,2026-05-08 15:00:00
6933,149,4687,1613,1605,2026-05-08 15:00:00
6934,1974,4687,1726,1734,2026-05-08 15:00:00
6935,1545,4688,1477,1489,2026-05-08 15:00:00
6936,736,4688,1490,1477,2026-05-08 15:00:00
6937,1756,4689,1736,1725,2026-05-08 16:00:00
6938,1365,4689,1766,1777,2026-05-08 16:00:00
6939,2126,4690,1469,1477,2026-05-08 16:00:00
6940,1018,4690,1367,1358,2026-05-08 16:00:00
6941,374,4692,1273,1264,2026-05-08 16:00:00
6942,883,4692,1381,1389,2026-05-08 16:00:00
6943,2116,4693,1551,1543,2026-05-08 16:00:00
6944,1172,4693,1673,1681,2026-05-08 16:00:00
6945,1388,4695,1564,1555,2026-05-08 16:00:00
6946,183,4695,1659,1668,2026-05-08 16:00:00
6947,1113,4696,1328,1317,2026-05-08 16:00:00
6948,602,4696,1350,1361,2026-05-08 16:00:00
6949,2233,4697,1381,1369,2026-05-08 16:00:00
6950,1572,4697,1381,1393,2026-05-08 16:00:00
6951,656,4698,1443,1433,2026-05-08 16:00:00
6952,1299,4698,1478,1489,2026-05-08 16:00:00
6953,138,4699,1765,1748,2026-05-08 16:00:00
6954,171,4699,1623,1639,2026-05-08 16:00:00
6955,2483,4700,1311,1308,2026-05-08 16:00:00
6956,2385,4700,1638,1641,2026-05-08 16:00:00
6957,1468,4702,1414,1422,2026-05-08 16:00:00
6958,1300,4702,1302,1294,2026-05-08 16:00:00
6959,1129,4703,1472,1456,2026-05-08 17:00:00
6960,480,4703,1377,1392,2026-05-08 17:00:00
6961,446,4704,1501,1488,2026-05-08 17:00:00
6962,2316,4704,1469,1482,2026-05-08 17:00:00
6963,2090,4705,1738,1724,2026-05-08 17:00:00
6964,2024,4705,1673,1687,2026-05-08 17:00:00
6965,2379,4706,1972,1982,2026-05-08 17:00:00
6966,1631,4706,1901,1891,2026-05-08 17:00:00
6967,901,4708,1607,1614,2026-05-08 17:00:00
6968,255,4708,1462,1455,2026-05-08 17:00:00
6969,1170,4711,1537,1524,2026-05-08 17:00:00
6970,1402,4711,1519,1532,2026-05-08 17:00:00
6971,2426,4715,1264,1254,2026-05-08 17:00:00
6972,1252,4715,1344,1353,2026-05-08 17:00:00
6973,2001,4717,1549,1558,2026-05-08 17:00:00
6974,1085,4717,1465,1456,2026-05-08 17:00:00
6975,612,4718,1465,1472,2026-05-08 18:00:00
6976,807,4718,1312,1305,2026-05-08 18:00:00
6977,1144,4719,2087,2098,2026-05-08 18:00:00
6978,1687,4719,2049,2039,2026-05-08 18:00:00
6979,119,4720,1477,1464,2026-05-08 18:00:00
6980,1154,4720,1454,1467,2026-05-08 18:00:00
6981,1233,4722,1355,1346,2026-05-08 18:00:00
6982,894,4722,1443,1452,2026-05-08 18:00:00
6983,2067,4724,1372,1381,2026-05-08 18:00:00
6984,1611,4724,1291,1282,2026-05-08 18:00:00
6985,867,4729,1796,1783,2026-05-08 18:00:00
6986,2020,4729,1764,1777,2026-05-08 18:00:00
6987,2245,4730,1832,1821,2026-05-08 18:00:00
6988,1314,4730,1847,1859,2026-05-08 18:00:00
6989,807,4732,1305,1298,2026-05-08 19:00:00
6990,1269,4732,1459,1466,2026-05-08 19:00:00
6991,1129,4733,1456,1448,2026-05-08 19:00:00
6992,2471,4733,1579,1587,2026-05-08 19:00:00
6993,2126,4734,1477,1468,2026-05-08 19:00:00
6994,450,4734,1572,1580,2026-05-08 19:00:00
6995,450,4735,1580,1570,2026-05-08 19:00:00
6996,1986,4735,1617,1628,2026-05-08 19:00:00
6997,1278,4736,1682,1669,2026-05-08 19:00:00
6998,434,4736,1652,1665,2026-05-08 19:00:00
6999,775,4737,1186,1194,2026-05-08 19:00:00
7000,2056,4737,1084,1076,2026-05-08 19:00:00
7001,125,4738,1413,1427,2026-05-08 19:00:00
7002,1603,4738,1472,1458,2026-05-08 19:00:00
7003,869,4739,1799,1789,2026-05-08 19:00:00
7004,651,4739,1859,1869,2026-05-08 19:00:00
7005,649,4740,1519,1529,2026-05-08 19:00:00
7006,255,4740,1455,1445,2026-05-08 19:00:00
7007,1113,4742,1317,1305,2026-05-08 19:00:00
7008,743,4742,1330,1342,2026-05-08 19:00:00
7009,234,4743,1661,1646,2026-05-08 19:00:00
7010,1919,4743,1550,1565,2026-05-08 19:00:00
7011,737,4744,1482,1470,2026-05-08 19:00:00
7012,2224,4744,1477,1489,2026-05-08 19:00:00
7013,1345,4745,1472,1482,2026-05-08 19:00:00
7014,2473,4745,1405,1395,2026-05-08 19:00:00
7015,615,4746,1656,1664,2026-05-08 19:00:00
7016,926,4746,1530,1523,2026-05-08 19:00:00
7017,2459,4747,1937,1923,2026-05-08 19:00:00
7018,2005,4747,1875,1889,2026-05-08 19:00:00
7019,2409,4748,1606,1615,2026-05-08 19:00:00
7020,2434,4748,1517,1508,2026-05-08 19:00:00
7021,1519,4749,1609,1614,2026-05-08 19:00:00
7022,1192,4749,1392,1387,2026-05-08 19:00:00
7023,1536,4751,1931,1937,2026-05-08 19:00:00
7024,654,4751,1757,1750,2026-05-08 19:00:00
7025,1613,4752,1527,1536,2026-05-08 19:00:00
7026,948,4752,1429,1420,2026-05-08 19:00:00
7027,2037,4753,1615,1604,2026-05-08 19:00:00
7028,2193,4753,1659,1669,2026-05-08 19:00:00
7029,647,4754,1681,1691,2026-05-08 19:00:00
7030,1544,4754,1620,1610,2026-05-08 19:00:00
7031,647,4755,1691,1679,2026-05-08 19:00:00
7032,2443,4755,1685,1697,2026-05-08 19:00:00
7033,529,4756,1551,1541,2026-05-08 20:00:00
7034,1792,4756,1590,1601,2026-05-08 20:00:00
7035,1354,4757,1761,1765,2026-05-08 20:00:00
7036,1808,4757,1485,1481,2026-05-08 20:00:00
7037,2357,4758,1514,1505,2026-05-08 20:00:00
7038,2281,4758,1611,1620,2026-05-08 20:00:00
7039,1401,4759,1382,1369,2026-05-08 20:00:00
7040,602,4759,1361,1374,2026-05-08 20:00:00
7041,234,4760,1646,1654,2026-05-08 20:00:00
7042,2116,4760,1543,1534,2026-05-08 20:00:00
7043,1737,4761,1514,1525,2026-05-08 20:00:00
7044,278,4761,1473,1463,2026-05-08 20:00:00
7045,1837,4763,1579,1569,2026-05-08 20:00:00
7046,2297,4763,1638,1648,2026-05-08 20:00:00
7047,558,4764,1150,1138,2026-05-08 20:00:00
7048,1521,4764,1173,1184,2026-05-08 20:00:00
7049,201,4765,1108,1104,2026-05-08 20:00:00
7050,1801,4765,1367,1371,2026-05-08 20:00:00
7051,2000,4766,1538,1526,2026-05-08 20:00:00
7052,771,4766,1548,1560,2026-05-08 20:00:00
7053,784,4768,1332,1341,2026-05-08 20:00:00
7054,509,4768,1248,1239,2026-05-08 20:00:00
7055,1570,4769,1382,1373,2026-05-08 20:00:00
7056,895,4769,1458,1467,2026-05-08 20:00:00
7057,1246,4771,1757,1741,2026-05-08 20:00:00
7058,985,4771,1626,1643,2026-05-08 20:00:00
7059,1829,4774,1502,1489,2026-05-08 21:00:00
7060,1808,4774,1481,1494,2026-05-08 21:00:00
7061,1953,4775,1317,1313,2026-05-08 21:00:00
7062,2095,4775,1603,1607,2026-05-08 21:00:00
7063,2348,4776,1223,1216,2026-05-08 21:00:00
7064,1321,4776,1369,1376,2026-05-08 21:00:00
7065,646,4777,1323,1337,2026-05-08 21:00:00
7066,952,4777,1376,1363,2026-05-08 21:00:00
7067,1953,4778,1313,1304,2026-05-08 21:00:00
7068,1762,4778,1400,1409,2026-05-08 21:00:00
7069,1762,4779,1409,1419,2026-05-08 21:00:00
7070,1045,4779,1359,1349,2026-05-08 21:00:00
7071,685,4781,1226,1238,2026-05-08 21:00:00
7072,1791,4781,1212,1201,2026-05-08 21:00:00
7073,1669,4782,1539,1529,2026-05-08 21:00:00
7074,176,4782,1609,1619,2026-05-08 21:00:00
7075,2186,4783,1671,1662,2026-05-08 21:00:00
7076,998,4783,1744,1754,2026-05-08 21:00:00
7077,2164,4784,1349,1339,2026-05-08 21:00:00
7078,181,4784,1393,1403,2026-05-08 21:00:00
7079,1888,4787,1542,1554,2026-05-08 21:00:00
7080,1504,4787,1553,1541,2026-05-08 21:00:00
7081,985,4788,1643,1627,2026-05-08 21:00:00
7082,1148,4788,1539,1555,2026-05-08 21:00:00
7083,951,4789,1556,1548,2026-05-08 21:00:00
7084,13,4789,1669,1677,2026-05-08 21:00:00
7085,2090,4790,1724,1732,2026-05-08 22:00:00
7086,229,4790,1618,1609,2026-05-08 22:00:00
7087,1762,4791,1419,1403,2026-05-08 22:00:00
7088,807,4791,1298,1314,2026-05-08 22:00:00
7089,1278,4792,1669,1676,2026-05-08 22:00:00
7090,1397,4792,1523,1516,2026-05-08 22:00:00
7091,144,4793,1348,1346,2026-05-08 22:00:00
7092,816,4793,1786,1788,2026-05-08 22:00:00
7093,189,4794,1704,1695,2026-05-08 22:00:00
7094,816,4794,1788,1797,2026-05-08 22:00:00
7095,1773,4795,1669,1661,2026-05-08 22:00:00
7096,816,4795,1797,1805,2026-05-08 22:00:00
7097,1946,4796,1293,1304,2026-05-08 22:00:00
7098,374,4796,1264,1253,2026-05-08 22:00:00
7099,1593,4797,1516,1525,2026-05-08 22:00:00
7100,1762,4797,1403,1395,2026-05-08 22:00:00
7101,1810,4798,1956,1966,2026-05-08 22:00:00
7102,1566,4798,1913,1902,2026-05-08 22:00:00
7103,1602,4800,1680,1667,2026-05-08 22:00:00
7104,2127,4800,1635,1648,2026-05-08 22:00:00
7105,2123,4801,1675,1683,2026-05-08 22:00:00
7106,1993,4801,1557,1549,2026-05-08 22:00:00
7107,1544,4802,1610,1602,2026-05-08 22:00:00
7108,437,4802,1725,1733,2026-05-08 22:00:00
7109,2471,4803,1587,1595,2026-05-08 23:00:00
7110,1145,4803,1460,1452,2026-05-08 23:00:00
7111,1098,4804,1393,1387,2026-05-08 23:00:00
7112,229,4804,1609,1615,2026-05-08 23:00:00
7113,2467,4811,1472,1485,2026-05-08 23:00:00
7114,2369,4811,1499,1486,2026-05-08 23:00:00
7115,1126,4812,1905,1892,2026-05-08 23:00:00
7116,2041,4812,1897,1909,2026-05-08 23:00:00
7117,39,4814,1111,1104,2026-05-08 23:00:00
7118,715,4814,1291,1298,2026-05-08 23:00:00
7119,2209,4815,1429,1438,2026-05-08 23:00:00
7120,1983,4815,1341,1332,2026-05-08 23:00:00
7121,98,4816,1633,1644,2026-05-08 23:00:00
7122,1080,4816,1620,1608,2026-05-08 23:00:00
7123,1000,4817,1626,1637,2026-05-08 23:00:00
7124,85,4817,1596,1585,2026-05-08 23:00:00
7125,229,4818,1615,1609,2026-05-09 00:00:00
7126,816,4818,1805,1811,2026-05-09 00:00:00
7127,1354,4820,1765,1757,2026-05-09 10:00:00
7128,1965,4820,1873,1882,2026-05-09 10:00:00
7129,1919,4821,1565,1572,2026-05-09 10:00:00
7130,608,4821,1399,1392,2026-05-09 10:00:00
7131,87,4822,1228,1243,2026-05-09 10:00:00
7132,154,4822,1305,1291,2026-05-09 10:00:00
7133,1683,4823,1418,1427,2026-05-09 10:00:00
7134,1280,4823,1341,1331,2026-05-09 10:00:00
7135,2336,4824,1504,1512,2026-05-09 10:00:00
7136,1329,4824,1383,1375,2026-05-09 10:00:00
7137,672,4825,1540,1531,2026-05-09 10:00:00
7138,1530,4825,1617,1627,2026-05-09 10:00:00
7139,446,4827,1488,1478,2026-05-09 11:00:00
7140,304,4827,1545,1555,2026-05-09 11:00:00
7141,1391,4829,1724,1733,2026-05-09 11:00:00
7142,2297,4829,1648,1638,2026-05-09 11:00:00
7143,2212,4830,1445,1435,2026-05-09 12:00:00
7144,1808,4830,1494,1504,2026-05-09 12:00:00
7145,1184,4831,1214,1201,2026-05-09 12:00:00
7146,913,4831,1185,1198,2026-05-09 12:00:00
7147,379,4832,1687,1677,2026-05-09 12:00:00
7148,107,4832,1737,1747,2026-05-09 12:00:00
7149,476,4833,1391,1382,2026-05-09 12:00:00
7150,1342,4833,1468,1478,2026-05-09 12:00:00
7151,646,4834,1337,1335,2026-05-09 13:00:00
7152,2090,4834,1732,1734,2026-05-09 13:00:00
7153,443,4835,1529,1544,2026-05-09 13:00:00
7154,63,4835,1618,1603,2026-05-09 13:00:00
7155,1753,4836,1708,1692,2026-05-09 14:00:00
7156,1747,4836,1572,1588,2026-05-09 14:00:00
7157,883,4838,1389,1401,2026-05-09 14:00:00
7158,480,4838,1392,1380,2026-05-09 14:00:00
7159,2024,4839,1687,1677,2026-05-09 14:00:00
7160,1756,4839,1725,1736,2026-05-09 14:00:00
7161,2297,4841,1638,1647,2026-05-09 14:00:00
7162,2498,4841,1537,1529,2026-05-09 14:00:00
7163,1148,4843,1555,1562,2026-05-09 14:00:00
7164,20,4843,1407,1400,2026-05-09 14:00:00
7165,1030,4844,1713,1702,2026-05-09 14:00:00
7166,76,4844,1759,1770,2026-05-09 14:00:00
7167,823,4845,1020,1008,2026-05-09 14:00:00
7168,584,4845,1035,1047,2026-05-09 14:00:00
7169,304,4846,1555,1565,2026-05-09 15:00:00
7170,2316,4846,1482,1472,2026-05-09 15:00:00
7171,676,4848,1821,1812,2026-05-09 15:00:00
7172,1126,4848,1892,1902,2026-05-09 15:00:00
7173,1522,4849,1671,1681,2026-05-09 15:00:00
7174,1008,4849,1611,1601,2026-05-09 15:00:00
7175,1566,4850,1902,1912,2026-05-09 15:00:00
7176,1958,4850,1838,1828,2026-05-09 15:00:00
7177,1820,4852,1263,1254,2026-05-09 15:00:00
7178,2164,4852,1339,1348,2026-05-09 15:00:00
7179,953,4853,1444,1456,2026-05-09 15:00:00
7180,128,4853,1438,1427,2026-05-09 15:00:00
7181,2443,4854,1697,1709,2026-05-09 15:00:00
7182,647,4854,1679,1667,2026-05-09 15:00:00
7183,608,4858,1392,1385,2026-05-09 16:00:00
7184,2116,4858,1534,1541,2026-05-09 16:00:00
7185,2261,4860,1370,1354,2026-05-09 16:00:00
7186,685,4860,1238,1254,2026-05-09 16:00:00
7187,2127,4861,1648,1632,2026-05-09 16:00:00
7188,1433,4861,1526,1542,2026-05-09 16:00:00
7189,1359,4863,1514,1509,2026-05-09 16:00:00
7190,627,4863,1734,1739,2026-05-09 16:00:00
7191,1354,4865,1757,1766,2026-05-09 17:00:00
7192,2470,4865,1665,1656,2026-05-09 17:00:00
7193,1762,4866,1395,1409,2026-05-09 17:00:00
7194,643,4866,1453,1439,2026-05-09 17:00:00
7195,1789,4867,1827,1814,2026-05-09 17:00:00
7196,1365,4867,1777,1791,2026-05-09 17:00:00
7197,1145,4868,1452,1459,2026-05-09 17:00:00
7198,1946,4868,1304,1297,2026-05-09 17:00:00
7199,1008,4870,1601,1611,2026-05-09 17:00:00
7200,1669,4870,1529,1520,2026-05-09 17:00:00
7201,2063,4873,1211,1203,2026-05-09 17:00:00
7202,747,4873,1331,1339,2026-05-09 17:00:00
7203,678,4875,1659,1642,2026-05-09 17:00:00
7204,1122,4875,1525,1541,2026-05-09 17:00:00
7205,2355,4876,1677,1692,2026-05-09 17:00:00
7206,76,4876,1770,1755,2026-05-09 17:00:00
7207,2426,4877,1254,1243,2026-05-09 17:00:00
7208,1305,4877,1266,1278,2026-05-09 17:00:00
7209,1836,4879,1348,1337,2026-05-09 18:00:00
7210,480,4879,1380,1391,2026-05-09 18:00:00
7211,1029,4881,1841,1845,2026-05-09 18:00:00
7212,1894,4881,1549,1545,2026-05-09 18:00:00
7213,971,4882,1596,1581,2026-05-09 18:00:00
7214,1723,4882,1495,1511,2026-05-09 18:00:00
7215,639,4884,1476,1466,2026-05-09 18:00:00
7216,1071,4884,1544,1554,2026-05-09 18:00:00
7217,2453,4885,1275,1269,2026-05-09 18:00:00
7218,778,4885,1488,1493,2026-05-09 18:00:00
7219,1570,4886,1373,1383,2026-05-09 18:00:00
7220,400,4886,1319,1309,2026-05-09 18:00:00
7221,91,4887,1366,1357,2026-05-09 19:00:00
7222,1154,4887,1467,1476,2026-05-09 19:00:00
7223,1278,4888,1676,1685,2026-05-09 19:00:00
7224,1747,4888,1588,1579,2026-05-09 19:00:00
7225,1808,4890,1504,1512,2026-05-09 19:00:00
7226,480,4890,1391,1383,2026-05-09 19:00:00
7227,1278,4891,1685,1693,2026-05-09 19:00:00
7228,2119,4891,1568,1560,2026-05-09 19:00:00
7229,2119,4892,1560,1550,2026-05-09 19:00:00
7230,2142,4892,1635,1645,2026-05-09 19:00:00
7231,2379,4893,1982,1973,2026-05-09 19:00:00
7232,2496,4893,2058,2067,2026-05-09 19:00:00
7233,971,4894,1581,1566,2026-05-09 19:00:00
7234,2003,4894,1501,1516,2026-05-09 19:00:00
7235,2430,4896,1310,1321,2026-05-09 19:00:00
7236,1113,4896,1305,1294,2026-05-09 19:00:00
7237,2498,4898,1529,1520,2026-05-09 19:00:00
7238,171,4898,1639,1648,2026-05-09 19:00:00
7239,2164,4899,1348,1358,2026-05-09 19:00:00
7240,504,4899,1278,1268,2026-05-09 19:00:00
7241,1702,4900,1424,1431,2026-05-09 19:00:00
7242,1697,4900,1279,1271,2026-05-09 19:00:00
7243,2040,4901,1106,1095,2026-05-09 19:00:00
7244,1906,4901,1139,1150,2026-05-09 19:00:00
7245,2210,4902,985,977,2026-05-09 19:00:00
7246,680,4902,1108,1116,2026-05-09 19:00:00
7247,119,4903,1464,1457,2026-05-09 20:00:00
7248,2095,4903,1607,1614,2026-05-09 20:00:00
7249,450,4904,1570,1579,2026-05-09 20:00:00
7250,1829,4904,1489,1480,2026-05-09 20:00:00
7251,538,4905,1675,1685,2026-05-09 20:00:00
7252,1986,4905,1628,1618,2026-05-09 20:00:00
7253,1228,4906,1141,1135,2026-05-09 20:00:00
7254,807,4906,1314,1320,2026-05-09 20:00:00
7255,2227,4907,1848,1852,2026-05-09 20:00:00
7256,2119,4907,1550,1547,2026-05-09 20:00:00
7257,2095,4908,1614,1603,2026-05-09 20:00:00
7258,2142,4908,1645,1655,2026-05-09 20:00:00
7259,1710,4909,1297,1290,2026-05-09 20:00:00
7260,255,4909,1445,1452,2026-05-09 20:00:00
7261,87,4911,1243,1231,2026-05-09 20:00:00
7262,730,4911,1256,1268,2026-05-09 20:00:00
7263,1519,4912,1614,1600,2026-05-09 20:00:00
7264,223,4912,1538,1553,2026-05-09 20:00:00
7265,704,4913,1607,1594,2026-05-09 20:00:00
7266,666,4913,1571,1584,2026-05-09 20:00:00
7267,2123,4914,1683,1692,2026-05-09 20:00:00
7268,830,4914,1607,1598,2026-05-09 20:00:00
7269,647,4916,1667,1672,2026-05-09 20:00:00
7270,1249,4916,1409,1405,2026-05-09 20:00:00
7271,722,4918,1489,1497,2026-05-09 21:00:00
7272,1321,4918,1376,1368,2026-05-09 21:00:00
7273,2261,4919,1354,1368,2026-05-09 21:00:00
7274,125,4919,1427,1413,2026-05-09 21:00:00
7275,2067,4920,1381,1370,2026-05-09 21:00:00
7276,1884,4920,1412,1423,2026-05-09 21:00:00
7277,14,4923,1824,1840,2026-05-09 21:00:00
7278,1536,4923,1937,1921,2026-05-09 21:00:00
7279,30,4925,1562,1547,2026-05-09 21:00:00
7280,2143,4925,1468,1483,2026-05-09 21:00:00
7281,252,4926,1627,1614,2026-05-09 21:00:00
7282,1736,4926,1594,1608,2026-05-09 21:00:00
7283,437,4927,1733,1740,2026-05-09 21:00:00
7284,2454,4927,1605,1597,2026-05-09 21:00:00
7285,529,4928,1541,1548,2026-05-09 22:00:00
7286,1763,4928,1408,1400,2026-05-09 22:00:00
7287,1620,4929,1562,1552,2026-05-09 22:00:00
7288,1986,4929,1618,1628,2026-05-09 22:00:00
7289,1036,4930,1010,1023,2026-05-09 22:00:00
7290,1477,4930,1044,1031,2026-05-09 22:00:00
7291,2180,4931,1781,1794,2026-05-09 22:00:00
7292,816,4931,1811,1798,2026-05-09 22:00:00
7293,737,4932,1470,1460,2026-05-09 22:00:00
7294,1737,4932,1525,1535,2026-05-09 22:00:00
7295,2496,4934,2067,2076,2026-05-09 22:00:00
7296,2379,4934,1973,1964,2026-05-09 22:00:00
7297,2496,4935,2076,2083,2026-05-09 22:00:00
7298,40,4935,1930,1923,2026-05-09 22:00:00
7299,2452,4938,1497,1511,2026-05-09 22:00:00
7300,1071,4938,1554,1540,2026-05-09 22:00:00
7301,542,4940,1753,1761,2026-05-09 22:00:00
7302,149,4940,1605,1598,2026-05-09 22:00:00
7303,367,4942,1338,1353,2026-05-09 22:00:00
7304,852,4942,1409,1395,2026-05-09 22:00:00
7305,2471,4944,1595,1585,2026-05-09 23:00:00
7306,2142,4944,1655,1665,2026-05-09 23:00:00
7307,1022,4945,1530,1544,2026-05-09 23:00:00
7308,401,4945,1578,1564,2026-05-09 23:00:00
7309,1278,4947,1693,1700,2026-05-09 23:00:00
7310,443,4947,1544,1537,2026-05-09 23:00:00
7311,2227,4948,1852,1840,2026-05-09 23:00:00
7312,1870,4948,1855,1867,2026-05-09 23:00:00
7313,737,4949,1460,1450,2026-05-09 23:00:00
7314,1723,4949,1511,1521,2026-05-09 23:00:00
7315,2261,4950,1368,1359,2026-05-09 23:00:00
7316,894,4950,1452,1461,2026-05-09 23:00:00
7317,2003,4951,1516,1504,2026-05-09 23:00:00
7318,170,4951,1516,1528,2026-05-09 23:00:00
7319,223,4953,1553,1561,2026-05-09 23:00:00
7320,2486,4953,1436,1428,2026-05-09 23:00:00
7321,189,4955,1695,1700,2026-05-10 00:00:00
7322,1361,4955,1468,1463,2026-05-10 00:00:00
7323,1028,4957,1566,1559,2026-05-10 01:00:00
7324,910,4957,1713,1720,2026-05-10 01:00:00
7325,91,4959,1357,1348,2026-05-10 01:00:00
7326,1129,4959,1448,1457,2026-05-10 01:00:00
7327,2123,4960,1692,1704,2026-05-10 01:00:00
7328,247,4960,1690,1678,2026-05-10 01:00:00
7329,345,4961,1580,1592,2026-05-10 01:00:00
7330,967,4961,1602,1589,2026-05-10 01:00:00
7331,1295,4962,1777,1786,2026-05-10 01:00:00
7332,1060,4962,1702,1692,2026-05-10 01:00:00
7333,1572,4963,1393,1385,2026-05-10 09:00:00
7334,2003,4963,1504,1512,2026-05-10 09:00:00
7335,191,4964,1808,1817,2026-05-10 09:00:00
7336,873,4964,1717,1709,2026-05-10 09:00:00
7337,1587,4965,1513,1523,2026-05-10 10:00:00
7338,1499,4965,1453,1443,2026-05-10 10:00:00
7339,678,4967,1642,1653,2026-05-10 10:00:00
7340,461,4967,1611,1600,2026-05-10 10:00:00
7341,1618,4968,1292,1284,2026-05-10 10:00:00
7342,1862,4968,1392,1401,2026-05-10 10:00:00
7343,1289,4970,1438,1447,2026-05-10 11:00:00
7344,1758,4970,1363,1354,2026-05-10 11:00:00
7345,471,4971,1438,1433,2026-05-10 12:00:00
7346,2142,4971,1665,1671,2026-05-10 12:00:00
7347,2379,4973,1964,1956,2026-05-10 12:00:00
7348,2496,4973,2083,2091,2026-05-10 12:00:00
7349,260,4975,1559,1569,2026-05-10 12:00:00
7350,1929,4975,1511,1501,2026-05-10 12:00:00
7351,771,4977,1560,1572,2026-05-10 12:00:00
7352,1451,4977,1550,1539,2026-05-10 12:00:00
7353,1833,4978,1508,1517,2026-05-10 12:00:00
7354,395,4978,1428,1419,2026-05-10 12:00:00
7355,1544,4979,1602,1593,2026-05-10 12:00:00
7356,598,4979,1713,1722,2026-05-10 12:00:00
7357,883,4981,1401,1393,2026-05-10 13:00:00
7358,1808,4981,1512,1520,2026-05-10 13:00:00
7359,689,4982,1125,1117,2026-05-10 13:00:00
7360,26,4982,1248,1256,2026-05-10 13:00:00
7361,1192,4983,1387,1371,2026-05-10 13:00:00
7362,1611,4983,1282,1297,2026-05-10 13:00:00
7363,937,4984,1504,1512,2026-05-10 13:00:00
7364,1112,4984,1361,1354,2026-05-10 13:00:00
7365,2024,4986,1677,1691,2026-05-10 14:00:00
7366,2141,4986,1748,1734,2026-05-10 14:00:00
7367,1958,4988,1828,1815,2026-05-10 14:00:00
7368,869,4988,1789,1802,2026-05-10 14:00:00
7369,1201,4989,1675,1680,2026-05-10 14:00:00
7370,255,4989,1452,1447,2026-05-10 14:00:00
7371,1548,4990,1408,1397,2026-05-10 14:00:00
7372,255,4990,1447,1458,2026-05-10 14:00:00
7373,123,4991,1176,1187,2026-05-10 14:00:00
7374,301,4991,1129,1118,2026-05-10 14:00:00
7375,125,4992,1413,1426,2026-05-10 14:00:00
7376,1603,4992,1458,1445,2026-05-10 14:00:00
7377,1883,4994,1533,1546,2026-05-10 14:00:00
7378,1993,4994,1549,1537,2026-05-10 14:00:00
7379,2225,4995,2280,2282,2026-05-10 15:00:00
7380,2227,4995,1840,1838,2026-05-10 15:00:00
7381,1388,4996,1555,1547,2026-05-10 15:00:00
7382,2087,4996,1677,1685,2026-05-10 15:00:00
7383,1915,4997,1630,1644,2026-05-10 15:00:00
7384,2087,4997,1685,1671,2026-05-10 15:00:00
7385,2208,4998,1519,1528,2026-05-10 15:00:00
7386,1884,4998,1423,1414,2026-05-10 15:00:00
7387,1529,4999,1488,1480,2026-05-10 15:00:00
7388,844,4999,1620,1628,2026-05-10 15:00:00
7389,1010,5000,1654,1639,2026-05-10 15:00:00
7390,1343,5000,1570,1585,2026-05-10 15:00:00
7391,1836,5001,1337,1328,2026-05-10 16:00:00
7392,471,5001,1433,1442,2026-05-10 16:00:00
7393,2095,5002,1603,1611,2026-05-10 16:00:00
7394,1829,5002,1480,1472,2026-05-10 16:00:00
7395,1028,5003,1559,1568,2026-05-10 16:00:00
7396,261,5003,1486,1477,2026-05-10 16:00:00
7397,301,5004,1118,1109,2026-05-10 16:00:00
7398,1791,5004,1201,1210,2026-05-10 16:00:00
7399,2337,5006,1412,1423,2026-05-10 16:00:00
7400,2031,5006,1377,1366,2026-05-10 16:00:00
7401,2181,5007,1708,1718,2026-05-10 16:00:00
7402,840,5007,1634,1624,2026-05-10 16:00:00
7403,1396,5008,1200,1193,2026-05-10 16:00:00
7404,2002,5008,1324,1332,2026-05-10 16:00:00
7405,1833,5009,1517,1525,2026-05-10 16:00:00
7406,1489,5009,1395,1387,2026-05-10 16:00:00
7407,1256,5010,1390,1397,2026-05-10 16:00:00
7408,2048,5010,1242,1234,2026-05-10 16:00:00
7409,123,5012,1187,1199,2026-05-10 17:00:00
7410,1791,5012,1210,1197,2026-05-10 17:00:00
7411,1218,5013,1210,1203,2026-05-10 17:00:00
7412,145,5013,1371,1378,2026-05-10 17:00:00
7413,370,5016,1219,1233,2026-05-10 17:00:00
7414,799,5016,1281,1267,2026-05-10 17:00:00
7415,969,5020,1507,1522,2026-05-10 17:00:00
7416,345,5020,1592,1578,2026-05-10 17:00:00
7417,2165,5021,1147,1139,2026-05-10 17:00:00
7418,1771,5021,1260,1268,2026-05-10 17:00:00
7419,630,5022,1817,1824,2026-05-10 18:00:00
7420,1663,5022,1694,1686,2026-05-10 18:00:00
7421,1721,5023,1639,1628,2026-05-10 18:00:00
7422,1025,5023,1664,1675,2026-05-10 18:00:00
7423,1401,5024,1369,1358,2026-05-10 18:00:00
7424,1548,5024,1397,1408,2026-05-10 18:00:00
7425,2074,5025,1569,1577,2026-05-10 18:00:00
7426,1680,5025,1452,1444,2026-05-10 18:00:00
7427,2404,5027,1853,1846,2026-05-10 18:00:00
7428,1700,5027,1992,1999,2026-05-10 18:00:00
7429,1396,5031,1193,1205,2026-05-10 18:00:00
7430,1766,5031,1214,1201,2026-05-10 18:00:00
7431,722,5033,1497,1505,2026-05-10 19:00:00
7432,2092,5033,1388,1379,2026-05-10 19:00:00
7433,1287,5036,1245,1256,2026-05-10 19:00:00
7434,453,5036,1212,1201,2026-05-10 19:00:00
7435,1192,5037,1371,1364,2026-05-10 19:00:00
7436,2434,5037,1508,1516,2026-05-10 19:00:00
7437,191,5038,1817,1821,2026-05-10 19:00:00
7438,399,5038,1555,1551,2026-05-10 19:00:00
7439,2240,5039,1793,1801,2026-05-10 19:00:00
7440,335,5039,1673,1665,2026-05-10 19:00:00
7441,1113,5042,1294,1309,2026-05-10 20:00:00
7442,1572,5042,1385,1370,2026-05-10 20:00:00
7443,2063,5043,1203,1198,2026-05-10 20:00:00
7444,1499,5043,1443,1448,2026-05-10 20:00:00
7445,214,5047,1248,1241,2026-05-10 20:00:00
7446,2293,5047,1380,1388,2026-05-10 20:00:00
7447,434,5048,1665,1670,2026-05-10 21:00:00
7448,1447,5048,1436,1431,2026-05-10 21:00:00
7449,260,5049,1569,1562,2026-05-10 21:00:00
7450,2252,5049,1715,1722,2026-05-10 21:00:00
7451,2363,5051,1393,1402,2026-05-10 21:00:00
7452,715,5051,1298,1289,2026-05-10 21:00:00
7453,938,5054,1428,1419,2026-05-10 21:00:00
7454,645,5054,1541,1549,2026-05-10 21:00:00
7455,191,5055,1821,1828,2026-05-10 21:00:00
7456,1053,5055,1668,1661,2026-05-10 21:00:00
7457,1280,5056,1331,1322,2026-05-10 21:00:00
7458,474,5056,1401,1410,2026-05-10 21:00:00
7459,1615,5058,1332,1341,2026-05-10 21:00:00
7460,2448,5058,1237,1228,2026-05-10 21:00:00
7461,1269,5059,1466,1458,2026-05-10 22:00:00
7462,2471,5059,1585,1593,2026-05-10 22:00:00
7463,1581,5061,1672,1664,2026-05-10 22:00:00
7464,869,5061,1802,1810,2026-05-10 22:00:00
7465,183,5062,1668,1677,2026-05-10 22:00:00
7466,971,5062,1566,1558,2026-05-10 22:00:00
7467,176,5063,1619,1626,2026-05-10 22:00:00
7468,2369,5063,1486,1478,2026-05-10 22:00:00
7469,2283,5064,1014,1005,2026-05-10 22:00:00
7470,245,5064,1087,1097,2026-05-10 22:00:00
7471,558,5065,1138,1137,2026-05-10 22:00:00
7472,331,5065,1572,1574,2026-05-10 22:00:00
7473,377,5068,1656,1665,2026-05-10 22:00:00
7474,2044,5068,1551,1542,2026-05-10 22:00:00
7475,1329,5069,1375,1370,2026-05-10 22:00:00
7476,830,5069,1598,1603,2026-05-10 22:00:00
7477,1788,5070,1671,1681,2026-05-10 22:00:00
7478,1656,5070,1600,1590,2026-05-10 22:00:00
7479,369,5071,1928,1914,2026-05-10 22:00:00
7480,1738,5071,1873,1887,2026-05-10 22:00:00
7481,2142,5074,1671,1660,2026-05-11 00:00:00
7482,910,5074,1720,1731,2026-05-11 00:00:00
7483,1397,5075,1516,1526,2026-05-11 01:00:00
7484,643,5075,1439,1430,2026-05-11 01:00:00
7485,2044,5077,1542,1553,2026-05-11 01:00:00
7486,1804,5077,1499,1488,2026-05-11 01:00:00
7487,643,5079,1430,1442,2026-05-11 09:00:00
7488,768,5079,1445,1432,2026-05-11 09:00:00
7489,431,5081,1564,1578,2026-05-11 10:00:00
7490,911,5081,1632,1617,2026-05-11 10:00:00
7491,2151,5082,1864,1867,2026-05-11 10:00:00
7492,738,5082,1518,1515,2026-05-11 10:00:00
7493,1094,5083,1556,1564,2026-05-11 10:00:00
7494,938,5083,1419,1412,2026-05-11 10:00:00
7495,836,5085,1386,1380,2026-05-11 11:00:00
7496,901,5085,1614,1619,2026-05-11 11:00:00
7497,916,5086,1169,1162,2026-05-11 12:00:00
7498,1113,5086,1309,1316,2026-05-11 12:00:00
7499,1721,5088,1628,1619,2026-05-11 12:00:00
7500,2169,5088,1714,1723,2026-05-11 12:00:00
7501,909,5089,1362,1348,2026-05-11 12:00:00
7502,220,5089,1311,1325,2026-05-11 12:00:00
7503,409,5090,1617,1602,2026-05-11 13:00:00
7504,529,5090,1548,1563,2026-05-11 13:00:00
7505,1519,5092,1600,1604,2026-05-11 14:00:00
7506,1758,5092,1354,1349,2026-05-11 14:00:00
7507,154,5093,1291,1282,2026-05-11 14:00:00
7508,1389,5093,1399,1408,2026-05-11 14:00:00
7509,1946,5094,1297,1287,2026-05-11 15:00:00
7510,646,5094,1335,1346,2026-05-11 15:00:00
7511,1228,5095,1135,1143,2026-05-11 15:00:00
7512,1477,5095,1031,1023,2026-05-11 15:00:00
7513,2467,5096,1485,1496,2026-05-11 15:00:00
7514,2004,5096,1447,1437,2026-05-11 15:00:00
7515,1126,5097,1902,1909,2026-05-11 15:00:00
7516,174,5097,1767,1759,2026-05-11 15:00:00
7517,1112,5098,1354,1348,2026-05-11 15:00:00
7518,1927,5098,1544,1550,2026-05-11 15:00:00
7519,1163,5099,1844,1849,2026-05-11 17:00:00
7520,63,5099,1603,1598,2026-05-11 17:00:00
7521,561,5102,1713,1706,2026-05-11 17:00:00
7522,2310,5102,1859,1867,2026-05-11 17:00:00
7523,1751,5103,1134,1121,2026-05-11 17:00:00
7524,1494,5103,1084,1098,2026-05-11 17:00:00
7525,536,5105,1346,1358,2026-05-11 18:00:00
7526,993,5105,1350,1338,2026-05-11 18:00:00
7527,1354,5107,1766,1752,2026-05-11 18:00:00
7528,910,5107,1731,1744,2026-05-11 18:00:00
7529,1397,5108,1526,1518,2026-05-11 18:00:00
7530,434,5108,1670,1678,2026-05-11 18:00:00
7531,255,5110,1458,1467,2026-05-11 18:00:00
7532,602,5110,1374,1364,2026-05-11 18:00:00
7533,255,5111,1467,1458,2026-05-11 18:00:00
7534,2116,5111,1541,1551,2026-05-11 18:00:00
7535,784,5113,1341,1338,2026-05-11 18:00:00
7536,1131,5113,1657,1660,2026-05-11 18:00:00
7537,380,5114,1431,1419,2026-05-11 18:00:00
7538,717,5114,1431,1443,2026-05-11 18:00:00
7539,1020,5115,1483,1492,2026-05-11 18:00:00
7540,1466,5115,1383,1374,2026-05-11 18:00:00
7541,153,5116,1025,1013,2026-05-11 18:00:00
7542,1298,5116,1037,1048,2026-05-11 18:00:00
7543,1292,5118,1206,1216,2026-05-11 19:00:00
7544,1228,5118,1143,1133,2026-05-11 19:00:00
7545,2212,5121,1435,1447,2026-05-11 19:00:00
7546,1447,5121,1431,1420,2026-05-11 19:00:00
7547,916,5122,1162,1154,2026-05-11 19:00:00
7548,319,5122,1281,1289,2026-05-11 19:00:00
7549,301,5123,1109,1124,2026-05-11 19:00:00
7550,123,5123,1199,1184,2026-05-11 19:00:00
7551,1566,5124,1912,1921,2026-05-11 19:00:00
7552,869,5124,1810,1801,2026-05-11 19:00:00
7553,1599,5126,1330,1345,2026-05-11 19:00:00
7554,1004,5126,1419,1404,2026-05-11 19:00:00
7555,937,5127,1512,1516,2026-05-11 19:00:00
7556,2453,5127,1269,1265,2026-05-11 19:00:00
7557,1974,5128,1734,1722,2026-05-11 19:00:00
7558,2181,5128,1718,1730,2026-05-11 19:00:00
7559,2454,5129,1597,1584,2026-05-11 19:00:00
7560,1147,5129,1571,1584,2026-05-11 19:00:00
7561,1163,5130,1849,1856,2026-05-11 20:00:00
7562,1278,5130,1700,1693,2026-05-11 20:00:00
7563,2142,5131,1660,1653,2026-05-11 20:00:00
7564,1365,5131,1791,1799,2026-05-11 20:00:00
7565,881,5132,1619,1609,2026-05-11 20:00:00
7566,794,5132,1675,1685,2026-05-11 20:00:00
7567,1575,5134,1269,1259,2026-05-11 20:00:00
7568,283,5134,1335,1345,2026-05-11 20:00:00
7569,2257,5135,2096,2098,2026-05-11 20:00:00
7570,2443,5135,1709,1706,2026-05-11 20:00:00
7571,1294,5137,1189,1180,2026-05-11 20:00:00
7572,190,5137,1273,1282,2026-05-11 20:00:00
7573,869,5141,1801,1809,2026-05-11 21:00:00
7574,1025,5141,1675,1667,2026-05-11 21:00:00
7575,2357,5144,1505,1500,2026-05-11 21:00:00
7576,1681,5144,1736,1741,2026-05-11 21:00:00
7577,738,5146,1515,1524,2026-05-11 21:00:00
7578,2344,5146,1426,1417,2026-05-11 21:00:00
7579,2310,5147,1867,1874,2026-05-11 21:00:00
7580,2481,5147,1744,1736,2026-05-11 21:00:00
7581,530,5149,1847,1837,2026-05-11 21:00:00
7582,1550,5149,1911,1921,2026-05-11 21:00:00
7583,1293,5150,1304,1294,2026-05-11 21:00:00
7584,50,5150,1354,1364,2026-05-11 21:00:00
7585,1278,5152,1693,1681,2026-05-11 22:00:00
7586,1753,5152,1692,1704,2026-05-11 22:00:00
7587,2227,5153,1838,1849,2026-05-11 22:00:00
7588,816,5153,1798,1787,2026-05-11 22:00:00
7589,529,5154,1563,1572,2026-05-11 22:00:00
7590,1154,5154,1476,1467,2026-05-11 22:00:00
7591,1593,5155,1525,1511,2026-05-11 22:00:00
7592,446,5155,1478,1491,2026-05-11 22:00:00
7593,409,5156,1602,1590,2026-05-11 22:00:00
7594,2471,5156,1593,1606,2026-05-11 22:00:00
7595,1907,5160,1288,1281,2026-05-11 22:00:00
7596,1303,5160,1422,1430,2026-05-11 22:00:00
7597,117,5161,1032,1047,2026-05-11 22:00:00
7598,2110,5161,1108,1093,2026-05-11 22:00:00
7599,2119,5164,1547,1535,2026-05-11 23:00:00
7600,401,5164,1564,1576,2026-05-11 23:00:00
7601,1367,5165,1781,1789,2026-05-11 23:00:00
7602,1522,5165,1681,1672,2026-05-11 23:00:00
7603,1494,5166,1098,1091,2026-05-11 23:00:00
7604,67,5166,1280,1286,2026-05-11 23:00:00
7605,91,5169,1348,1361,2026-05-12 00:00:00
7606,1098,5169,1387,1374,2026-05-12 00:00:00
7607,289,5171,1552,1559,2026-05-12 00:00:00
7608,670,5171,1408,1401,2026-05-12 00:00:00
7609,1228,5172,1133,1118,2026-05-12 01:00:00
7610,1036,5172,1023,1039,2026-05-12 01:00:00
7611,722,5173,1505,1496,2026-05-12 01:00:00
7612,450,5173,1579,1588,2026-05-12 01:00:00
7613,144,5174,1346,1356,2026-05-12 01:00:00
7614,1946,5174,1287,1277,2026-05-12 01:00:00
7615,2215,5175,1838,1828,2026-05-12 01:00:00
7616,1931,5175,1876,1887,2026-05-12 01:00:00
7617,1506,5176,1799,1809,2026-05-12 10:00:00
7618,1354,5176,1752,1742,2026-05-12 10:00:00
7619,2304,5178,1903,1907,2026-05-12 11:00:00
7620,1986,5178,1628,1624,2026-05-12 11:00:00
7621,368,5179,1821,1807,2026-05-12 11:00:00
7622,28,5179,1790,1803,2026-05-12 11:00:00
7623,1411,5180,1337,1333,2026-05-12 12:00:00
7624,285,5180,1612,1616,2026-05-12 12:00:00
7625,921,5183,1211,1219,2026-05-12 12:00:00
7626,245,5183,1097,1089,2026-05-12 12:00:00
7627,2391,5184,1565,1575,2026-05-12 12:00:00
7628,778,5184,1493,1484,2026-05-12 12:00:00
7629,161,5185,1397,1410,2026-05-12 13:00:00
7630,656,5185,1433,1419,2026-05-12 13:00:00
7631,1634,5187,1508,1496,2026-05-12 13:00:00
7632,439,5187,1509,1521,2026-05-12 13:00:00
7633,2344,5188,1417,1408,2026-05-12 14:00:00
7634,1170,5188,1524,1533,2026-05-12 14:00:00
7635,1926,5189,951,944,2026-05-12 14:00:00
7636,245,5189,1089,1096,2026-05-12 14:00:00
7637,630,5190,1824,1834,2026-05-12 15:00:00
7638,1354,5190,1742,1733,2026-05-12 15:00:00
7639,2309,5191,1707,1693,2026-05-12 15:00:00
7640,234,5191,1654,1668,2026-05-12 15:00:00
7641,1884,5192,1414,1404,2026-05-12 15:00:00
7642,1448,5192,1486,1496,2026-05-12 15:00:00
7643,2127,5194,1632,1641,2026-05-12 15:00:00
7644,974,5194,1523,1515,2026-05-12 15:00:00
7645,1756,5195,1736,1750,2026-05-12 16:00:00
7646,787,5195,1776,1763,2026-05-12 16:00:00
7647,1204,5197,1659,1667,2026-05-12 16:00:00
7648,1169,5197,1539,1531,2026-05-12 16:00:00
7649,1278,5199,1681,1693,2026-05-12 17:00:00
7650,1220,5199,1688,1676,2026-05-12 17:00:00
7651,2348,5200,1216,1207,2026-05-12 17:00:00
7652,1490,5200,1303,1312,2026-05-12 17:00:00
7653,2056,5201,1076,1071,2026-05-12 17:00:00
7654,1490,5201,1312,1317,2026-05-12 17:00:00
7655,91,5202,1361,1356,2026-05-12 17:00:00
7656,401,5202,1576,1581,2026-05-12 17:00:00
7657,1218,5203,1203,1213,2026-05-12 17:00:00
7658,2433,5203,1137,1127,2026-05-12 17:00:00
7659,2442,5204,1728,1736,2026-05-12 17:00:00
7660,85,5204,1585,1577,2026-05-12 17:00:00
7661,2056,5205,1071,1063,2026-05-12 18:00:00
7662,775,5205,1194,1202,2026-05-12 18:00:00
7663,2024,5206,1691,1684,2026-05-12 18:00:00
7664,630,5206,1834,1841,2026-05-12 18:00:00
7665,1710,5208,1290,1298,2026-05-12 18:00:00
7666,123,5208,1184,1176,2026-05-12 18:00:00
7667,974,5210,1515,1517,2026-05-12 18:00:00
7668,200,5210,1119,1117,2026-05-12 18:00:00
7669,127,5211,1604,1591,2026-05-12 18:00:00
7670,2074,5211,1577,1590,2026-05-12 18:00:00
7671,1672,5212,1337,1345,2026-05-12 18:00:00
7672,1691,5212,1200,1193,2026-05-12 18:00:00
7673,1653,5213,1545,1552,2026-05-12 18:00:00
7674,20,5213,1400,1393,2026-05-12 18:00:00
7675,1000,5214,1637,1626,2026-05-12 18:00:00
7676,2417,5214,1667,1678,2026-05-12 18:00:00
7677,807,5215,1320,1313,2026-05-12 19:00:00
7678,1145,5215,1459,1467,2026-05-12 19:00:00
7679,1361,5216,1463,1454,2026-05-12 19:00:00
7680,1028,5216,1568,1577,2026-05-12 19:00:00
7681,819,5217,1694,1684,2026-05-12 19:00:00
7682,787,5217,1763,1772,2026-05-12 19:00:00
7683,1354,5218,1733,1726,2026-05-12 19:00:00
7684,1965,5218,1882,1889,2026-05-12 19:00:00
7685,685,5220,1254,1264,2026-05-12 19:00:00
7686,123,5220,1176,1167,2026-05-12 19:00:00
7687,2151,5221,1867,1877,2026-05-12 19:00:00
7688,2213,5221,1801,1792,2026-05-12 19:00:00
7689,1437,5222,1461,1451,2026-05-12 19:00:00
7690,937,5222,1516,1526,2026-05-12 19:00:00
7691,1477,5225,1023,1020,2026-05-12 20:00:00
7692,536,5225,1358,1361,2026-05-12 20:00:00
7693,1361,5227,1454,1446,2026-05-12 20:00:00
7694,401,5227,1581,1589,2026-05-12 20:00:00
7695,2003,5228,1512,1526,2026-05-12 20:00:00
7696,2116,5228,1551,1538,2026-05-12 20:00:00
7697,1581,5229,1664,1677,2026-05-12 20:00:00
7698,1201,5229,1680,1668,2026-05-12 20:00:00
7699,1029,5231,1845,1832,2026-05-12 20:00:00
7700,676,5231,1812,1825,2026-05-12 20:00:00
7701,2189,5233,1744,1748,2026-05-12 20:00:00
7702,92,5233,1501,1496,2026-05-12 20:00:00
7703,1122,5234,1541,1529,2026-05-12 20:00:00
7704,516,5234,1528,1541,2026-05-12 20:00:00
7705,542,5235,1761,1747,2026-05-12 20:00:00
7706,1974,5235,1722,1735,2026-05-12 20:00:00
7707,2135,5237,1759,1769,2026-05-12 20:00:00
7708,1119,5237,1689,1679,2026-05-12 20:00:00
7709,1878,5238,1593,1601,2026-05-12 20:00:00
7710,1277,5238,1481,1473,2026-05-12 20:00:00
7711,952,5239,1363,1353,2026-05-12 21:00:00
7712,471,5239,1442,1451,2026-05-12 21:00:00
7713,1620,5240,1552,1541,2026-05-12 21:00:00
7714,529,5240,1572,1583,2026-05-12 21:00:00
7715,1462,5242,1730,1742,2026-05-12 21:00:00
7716,2120,5242,1709,1697,2026-05-12 21:00:00
7717,176,5244,1626,1618,2026-05-12 21:00:00
7718,1462,5244,1742,1750,2026-05-12 21:00:00
7719,1849,5246,1999,2008,2026-05-12 21:00:00
7720,2005,5246,1889,1881,2026-05-12 21:00:00
7721,1926,5247,944,934,2026-05-12 21:00:00
7722,2283,5247,1005,1014,2026-05-12 21:00:00
7723,154,5248,1282,1273,2026-05-12 21:00:00
7724,2164,5248,1358,1367,2026-05-12 21:00:00
7725,1053,5249,1661,1653,2026-05-12 21:00:00
7726,1708,5249,1808,1815,2026-05-12 21:00:00
7727,2475,5250,1715,1704,2026-05-12 21:00:00
7728,654,5250,1750,1761,2026-05-12 21:00:00
7729,643,5251,1442,1452,2026-05-12 22:00:00
7730,1098,5251,1374,1364,2026-05-12 22:00:00
7731,2072,5252,1455,1466,2026-05-12 22:00:00
7732,1803,5252,1438,1427,2026-05-12 22:00:00
7733,2261,5253,1359,1369,2026-05-12 22:00:00
7734,1710,5253,1298,1288,2026-05-12 22:00:00
7735,2281,5255,1620,1630,2026-05-12 22:00:00
7736,2033,5255,1566,1556,2026-05-12 22:00:00
7737,327,5256,1116,1109,2026-05-12 22:00:00
7738,2262,5256,1266,1274,2026-05-12 22:00:00
7739,368,5257,1807,1816,2026-05-12 22:00:00
7740,561,5257,1706,1697,2026-05-12 22:00:00
7741,1579,5260,1435,1425,2026-05-12 22:00:00
7742,703,5260,1493,1503,2026-05-12 22:00:00
7743,954,5264,1425,1436,2026-05-13 00:00:00
7744,476,5264,1382,1371,2026-05-13 00:00:00
7745,529,5265,1583,1575,2026-05-13 01:00:00
7746,189,5265,1700,1708,2026-05-13 01:00:00
7747,98,5267,1644,1660,2026-05-13 01:00:00
7748,1246,5267,1741,1726,2026-05-13 01:00:00
7749,1282,5268,1654,1641,2026-05-13 01:00:00
7750,226,5268,1632,1645,2026-05-13 01:00:00
7751,1305,5269,1278,1269,2026-05-13 01:00:00
7752,1329,5269,1370,1379,2026-05-13 01:00:00
7753,1961,5270,1696,1683,2026-05-13 11:00:00
7754,1915,5270,1644,1658,2026-05-13 11:00:00
7755,745,5271,1529,1537,2026-05-13 11:00:00
7756,2494,5271,1391,1384,2026-05-13 11:00:00
7757,558,5272,1137,1130,2026-05-13 11:00:00
7758,1609,5272,1302,1308,2026-05-13 11:00:00
7759,1071,5273,1540,1541,2026-05-13 11:00:00
7760,2110,5273,1093,1091,2026-05-13 11:00:00
7761,1278,5274,1693,1683,2026-05-13 12:00:00
7762,1354,5274,1726,1737,2026-05-13 12:00:00
7763,379,5275,1677,1668,2026-05-13 12:00:00
7764,654,5275,1761,1770,2026-05-13 12:00:00
7765,1646,5277,1767,1778,2026-05-13 14:00:00
7766,2169,5277,1723,1713,2026-05-13 14:00:00
7767,487,5279,1755,1757,2026-05-13 14:00:00
7768,269,5279,1335,1333,2026-05-13 14:00:00
7769,1476,5280,1561,1573,2026-05-13 15:00:00
7770,645,5280,1549,1537,2026-05-13 15:00:00
7771,639,5281,1466,1473,2026-05-13 15:00:00
7772,2483,5281,1308,1301,2026-05-13 15:00:00
7773,826,5282,1194,1187,2026-05-13 15:00:00
7774,2077,5282,1339,1347,2026-05-13 15:00:00
7775,1773,5283,1661,1653,2026-05-13 16:00:00
7776,2180,5283,1794,1801,2026-05-13 16:00:00
7777,1883,5284,1546,1534,2026-05-13 16:00:00
7778,1223,5284,1571,1582,2026-05-13 16:00:00
7779,2024,5286,1684,1692,2026-05-13 17:00:00
7780,304,5286,1565,1557,2026-05-13 17:00:00
7781,255,5288,1458,1467,2026-05-13 17:00:00
7782,1262,5288,1371,1362,2026-05-13 17:00:00
7783,2297,5289,1647,1662,2026-05-13 17:00:00
7784,1391,5289,1733,1718,2026-05-13 17:00:00
7785,1680,5291,1444,1436,2026-05-13 17:00:00
7786,331,5291,1574,1581,2026-05-13 17:00:00
7787,2304,5293,1907,1917,2026-05-13 18:00:00
7788,1549,5293,1849,1839,2026-05-13 18:00:00
7789,1592,5294,1544,1557,2026-05-13 18:00:00
7790,1417,5294,1562,1550,2026-05-13 18:00:00
7791,529,5295,1575,1580,2026-05-13 18:00:00
7792,952,5295,1353,1348,2026-05-13 18:00:00
7793,1029,5297,1832,1821,2026-05-13 18:00:00
7794,1502,5297,1864,1874,2026-05-13 18:00:00
7795,255,5298,1467,1475,2026-05-13 18:00:00
7796,1262,5298,1362,1353,2026-05-13 18:00:00
7797,327,5299,1109,1096,2026-05-13 18:00:00
7798,928,5299,1094,1107,2026-05-13 18:00:00
7799,1936,5300,1277,1270,2026-05-13 18:00:00
7800,1437,5300,1451,1458,2026-05-13 18:00:00
7801,2037,5301,1604,1588,2026-05-13 18:00:00
7802,1302,5301,1493,1509,2026-05-13 18:00:00
7803,1321,5303,1368,1380,2026-05-13 19:00:00
7804,1018,5303,1358,1346,2026-05-13 19:00:00
7805,2087,5305,1671,1658,2026-05-13 19:00:00
7806,2281,5305,1630,1643,2026-05-13 19:00:00
7807,928,5306,1107,1099,2026-05-13 19:00:00
7808,370,5306,1233,1241,2026-05-13 19:00:00
7809,2390,5309,1497,1510,2026-05-13 19:00:00
7810,188,5309,1552,1538,2026-05-13 19:00:00
7811,119,5311,1457,1465,2026-05-13 20:00:00
7812,993,5311,1338,1329,2026-05-13 20:00:00
7813,1808,5312,1520,1529,2026-05-13 20:00:00
7814,1447,5312,1420,1411,2026-05-13 20:00:00
7815,916,5314,1154,1149,2026-05-13 20:00:00
7816,992,5314,1402,1407,2026-05-13 20:00:00
7817,2236,5315,1413,1401,2026-05-13 20:00:00
7818,161,5315,1410,1422,2026-05-13 20:00:00
7819,730,5317,1268,1258,2026-05-13 20:00:00
7820,1547,5317,1345,1354,2026-05-13 20:00:00
7821,1428,5318,1893,1897,2026-05-13 20:00:00
7822,2478,5318,1631,1626,2026-05-13 20:00:00
7823,1147,5319,1584,1590,2026-05-13 20:00:00
7824,5,5319,1403,1397,2026-05-13 20:00:00
7825,664,5320,1710,1695,2026-05-13 21:00:00
7826,2471,5320,1606,1621,2026-05-13 21:00:00
7827,676,5321,1825,1815,2026-05-13 21:00:00
7828,1502,5321,1874,1885,2026-05-13 21:00:00
7829,2041,5322,1909,1912,2026-05-13 21:00:00
7830,1561,5322,1540,1537,2026-05-13 21:00:00
7831,40,5323,1923,1909,2026-05-13 21:00:00
7832,1551,5323,1878,1891,2026-05-13 21:00:00
7833,2261,5325,1369,1357,2026-05-13 21:00:00
7834,1401,5325,1358,1370,2026-05-13 21:00:00
7835,1981,5326,1706,1695,2026-05-13 21:00:00
7836,1922,5326,1743,1754,2026-05-13 21:00:00
7837,1299,5327,1489,1478,2026-05-13 21:00:00
7838,738,5327,1524,1535,2026-05-13 21:00:00
7839,1807,5329,1339,1325,2026-05-13 21:00:00
7840,2453,5329,1265,1279,2026-05-13 21:00:00
7841,1807,5330,1325,1341,2026-05-13 21:00:00
7842,1437,5330,1458,1441,2026-05-13 21:00:00
7843,105,5331,1270,1260,2026-05-13 21:00:00
7844,1280,5331,1322,1332,2026-05-13 21:00:00
7845,2400,5332,1920,1930,2026-05-13 21:00:00
7846,530,5332,1837,1828,2026-05-13 21:00:00
7847,993,5333,1329,1318,2026-05-13 22:00:00
7848,144,5333,1356,1367,2026-05-13 22:00:00
7849,261,5334,1477,1481,2026-05-13 22:00:00
7850,694,5334,1206,1202,2026-05-13 22:00:00
7851,1365,5335,1799,1802,2026-05-13 22:00:00
7852,446,5335,1491,1488,2026-05-13 22:00:00
7853,374,5336,1253,1245,2026-05-13 22:00:00
7854,1341,5336,1356,1365,2026-05-13 22:00:00
7855,676,5337,1815,1824,2026-05-13 22:00:00
7856,1681,5337,1741,1732,2026-05-13 22:00:00
7857,125,5339,1426,1417,2026-05-13 22:00:00
7858,2329,5339,1506,1515,2026-05-13 22:00:00
7859,200,5340,1117,1108,2026-05-13 22:00:00
7860,855,5340,1206,1215,2026-05-13 22:00:00
7861,380,5341,1419,1409,2026-05-13 22:00:00
7862,165,5341,1488,1498,2026-05-13 22:00:00
7863,1803,5343,1427,1412,2026-05-13 23:00:00
7864,1836,5343,1328,1344,2026-05-13 23:00:00
7865,1361,5344,1446,1460,2026-05-13 23:00:00
7866,1198,5344,1495,1481,2026-05-13 23:00:00
7867,1299,5345,1478,1470,2026-05-13 23:00:00
7868,431,5345,1578,1587,2026-05-13 23:00:00
7869,104,5346,1805,1813,2026-05-13 23:00:00
7870,2145,5346,1667,1660,2026-05-13 23:00:00
7871,2092,5347,1379,1372,2026-05-14 01:00:00
7872,443,5347,1537,1544,2026-05-14 01:00:00
7873,1018,5348,1346,1355,2026-05-14 09:00:00
7874,374,5348,1245,1236,2026-05-14 09:00:00
7875,2225,5349,2282,2283,2026-05-14 10:00:00
7876,1753,5349,1704,1703,2026-05-14 10:00:00
7877,2120,5350,1697,1687,2026-05-14 12:00:00
7878,1681,5350,1732,1743,2026-05-14 12:00:00
7879,44,5352,1259,1246,2026-05-14 12:00:00
7880,1332,5352,1218,1232,2026-05-14 12:00:00
7881,2483,5357,1301,1293,2026-05-14 14:00:00
7882,181,5357,1403,1412,2026-05-14 14:00:00
7883,1179,5360,1482,1497,2026-05-14 15:00:00
7884,2033,5360,1556,1541,2026-05-14 15:00:00
7885,1303,5361,1430,1438,2026-05-14 15:00:00
7886,886,5361,1309,1301,2026-05-14 15:00:00
7887,708,5362,1509,1500,2026-05-14 15:00:00
7888,2454,5362,1584,1594,2026-05-14 15:00:00
7889,450,5364,1588,1580,2026-05-14 17:00:00
7890,1606,5364,1682,1690,2026-05-14 17:00:00
7891,229,5365,1609,1617,2026-05-14 17:00:00
7892,722,5365,1496,1487,2026-05-14 17:00:00
7893,1218,5366,1213,1209,2026-05-14 17:00:00
7894,649,5366,1529,1533,2026-05-14 17:00:00
7895,40,5367,1909,1914,2026-05-14 17:00:00
7896,1025,5367,1667,1662,2026-05-14 17:00:00
7897,1179,5368,1497,1482,2026-05-14 17:00:00
7898,1928,5368,1408,1423,2026-05-14 17:00:00
7899,2455,5369,1401,1393,2026-05-14 17:00:00
7900,937,5369,1526,1534,2026-05-14 17:00:00
7901,623,5370,1457,1443,2026-05-14 17:00:00
7902,2066,5370,1419,1432,2026-05-14 17:00:00
7903,1242,5372,1501,1497,2026-05-14 17:00:00
7904,1295,5372,1786,1790,2026-05-14 17:00:00
7905,2454,5374,1594,1584,2026-05-14 17:00:00
7906,647,5374,1672,1681,2026-05-14 17:00:00
7907,794,5379,1685,1671,2026-05-14 18:00:00
7908,1093,5379,1628,1642,2026-05-14 18:00:00
7909,2379,5380,1956,1942,2026-05-14 18:00:00
7910,2041,5380,1912,1925,2026-05-14 18:00:00
7911,1218,5381,1209,1221,2026-05-14 18:00:00
7912,1791,5381,1197,1186,2026-05-14 18:00:00
7913,633,5384,1604,1594,2026-05-14 19:00:00
7914,1220,5384,1676,1686,2026-05-14 19:00:00
7915,787,5385,1772,1781,2026-05-14 19:00:00
7916,538,5385,1685,1676,2026-05-14 19:00:00
7917,2304,5386,1917,1927,2026-05-14 19:00:00
7918,1870,5386,1867,1857,2026-05-14 19:00:00
7919,1321,5387,1380,1371,2026-05-14 19:00:00
7920,1890,5387,1476,1485,2026-05-14 19:00:00
7921,1062,5388,1471,1461,2026-05-14 19:00:00
7922,1593,5388,1511,1522,2026-05-14 19:00:00
7923,2357,5389,1500,1489,2026-05-14 19:00:00
7924,170,5389,1528,1539,2026-05-14 19:00:00
7925,1810,5390,1966,1971,2026-05-14 19:00:00
7926,2169,5390,1713,1708,2026-05-14 19:00:00
7927,1915,5391,1658,1665,2026-05-14 19:00:00
7928,1669,5391,1520,1512,2026-05-14 19:00:00
7929,774,5395,1962,1970,2026-05-14 19:00:00
7930,191,5395,1828,1821,2026-05-14 19:00:00
7931,516,5396,1541,1533,2026-05-14 19:00:00
7932,379,5396,1668,1675,2026-05-14 19:00:00
7933,2225,5398,2283,2285,2026-05-14 20:00:00
7934,630,5398,1841,1839,2026-05-14 20:00:00
7935,434,5399,1678,1666,2026-05-14 20:00:00
7936,1663,5399,1686,1697,2026-05-14 20:00:00
7937,1753,5400,1703,1711,2026-05-14 20:00:00
7938,633,5400,1594,1586,2026-05-14 20:00:00
7939,561,5403,1697,1690,2026-05-14 20:00:00
7940,2404,5403,1846,1853,2026-05-14 20:00:00
7941,200,5404,1108,1100,2026-05-14 20:00:00
7942,921,5404,1219,1228,2026-05-14 20:00:00
7943,627,5405,1739,1723,2026-05-14 20:00:00
7944,252,5405,1614,1630,2026-05-14 20:00:00
7945,664,5407,1695,1681,2026-05-14 21:00:00
7946,2470,5407,1656,1669,2026-05-14 21:00:00
7947,255,5408,1475,1473,2026-05-14 21:00:00
7948,651,5408,1869,1872,2026-05-14 21:00:00
7949,685,5409,1264,1279,2026-05-14 21:00:00
7950,2261,5409,1357,1342,2026-05-14 21:00:00
7951,894,5410,1461,1450,2026-05-14 21:00:00
7952,2467,5410,1496,1506,2026-05-14 21:00:00
7953,174,5411,1759,1764,2026-05-14 21:00:00
7954,2003,5411,1526,1521,2026-05-14 21:00:00
7955,894,5412,1450,1460,2026-05-14 21:00:00
7956,608,5412,1385,1375,2026-05-14 21:00:00
7957,240,5413,1664,1672,2026-05-14 21:00:00
7958,1094,5413,1564,1555,2026-05-14 21:00:00
7959,128,5414,1427,1434,2026-05-14 21:00:00
7960,2197,5414,1292,1284,2026-05-14 21:00:00
7961,363,5416,1746,1750,2026-05-14 21:00:00
7962,736,5416,1477,1473,2026-05-14 21:00:00
7963,852,5417,1395,1403,2026-05-14 21:00:00
7964,67,5417,1286,1278,2026-05-14 21:00:00
7965,967,5418,1589,1580,2026-05-14 21:00:00
7966,275,5418,1679,1688,2026-05-14 21:00:00
7967,2227,5420,1849,1857,2026-05-14 22:00:00
7968,2090,5420,1734,1726,2026-05-14 22:00:00
7969,144,5421,1367,1382,2026-05-14 22:00:00
7970,612,5421,1472,1457,2026-05-14 22:00:00
7971,1603,5423,1445,1431,2026-05-14 22:00:00
7972,992,5423,1407,1420,2026-05-14 22:00:00
7973,2357,5424,1489,1496,2026-05-14 22:00:00
7974,2261,5424,1342,1334,2026-05-14 22:00:00
7975,926,5425,1523,1531,2026-05-14 22:00:00
7976,938,5425,1412,1404,2026-05-14 22:00:00
7977,2434,5426,1516,1502,2026-05-14 22:00:00
7978,2190,5426,1475,1488,2026-05-14 22:00:00
7979,1289,5427,1447,1436,2026-05-14 22:00:00
7980,258,5427,1452,1464,2026-05-14 22:00:00
7981,2481,5428,1736,1744,2026-05-14 22:00:00
7982,2074,5428,1590,1583,2026-05-14 22:00:00
7983,2074,5429,1583,1595,2026-05-14 22:00:00
7984,2391,5429,1575,1563,2026-05-14 22:00:00
7985,1869,5430,1733,1725,2026-05-14 22:00:00
7986,2203,5430,1843,1851,2026-05-14 22:00:00
7987,343,5431,1583,1598,2026-05-14 22:00:00
7988,1255,5431,1701,1685,2026-05-14 22:00:00
7989,289,5432,1559,1546,2026-05-14 22:00:00
7990,1883,5432,1534,1547,2026-05-14 22:00:00
7991,435,5433,1420,1431,2026-05-14 22:00:00
7992,1256,5433,1397,1386,2026-05-14 22:00:00
7993,437,5434,1740,1753,2026-05-14 22:00:00
7994,487,5434,1757,1744,2026-05-14 22:00:00
7995,117,5436,1047,1044,2026-05-14 23:00:00
7996,2455,5436,1393,1396,2026-05-14 23:00:00
7997,2176,5437,1314,1304,2026-05-14 23:00:00
7998,2164,5437,1367,1377,2026-05-14 23:00:00
7999,2471,5441,1621,1630,2026-05-15 01:00:00
8000,443,5441,1544,1534,2026-05-15 01:00:00
8001,1261,5442,1773,1762,2026-05-15 01:00:00
8002,159,5442,1811,1821,2026-05-15 01:00:00
8003,261,5443,1481,1472,2026-05-15 09:00:00
8004,198,5443,1567,1576,2026-05-15 09:00:00
8005,1228,5444,1118,1105,2026-05-15 09:00:00
8006,1374,5444,1110,1122,2026-05-15 09:00:00
8007,1807,5445,1341,1331,2026-05-15 09:00:00
8008,1003,5445,1383,1393,2026-05-15 09:00:00
8009,87,5446,1231,1244,2026-05-15 09:00:00
8010,1936,5446,1270,1257,2026-05-15 09:00:00
8011,676,5447,1824,1815,2026-05-15 10:00:00
8012,1566,5447,1921,1929,2026-05-15 10:00:00
8013,1468,5448,1422,1433,2026-05-15 10:00:00
8014,989,5448,1394,1383,2026-05-15 10:00:00
8015,852,5449,1403,1396,2026-05-15 10:00:00
8016,2171,5449,1531,1539,2026-05-15 10:00:00
8017,1777,5452,1135,1149,2026-05-15 11:00:00
8018,1791,5452,1186,1172,2026-05-15 11:00:00
8019,301,5454,1124,1120,2026-05-15 12:00:00
8020,1185,5454,1389,1393,2026-05-15 12:00:00
8021,901,5455,1619,1631,2026-05-15 12:00:00
8022,1213,5455,1617,1605,2026-05-15 12:00:00
8023,257,5456,1434,1453,2026-05-15 12:00:00
8024,1025,5456,1662,1644,2026-05-15 12:00:00
8025,1789,5459,1814,1805,2026-05-15 13:00:00
8026,109,5459,1902,1911,2026-05-15 13:00:00
8027,1495,5460,1461,1474,2026-05-15 13:00:00
8028,1179,5460,1482,1469,2026-05-15 13:00:00
8029,1544,5461,1593,1586,2026-05-15 13:00:00
8030,2442,5461,1736,1743,2026-05-15 13:00:00
8031,1953,5462,1304,1317,2026-05-15 14:00:00
8032,1490,5462,1317,1305,2026-05-15 14:00:00
8033,1361,5463,1460,1470,2026-05-15 14:00:00
8034,1803,5463,1412,1401,2026-05-15 14:00:00
8035,2325,5464,1229,1221,2026-05-15 14:00:00
8036,91,5464,1356,1364,2026-05-15 14:00:00
8037,1620,5465,1541,1554,2026-05-15 14:00:00
8038,304,5465,1557,1544,2026-05-15 14:00:00
8039,2225,5467,2285,2285,2026-05-15 14:00:00
8040,952,5467,1348,1348,2026-05-15 14:00:00
8041,886,5470,1301,1288,2026-05-15 14:00:00
8042,2262,5470,1274,1287,2026-05-15 14:00:00
8043,1360,5471,1721,1729,2026-05-15 14:00:00
8044,1519,5471,1604,1596,2026-05-15 14:00:00
8045,1633,5472,1387,1378,2026-05-15 14:00:00
8046,639,5472,1473,1482,2026-05-15 14:00:00
8047,450,5474,1580,1572,2026-05-15 15:00:00
8048,2090,5474,1726,1733,2026-05-15 15:00:00
8049,1123,5475,1457,1467,2026-05-15 15:00:00
8050,883,5475,1393,1383,2026-05-15 15:00:00
8051,921,5477,1228,1241,2026-05-15 15:00:00
8052,1936,5477,1257,1244,2026-05-15 15:00:00
8053,1685,5478,1746,1737,2026-05-15 15:00:00
8054,436,5478,1807,1817,2026-05-15 15:00:00
8055,665,5480,1504,1510,2026-05-15 15:00:00
8056,2256,5480,1306,1300,2026-05-15 15:00:00
8057,966,5482,1456,1464,2026-05-15 16:00:00
8058,1159,5482,1340,1332,2026-05-15 16:00:00
8059,2399,5483,1331,1324,2026-05-15 16:00:00
8060,895,5483,1467,1475,2026-05-15 16:00:00
8061,852,5484,1396,1388,2026-05-15 16:00:00
8062,672,5484,1531,1539,2026-05-15 16:00:00
8063,1494,5485,1091,1084,2026-05-15 16:00:00
8064,1966,5485,1217,1225,2026-05-15 16:00:00
8065,1489,5486,1387,1374,2026-05-15 16:00:00
8066,1814,5486,1356,1369,2026-05-15 16:00:00
8067,2225,5487,2285,2289,2026-05-15 17:00:00
8068,1471,5487,1987,1984,2026-05-15 17:00:00
8069,1028,5488,1577,1585,2026-05-15 17:00:00
8070,1062,5488,1461,1452,2026-05-15 17:00:00
8071,1789,5490,1805,1793,2026-05-15 17:00:00
8072,159,5490,1821,1833,2026-05-15 17:00:00
8073,1374,5492,1122,1133,2026-05-15 17:00:00
8074,1228,5492,1105,1094,2026-05-15 17:00:00
8075,2262,5495,1287,1273,2026-05-15 17:00:00
8076,370,5495,1241,1255,2026-05-15 17:00:00
8077,799,5496,1267,1259,2026-05-15 17:00:00
8078,2473,5496,1395,1403,2026-05-15 17:00:00
8079,909,5497,1348,1357,2026-05-15 17:00:00
8080,799,5497,1259,1250,2026-05-15 17:00:00
8081,639,5499,1482,1473,2026-05-15 17:00:00
8082,399,5499,1551,1560,2026-05-15 17:00:00
8083,2037,5500,1588,1601,2026-05-15 17:00:00
8084,1324,5500,1592,1580,2026-05-15 17:00:00
8085,670,5501,1401,1390,2026-05-15 17:00:00
8086,1627,5501,1430,1441,2026-05-15 17:00:00
8087,76,5502,1755,1740,2026-05-15 17:00:00
8088,2355,5502,1692,1706,2026-05-15 17:00:00
8089,1261,5504,1762,1748,2026-05-15 18:00:00
8090,189,5504,1708,1722,2026-05-15 18:00:00
8091,17,5505,1741,1753,2026-05-15 18:00:00
8092,493,5505,1734,1722,2026-05-15 18:00:00
8093,1369,5507,1268,1283,2026-05-15 18:00:00
8094,2233,5507,1369,1354,2026-05-15 18:00:00
8095,1391,5508,1718,1704,2026-05-15 18:00:00
8096,171,5508,1648,1662,2026-05-15 18:00:00
8097,87,5510,1244,1237,2026-05-15 18:00:00
8098,2067,5510,1370,1378,2026-05-15 18:00:00
8099,343,5511,1598,1589,2026-05-15 18:00:00
8100,2145,5511,1660,1669,2026-05-15 18:00:00
8101,1317,5513,1616,1630,2026-05-15 18:00:00
8102,1284,5513,1673,1659,2026-05-15 18:00:00
8103,1223,5514,1582,1584,2026-05-15 18:00:00
8104,2121,5514,1170,1168,2026-05-15 18:00:00
8105,13,5515,1677,1662,2026-05-15 18:00:00
8106,1875,5515,1576,1592,2026-05-15 18:00:00
8107,214,5516,1241,1253,2026-05-15 18:00:00
8108,1061,5516,1244,1232,2026-05-15 18:00:00
8109,285,5518,1616,1623,2026-05-15 19:00:00
8110,1123,5518,1467,1460,2026-05-15 19:00:00
8111,1354,5519,1737,1723,2026-05-15 19:00:00
8112,1606,5519,1690,1704,2026-05-15 19:00:00
8113,1397,5520,1518,1528,2026-05-15 19:00:00
8114,1944,5520,1464,1454,2026-05-15 19:00:00
8115,502,5521,1446,1439,2026-05-15 19:00:00
8116,229,5521,1617,1623,2026-05-15 19:00:00
8117,1522,5523,1672,1684,2026-05-15 19:00:00
8118,420,5523,1672,1660,2026-05-15 19:00:00
8119,2224,5525,1489,1505,2026-05-15 19:00:00
8120,415,5525,1604,1588,2026-05-15 19:00:00
8121,651,5526,1872,1874,2026-05-15 19:00:00
8122,2329,5526,1515,1513,2026-05-15 19:00:00
8123,174,5528,1764,1759,2026-05-15 19:00:00
8124,610,5528,2006,2011,2026-05-15 19:00:00
8125,909,5530,1357,1349,2026-05-15 19:00:00
8126,1299,5530,1470,1478,2026-05-15 19:00:00
8127,160,5532,1914,1898,2026-05-15 19:00:00
8128,368,5532,1816,1831,2026-05-15 19:00:00
8129,1519,5533,1596,1584,2026-05-15 19:00:00
8130,331,5533,1581,1594,2026-05-15 19:00:00
8131,368,5534,1831,1835,2026-05-15 19:00:00
8132,1071,5534,1541,1538,2026-05-15 19:00:00
8133,154,5535,1273,1284,2026-05-15 19:00:00
8134,730,5535,1258,1247,2026-05-15 19:00:00
8135,774,5536,1970,1977,2026-05-15 19:00:00
8136,191,5536,1821,1814,2026-05-15 19:00:00
8137,697,5537,1242,1230,2026-05-15 19:00:00
8138,44,5537,1246,1258,2026-05-15 19:00:00
8139,840,5538,1624,1633,2026-05-15 19:00:00
8140,1613,5538,1536,1527,2026-05-15 19:00:00
8141,1563,5539,1593,1605,2026-05-15 19:00:00
8142,666,5539,1584,1572,2026-05-15 19:00:00
8143,967,5541,1580,1590,2026-05-15 19:00:00
8144,969,5541,1522,1512,2026-05-15 19:00:00
8145,455,5542,1273,1264,2026-05-15 19:00:00
8146,1489,5542,1374,1382,2026-05-15 19:00:00
8147,2261,5545,1334,1327,2026-05-15 20:00:00
8148,255,5545,1473,1480,2026-05-15 20:00:00
8149,2151,5546,1877,1885,2026-05-15 20:00:00
8150,998,5546,1754,1746,2026-05-15 20:00:00
8151,328,5548,1364,1351,2026-05-15 20:00:00
8152,533,5548,1329,1342,2026-05-15 20:00:00
8153,1876,5549,1312,1323,2026-05-15 20:00:00
8154,715,5549,1289,1278,2026-05-15 20:00:00
8155,1159,5550,1332,1320,2026-05-15 20:00:00
8156,747,5550,1339,1351,2026-05-15 20:00:00
8157,1221,5552,1549,1559,2026-05-15 20:00:00
8158,1701,5552,1502,1492,2026-05-15 20:00:00
8159,149,5553,1598,1611,2026-05-15 20:00:00
8160,1010,5553,1639,1625,2026-05-15 20:00:00
8161,1858,5554,1548,1551,2026-05-15 20:00:00
8162,2392,5554,1172,1170,2026-05-15 20:00:00
8163,2295,5555,1195,1192,2026-05-15 20:00:00
8164,289,5555,1546,1549,2026-05-15 20:00:00
8165,1030,5556,1702,1707,2026-05-15 20:00:00
8166,2320,5556,1472,1467,2026-05-15 20:00:00
8167,2284,5557,1515,1526,2026-05-15 20:00:00
8168,1242,5557,1497,1486,2026-05-15 20:00:00
8169,1022,5560,1544,1533,2026-05-15 21:00:00
8170,529,5560,1580,1591,2026-05-15 21:00:00
8171,775,5561,1202,1210,2026-05-15 21:00:00
8172,2056,5561,1063,1055,2026-05-15 21:00:00
8173,119,5562,1465,1470,2026-05-15 21:00:00
8174,231,5562,1248,1243,2026-05-15 21:00:00
8175,1179,5565,1469,1462,2026-05-15 21:00:00
8176,176,5565,1618,1625,2026-05-15 21:00:00
8177,1646,5567,1778,1762,2026-05-15 21:00:00
8178,1915,5567,1665,1681,2026-05-15 21:00:00
8179,453,5569,1201,1192,2026-05-15 21:00:00
8180,685,5569,1279,1288,2026-05-15 21:00:00
8181,311,5570,1197,1188,2026-05-15 21:00:00
8182,1369,5570,1283,1292,2026-05-15 21:00:00
8183,170,5571,1539,1555,2026-05-15 21:00:00
8184,1414,5571,1651,1635,2026-05-15 21:00:00
8185,1548,5572,1408,1394,2026-05-15 21:00:00
8186,743,5572,1342,1356,2026-05-15 21:00:00
8187,1721,5573,1619,1630,2026-05-15 21:00:00
8188,881,5573,1609,1597,2026-05-15 21:00:00
8189,715,5574,1278,1265,2026-05-15 21:00:00
8190,799,5574,1250,1263,2026-05-15 21:00:00
8191,1480,5575,1385,1378,2026-05-15 21:00:00
8192,2208,5575,1528,1535,2026-05-15 21:00:00
8193,774,5576,1977,1984,2026-05-15 21:00:00
8194,368,5576,1835,1828,2026-05-15 21:00:00
8195,1888,5577,1554,1545,2026-05-15 21:00:00
8196,764,5577,1630,1639,2026-05-15 21:00:00
8197,338,5578,1519,1531,2026-05-15 21:00:00
8198,516,5578,1533,1521,2026-05-15 21:00:00
8199,313,5579,1847,1855,2026-05-15 21:00:00
8200,1917,5579,1725,1717,2026-05-15 21:00:00
8201,313,5580,1855,1860,2026-05-15 21:00:00
8202,1327,5580,1625,1620,2026-05-15 21:00:00
8203,1806,5581,1406,1398,2026-05-15 21:00:00
8204,897,5581,1520,1528,2026-05-15 21:00:00
8205,1788,5582,1681,1691,2026-05-15 21:00:00
8206,391,5582,1612,1603,2026-05-15 21:00:00
8207,1865,5583,1485,1476,2026-05-15 21:00:00
8208,967,5583,1590,1598,2026-05-15 21:00:00
8209,13,5584,1662,1656,2026-05-15 21:00:00
8210,2388,5584,1843,1849,2026-05-15 21:00:00
8211,1163,5585,1856,1862,2026-05-15 22:00:00
8212,819,5585,1684,1678,2026-05-15 22:00:00
8213,2119,5586,1535,1530,2026-05-15 22:00:00
8214,2090,5586,1733,1739,2026-05-15 22:00:00
8215,1894,5587,1545,1548,2026-05-15 22:00:00
8216,123,5587,1167,1164,2026-05-15 22:00:00
8217,1894,5588,1548,1556,2026-05-15 22:00:00
8218,737,5588,1450,1441,2026-05-15 22:00:00
8219,170,5590,1555,1543,2026-05-15 22:00:00
8220,260,5590,1562,1574,2026-05-15 22:00:00
8221,894,5591,1460,1451,2026-05-15 22:00:00
8222,2033,5591,1541,1550,2026-05-15 22:00:00
8223,328,5592,1351,1360,2026-05-15 22:00:00
8224,2373,5592,1265,1256,2026-05-15 22:00:00
8225,1476,5593,1573,1584,2026-05-15 22:00:00
8226,926,5593,1531,1520,2026-05-15 22:00:00
8227,897,5597,1528,1536,2026-05-15 22:00:00
8228,222,5597,1393,1386,2026-05-15 22:00:00
8229,2454,5598,1584,1594,2026-05-15 22:00:00
8230,1833,5598,1525,1515,2026-05-15 22:00:00
8231,1000,5599,1626,1617,2026-05-15 22:00:00
8232,876,5599,1711,1720,2026-05-15 22:00:00
8233,1789,5600,1793,1782,2026-05-15 23:00:00
8234,1365,5600,1802,1814,2026-05-15 23:00:00
8235,775,5601,1210,1200,2026-05-15 23:00:00
8236,1946,5601,1277,1286,2026-05-15 23:00:00
8237,2090,5603,1739,1750,2026-05-15 23:00:00
8238,1663,5603,1697,1687,2026-05-15 23:00:00
8239,1397,5604,1528,1521,2026-05-15 23:00:00
8240,2142,5604,1653,1660,2026-05-15 23:00:00
8241,1126,5605,1909,1917,2026-05-15 23:00:00
8242,1646,5605,1762,1755,2026-05-15 23:00:00
8243,1287,5606,1256,1248,2026-05-15 23:00:00
8244,743,5606,1356,1365,2026-05-15 23:00:00
8245,1928,5607,1423,1436,2026-05-15 23:00:00
8246,257,5607,1453,1440,2026-05-15 23:00:00
8247,1163,5611,1862,1870,2026-05-16 00:00:00
8248,910,5611,1744,1736,2026-05-16 00:00:00
8249,633,5612,1586,1574,2026-05-16 00:00:00
8250,529,5612,1591,1603,2026-05-16 00:00:00
8251,502,5616,1439,1426,2026-05-16 01:00:00
8252,1762,5616,1409,1422,2026-05-16 01:00:00
8253,289,5617,1549,1542,2026-05-16 01:00:00
8254,2355,5617,1706,1713,2026-05-16 01:00:00
8255,2027,5618,1466,1457,2026-05-16 01:00:00
8256,1993,5618,1537,1546,2026-05-16 01:00:00
8257,937,5619,1534,1524,2026-05-16 09:00:00
8258,331,5619,1594,1604,2026-05-16 09:00:00
8259,1996,5620,1205,1213,2026-05-16 10:00:00
8260,2040,5620,1095,1087,2026-05-16 10:00:00
8261,1123,5621,1460,1468,2026-05-16 11:00:00
8262,536,5621,1361,1353,2026-05-16 11:00:00
8263,1020,5623,1492,1507,2026-05-16 11:00:00
8264,704,5623,1594,1578,2026-05-16 11:00:00
8265,1549,5625,1839,1847,2026-05-16 12:00:00
8266,1753,5625,1711,1703,2026-05-16 12:00:00
8267,2348,5626,1207,1195,2026-05-16 12:00:00
8268,1826,5626,1229,1240,2026-05-16 12:00:00
8269,1566,5627,1929,1937,2026-05-16 12:00:00
8270,75,5627,1786,1779,2026-05-16 12:00:00
8271,2120,5628,1687,1679,2026-05-16 12:00:00
8272,869,5628,1809,1817,2026-05-16 12:00:00
8273,15,5629,1140,1127,2026-05-16 12:00:00
8274,200,5629,1100,1113,2026-05-16 12:00:00
8275,2183,5630,1698,1706,2026-05-16 12:00:00
8276,1664,5630,1593,1585,2026-05-16 12:00:00
8277,2454,5632,1594,1579,2026-05-16 12:00:00
8278,2158,5632,1504,1519,2026-05-16 12:00:00
8279,409,5633,1590,1602,2026-05-16 13:00:00
8280,529,5633,1603,1590,2026-05-16 13:00:00
8281,75,5634,1779,1771,2026-05-16 13:00:00
8282,40,5634,1914,1922,2026-05-16 13:00:00
8283,1113,5636,1316,1309,2026-05-16 13:00:00
8284,1179,5636,1462,1469,2026-05-16 13:00:00
8285,15,5637,1127,1122,2026-05-16 13:00:00
8286,1003,5637,1393,1397,2026-05-16 13:00:00
8287,340,5640,1381,1393,2026-05-16 13:00:00
8288,670,5640,1390,1377,2026-05-16 13:00:00
8289,571,5641,1188,1199,2026-05-16 13:00:00
8290,1294,5641,1180,1168,2026-05-16 13:00:00
8291,1458,5645,1680,1691,2026-05-16 14:00:00
8292,176,5645,1625,1615,2026-05-16 14:00:00
8293,1796,5646,1517,1528,2026-05-16 14:00:00
8294,141,5646,1494,1483,2026-05-16 14:00:00
8295,1753,5647,1703,1694,2026-05-16 15:00:00
8296,787,5647,1781,1791,2026-05-16 15:00:00
8297,1499,5650,1448,1434,2026-05-16 15:00:00
8298,1839,5650,1408,1422,2026-05-16 15:00:00
8299,1836,5651,1344,1336,2026-05-16 16:00:00
8300,722,5651,1487,1495,2026-05-16 16:00:00
8301,1365,5652,1814,1818,2026-05-16 16:00:00
8302,1022,5652,1533,1529,2026-05-16 16:00:00
8303,1669,5653,1512,1520,2026-05-16 16:00:00
8304,602,5653,1364,1357,2026-05-16 16:00:00
8305,1631,5654,1891,1899,2026-05-16 16:00:00
8306,75,5654,1771,1763,2026-05-16 16:00:00
8307,311,5655,1188,1199,2026-05-16 16:00:00
8308,1791,5655,1172,1160,2026-05-16 16:00:00
8309,1462,5656,1750,1766,2026-05-16 16:00:00
8310,1551,5656,1891,1875,2026-05-16 16:00:00
8311,160,5658,1898,1900,2026-05-16 16:00:00
8312,778,5658,1484,1482,2026-05-16 16:00:00
8313,979,5661,1355,1363,2026-05-16 16:00:00
8314,214,5661,1253,1244,2026-05-16 16:00:00
8315,1278,5662,1683,1686,2026-05-16 17:00:00
8316,2092,5662,1372,1369,2026-05-16 17:00:00
8317,450,5663,1572,1564,2026-05-16 17:00:00
8318,619,5663,1681,1689,2026-05-16 17:00:00
8319,480,5664,1383,1368,2026-05-16 17:00:00
8320,1953,5664,1317,1331,2026-05-16 17:00:00
8321,1965,5665,1889,1896,2026-05-16 17:00:00
8322,1756,5665,1750,1742,2026-05-16 17:00:00
8323,1400,5671,1602,1592,2026-05-16 17:00:00
8324,2186,5671,1662,1672,2026-05-16 17:00:00
8325,399,5672,1560,1570,2026-05-16 17:00:00
8326,2190,5672,1488,1479,2026-05-16 17:00:00
8327,2409,5673,1615,1622,2026-05-16 17:00:00
8328,639,5673,1473,1465,2026-05-16 17:00:00
8329,2453,5674,1279,1272,2026-05-16 17:00:00
8330,2486,5674,1428,1435,2026-05-16 17:00:00
8331,1751,5678,1121,1112,2026-05-16 17:00:00
8332,385,5678,1235,1243,2026-05-16 17:00:00
8333,1127,5679,1517,1527,2026-05-16 17:00:00
8334,1085,5679,1456,1446,2026-05-16 17:00:00
8335,1549,5681,1847,1855,2026-05-16 18:00:00
8336,910,5681,1736,1728,2026-05-16 18:00:00
8337,1354,5682,1723,1725,2026-05-16 18:00:00
8338,1045,5682,1349,1346,2026-05-16 18:00:00
8339,1548,5683,1394,1407,2026-05-16 18:00:00
8340,1928,5683,1436,1423,2026-05-16 18:00:00
8341,1218,5684,1221,1219,2026-05-16 18:00:00
8342,1414,5684,1635,1637,2026-05-16 18:00:00
8343,794,5685,1671,1659,2026-05-16 18:00:00
8344,2120,5685,1679,1690,2026-05-16 18:00:00
8345,301,5687,1120,1112,2026-05-16 18:00:00
8346,811,5687,1240,1248,2026-05-16 18:00:00
8347,1633,5689,1378,1367,2026-05-16 18:00:00
8348,1389,5689,1408,1419,2026-05-16 18:00:00
8349,1602,5690,1667,1675,2026-05-16 18:00:00
8350,1927,5690,1550,1542,2026-05-16 18:00:00
8351,207,5692,1542,1531,2026-05-16 18:00:00
8352,1741,5692,1577,1588,2026-05-16 18:00:00
8353,1530,5693,1627,1614,2026-05-16 18:00:00
8354,391,5693,1603,1615,2026-05-16 18:00:00
8355,1022,5694,1529,1519,2026-05-16 19:00:00
8356,401,5694,1589,1599,2026-05-16 19:00:00
8357,1946,5696,1286,1280,2026-05-16 19:00:00
8358,2126,5696,1468,1475,2026-05-16 19:00:00
8359,1687,5698,2039,2045,2026-05-16 19:00:00
8360,1163,5698,1870,1864,2026-05-16 19:00:00
8361,1126,5699,1917,1905,2026-05-16 19:00:00
8362,2041,5699,1925,1937,2026-05-16 19:00:00
8363,174,5700,1759,1742,2026-05-16 19:00:00
8364,881,5700,1597,1615,2026-05-16 19:00:00
8365,2433,5701,1127,1119,2026-05-16 19:00:00
8366,495,5701,1246,1254,2026-05-16 19:00:00
8367,1388,5702,1547,1540,2026-05-16 19:00:00
8368,2309,5702,1693,1701,2026-05-16 19:00:00
8369,1760,5703,1547,1539,2026-05-16 19:00:00
8370,420,5703,1660,1668,2026-05-16 19:00:00
8371,1876,5705,1323,1309,2026-05-16 19:00:00
8372,2373,5705,1256,1270,2026-05-16 19:00:00
8373,1949,5706,1119,1112,2026-05-16 19:00:00
8374,799,5706,1263,1270,2026-05-16 19:00:00
8375,2385,5708,1641,1649,2026-05-16 19:00:00
8376,974,5708,1517,1509,2026-05-16 19:00:00
8377,107,5711,1747,1754,2026-05-16 19:00:00
8378,461,5711,1600,1593,2026-05-16 19:00:00
8379,1085,5712,1446,1455,2026-05-16 19:00:00
8380,50,5712,1364,1355,2026-05-16 19:00:00
8381,2293,5713,1388,1376,2026-05-16 19:00:00
8382,1256,5713,1386,1398,2026-05-16 19:00:00
8383,571,5714,1199,1191,2026-05-16 19:00:00
8384,565,5714,1290,1299,2026-05-16 19:00:00
8385,1401,5715,1370,1381,2026-05-16 20:00:00
8386,2035,5715,1320,1310,2026-05-16 20:00:00
8387,608,5717,1375,1370,2026-05-16 20:00:00
8388,415,5717,1588,1593,2026-05-16 20:00:00
8389,541,5718,1477,1469,2026-05-16 20:00:00
8390,431,5718,1587,1595,2026-05-16 20:00:00
8391,2474,5720,1244,1235,2026-05-16 20:00:00
8392,1280,5720,1332,1341,2026-05-16 20:00:00
8393,2417,5721,1678,1669,2026-05-16 20:00:00
8394,437,5721,1753,1763,2026-05-16 20:00:00
8395,1808,5722,1529,1539,2026-05-16 21:00:00
8396,261,5722,1472,1462,2026-05-16 21:00:00
8397,2024,5723,1692,1703,2026-05-16 21:00:00
8398,538,5723,1676,1665,2026-05-16 21:00:00
8399,1953,5724,1331,1327,2026-05-16 21:00:00
8400,401,5724,1599,1603,2026-05-16 21:00:00
8401,1397,5725,1521,1527,2026-05-16 21:00:00
8402,1411,5725,1333,1327,2026-05-16 21:00:00
8403,453,5726,1192,1184,2026-05-16 21:00:00
8404,1113,5726,1309,1317,2026-05-16 21:00:00
8405,1462,5727,1766,1774,2026-05-16 21:00:00
8406,215,5727,1632,1624,2026-05-16 21:00:00
8407,2329,5729,1513,1524,2026-05-16 21:00:00
8408,2224,5729,1505,1493,2026-05-16 21:00:00
8409,737,5731,1441,1427,2026-05-16 21:00:00
8410,145,5731,1378,1392,2026-05-16 21:00:00
8411,541,5732,1469,1459,2026-05-16 21:00:00
8412,2354,5732,1527,1537,2026-05-16 21:00:00
8413,26,5733,1256,1241,2026-05-16 21:00:00
8414,511,5733,1174,1189,2026-05-16 21:00:00
8415,541,5734,1459,1447,2026-05-16 21:00:00
8416,1345,5734,1482,1493,2026-05-16 21:00:00
8417,639,5735,1465,1458,2026-05-16 21:00:00
8418,2074,5735,1595,1603,2026-05-16 21:00:00
8419,1246,5737,1726,1713,2026-05-16 21:00:00
8420,1917,5737,1717,1729,2026-05-16 21:00:00
8421,1305,5738,1269,1261,2026-05-16 21:00:00
8422,1329,5738,1379,1387,2026-05-16 21:00:00
8423,1988,5740,1552,1568,2026-05-16 21:00:00
8424,275,5740,1688,1671,2026-05-16 21:00:00
8425,579,5741,1409,1417,2026-05-16 21:00:00
8426,565,5741,1299,1291,2026-05-16 21:00:00
8427,1870,5742,1857,1840,2026-05-16 22:00:00
8428,189,5742,1722,1738,2026-05-16 22:00:00
8429,1163,5743,1864,1871,2026-05-16 22:00:00
8430,910,5743,1728,1720,2026-05-16 22:00:00
8431,2004,5746,1437,1427,2026-05-16 22:00:00
8432,1775,5746,1500,1510,2026-05-16 22:00:00
8433,947,5748,1761,1769,2026-05-16 22:00:00
8434,1721,5748,1630,1623,2026-05-16 22:00:00
8435,1172,5749,1681,1665,2026-05-16 22:00:00
8436,260,5749,1574,1590,2026-05-16 22:00:00
8437,1864,5750,1215,1209,2026-05-16 22:00:00
8438,992,5750,1420,1426,2026-05-16 22:00:00
8439,1775,5751,1510,1518,2026-05-16 22:00:00
8440,1185,5751,1393,1385,2026-05-16 22:00:00
8441,730,5753,1247,1243,2026-05-16 22:00:00
8442,1982,5753,1533,1537,2026-05-16 22:00:00
8443,937,5754,1524,1541,2026-05-16 22:00:00
8444,1053,5754,1653,1637,2026-05-16 22:00:00
8445,778,5755,1482,1474,2026-05-16 22:00:00
8446,2270,5755,1610,1618,2026-05-16 22:00:00
8447,2452,5757,1511,1498,2026-05-16 22:00:00
8448,1448,5757,1496,1508,2026-05-16 22:00:00
8449,784,5758,1338,1347,2026-05-16 22:00:00
8450,509,5758,1239,1231,2026-05-16 22:00:00
8451,988,5759,1952,1959,2026-05-16 22:00:00
8452,104,5759,1813,1805,2026-05-16 22:00:00
8453,340,5761,1393,1401,2026-05-16 22:00:00
8454,1305,5761,1261,1253,2026-05-16 22:00:00
8455,538,5763,1665,1671,2026-05-16 23:00:00
8456,119,5763,1470,1464,2026-05-16 23:00:00
8457,1018,5764,1355,1367,2026-05-16 23:00:00
8458,646,5764,1346,1334,2026-05-16 23:00:00
8459,2056,5765,1055,1046,2026-05-16 23:00:00
8460,1374,5765,1133,1143,2026-05-16 23:00:00
8461,301,5766,1112,1103,2026-05-16 23:00:00
8462,311,5766,1199,1208,2026-05-16 23:00:00
8463,2070,5767,1601,1609,2026-05-16 23:00:00
8464,1495,5767,1474,1466,2026-05-16 23:00:00
8465,2116,5768,1538,1529,2026-05-16 23:00:00
8466,1093,5768,1642,1650,2026-05-16 23:00:00
8467,1391,5770,1704,1693,2026-05-16 23:00:00
8468,1922,5770,1754,1764,2026-05-16 23:00:00
8469,2127,5771,1641,1649,2026-05-16 23:00:00
8470,334,5771,1537,1528,2026-05-16 23:00:00
8471,820,5772,1411,1403,2026-05-16 23:00:00
8472,421,5772,1519,1527,2026-05-16 23:00:00
8473,730,5773,1243,1232,2026-05-16 23:00:00
8474,2453,5773,1272,1283,2026-05-16 23:00:00
8475,701,5774,1472,1487,2026-05-16 23:00:00
8476,771,5774,1572,1556,2026-05-16 23:00:00
8477,979,5776,1363,1371,2026-05-16 23:00:00
8478,563,5776,1227,1220,2026-05-16 23:00:00
8479,2142,5778,1660,1670,2026-05-17 00:00:00
8480,1747,5778,1579,1570,2026-05-17 00:00:00
8481,105,5779,1260,1255,2026-05-17 00:00:00
8482,99,5779,1488,1493,2026-05-17 00:00:00
8483,1617,5780,1547,1533,2026-05-17 00:00:00
8484,1067,5780,1492,1506,2026-05-17 00:00:00
8485,1030,5781,1707,1710,2026-05-17 00:00:00
8486,1252,5781,1353,1351,2026-05-17 00:00:00
8487,819,5782,1678,1668,2026-05-17 01:00:00
8488,1261,5782,1748,1758,2026-05-17 01:00:00
8489,807,5783,1313,1304,2026-05-17 01:00:00
8490,1762,5783,1422,1430,2026-05-17 01:00:00
8491,722,5784,1495,1481,2026-05-17 01:00:00
8492,1269,5784,1458,1472,2026-05-17 01:00:00
8493,1808,5785,1539,1523,2026-05-17 01:00:00
8494,1762,5785,1430,1446,2026-05-17 01:00:00
8495,921,5787,1241,1228,2026-05-17 09:00:00
8496,1597,5787,1225,1238,2026-05-17 09:00:00
8497,998,5791,1746,1751,2026-05-17 11:00:00
8498,645,5791,1537,1532,2026-05-17 11:00:00
8499,468,5792,1611,1619,2026-05-17 11:00:00
8500,2223,5792,1484,1476,2026-05-17 11:00:00
8501,807,5793,1304,1294,2026-05-17 12:00:00
8502,952,5793,1348,1358,2026-05-17 12:00:00
8503,2227,5794,1857,1866,2026-05-17 12:00:00
8504,1261,5794,1758,1749,2026-05-17 12:00:00
8505,916,5796,1149,1162,2026-05-17 12:00:00
8506,453,5796,1184,1171,2026-05-17 12:00:00
8507,252,5797,1630,1616,2026-05-17 12:00:00
8508,1959,5797,1567,1581,2026-05-17 12:00:00
8509,1411,5798,1327,1314,2026-05-17 13:00:00
8510,1490,5798,1305,1318,2026-05-17 13:00:00
8511,1159,5801,1320,1311,2026-05-17 13:00:00
8512,938,5801,1404,1413,2026-05-17 13:00:00
8513,653,5804,1586,1601,2026-05-17 13:00:00
8514,1378,5804,1666,1652,2026-05-17 13:00:00
8515,1833,5805,1515,1507,2026-05-17 13:00:00
8516,2,5805,1621,1629,2026-05-17 13:00:00
8517,1762,5806,1446,1454,2026-05-17 14:00:00
8518,1836,5806,1336,1328,2026-05-17 14:00:00
8519,301,5807,1103,1096,2026-05-17 14:00:00
8520,1287,5807,1248,1255,2026-05-17 14:00:00
8521,1572,5809,1370,1379,2026-05-17 14:00:00
8522,319,5809,1289,1280,2026-05-17 14:00:00
8523,1599,5810,1345,1335,2026-05-17 14:00:00
8524,181,5810,1412,1421,2026-05-17 14:00:00
8525,14,5811,1840,1849,2026-05-17 14:00:00
8526,1574,5811,1759,1750,2026-05-17 14:00:00
8527,165,5812,1498,1485,2026-05-17 14:00:00
8528,895,5812,1475,1488,2026-05-17 14:00:00
8529,2485,5814,1525,1532,2026-05-17 14:00:00
8530,1955,5814,1357,1350,2026-05-17 14:00:00
8531,1374,5815,1143,1157,2026-05-17 15:00:00
8532,1292,5815,1216,1201,2026-05-17 15:00:00
8533,1810,5816,1971,1980,2026-05-17 15:00:00
8534,651,5816,1874,1866,2026-05-17 15:00:00
8535,1364,5817,1589,1575,2026-05-17 15:00:00
8536,1982,5817,1537,1551,2026-05-17 15:00:00
8537,504,5818,1268,1257,2026-05-17 15:00:00
8538,1609,5818,1308,1319,2026-05-17 15:00:00
8539,1806,5819,1398,1391,2026-05-17 15:00:00
8540,1883,5819,1547,1554,2026-05-17 15:00:00
8541,2225,5820,2289,2293,2026-05-17 16:00:00
8542,1687,5820,2045,2040,2026-05-17 16:00:00
8543,737,5822,1427,1440,2026-05-17 16:00:00
8544,894,5822,1451,1438,2026-05-17 16:00:00
8545,1201,5824,1668,1672,2026-05-17 16:00:00
8546,1548,5824,1407,1403,2026-05-17 16:00:00
8547,2309,5825,1701,1710,2026-05-17 16:00:00
8548,176,5825,1615,1606,2026-05-17 16:00:00
8549,2496,5826,2091,2076,2026-05-17 16:00:00
8550,610,5826,2011,2026,2026-05-17 16:00:00
8551,2262,5827,1273,1265,2026-05-17 16:00:00
8552,2363,5827,1402,1409,2026-05-17 16:00:00
8553,502,5831,1426,1418,2026-05-17 17:00:00
8554,304,5831,1544,1552,2026-05-17 17:00:00
8555,1029,5832,1821,1829,2026-05-17 17:00:00
8556,2120,5832,1690,1683,2026-05-17 17:00:00
8557,615,5833,1664,1655,2026-05-17 17:00:00
8558,1922,5833,1764,1773,2026-05-17 17:00:00
8559,249,5834,1870,1875,2026-05-17 17:00:00
8560,2385,5834,1649,1643,2026-05-17 17:00:00
8561,2310,5835,1874,1863,2026-05-17 17:00:00
8562,249,5835,1875,1887,2026-05-17 17:00:00
8563,827,5836,1455,1470,2026-05-17 17:00:00
8564,1927,5836,1542,1527,2026-05-17 17:00:00
8565,2455,5837,1396,1388,2026-05-17 17:00:00
8566,1071,5837,1538,1545,2026-05-17 17:00:00
8567,1437,5838,1441,1446,2026-05-17 17:00:00
8568,1521,5838,1184,1180,2026-05-17 17:00:00
8569,2067,5839,1378,1385,2026-05-17 17:00:00
8570,921,5839,1228,1221,2026-05-17 17:00:00
8571,921,5840,1221,1233,2026-05-17 17:00:00
8572,1444,5840,1233,1221,2026-05-17 17:00:00
8573,1886,5841,1801,1788,2026-05-17 17:00:00
8574,2265,5841,1783,1796,2026-05-17 17:00:00
8575,595,5842,1464,1460,2026-05-17 17:00:00
8576,1886,5842,1788,1792,2026-05-17 17:00:00
8577,295,5844,1512,1504,2026-05-17 17:00:00
8578,2478,5844,1626,1635,2026-05-17 17:00:00
8579,876,5845,1720,1732,2026-05-17 17:00:00
8580,598,5845,1722,1710,2026-05-17 17:00:00
8581,538,5847,1671,1674,2026-05-17 18:00:00
8582,1045,5847,1346,1343,2026-05-17 18:00:00
8583,144,5848,1382,1394,2026-05-17 18:00:00
8584,952,5848,1358,1347,2026-05-17 18:00:00
8585,2357,5849,1496,1513,2026-05-17 18:00:00
8586,2281,5849,1643,1627,2026-05-17 18:00:00
8587,2369,5851,1478,1465,2026-05-17 18:00:00
8588,2004,5851,1427,1441,2026-05-17 18:00:00
8589,1949,5852,1112,1123,2026-05-17 18:00:00
8590,327,5852,1096,1085,2026-05-17 18:00:00
8591,1053,5853,1637,1641,2026-05-17 18:00:00
8592,1192,5853,1364,1360,2026-05-17 18:00:00
8593,1080,5854,1608,1615,2026-05-17 18:00:00
8594,2209,5854,1438,1431,2026-05-17 18:00:00
8595,601,5855,1400,1391,2026-05-17 18:00:00
8596,1545,5855,1489,1498,2026-05-17 18:00:00
8597,283,5856,1345,1336,2026-05-17 18:00:00
8598,1627,5856,1441,1450,2026-05-17 18:00:00
8599,2296,5857,1744,1753,2026-05-17 18:00:00
8600,1284,5857,1659,1649,2026-05-17 18:00:00
8601,647,5858,1681,1694,2026-05-17 18:00:00
8602,598,5858,1710,1697,2026-05-17 18:00:00
8603,287,5859,1512,1523,2026-05-17 19:00:00
8604,1829,5859,1472,1461,2026-05-17 19:00:00
8605,1953,5860,1327,1339,2026-05-17 19:00:00
8606,952,5860,1347,1335,2026-05-17 19:00:00
8607,775,5861,1200,1186,2026-05-17 19:00:00
8608,209,5861,1130,1145,2026-05-17 19:00:00
8609,1566,5863,1937,1945,2026-05-17 19:00:00
8610,676,5863,1815,1807,2026-05-17 19:00:00
8611,1810,5864,1980,1990,2026-05-17 19:00:00
8612,2379,5864,1942,1931,2026-05-17 19:00:00
8613,2297,5865,1662,1650,2026-05-17 19:00:00
8614,240,5865,1672,1684,2026-05-17 19:00:00
8615,15,5868,1122,1114,2026-05-17 19:00:00
8616,730,5868,1232,1240,2026-05-17 19:00:00
8617,771,5869,1556,1564,2026-05-17 19:00:00
8618,128,5869,1434,1426,2026-05-17 19:00:00
8619,229,5872,1623,1607,2026-05-17 20:00:00
8620,1361,5872,1470,1487,2026-05-17 20:00:00
8621,2348,5873,1195,1207,2026-05-17 20:00:00
8622,775,5873,1186,1174,2026-05-17 20:00:00
8623,1129,5874,1457,1469,2026-05-17 20:00:00
8624,2212,5874,1447,1435,2026-05-17 20:00:00
8625,1261,5875,1749,1756,2026-05-17 20:00:00
8626,1792,5875,1601,1594,2026-05-17 20:00:00
8627,125,5876,1417,1408,2026-05-17 20:00:00
8628,1669,5876,1520,1528,2026-05-17 20:00:00
8629,2004,5877,1441,1432,2026-05-17 20:00:00
8630,1998,5877,1530,1539,2026-05-17 20:00:00
8631,13,5879,1656,1641,2026-05-17 20:00:00
8632,1544,5879,1586,1600,2026-05-17 20:00:00
8633,857,5880,1724,1733,2026-05-17 20:00:00
8634,2,5880,1629,1621,2026-05-17 20:00:00
8635,2348,5881,1207,1199,2026-05-17 21:00:00
8636,993,5881,1318,1327,2026-05-17 21:00:00
8637,538,5882,1674,1664,2026-05-17 21:00:00
8638,1354,5882,1725,1736,2026-05-17 21:00:00
8639,2116,5884,1529,1517,2026-05-17 21:00:00
8640,1737,5884,1535,1547,2026-05-17 21:00:00
8641,794,5885,1659,1667,2026-05-17 21:00:00
8642,1388,5885,1540,1532,2026-05-17 21:00:00
8643,2033,5886,1550,1562,2026-05-17 21:00:00
8644,170,5886,1543,1531,2026-05-17 21:00:00
8645,2087,5887,1658,1670,2026-05-17 21:00:00
8646,1201,5887,1672,1660,2026-05-17 21:00:00
8647,1401,5888,1381,1388,2026-05-17 21:00:00
8648,1287,5888,1255,1247,2026-05-17 21:00:00
8649,2366,5889,1640,1648,2026-05-17 21:00:00
8650,2329,5889,1524,1516,2026-05-17 21:00:00
8651,370,5890,1255,1246,2026-05-17 21:00:00
8652,515,5890,1344,1353,2026-05-17 21:00:00
8653,2213,5891,1792,1802,2026-05-17 21:00:00
8654,138,5891,1748,1738,2026-05-17 21:00:00
8655,596,5893,1361,1358,2026-05-17 21:00:00
8656,1917,5893,1729,1732,2026-05-17 21:00:00
8657,374,5894,1236,1246,2026-05-17 22:00:00
8658,1374,5894,1157,1148,2026-05-17 22:00:00
8659,1663,5896,1687,1675,2026-05-17 22:00:00
8660,619,5896,1689,1701,2026-05-17 22:00:00
8661,2317,5897,1494,1485,2026-05-17 22:00:00
8662,198,5897,1576,1585,2026-05-17 22:00:00
8663,2379,5898,1931,1920,2026-05-17 22:00:00
8664,2041,5898,1937,1949,2026-05-17 22:00:00
8665,2310,5899,1863,1873,2026-05-17 22:00:00
8666,1708,5899,1815,1804,2026-05-17 22:00:00
8667,127,5900,1591,1579,2026-05-17 22:00:00
8668,1364,5900,1575,1587,2026-05-17 22:00:00
8669,2211,5901,1940,1943,2026-05-17 22:00:00
8670,207,5901,1531,1529,2026-05-17 22:00:00
8671,1184,5902,1201,1191,2026-05-17 22:00:00
8672,105,5902,1255,1265,2026-05-17 22:00:00
8673,1788,5903,1691,1701,2026-05-17 22:00:00
8674,2478,5903,1635,1624,2026-05-17 22:00:00
8675,1060,5904,1692,1698,2026-05-17 22:00:00
8676,1865,5904,1476,1471,2026-05-17 22:00:00
8677,1973,5905,1909,1913,2026-05-17 23:00:00
8678,911,5905,1617,1614,2026-05-17 23:00:00
8679,1228,5906,1094,1091,2026-05-18 00:00:00
8680,1138,5906,1422,1425,2026-05-18 00:00:00
8681,2348,5907,1199,1191,2026-05-18 01:00:00
8682,952,5907,1335,1342,2026-05-18 01:00:00
8683,476,5909,1371,1382,2026-05-18 01:00:00
8684,2002,5909,1332,1321,2026-05-18 01:00:00
8685,289,5911,1542,1551,2026-05-18 01:00:00
8686,1556,5911,1461,1451,2026-05-18 01:00:00
8687,802,5912,1790,1798,2026-05-18 10:00:00
8688,1522,5912,1684,1676,2026-05-18 10:00:00
8689,954,5913,1436,1427,2026-05-18 10:00:00
8690,1858,5913,1551,1559,2026-05-18 10:00:00
8691,985,5914,1627,1619,2026-05-18 10:00:00
8692,1917,5914,1732,1740,2026-05-18 10:00:00
8693,1687,5916,2040,2049,2026-05-18 11:00:00
8694,2304,5916,1927,1919,2026-05-18 11:00:00
8695,775,5917,1174,1163,2026-05-18 11:00:00
8696,1292,5917,1201,1212,2026-05-18 11:00:00
8697,1462,5918,1774,1782,2026-05-18 11:00:00
8698,234,5918,1668,1659,2026-05-18 11:00:00
8699,327,5920,1085,1077,2026-05-18 11:00:00
8700,1845,5920,1219,1227,2026-05-18 11:00:00
8701,873,5921,1709,1718,2026-05-18 11:00:00
8702,2127,5921,1649,1639,2026-05-18 11:00:00
8703,1460,5922,1386,1403,2026-05-18 11:00:00
8704,1148,5922,1562,1544,2026-05-18 11:00:00
8705,170,5924,1531,1523,2026-05-18 12:00:00
8706,2234,5924,1658,1666,2026-05-18 12:00:00
8707,1646,5926,1755,1747,2026-05-18 13:00:00
8708,1551,5926,1875,1883,2026-05-18 13:00:00
8709,1389,5927,1419,1405,2026-05-18 13:00:00
8710,1633,5927,1367,1381,2026-05-18 13:00:00
8711,1494,5928,1084,1076,2026-05-18 13:00:00
8712,1966,5928,1225,1232,2026-05-18 13:00:00
8713,619,5929,1701,1693,2026-05-18 15:00:00
8714,116,5929,1804,1813,2026-05-18 15:00:00
8715,1890,5930,1485,1498,2026-05-18 15:00:00
8716,1022,5930,1519,1506,2026-05-18 15:00:00
8717,685,5931,1288,1281,2026-05-18 15:00:00
8718,1603,5931,1431,1439,2026-05-18 15:00:00
8719,1907,5932,1281,1273,2026-05-18 16:00:00
8720,1839,5932,1422,1429,2026-05-18 16:00:00
8721,261,5933,1462,1475,2026-05-18 17:00:00
8722,446,5933,1488,1475,2026-05-18 17:00:00
8723,1763,5934,1400,1409,2026-05-18 17:00:00
8724,993,5934,1327,1317,2026-05-18 17:00:00
8725,1663,5935,1675,1684,2026-05-18 17:00:00
8726,633,5935,1574,1566,2026-05-18 17:00:00
8727,2006,5936,1760,1767,2026-05-18 17:00:00
8728,401,5936,1603,1596,2026-05-18 17:00:00
8729,420,5938,1668,1676,2026-05-18 17:00:00
8730,1388,5938,1532,1524,2026-05-18 17:00:00
8731,257,5939,1440,1449,2026-05-18 17:00:00
8732,1262,5939,1353,1344,2026-05-18 17:00:00
8733,2281,5940,1627,1616,2026-05-18 17:00:00
8734,1522,5940,1676,1686,2026-05-18 17:00:00
8735,483,5941,1639,1643,2026-05-18 17:00:00
8736,1435,5941,1372,1368,2026-05-18 17:00:00
8737,244,5943,1347,1339,2026-05-18 17:00:00
8738,82,5943,1460,1468,2026-05-18 17:00:00
8739,377,5944,1665,1673,2026-05-18 17:00:00
8740,1148,5944,1544,1536,2026-05-18 17:00:00
8741,959,5945,1817,1825,2026-05-18 18:00:00
8742,1915,5945,1681,1674,2026-05-18 18:00:00
8743,176,5946,1606,1593,2026-05-18 18:00:00
8744,1283,5946,1568,1581,2026-05-18 18:00:00
8745,324,5949,1691,1700,2026-05-18 18:00:00
8746,967,5949,1598,1590,2026-05-18 18:00:00
8747,1361,5951,1487,1474,2026-05-18 19:00:00
8748,612,5951,1457,1470,2026-05-18 19:00:00
8749,2087,5954,1670,1660,2026-05-18 19:00:00
8750,493,5954,1722,1733,2026-05-18 19:00:00
8751,1401,5956,1388,1396,2026-05-18 19:00:00
8752,811,5956,1248,1241,2026-05-18 19:00:00
8753,2357,5957,1513,1504,2026-05-18 19:00:00
8754,415,5957,1593,1602,2026-05-18 19:00:00
8755,2213,5959,1802,1790,2026-05-18 19:00:00
8756,297,5959,1804,1816,2026-05-18 19:00:00
8757,966,5960,1464,1475,2026-05-18 19:00:00
8758,938,5960,1413,1403,2026-05-18 19:00:00
8759,1192,5961,1360,1373,2026-05-18 19:00:00
8760,2455,5961,1388,1375,2026-05-18 19:00:00
8761,1788,5962,1701,1713,2026-05-18 19:00:00
8762,2123,5962,1704,1692,2026-05-18 19:00:00
8763,1806,5963,1391,1405,2026-05-18 19:00:00
8764,741,5963,1448,1434,2026-05-18 19:00:00
8765,1759,5964,1413,1432,2026-05-18 19:00:00
8766,1339,5964,1666,1647,2026-05-18 19:00:00
8767,214,5965,1244,1234,2026-05-18 19:00:00
8768,565,5965,1291,1301,2026-05-18 19:00:00
8769,1592,5966,1557,1549,2026-05-18 20:00:00
8770,1220,5966,1686,1693,2026-05-18 20:00:00
8771,1762,5967,1454,1447,2026-05-18 20:00:00
8772,1028,5967,1585,1592,2026-05-18 20:00:00
8773,2471,5968,1630,1641,2026-05-18 20:00:00
8774,1028,5968,1592,1582,2026-05-18 20:00:00
8775,2304,5969,1919,1922,2026-05-18 20:00:00
8776,529,5969,1590,1587,2026-05-18 20:00:00
8777,1113,5970,1317,1306,2026-05-18 20:00:00
8778,1233,5970,1346,1357,2026-05-18 20:00:00
8779,1570,5972,1383,1369,2026-05-18 20:00:00
8780,2399,5972,1324,1338,2026-05-18 20:00:00
8781,395,5973,1419,1404,2026-05-18 20:00:00
8782,202,5973,1337,1352,2026-05-18 20:00:00
8783,1620,5976,1554,1557,2026-05-18 21:00:00
8784,2325,5976,1221,1218,2026-05-18 21:00:00
8785,1606,5977,1704,1720,2026-05-18 21:00:00
8786,630,5977,1839,1823,2026-05-18 21:00:00
8787,1572,5979,1379,1369,2026-05-18 21:00:00
8788,1688,5979,1441,1451,2026-05-18 21:00:00
8789,1646,5980,1747,1756,2026-05-18 21:00:00
8790,1961,5980,1683,1673,2026-05-18 21:00:00
8791,1626,5981,1189,1202,2026-05-18 21:00:00
8792,1332,5981,1232,1218,2026-05-18 21:00:00
8793,792,5982,1494,1483,2026-05-18 21:00:00
8794,1613,5982,1527,1538,2026-05-18 21:00:00
8795,2121,5983,1168,1158,2026-05-18 21:00:00
8796,1966,5983,1232,1242,2026-05-18 21:00:00
8797,502,5984,1418,1430,2026-05-18 22:00:00
8798,779,5984,1409,1397,2026-05-18 22:00:00
8799,651,5985,1866,1876,2026-05-18 22:00:00
8800,959,5985,1825,1814,2026-05-18 22:00:00
8801,1008,5987,1611,1618,2026-05-18 22:00:00
8802,255,5987,1480,1473,2026-05-18 22:00:00
8803,123,5989,1164,1151,2026-05-18 22:00:00
8804,2433,5989,1119,1133,2026-05-18 22:00:00
8805,2326,5991,1231,1223,2026-05-18 22:00:00
8806,1801,5991,1371,1379,2026-05-18 22:00:00
8807,2139,5992,1558,1547,2026-05-18 22:00:00
8808,6,5992,1599,1610,2026-05-18 22:00:00
8809,2344,5994,1408,1425,2026-05-18 23:00:00
8810,1094,5994,1555,1538,2026-05-18 23:00:00
8811,653,5995,1601,1589,2026-05-18 23:00:00
8812,1671,5995,1604,1616,2026-05-18 23:00:00
8813,2196,5996,1451,1439,2026-05-18 23:00:00
8814,2320,5996,1467,1478,2026-05-18 23:00:00
8815,1620,5997,1557,1544,2026-05-19 00:00:00
8816,443,5997,1534,1547,2026-05-19 00:00:00
8817,450,5998,1564,1572,2026-05-19 00:00:00
8818,2212,5998,1435,1428,2026-05-19 00:00:00
8819,1022,5999,1506,1517,2026-05-19 00:00:00
8820,1198,5999,1481,1470,2026-05-19 00:00:00
8821,1862,6000,1401,1393,2026-05-19 00:00:00
8822,1148,6000,1536,1544,2026-05-19 00:00:00
8823,1759,6001,1432,1426,2026-05-19 00:00:00
8824,1530,6001,1614,1620,2026-05-19 00:00:00
8825,1028,6002,1582,1569,2026-05-19 10:00:00
8826,1747,6002,1570,1582,2026-05-19 10:00:00
8827,2485,6003,1532,1522,2026-05-19 10:00:00
8828,653,6003,1589,1599,2026-05-19 10:00:00
8829,787,6004,1791,1805,2026-05-19 11:00:00
8830,2227,6004,1866,1851,2026-05-19 11:00:00
8831,63,6007,1598,1589,2026-05-19 13:00:00
8832,1663,6007,1684,1693,2026-05-19 13:00:00
8833,672,6008,1539,1528,2026-05-19 13:00:00
8834,1206,6008,1581,1591,2026-05-19 13:00:00
8835,374,6009,1246,1237,2026-05-19 14:00:00
8836,1098,6009,1364,1372,2026-05-19 14:00:00
8837,1292,6010,1212,1227,2026-05-19 14:00:00
8838,807,6010,1294,1279,2026-05-19 14:00:00
8839,1278,6011,1686,1697,2026-05-19 14:00:00
8840,1773,6011,1653,1643,2026-05-19 14:00:00
8841,171,6012,1662,1676,2026-05-19 14:00:00
8842,1482,6012,1708,1694,2026-05-19 14:00:00
8843,670,6013,1377,1374,2026-05-19 14:00:00
8844,2355,6013,1713,1716,2026-05-19 14:00:00
8845,1000,6014,1617,1607,2026-05-19 14:00:00
8846,598,6014,1697,1706,2026-05-19 14:00:00
8847,1664,6016,1585,1573,2026-05-19 15:00:00
8848,2074,6016,1603,1614,2026-05-19 15:00:00
8849,668,6017,1603,1594,2026-05-19 15:00:00
8850,598,6017,1706,1714,2026-05-19 15:00:00
8851,2095,6018,1611,1619,2026-05-19 16:00:00
8852,722,6018,1481,1474,2026-05-19 16:00:00
8853,1965,6019,1896,1882,2026-05-19 16:00:00
8854,159,6019,1833,1847,2026-05-19 16:00:00
8855,610,6020,2026,2039,2026-05-19 16:00:00
8856,2496,6020,2076,2063,2026-05-19 16:00:00
8857,868,6022,1361,1368,2026-05-19 16:00:00
8858,563,6022,1220,1212,2026-05-19 16:00:00
8859,1129,6024,1469,1478,2026-05-19 17:00:00
8860,883,6024,1383,1374,2026-05-19 17:00:00
8861,1646,6025,1756,1766,2026-05-19 17:00:00
8862,1961,6025,1673,1664,2026-05-19 17:00:00
8863,15,6028,1114,1106,2026-05-19 17:00:00
8864,87,6028,1237,1245,2026-05-19 17:00:00
8865,827,6029,1470,1465,2026-05-19 17:00:00
8866,756,6029,1724,1729,2026-05-19 17:00:00
8867,2474,6030,1235,1221,2026-05-19 17:00:00
8868,1208,6030,1187,1201,2026-05-19 17:00:00
8869,2436,6033,1467,1455,2026-05-19 18:00:00
8870,1123,6033,1468,1480,2026-05-19 18:00:00
8871,2108,6034,1622,1632,2026-05-19 18:00:00
8872,450,6034,1572,1562,2026-05-19 18:00:00
8873,2357,6038,1504,1506,2026-05-19 18:00:00
8874,2433,6038,1133,1130,2026-05-19 18:00:00
8875,1210,6040,1145,1143,2026-05-19 18:00:00
8876,745,6040,1537,1539,2026-05-19 18:00:00
8877,1355,6041,1376,1391,2026-05-19 18:00:00
8878,953,6041,1456,1441,2026-05-19 18:00:00
8879,646,6043,1334,1328,2026-05-19 19:00:00
8880,1808,6043,1523,1529,2026-05-19 19:00:00
8881,1756,6044,1742,1729,2026-05-19 19:00:00
8882,2024,6044,1703,1717,2026-05-19 19:00:00
8883,17,6045,1753,1758,2026-05-19 19:00:00
8884,1998,6045,1539,1534,2026-05-19 19:00:00
8885,1961,6047,1664,1648,2026-05-19 19:00:00
8886,428,6047,1546,1562,2026-05-19 19:00:00
8887,1961,6048,1648,1640,2026-05-19 19:00:00
8888,1646,6048,1766,1774,2026-05-19 19:00:00
8889,128,6050,1426,1418,2026-05-19 19:00:00
8890,1504,6050,1541,1549,2026-05-19 19:00:00
8891,67,6051,1278,1269,2026-05-19 19:00:00
8892,670,6051,1374,1383,2026-05-19 19:00:00
8893,2123,6052,1692,1704,2026-05-19 19:00:00
8894,247,6052,1678,1667,2026-05-19 19:00:00
8895,672,6053,1528,1519,2026-05-19 19:00:00
8896,391,6053,1615,1624,2026-05-19 19:00:00
8897,2,6055,1621,1612,2026-05-19 19:00:00
8898,857,6055,1733,1741,2026-05-19 19:00:00
8899,1129,6057,1478,1469,2026-05-19 20:00:00
8900,450,6057,1562,1571,2026-05-19 20:00:00
8901,816,6058,1787,1800,2026-05-19 20:00:00
8902,116,6058,1813,1800,2026-05-19 20:00:00
8903,1113,6060,1306,1303,2026-05-19 20:00:00
8904,1025,6060,1644,1647,2026-05-19 20:00:00
8905,1723,6061,1521,1518,2026-05-19 20:00:00
8906,518,6061,1851,1854,2026-05-19 20:00:00
8907,2127,6062,1639,1647,2026-05-19 20:00:00
8908,1927,6062,1527,1519,2026-05-19 20:00:00
8909,784,6066,1347,1356,2026-05-19 20:00:00
8910,1697,6066,1271,1262,2026-05-19 20:00:00
8911,2478,6067,1624,1614,2026-05-19 20:00:00
8912,247,6067,1667,1677,2026-05-19 20:00:00
8913,396,6068,1383,1371,2026-05-19 21:00:00
8914,1098,6068,1372,1385,2026-05-19 21:00:00
8915,1631,6069,1899,1886,2026-05-19 21:00:00
8916,651,6069,1876,1889,2026-05-19 21:00:00
8917,1113,6070,1303,1291,2026-05-19 21:00:00
8918,2035,6070,1310,1321,2026-05-19 21:00:00
8919,2170,6071,1659,1667,2026-05-19 21:00:00
8920,645,6071,1532,1524,2026-05-19 21:00:00
8921,1820,6072,1254,1265,2026-05-19 21:00:00
8922,730,6072,1240,1229,2026-05-19 21:00:00
8923,603,6074,1451,1447,2026-05-19 21:00:00
8924,1974,6074,1735,1739,2026-05-19 21:00:00
8925,787,6078,1805,1812,2026-05-19 22:00:00
8926,285,6078,1623,1617,2026-05-19 22:00:00
8927,538,6079,1664,1652,2026-05-19 22:00:00
8928,819,6079,1668,1680,2026-05-19 22:00:00
8929,1213,6081,1605,1593,2026-05-19 22:00:00
8930,260,6081,1590,1602,2026-05-19 22:00:00
8931,1462,6083,1782,1798,2026-05-19 22:00:00
8932,651,6083,1889,1873,2026-05-19 22:00:00
8933,2459,6084,1923,1934,2026-05-19 22:00:00
8934,2151,6084,1885,1874,2026-05-19 22:00:00
8935,2445,6085,1685,1696,2026-05-19 22:00:00
8936,171,6085,1676,1664,2026-05-19 22:00:00
8937,1981,6086,1695,1704,2026-05-19 22:00:00
8938,1476,6086,1584,1575,2026-05-19 22:00:00
8939,2129,6087,951,944,2026-05-19 22:00:00
8940,245,6087,1096,1104,2026-05-19 22:00:00
8941,1480,6088,1378,1370,2026-05-19 22:00:00
8942,421,6088,1527,1534,2026-05-19 22:00:00
8943,2223,6089,1476,1469,2026-05-19 22:00:00
8944,1434,6089,1607,1614,2026-05-19 22:00:00
8945,1296,6090,1034,1031,2026-05-19 22:00:00
8946,481,6090,1329,1333,2026-05-19 22:00:00
8947,2084,6091,1534,1541,2026-05-19 22:00:00
8948,470,6091,1389,1382,2026-05-19 22:00:00
8949,2193,6095,1669,1653,2026-05-20 00:00:00
8950,2044,6095,1553,1569,2026-05-20 00:00:00
8951,1220,6096,1693,1702,2026-05-20 01:00:00
8952,529,6096,1587,1579,2026-05-20 01:00:00
8953,779,6097,1397,1386,2026-05-20 01:00:00
8954,2212,6097,1428,1438,2026-05-20 01:00:00
8955,229,6098,1607,1612,2026-05-20 01:00:00
8956,883,6098,1374,1369,2026-05-20 01:00:00
8957,1644,6100,1279,1269,2026-05-20 10:00:00
8958,646,6100,1328,1338,2026-05-20 10:00:00
8959,1278,6103,1697,1709,2026-05-20 11:00:00
8960,619,6103,1693,1681,2026-05-20 11:00:00
8961,1495,6105,1466,1457,2026-05-20 12:00:00
8962,1894,6105,1556,1565,2026-05-20 12:00:00
8963,2448,6106,1228,1239,2026-05-20 12:00:00
8964,891,6106,1200,1189,2026-05-20 12:00:00
8965,181,6108,1421,1432,2026-05-20 13:00:00
8966,1480,6108,1370,1360,2026-05-20 13:00:00
8967,391,6109,1624,1633,2026-05-20 13:00:00
8968,1617,6109,1533,1524,2026-05-20 13:00:00
8969,2003,6110,1521,1536,2026-05-20 14:00:00
8970,1414,6110,1637,1621,2026-05-20 14:00:00
8971,2329,6111,1516,1514,2026-05-20 14:00:00
8972,1126,6111,1905,1907,2026-05-20 14:00:00
8973,2176,6113,1304,1295,2026-05-20 14:00:00
8974,1884,6113,1404,1413,2026-05-20 14:00:00
8975,1144,6114,2098,2105,2026-05-20 15:00:00
8976,765,6114,1968,1960,2026-05-20 15:00:00
8977,1556,6115,1451,1463,2026-05-20 15:00:00
8978,741,6115,1434,1422,2026-05-20 15:00:00
8979,1965,6116,1882,1895,2026-05-20 16:00:00
8980,2304,6116,1922,1909,2026-05-20 16:00:00
8981,916,6119,1162,1160,2026-05-20 17:00:00
8982,1998,6119,1534,1536,2026-05-20 17:00:00
8983,1919,6120,1572,1582,2026-05-20 17:00:00
8984,718,6120,1501,1491,2026-05-20 17:00:00
8985,2357,6121,1506,1516,2026-05-20 17:00:00
8986,737,6121,1440,1430,2026-05-20 17:00:00
8987,39,6122,1104,1097,2026-05-20 17:00:00
8988,370,6122,1246,1253,2026-05-20 17:00:00
8989,244,6123,1339,1348,2026-05-20 17:00:00
8990,1936,6123,1244,1235,2026-05-20 17:00:00
8991,2095,6125,1619,1629,2026-05-20 18:00:00
8992,1028,6125,1569,1559,2026-05-20 18:00:00
8993,1502,6126,1885,1866,2026-05-20 18:00:00
8994,2087,6126,1660,1679,2026-05-20 18:00:00
8995,1961,6128,1640,1650,2026-05-20 18:00:00
8996,260,6128,1602,1591,2026-05-20 18:00:00
8997,26,6129,1241,1225,2026-05-20 18:00:00
8998,1949,6129,1123,1139,2026-05-20 18:00:00
8999,2452,6130,1498,1488,2026-05-20 18:00:00
9000,1433,6130,1542,1552,2026-05-20 18:00:00
9001,1917,6132,1740,1751,2026-05-20 18:00:00
9002,1246,6132,1713,1702,2026-05-20 18:00:00
9003,455,6133,1264,1259,2026-05-20 18:00:00
9004,708,6133,1500,1505,2026-05-20 18:00:00
9005,1411,6135,1314,1327,2026-05-20 19:00:00
9006,1953,6135,1339,1326,2026-05-20 19:00:00
9007,374,6136,1237,1234,2026-05-20 19:00:00
9008,633,6136,1566,1569,2026-05-20 19:00:00
9009,1163,6138,1871,1879,2026-05-20 19:00:00
9010,1261,6138,1756,1748,2026-05-20 19:00:00
9011,1903,6139,1292,1283,2026-05-20 19:00:00
9012,836,6139,1380,1389,2026-05-20 19:00:00
9013,1522,6141,1686,1672,2026-05-20 19:00:00
9014,1721,6141,1623,1637,2026-05-20 19:00:00
9015,327,6142,1077,1073,2026-05-20 19:00:00
9016,515,6142,1353,1357,2026-05-20 19:00:00
9017,1611,6144,1297,1286,2026-05-20 19:00:00
9018,1609,6144,1319,1330,2026-05-20 19:00:00
9019,207,6145,1529,1516,2026-05-20 19:00:00
9020,701,6145,1487,1500,2026-05-20 19:00:00
9021,380,6147,1409,1420,2026-05-20 19:00:00
9022,2278,6147,1386,1375,2026-05-20 19:00:00
9023,672,6148,1519,1511,2026-05-20 19:00:00
9024,1284,6148,1649,1657,2026-05-20 19:00:00
9025,1760,6150,1539,1546,2026-05-20 20:00:00
9026,1548,6150,1403,1395,2026-05-20 20:00:00
9027,1015,6151,1550,1534,2026-05-20 20:00:00
9028,1603,6151,1439,1454,2026-05-20 20:00:00
9029,1178,6152,1310,1303,2026-05-20 20:00:00
9030,1688,6152,1451,1458,2026-05-20 20:00:00
9031,926,6153,1520,1512,2026-05-20 20:00:00
9032,483,6153,1643,1651,2026-05-20 20:00:00
9033,191,6154,1814,1820,2026-05-20 20:00:00
9034,2127,6154,1647,1641,2026-05-20 20:00:00
9035,1323,6156,1686,1696,2026-05-20 20:00:00
9036,2409,6156,1622,1613,2026-05-20 20:00:00
9037,2288,6157,1769,1776,2026-05-20 20:00:00
9038,1327,6157,1620,1613,2026-05-20 20:00:00
9039,1575,6158,1259,1267,2026-05-20 20:00:00
9040,2121,6158,1158,1149,2026-05-20 20:00:00
9041,91,6159,1364,1350,2026-05-20 21:00:00
9042,1490,6159,1318,1331,2026-05-20 21:00:00
9043,2227,6160,1851,1859,2026-05-20 21:00:00
9044,1354,6160,1736,1728,2026-05-20 21:00:00
9045,2087,6161,1679,1688,2026-05-20 21:00:00
9046,1213,6161,1593,1584,2026-05-20 21:00:00
9047,1424,6163,1440,1433,2026-05-20 21:00:00
9048,260,6163,1591,1598,2026-05-20 21:00:00
9049,1519,6164,1584,1570,2026-05-20 21:00:00
9050,421,6164,1534,1548,2026-05-20 21:00:00
9051,1926,6166,934,925,2026-05-20 21:00:00
9052,117,6166,1044,1052,2026-05-20 21:00:00
9053,1158,6168,1577,1582,2026-05-20 21:00:00
9054,1599,6168,1335,1331,2026-05-20 21:00:00
9055,261,6171,1475,1462,2026-05-20 22:00:00
9056,643,6171,1452,1465,2026-05-20 22:00:00
9057,1278,6172,1709,1720,2026-05-20 22:00:00
9058,1753,6172,1694,1683,2026-05-20 22:00:00
9059,805,6175,1737,1744,2026-05-20 22:00:00
9060,970,6175,1590,1583,2026-05-20 22:00:00
9061,684,6176,1556,1566,2026-05-20 22:00:00
9062,665,6176,1510,1499,2026-05-20 22:00:00
9063,1544,6178,1600,1588,2026-05-20 22:00:00
9064,668,6178,1594,1607,2026-05-20 22:00:00
9065,1397,6179,1527,1523,2026-05-20 23:00:00
9066,2180,6179,1801,1805,2026-05-20 23:00:00
9067,1303,6180,1438,1447,2026-05-20 23:00:00
9068,328,6180,1360,1351,2026-05-20 23:00:00
9069,1727,6181,1607,1616,2026-05-20 23:00:00
9070,1938,6181,1527,1517,2026-05-20 23:00:00
9071,619,6182,1681,1668,2026-05-21 00:00:00
9072,2471,6182,1641,1655,2026-05-21 00:00:00
9073,1556,6183,1463,1470,2026-05-21 00:00:00
9074,641,6183,1317,1310,2026-05-21 00:00:00
9075,379,6184,1675,1664,2026-05-21 01:00:00
9076,2475,6184,1704,1715,2026-05-21 01:00:00
9077,1683,6185,1427,1441,2026-05-21 01:00:00
9078,1705,6185,1487,1473,2026-05-21 01:00:00
9079,1839,6187,1429,1436,2026-05-21 10:00:00
9080,2373,6187,1270,1264,2026-05-21 10:00:00
9081,2208,6188,1535,1550,2026-05-21 11:00:00
9082,2074,6188,1614,1599,2026-05-21 11:00:00
9083,453,6189,1171,1184,2026-05-21 12:00:00
9084,1488,6189,1219,1205,2026-05-21 12:00:00
9085,1126,6190,1907,1918,2026-05-21 12:00:00
9086,1551,6190,1883,1872,2026-05-21 12:00:00
9087,380,6192,1420,1408,2026-05-21 12:00:00
9088,1409,6192,1419,1431,2026-05-21 12:00:00
9089,1762,6193,1447,1434,2026-05-21 13:00:00
9090,768,6193,1432,1445,2026-05-21 13:00:00
9091,787,6196,1812,1801,2026-05-21 14:00:00
9092,2227,6196,1859,1870,2026-05-21 14:00:00
9093,1928,6197,1423,1431,2026-05-21 14:00:00
9094,2430,6197,1321,1313,2026-05-21 14:00:00
9095,374,6198,1234,1227,2026-05-21 15:00:00
9096,396,6198,1371,1378,2026-05-21 15:00:00
9097,401,6199,1596,1604,2026-05-21 15:00:00
9098,612,6199,1470,1462,2026-05-21 15:00:00
9099,1928,6201,1431,1441,2026-05-21 15:00:00
9100,608,6201,1370,1360,2026-05-21 15:00:00
9101,608,6202,1360,1369,2026-05-21 15:00:00
9102,319,6202,1280,1270,2026-05-21 15:00:00
9103,1727,6204,1616,1612,2026-05-21 15:00:00
9104,249,6204,1887,1891,2026-05-21 15:00:00
9105,2270,6205,1618,1604,2026-05-21 15:00:00
9106,1433,6205,1552,1567,2026-05-21 15:00:00
9107,1884,6206,1413,1427,2026-05-21 15:00:00
9108,827,6206,1465,1452,2026-05-21 15:00:00
9109,1148,6207,1544,1558,2026-05-21 15:00:00
9110,1671,6207,1616,1601,2026-05-21 15:00:00
9111,1551,6208,1872,1882,2026-05-21 16:00:00
9112,869,6208,1817,1807,2026-05-21 16:00:00
9113,1022,6209,1517,1526,2026-05-21 17:00:00
9114,2212,6209,1438,1429,2026-05-21 17:00:00
9115,952,6210,1342,1339,2026-05-21 17:00:00
9116,2308,6210,1693,1696,2026-05-21 17:00:00
9117,450,6211,1571,1579,2026-05-21 17:00:00
9118,261,6211,1462,1454,2026-05-21 17:00:00
9119,1201,6212,1660,1655,2026-05-21 17:00:00
9120,40,6212,1922,1926,2026-05-21 17:00:00
9121,2453,6213,1283,1297,2026-05-21 17:00:00
9122,1547,6213,1354,1340,2026-05-21 17:00:00
9123,730,6214,1229,1243,2026-05-21 17:00:00
9124,154,6214,1284,1270,2026-05-21 17:00:00
9125,2176,6215,1295,1292,2026-05-21 17:00:00
9126,1918,6215,1631,1634,2026-05-21 17:00:00
9127,1249,6217,1405,1393,2026-05-21 17:00:00
9128,579,6217,1417,1429,2026-05-21 17:00:00
9129,1417,6218,1550,1559,2026-05-21 18:00:00
9130,1129,6218,1469,1460,2026-05-21 18:00:00
9131,1502,6220,1866,1880,2026-05-21 18:00:00
9132,527,6220,1926,1912,2026-05-21 18:00:00
9133,998,6221,1751,1736,2026-05-21 18:00:00
9134,1815,6221,1637,1653,2026-05-21 18:00:00
9135,368,6222,1828,1836,2026-05-21 18:00:00
9136,2458,6222,1710,1702,2026-05-21 18:00:00
9137,2471,6225,1655,1641,2026-05-21 19:00:00
9138,285,6225,1617,1630,2026-05-21 19:00:00
9139,285,6226,1630,1640,2026-05-21 19:00:00
9140,1592,6226,1549,1540,2026-05-21 19:00:00
9141,2090,6227,1750,1742,2026-05-21 19:00:00
9142,2227,6227,1870,1878,2026-05-21 19:00:00
9143,2233,6228,1354,1371,2026-05-21 19:00:00
9144,2357,6228,1516,1499,2026-05-21 19:00:00
9145,2033,6229,1562,1578,2026-05-21 19:00:00
9146,420,6229,1676,1660,2026-05-21 19:00:00
9147,2004,6230,1432,1445,2026-05-21 19:00:00
9148,255,6230,1473,1459,2026-05-21 19:00:00
9149,454,6231,1467,1457,2026-05-21 19:00:00
9150,1723,6231,1518,1528,2026-05-21 19:00:00
9151,1615,6233,1341,1326,2026-05-21 19:00:00
9152,192,6233,1247,1263,2026-05-21 19:00:00
9153,1626,6234,1202,1197,2026-05-21 19:00:00
9154,1409,6234,1431,1436,2026-05-21 19:00:00
9155,1359,6237,1509,1502,2026-05-21 19:00:00
9156,1119,6237,1679,1686,2026-05-21 19:00:00
9157,571,6238,1191,1204,2026-05-21 19:00:00
9158,1061,6238,1232,1219,2026-05-21 19:00:00
9159,1411,6240,1327,1319,2026-05-21 20:00:00
9160,612,6240,1462,1470,2026-05-21 20:00:00
9161,1361,6241,1474,1465,2026-05-21 20:00:00
9162,2447,6241,1561,1570,2026-05-21 20:00:00
9163,428,6242,1562,1571,2026-05-21 20:00:00
9164,1179,6242,1469,1460,2026-05-21 20:00:00
9165,947,6243,1769,1756,2026-05-21 20:00:00
9166,2324,6243,1757,1769,2026-05-21 20:00:00
9167,1777,6245,1149,1144,2026-05-21 20:00:00
9168,1185,6245,1385,1390,2026-05-21 20:00:00
9169,2455,6247,1375,1360,2026-05-21 20:00:00
9170,1820,6247,1265,1281,2026-05-21 20:00:00
9171,1284,6248,1657,1643,2026-05-21 20:00:00
9172,830,6248,1603,1617,2026-05-21 20:00:00
9173,1365,6251,1818,1827,2026-05-21 21:00:00
9174,189,6251,1738,1729,2026-05-21 21:00:00
9175,2056,6252,1046,1060,2026-05-21 21:00:00
9176,1228,6252,1091,1077,2026-05-21 21:00:00
9177,1502,6253,1880,1888,2026-05-21 21:00:00
9178,75,6253,1763,1755,2026-05-21 21:00:00
9179,999,6254,1505,1494,2026-05-21 21:00:00
9180,1402,6254,1532,1543,2026-05-21 21:00:00
9181,1071,6255,1545,1558,2026-05-21 21:00:00
9182,2391,6255,1563,1550,2026-05-21 21:00:00
9183,2164,6257,1377,1370,2026-05-21 21:00:00
9184,1927,6257,1519,1526,2026-05-21 21:00:00
9185,665,6258,1499,1509,2026-05-21 21:00:00
9186,2303,6258,1435,1425,2026-05-21 21:00:00
9187,391,6259,1633,1621,2026-05-21 21:00:00
9188,922,6259,1624,1636,2026-05-21 21:00:00
9189,91,6260,1350,1362,2026-05-21 22:00:00
9190,952,6260,1339,1328,2026-05-21 22:00:00
9191,2471,6261,1641,1654,2026-05-21 22:00:00
9192,33,6261,1663,1650,2026-05-21 22:00:00
9193,916,6262,1160,1151,2026-05-21 22:00:00
9194,1287,6262,1247,1256,2026-05-21 22:00:00
9195,1876,6263,1309,1297,2026-05-21 22:00:00
9196,566,6263,1316,1328,2026-05-21 22:00:00
9197,1936,6264,1235,1224,2026-05-21 22:00:00
9198,154,6264,1270,1281,2026-05-21 22:00:00
9199,249,6265,1891,1898,2026-05-21 22:00:00
9200,1360,6265,1729,1722,2026-05-21 22:00:00
9201,2452,6266,1488,1477,2026-05-21 22:00:00
9202,1938,6266,1517,1528,2026-05-21 22:00:00
9203,698,6267,1542,1548,2026-05-21 22:00:00
9204,476,6267,1382,1375,2026-05-21 22:00:00
9205,437,6268,1763,1750,2026-05-21 22:00:00
9206,487,6268,1744,1757,2026-05-21 22:00:00
9207,2224,6269,1493,1501,2026-05-21 23:00:00
9208,145,6269,1392,1383,2026-05-21 23:00:00
9209,1218,6270,1219,1210,2026-05-21 23:00:00
9210,2035,6270,1321,1330,2026-05-21 23:00:00
9211,1427,6271,2096,2101,2026-05-21 23:00:00
9212,1676,6271,1860,1855,2026-05-21 23:00:00
9213,374,6272,1227,1218,2026-05-22 00:00:00
9214,2195,6272,1324,1333,2026-05-22 00:00:00
9215,775,6273,1163,1155,2026-05-22 00:00:00
9216,1946,6273,1280,1288,2026-05-22 00:00:00
9217,883,6274,1369,1380,2026-05-22 01:00:00
9218,1490,6274,1331,1321,2026-05-22 01:00:00
9219,1360,6275,1722,1708,2026-05-22 09:00:00
9220,1512,6275,1673,1687,2026-05-22 09:00:00
9221,910,6276,1720,1707,2026-05-22 10:00:00
9222,819,6276,1680,1693,2026-05-22 10:00:00
9223,1919,6277,1582,1573,2026-05-22 10:00:00
9224,2120,6277,1683,1691,2026-05-22 10:00:00
9225,778,6278,1474,1460,2026-05-22 10:00:00
9226,1508,6278,1413,1427,2026-05-22 10:00:00
9227,1255,6279,1685,1693,2026-05-22 10:00:00
9228,1732,6279,1559,1551,2026-05-22 10:00:00
9229,434,6280,1666,1678,2026-05-22 11:00:00
9230,2142,6280,1670,1658,2026-05-22 11:00:00
9231,2262,6281,1265,1281,2026-05-22 12:00:00
9232,1435,6281,1368,1352,2026-05-22 12:00:00
9233,510,6282,976,968,2026-05-22 12:00:00
9234,15,6282,1106,1114,2026-05-22 12:00:00
9235,160,6283,1900,1911,2026-05-22 12:00:00
9236,1039,6283,1871,1860,2026-05-22 12:00:00
9237,1563,6284,1605,1616,2026-05-22 12:00:00
9238,1976,6284,1581,1570,2026-05-22 12:00:00
9239,437,6285,1750,1761,2026-05-22 12:00:00
9240,876,6285,1732,1721,2026-05-22 12:00:00
9241,753,6286,1304,1317,2026-05-22 13:00:00
9242,1836,6286,1328,1315,2026-05-22 13:00:00
9243,1663,6287,1693,1701,2026-05-22 13:00:00
9244,2447,6287,1570,1562,2026-05-22 13:00:00
9245,1548,6288,1395,1388,2026-05-22 13:00:00
9246,1723,6288,1528,1536,2026-05-22 13:00:00
9247,2270,6289,1604,1606,2026-05-22 13:00:00
9248,1444,6289,1221,1218,2026-05-22 13:00:00
9249,1360,6290,1708,1717,2026-05-22 13:00:00
9250,2270,6290,1606,1597,2026-05-22 13:00:00
9251,1982,6291,1551,1537,2026-05-22 13:00:00
9252,974,6291,1509,1522,2026-05-22 13:00:00
9253,948,6292,1420,1432,2026-05-22 13:00:00
9254,1614,6292,1422,1410,2026-05-22 13:00:00
9255,525,6294,1567,1575,2026-05-22 13:00:00
9256,1525,6294,1460,1452,2026-05-22 13:00:00
9257,636,6296,1385,1400,2026-05-22 14:00:00
9258,163,6296,1480,1465,2026-05-22 14:00:00
9259,762,6298,1430,1441,2026-05-22 14:00:00
9260,1249,6298,1393,1382,2026-05-22 14:00:00
9261,1789,6299,1782,1789,2026-05-22 15:00:00
9262,2108,6299,1632,1625,2026-05-22 15:00:00
9263,970,6301,1583,1594,2026-05-22 15:00:00
9264,1476,6301,1575,1564,2026-05-22 15:00:00
9265,1389,6302,1405,1411,2026-05-22 15:00:00
9266,1597,6302,1238,1231,2026-05-22 15:00:00
9267,873,6303,1718,1729,2026-05-22 15:00:00
9268,1602,6303,1675,1664,2026-05-22 15:00:00
9269,704,6305,1578,1584,2026-05-22 15:00:00
9270,1707,6305,1388,1382,2026-05-22 15:00:00
9271,2325,6306,1218,1212,2026-05-22 16:00:00
9272,1138,6306,1425,1431,2026-05-22 16:00:00
9273,1928,6309,1441,1432,2026-05-22 16:00:00
9274,2116,6309,1517,1527,2026-05-22 16:00:00
9275,998,6310,1736,1722,2026-05-22 16:00:00
9276,2445,6310,1696,1710,2026-05-22 16:00:00
9277,1003,6311,1397,1391,2026-05-22 16:00:00
9278,1433,6311,1567,1573,2026-05-22 16:00:00
9279,603,6312,1447,1433,2026-05-22 16:00:00
9280,1466,6312,1374,1389,2026-05-22 16:00:00
9281,867,6313,1783,1771,2026-05-22 16:00:00
9282,2020,6313,1777,1789,2026-05-22 16:00:00
9283,304,6315,1552,1545,2026-05-22 17:00:00
9284,1663,6315,1701,1708,2026-05-22 17:00:00
9285,412,6317,1493,1482,2026-05-22 17:00:00
9286,287,6317,1523,1534,2026-05-22 17:00:00
9287,231,6319,1243,1235,2026-05-22 17:00:00
9288,779,6319,1386,1393,2026-05-22 17:00:00
9289,862,6320,1487,1484,2026-05-22 17:00:00
9290,1870,6320,1840,1843,2026-05-22 17:00:00
9291,189,6321,1729,1717,2026-05-22 17:00:00
9292,2141,6321,1734,1746,2026-05-22 17:00:00
9293,1753,6322,1683,1691,2026-05-22 17:00:00
9294,198,6322,1585,1576,2026-05-22 17:00:00
9295,1965,6323,1895,1882,2026-05-22 17:00:00
9296,159,6323,1847,1861,2026-05-22 17:00:00
9297,451,6324,1414,1426,2026-05-22 17:00:00
9298,1237,6324,1419,1407,2026-05-22 17:00:00
9299,1581,6325,1677,1690,2026-05-22 17:00:00
9300,2252,6325,1722,1708,2026-05-22 17:00:00
9301,174,6326,1742,1748,2026-05-22 17:00:00
9302,971,6326,1558,1551,2026-05-22 17:00:00
9303,2067,6328,1385,1370,2026-05-22 17:00:00
9304,2176,6328,1292,1307,2026-05-22 17:00:00
9305,1071,6329,1558,1569,2026-05-22 17:00:00
9306,1982,6329,1537,1526,2026-05-22 17:00:00
9307,2215,6330,1828,1840,2026-05-22 17:00:00
9308,1065,6330,1844,1831,2026-05-22 17:00:00
9309,784,6331,1356,1347,2026-05-22 17:00:00
9310,860,6331,1429,1439,2026-05-22 17:00:00
9311,749,6334,1573,1576,2026-05-22 17:00:00
9312,385,6334,1243,1240,2026-05-22 17:00:00
9313,269,6335,1333,1331,2026-05-22 17:00:00
9314,1897,6335,1756,1758,2026-05-22 17:00:00
9315,2471,6337,1654,1667,2026-05-22 18:00:00
9316,664,6337,1681,1668,2026-05-22 18:00:00
9317,2090,6338,1742,1752,2026-05-22 18:00:00
9318,1220,6338,1702,1691,2026-05-22 18:00:00
9319,649,6340,1533,1535,2026-05-22 18:00:00
9320,916,6340,1151,1148,2026-05-22 18:00:00
9321,2233,6341,1371,1386,2026-05-22 18:00:00
9322,454,6341,1457,1442,2026-05-22 18:00:00
9323,1401,6342,1396,1391,2026-05-22 18:00:00
9324,234,6342,1659,1664,2026-05-22 18:00:00
9325,1353,6343,1171,1167,2026-05-22 18:00:00
9326,1603,6343,1454,1458,2026-05-22 18:00:00
9327,685,6344,1281,1271,2026-05-22 18:00:00
9328,602,6344,1357,1367,2026-05-22 18:00:00
9329,1437,6346,1446,1453,2026-05-22 18:00:00
9330,2176,6346,1307,1300,2026-05-22 18:00:00
9331,2176,6347,1300,1297,2026-05-22 18:00:00
9332,1053,6347,1641,1644,2026-05-22 18:00:00
9333,697,6348,1230,1228,2026-05-22 18:00:00
9334,1563,6348,1616,1618,2026-05-22 18:00:00
9335,436,6349,1817,1827,2026-05-22 18:00:00
9336,867,6349,1771,1761,2026-05-22 18:00:00
9337,749,6351,1576,1587,2026-05-22 18:00:00
9338,2171,6351,1539,1528,2026-05-22 18:00:00
9339,1753,6353,1691,1682,2026-05-22 19:00:00
9340,2006,6353,1767,1776,2026-05-22 19:00:00
9341,434,6354,1678,1659,2026-05-22 19:00:00
9342,2436,6354,1455,1474,2026-05-22 19:00:00
9343,443,6358,1547,1537,2026-05-22 19:00:00
9344,409,6358,1602,1612,2026-05-22 19:00:00
9345,209,6361,1145,1135,2026-05-22 19:00:00
9346,1292,6361,1227,1236,2026-05-22 19:00:00
9347,471,6362,1451,1460,2026-05-22 19:00:00
9348,536,6362,1353,1344,2026-05-22 19:00:00
9349,816,6363,1800,1812,2026-05-22 19:00:00
9350,116,6363,1800,1788,2026-05-22 19:00:00
9351,1687,6364,2049,2034,2026-05-22 19:00:00
9352,1471,6364,1984,1998,2026-05-22 19:00:00
9353,231,6365,1235,1227,2026-05-22 19:00:00
9354,646,6365,1338,1347,2026-05-22 19:00:00
9355,1968,6371,1675,1686,2026-05-22 19:00:00
9356,1961,6371,1650,1639,2026-05-22 19:00:00
9357,745,6374,1539,1535,2026-05-22 19:00:00
9358,297,6374,1816,1820,2026-05-22 19:00:00
9359,2175,6375,1438,1447,2026-05-22 19:00:00
9360,2455,6375,1360,1350,2026-05-22 19:00:00
9361,382,6377,1638,1652,2026-05-22 19:00:00
9362,763,6377,1701,1687,2026-05-22 19:00:00
9363,1974,6378,1739,1731,2026-05-22 19:00:00
9364,839,6378,1868,1876,2026-05-22 19:00:00
9365,2024,6381,1717,1724,2026-05-22 20:00:00
9366,1792,6381,1594,1586,2026-05-22 20:00:00
9367,1870,6382,1843,1854,2026-05-22 20:00:00
9368,787,6382,1801,1791,2026-05-22 20:00:00
9369,319,6383,1270,1260,2026-05-22 20:00:00
9370,2430,6383,1313,1323,2026-05-22 20:00:00
9371,1566,6384,1945,1928,2026-05-22 20:00:00
9372,676,6384,1807,1824,2026-05-22 20:00:00
9373,1669,6385,1528,1518,2026-05-22 20:00:00
9374,1919,6385,1573,1583,2026-05-22 20:00:00
9375,1353,6386,1167,1156,2026-05-22 20:00:00
9376,453,6386,1184,1196,2026-05-22 20:00:00
9377,2329,6387,1514,1506,2026-05-22 20:00:00
9378,1093,6387,1650,1658,2026-05-22 20:00:00
9379,909,6388,1349,1337,2026-05-22 20:00:00
9380,533,6388,1342,1354,2026-05-22 20:00:00
9381,2176,6389,1297,1289,2026-05-22 20:00:00
9382,1289,6389,1436,1443,2026-05-22 20:00:00
9383,2256,6391,1300,1292,2026-05-22 20:00:00
9384,20,6391,1393,1402,2026-05-22 20:00:00
9385,479,6392,2089,2075,2026-05-22 20:00:00
9386,983,6392,2017,2031,2026-05-22 20:00:00
9387,1575,6393,1267,1260,2026-05-22 20:00:00
9388,1601,6393,1410,1417,2026-05-22 20:00:00
9389,1944,6396,1454,1466,2026-05-22 21:00:00
9390,2316,6396,1472,1460,2026-05-22 21:00:00
9391,261,6398,1454,1466,2026-05-22 21:00:00
9392,1198,6398,1470,1457,2026-05-22 21:00:00
9393,816,6399,1812,1817,2026-05-22 21:00:00
9394,1417,6399,1559,1554,2026-05-22 21:00:00
9395,285,6400,1640,1644,2026-05-22 21:00:00
9396,779,6400,1393,1389,2026-05-22 21:00:00
9397,2325,6401,1212,1204,2026-05-22 21:00:00
9398,753,6401,1317,1325,2026-05-22 21:00:00
9399,2095,6402,1629,1636,2026-05-22 21:00:00
9400,1123,6402,1480,1473,2026-05-22 21:00:00
9401,753,6403,1325,1314,2026-05-22 21:00:00
9402,536,6403,1344,1355,2026-05-22 21:00:00
9403,1144,6405,2105,2107,2026-05-22 21:00:00
9404,1754,6405,1669,1667,2026-05-22 21:00:00
9405,196,6406,1729,1732,2026-05-22 21:00:00
9406,1401,6406,1391,1388,2026-05-22 21:00:00
9407,461,6410,1593,1588,2026-05-22 21:00:00
9408,2215,6410,1840,1845,2026-05-22 21:00:00
9409,948,6411,1432,1423,2026-05-22 21:00:00
9410,1075,6411,1511,1520,2026-05-22 21:00:00
9411,2139,6412,1547,1533,2026-05-22 21:00:00
9412,1634,6412,1496,1510,2026-05-22 21:00:00
9413,2040,6413,1087,1079,2026-05-22 21:00:00
9414,1766,6413,1201,1210,2026-05-22 21:00:00
9415,787,6417,1791,1777,2026-05-22 22:00:00
9416,2141,6417,1746,1759,2026-05-22 22:00:00
9417,2329,6419,1506,1490,2026-05-22 22:00:00
9418,602,6419,1367,1383,2026-05-22 22:00:00
9419,1775,6421,1518,1516,2026-05-22 22:00:00
9420,1126,6421,1918,1921,2026-05-22 22:00:00
9421,174,6422,1748,1758,2026-05-22 22:00:00
9422,2087,6422,1688,1678,2026-05-22 22:00:00
9423,174,6424,1758,1768,2026-05-22 22:00:00
9424,2169,6424,1708,1698,2026-05-22 22:00:00
9425,1401,6425,1388,1381,2026-05-22 22:00:00
9426,1998,6425,1536,1544,2026-05-22 22:00:00
9427,894,6426,1438,1421,2026-05-22 22:00:00
9428,1710,6426,1288,1305,2026-05-22 22:00:00
9429,854,6428,1655,1658,2026-05-22 22:00:00
9430,1547,6428,1340,1337,2026-05-22 22:00:00
9431,854,6429,1658,1666,2026-05-22 22:00:00
9432,1982,6429,1526,1518,2026-05-22 22:00:00
9433,1132,6430,1870,1882,2026-05-22 22:00:00
9434,2310,6430,1873,1861,2026-05-22 22:00:00
9435,2448,6431,1239,1244,2026-05-22 22:00:00
9436,863,6431,1012,1007,2026-05-22 22:00:00
9437,2448,6432,1244,1235,2026-05-22 22:00:00
9438,2399,6432,1338,1347,2026-05-22 22:00:00
9439,2223,6433,1469,1455,2026-05-22 22:00:00
9440,1702,6433,1431,1445,2026-05-22 22:00:00
9441,1634,6434,1510,1498,2026-05-22 22:00:00
9442,1901,6434,1511,1523,2026-05-22 22:00:00
9443,67,6435,1269,1281,2026-05-22 22:00:00
9444,1575,6435,1260,1248,2026-05-22 22:00:00
9445,2001,6436,1558,1549,2026-05-22 22:00:00
9446,77,6436,1649,1658,2026-05-22 22:00:00
9447,214,6438,1234,1224,2026-05-22 22:00:00
9448,565,6438,1301,1311,2026-05-22 22:00:00
9449,1663,6439,1708,1716,2026-05-22 23:00:00
9450,529,6439,1579,1571,2026-05-22 23:00:00
9451,1756,6440,1729,1737,2026-05-22 23:00:00
9452,401,6440,1604,1596,2026-05-22 23:00:00
9453,502,6441,1430,1434,2026-05-22 23:00:00
9454,209,6441,1135,1132,2026-05-22 23:00:00
9455,1123,6442,1473,1466,2026-05-22 23:00:00
9456,2095,6442,1636,1643,2026-05-22 23:00:00
9457,1179,6443,1460,1451,2026-05-22 23:00:00
9458,1723,6443,1536,1545,2026-05-22 23:00:00
9459,1303,6444,1447,1439,2026-05-22 23:00:00
9460,549,6444,1568,1576,2026-05-22 23:00:00
9461,1668,6446,1667,1657,2026-05-22 23:00:00
9462,873,6446,1729,1739,2026-05-22 23:00:00
9463,827,6447,1452,1441,2026-05-22 23:00:00
9464,1057,6447,1493,1504,2026-05-22 23:00:00
9465,2176,6448,1289,1300,2026-05-22 23:00:00
9466,730,6448,1243,1232,2026-05-22 23:00:00
9467,2009,6449,1513,1503,2026-05-22 23:00:00
9468,658,6449,1573,1583,2026-05-22 23:00:00
9469,593,6450,1597,1587,2026-05-22 23:00:00
9470,1378,6450,1652,1662,2026-05-22 23:00:00
9471,295,6451,1504,1516,2026-05-22 23:00:00
9472,672,6451,1511,1499,2026-05-22 23:00:00
9473,1249,6452,1382,1390,2026-05-22 23:00:00
9474,455,6452,1259,1251,2026-05-22 23:00:00
9475,450,6453,1579,1585,2026-05-23 00:00:00
9476,779,6453,1389,1383,2026-05-23 00:00:00
9477,1788,6455,1713,1722,2026-05-23 00:00:00
9478,1317,6455,1630,1621,2026-05-23 00:00:00
9479,2025,6456,1509,1515,2026-05-23 00:00:00
9480,1293,6456,1294,1288,2026-05-23 00:00:00
9481,1374,6457,1148,1146,2026-05-23 01:00:00
9482,1620,6457,1544,1546,2026-05-23 01:00:00
9483,231,6458,1227,1219,2026-05-23 01:00:00
9484,1321,6458,1371,1378,2026-05-23 01:00:00
9485,2126,6460,1475,1483,2026-05-23 01:00:00
9486,883,6460,1380,1371,2026-05-23 01:00:00
9487,2196,6461,1439,1430,2026-05-23 01:00:00
9488,2171,6461,1528,1537,2026-05-23 01:00:00
9489,744,6463,1776,1786,2026-05-23 10:00:00
9490,19,6463,1699,1690,2026-05-23 10:00:00
9491,1587,6464,1523,1538,2026-05-23 10:00:00
9492,431,6464,1595,1580,2026-05-23 10:00:00
9493,1206,6465,1591,1599,2026-05-23 10:00:00
9494,1525,6465,1452,1444,2026-05-23 10:00:00
9495,1506,6466,1809,1811,2026-05-23 11:00:00
9496,815,6466,1364,1363,2026-05-23 11:00:00
9497,1374,6467,1146,1140,2026-05-23 11:00:00
9498,480,6467,1368,1374,2026-05-23 11:00:00
9499,737,6468,1430,1425,2026-05-23 11:00:00
9500,1522,6468,1672,1677,2026-05-23 11:00:00
9501,1169,6469,1531,1543,2026-05-23 11:00:00
9502,645,6469,1524,1512,2026-05-23 11:00:00
9503,915,6470,1302,1299,2026-05-23 11:00:00
9504,875,6470,1612,1615,2026-05-23 11:00:00
9505,1354,6471,1728,1737,2026-05-23 12:00:00
9506,664,6471,1668,1658,2026-05-23 12:00:00
9507,2379,6472,1920,1924,2026-05-23 12:00:00
9508,1522,6472,1677,1672,2026-05-23 12:00:00
9509,1758,6474,1349,1341,2026-05-23 12:00:00
9510,2452,6474,1477,1485,2026-05-23 12:00:00
9511,2113,6475,1691,1678,2026-05-23 12:00:00
9512,1131,6475,1660,1673,2026-05-23 12:00:00
9513,313,6476,1860,1868,2026-05-23 12:00:00
9514,363,6476,1750,1742,2026-05-23 12:00:00
9515,1763,6477,1409,1424,2026-05-23 13:00:00
9516,446,6477,1475,1461,2026-05-23 13:00:00
9517,2003,6478,1536,1541,2026-05-23 13:00:00
9518,1178,6478,1303,1298,2026-05-23 13:00:00
9519,1760,6479,1546,1555,2026-05-23 13:00:00
9520,257,6479,1449,1440,2026-05-23 13:00:00
9521,1961,6480,1639,1637,2026-05-23 13:00:00
9522,610,6480,2039,2041,2026-05-23 13:00:00
9523,1998,6481,1544,1534,2026-05-23 13:00:00
9524,1414,6481,1621,1630,2026-05-23 13:00:00
9525,231,6485,1219,1211,2026-05-23 14:00:00
9526,753,6485,1314,1323,2026-05-23 14:00:00
9527,1179,6486,1451,1442,2026-05-23 14:00:00
9528,649,6486,1535,1544,2026-05-23 14:00:00
9529,836,6487,1389,1400,2026-05-23 14:00:00
9530,1262,6487,1344,1334,2026-05-23 14:00:00
9531,1903,6488,1283,1274,2026-05-23 14:00:00
9532,1401,6488,1381,1390,2026-05-23 14:00:00
9533,301,6489,1096,1086,2026-05-23 14:00:00
9534,1353,6489,1156,1166,2026-05-23 14:00:00
9535,938,6491,1403,1414,2026-05-23 14:00:00
9536,2236,6491,1401,1389,2026-05-23 14:00:00
9537,511,6492,1189,1198,2026-05-23 14:00:00
9538,1313,6492,1113,1103,2026-05-23 14:00:00
9539,1396,6493,1205,1192,2026-05-23 14:00:00
9540,2392,6493,1170,1183,2026-05-23 14:00:00
9541,1022,6494,1526,1531,2026-05-23 15:00:00
9542,807,6494,1279,1275,2026-05-23 15:00:00
9543,1646,6496,1774,1764,2026-05-23 15:00:00
9544,1029,6496,1829,1839,2026-05-23 15:00:00
9545,896,6497,1335,1343,2026-05-23 15:00:00
9546,1007,6497,1211,1203,2026-05-23 15:00:00
9547,2208,6500,1550,1538,2026-05-23 15:00:00
9548,421,6500,1548,1560,2026-05-23 15:00:00
9549,2190,6501,1479,1471,2026-05-23 15:00:00
9550,331,6501,1604,1612,2026-05-23 15:00:00
9551,561,6502,1690,1682,2026-05-23 15:00:00
9552,1708,6502,1804,1813,2026-05-23 15:00:00
9553,105,6503,1265,1279,2026-05-23 15:00:00
9554,1099,6503,1340,1326,2026-05-23 15:00:00
9555,176,6505,1593,1600,2026-05-23 16:00:00
9556,2268,6505,1462,1454,2026-05-23 16:00:00
9557,2213,6506,1790,1775,2026-05-23 16:00:00
9558,1981,6506,1704,1718,2026-05-23 16:00:00
9559,240,6507,1684,1691,2026-05-23 16:00:00
9560,1402,6507,1543,1536,2026-05-23 16:00:00
9561,2091,6508,1795,1809,2026-05-23 16:00:00
9562,2310,6508,1861,1847,2026-05-23 16:00:00
9563,863,6509,1007,999,2026-05-23 16:00:00
9564,2306,6509,1119,1127,2026-05-23 16:00:00
9565,1228,6510,1077,1068,2026-05-23 17:00:00
9566,775,6510,1155,1164,2026-05-23 17:00:00
9567,2108,6511,1625,1638,2026-05-23 17:00:00
9568,2095,6511,1643,1631,2026-05-23 17:00:00
9569,1792,6512,1586,1594,2026-05-23 17:00:00
9570,261,6512,1466,1458,2026-05-23 17:00:00
9571,652,6513,1641,1631,2026-05-23 17:00:00
9572,2308,6513,1696,1706,2026-05-23 17:00:00
9573,415,6514,1602,1592,2026-05-23 17:00:00
9574,420,6514,1660,1670,2026-05-23 17:00:00
9575,1415,6515,1416,1407,2026-05-23 17:00:00
9576,2467,6515,1506,1515,2026-05-23 17:00:00
9577,196,6516,1732,1742,2026-05-23 17:00:00
9578,1590,6516,1672,1662,2026-05-23 17:00:00
9579,1233,6517,1357,1343,2026-05-23 17:00:00
9580,1113,6517,1291,1305,2026-05-23 17:00:00
9581,1007,6518,1203,1195,2026-05-23 17:00:00
9582,1710,6518,1305,1314,2026-05-23 17:00:00
9583,1669,6520,1518,1509,2026-05-23 17:00:00
9584,901,6520,1631,1640,2026-05-23 17:00:00
9585,17,6522,1758,1750,2026-05-23 17:00:00
9586,651,6522,1873,1882,2026-05-23 17:00:00
9587,1884,6523,1427,1436,2026-05-23 17:00:00
9588,1807,6523,1331,1322,2026-05-23 17:00:00
9589,639,6525,1458,1472,2026-05-23 17:00:00
9590,1938,6525,1528,1514,2026-05-23 17:00:00
9591,1825,6526,1498,1502,2026-05-23 17:00:00
9592,1332,6526,1218,1214,2026-05-23 17:00:00
9593,1098,6528,1385,1396,2026-05-23 18:00:00
9594,536,6528,1355,1344,2026-05-23 18:00:00
9595,2212,6529,1429,1438,2026-05-23 18:00:00
9596,2195,6529,1333,1324,2026-05-23 18:00:00
9597,443,6530,1537,1523,2026-05-23 18:00:00
9598,1145,6530,1467,1481,2026-05-23 18:00:00
9599,2496,6531,2063,2067,2026-05-23 18:00:00
9600,959,6531,1814,1809,2026-05-23 18:00:00
9601,49,6533,1567,1558,2026-05-23 18:00:00
9602,234,6533,1664,1672,2026-05-23 18:00:00
9603,1903,6534,1274,1267,2026-05-23 18:00:00
9604,1415,6534,1407,1415,2026-05-23 18:00:00
9605,1389,6536,1411,1420,2026-05-23 18:00:00
9606,2176,6536,1300,1291,2026-05-23 18:00:00
9607,76,6537,1740,1746,2026-05-23 18:00:00
9608,114,6537,1533,1528,2026-05-23 18:00:00
9609,2284,6538,1526,1541,2026-05-23 18:00:00
9610,856,6538,1590,1576,2026-05-23 18:00:00
9611,2325,6542,1204,1191,2026-05-23 19:00:00
9612,2348,6542,1191,1204,2026-05-23 19:00:00
9613,646,6544,1347,1343,2026-05-23 19:00:00
9614,538,6544,1652,1655,2026-05-23 19:00:00
9615,1113,6546,1305,1296,2026-05-23 19:00:00
9616,1401,6546,1390,1399,2026-05-23 19:00:00
9617,1721,6547,1637,1642,2026-05-23 19:00:00
9618,1237,6547,1407,1402,2026-05-23 19:00:00
9619,1462,6549,1798,1811,2026-05-23 19:00:00
9620,676,6549,1824,1811,2026-05-23 19:00:00
9621,334,6551,1528,1535,2026-05-23 19:00:00
9622,1633,6551,1381,1374,2026-05-23 19:00:00
9623,362,6554,1684,1674,2026-05-23 19:00:00
9624,825,6554,1752,1762,2026-05-23 19:00:00
9625,1451,6555,1539,1530,2026-05-23 19:00:00
9626,1752,6555,1656,1664,2026-05-23 19:00:00
9627,1257,6557,1517,1527,2026-05-23 19:00:00
9628,503,6557,1457,1447,2026-05-23 19:00:00
9629,2284,6559,1541,1528,2026-05-23 19:00:00
9630,2025,6559,1515,1528,2026-05-23 19:00:00
9631,619,6560,1668,1675,2026-05-23 20:00:00
9632,1620,6560,1546,1538,2026-05-23 20:00:00
9633,633,6561,1569,1581,2026-05-23 20:00:00
9634,450,6561,1585,1572,2026-05-23 20:00:00
9635,775,6563,1164,1161,2026-05-23 20:00:00
9636,862,6563,1484,1488,2026-05-23 20:00:00
9637,1123,6564,1466,1462,2026-05-23 20:00:00
9638,1354,6564,1737,1742,2026-05-23 20:00:00
9639,2070,6565,1609,1623,2026-05-23 20:00:00
9640,420,6565,1670,1656,2026-05-23 20:00:00
9641,1572,6566,1369,1378,2026-05-23 20:00:00
9642,319,6566,1260,1251,2026-05-23 20:00:00
9643,1737,6567,1547,1544,2026-05-23 20:00:00
9644,40,6567,1926,1928,2026-05-23 20:00:00
9645,685,6568,1271,1260,2026-05-23 20:00:00
9646,1178,6568,1298,1309,2026-05-23 20:00:00
9647,2031,6569,1366,1356,2026-05-23 20:00:00
9648,2363,6569,1409,1420,2026-05-23 20:00:00
9649,715,6570,1265,1276,2026-05-23 20:00:00
9650,370,6570,1253,1242,2026-05-23 20:00:00
9651,335,6574,1665,1648,2026-05-23 20:00:00
9652,1075,6574,1520,1537,2026-05-23 20:00:00
9653,1653,6575,1552,1545,2026-05-23 20:00:00
9654,1246,6575,1702,1709,2026-05-23 20:00:00
9655,830,6576,1617,1602,2026-05-23 20:00:00
9656,2171,6576,1537,1552,2026-05-23 20:00:00
9657,391,6578,1621,1607,2026-05-23 20:00:00
9658,525,6578,1575,1589,2026-05-23 20:00:00
9659,443,6580,1523,1514,2026-05-23 21:00:00
9660,2108,6580,1638,1646,2026-05-23 21:00:00
9661,1228,6581,1068,1084,2026-05-23 21:00:00
9662,2325,6581,1191,1175,2026-05-23 21:00:00
9663,2033,6584,1578,1593,2026-05-23 21:00:00
9664,1093,6584,1658,1643,2026-05-23 21:00:00
9665,1488,6586,1205,1193,2026-05-23 21:00:00
9666,1007,6586,1195,1207,2026-05-23 21:00:00
9667,1968,6587,1686,1697,2026-05-23 21:00:00
9668,1590,6587,1662,1651,2026-05-23 21:00:00
9669,921,6588,1233,1250,2026-05-23 21:00:00
9670,1633,6588,1374,1357,2026-05-23 21:00:00
9671,937,6589,1541,1546,2026-05-23 21:00:00
9672,1609,6589,1330,1325,2026-05-23 21:00:00
9673,249,6590,1898,1887,2026-05-23 21:00:00
9674,160,6590,1911,1923,2026-05-23 21:00:00
9675,6,6592,1610,1616,2026-05-23 21:00:00
9676,603,6592,1433,1426,2026-05-23 21:00:00
9677,960,6593,1181,1173,2026-05-23 21:00:00
9678,915,6593,1299,1307,2026-05-23 21:00:00
9679,1506,6594,1811,1795,2026-05-23 22:00:00
9680,619,6594,1675,1692,2026-05-23 22:00:00
9681,471,6595,1460,1471,2026-05-23 22:00:00
9682,768,6595,1445,1433,2026-05-23 22:00:00
9683,432,6596,1601,1595,2026-05-23 22:00:00
9684,2180,6596,1805,1811,2026-05-23 22:00:00
9685,1753,6597,1682,1669,2026-05-23 22:00:00
9686,285,6597,1644,1658,2026-05-23 22:00:00
9687,91,6599,1362,1354,2026-05-23 22:00:00
9688,722,6599,1474,1482,2026-05-23 22:00:00
9689,49,6602,1558,1542,2026-05-23 22:00:00
9690,257,6602,1440,1456,2026-05-23 22:00:00
9691,1522,6603,1672,1680,2026-05-23 22:00:00
9692,2003,6603,1541,1534,2026-05-23 22:00:00
9693,1566,6604,1928,1920,2026-05-23 22:00:00
9694,610,6604,2041,2050,2026-05-23 22:00:00
9695,1201,6605,1655,1659,2026-05-23 22:00:00
9696,1572,6605,1378,1374,2026-05-23 22:00:00
9697,970,6606,1594,1580,2026-05-23 22:00:00
9698,738,6606,1535,1549,2026-05-23 22:00:00
9699,2391,6607,1550,1558,2026-05-23 22:00:00
9700,2486,6607,1435,1427,2026-05-23 22:00:00
9701,2456,6608,1449,1456,2026-05-23 22:00:00
9702,1300,6608,1294,1287,2026-05-23 22:00:00
9703,1165,6609,1318,1302,2026-05-23 22:00:00
9704,1703,6609,1184,1201,2026-05-23 22:00:00
9705,1707,6611,1382,1373,2026-05-23 22:00:00
9706,792,6611,1483,1492,2026-05-23 22:00:00
9707,1615,6612,1326,1334,2026-05-23 22:00:00
9708,1332,6612,1214,1206,2026-05-23 22:00:00
9709,98,6613,1660,1642,2026-05-23 22:00:00
9710,1804,6613,1488,1506,2026-05-23 22:00:00
9711,2478,6614,1614,1601,2026-05-23 22:00:00
9712,749,6614,1587,1600,2026-05-23 22:00:00
9713,1140,6616,1491,1504,2026-05-23 22:00:00
9714,1833,6616,1507,1494,2026-05-23 22:00:00
9715,722,6617,1482,1491,2026-05-23 23:00:00
9716,144,6617,1394,1385,2026-05-23 23:00:00
9717,2225,6618,2293,2294,2026-05-23 23:00:00
9718,2317,6618,1485,1485,2026-05-23 23:00:00
9719,1747,6619,1582,1575,2026-05-23 23:00:00
9720,189,6619,1717,1725,2026-05-23 23:00:00
9721,412,6620,1482,1472,2026-05-23 23:00:00
9722,1808,6620,1529,1540,2026-05-23 23:00:00
9723,2316,6621,1460,1452,2026-05-23 23:00:00
9724,1792,6621,1594,1601,2026-05-23 23:00:00
9725,1760,6623,1555,1563,2026-05-23 23:00:00
9726,992,6623,1426,1418,2026-05-23 23:00:00
9727,974,6624,1522,1530,2026-05-23 23:00:00
9728,1192,6624,1373,1365,2026-05-23 23:00:00
9729,974,6626,1530,1535,2026-05-23 23:00:00
9730,1807,6626,1322,1316,2026-05-23 23:00:00
9731,1342,6627,1478,1488,2026-05-23 23:00:00
9732,954,6627,1427,1417,2026-05-23 23:00:00
9733,749,6628,1600,1588,2026-05-23 23:00:00
9734,1656,6628,1590,1603,2026-05-23 23:00:00
9735,2128,6629,1441,1453,2026-05-24 00:00:00
9736,1468,6629,1433,1422,2026-05-24 00:00:00
9737,1504,6630,1549,1564,2026-05-24 00:00:00
9738,622,6630,1644,1628,2026-05-24 00:00:00
9739,1365,6631,1827,1831,2026-05-24 01:00:00
9740,1417,6631,1554,1550,2026-05-24 01:00:00
9741,2471,6632,1667,1674,2026-05-24 01:00:00
9742,1593,6632,1522,1514,2026-05-24 01:00:00
9743,234,6635,1672,1680,2026-05-24 09:00:00
9744,49,6635,1542,1535,2026-05-24 09:00:00
9745,1753,6636,1669,1681,2026-05-24 10:00:00
9746,819,6636,1693,1681,2026-05-24 10:00:00
9747,399,6637,1570,1582,2026-05-24 10:00:00
9748,127,6637,1579,1566,2026-05-24 10:00:00
9749,434,6639,1659,1644,2026-05-24 11:00:00
9750,450,6639,1572,1587,2026-05-24 11:00:00
9751,1810,6641,1990,1999,2026-05-24 11:00:00
9752,651,6641,1882,1873,2026-05-24 11:00:00
9753,1599,6642,1331,1321,2026-05-24 11:00:00
9754,1003,6642,1391,1401,2026-05-24 11:00:00
9755,768,6643,1433,1422,2026-05-24 12:00:00
9756,1198,6643,1457,1469,2026-05-24 12:00:00
9757,2164,6645,1370,1379,2026-05-24 12:00:00
9758,2453,6645,1297,1288,2026-05-24 12:00:00
9759,1926,6646,925,917,2026-05-24 12:00:00
9760,117,6646,1052,1060,2026-05-24 12:00:00
9761,2308,6647,1706,1692,2026-05-24 13:00:00
9762,434,6647,1644,1658,2026-05-24 13:00:00
9763,1397,6648,1523,1512,2026-05-24 13:00:00
9764,1028,6648,1559,1570,2026-05-24 13:00:00
9765,2329,6649,1490,1488,2026-05-24 13:00:00
9766,1126,6649,1921,1922,2026-05-24 13:00:00
9767,2070,6651,1623,1615,2026-05-24 13:00:00
9768,682,6651,1761,1768,2026-05-24 13:00:00
9769,196,6652,1742,1745,2026-05-24 13:00:00
9770,2233,6652,1386,1383,2026-05-24 13:00:00
9771,1581,6653,1690,1677,2026-05-24 13:00:00
9772,1201,6653,1659,1672,2026-05-24 13:00:00
9773,1122,6654,1529,1539,2026-05-24 13:00:00
9774,595,6654,1460,1451,2026-05-24 13:00:00
9775,1901,6656,1523,1534,2026-05-24 13:00:00
9776,57,6656,1493,1482,2026-05-24 13:00:00
9777,1832,6657,1297,1307,2026-05-24 13:00:00
9778,2499,6657,1230,1220,2026-05-24 13:00:00
9779,816,6658,1817,1808,2026-05-24 14:00:00
9780,2304,6658,1909,1917,2026-05-24 14:00:00
9781,1062,6659,1452,1457,2026-05-24 14:00:00
9782,694,6659,1202,1197,2026-05-24 14:00:00
9783,502,6660,1434,1424,2026-05-24 14:00:00
9784,2219,6660,1513,1522,2026-05-24 14:00:00
9785,862,6661,1488,1482,2026-05-24 14:00:00
9786,1663,6661,1716,1721,2026-05-24 14:00:00
9787,174,6662,1768,1777,2026-05-24 14:00:00
9788,1915,6662,1674,1665,2026-05-24 14:00:00
9789,1631,6663,1886,1900,2026-05-24 14:00:00
9790,1566,6663,1920,1907,2026-05-24 14:00:00
9791,656,6664,1419,1431,2026-05-24 14:00:00
9792,938,6664,1414,1403,2026-05-24 14:00:00
9793,1299,6666,1478,1462,2026-05-24 14:00:00
9794,747,6666,1351,1367,2026-05-24 14:00:00
9795,2148,6667,1186,1195,2026-05-24 14:00:00
9796,659,6667,1083,1074,2026-05-24 14:00:00
9797,2145,6668,1669,1678,2026-05-24 14:00:00
9798,684,6668,1566,1558,2026-05-24 14:00:00
9799,1283,6671,1581,1595,2026-05-24 15:00:00
9800,1008,6671,1618,1605,2026-05-24 15:00:00
9801,2120,6672,1691,1706,2026-05-24 15:00:00
9802,682,6672,1768,1754,2026-05-24 15:00:00
9803,970,6673,1580,1575,2026-05-24 15:00:00
9804,1863,6673,1783,1789,2026-05-24 15:00:00
9805,1856,6674,1518,1526,2026-05-24 15:00:00
9806,777,6674,1395,1387,2026-05-24 15:00:00
9807,2436,6675,1474,1471,2026-05-24 16:00:00
9808,630,6675,1823,1826,2026-05-24 16:00:00
9809,311,6677,1208,1204,2026-05-24 16:00:00
9810,1929,6677,1501,1505,2026-05-24 16:00:00
9811,2158,6679,1519,1532,2026-05-24 16:00:00
9812,1431,6679,1558,1545,2026-05-24 16:00:00
9813,450,6680,1587,1575,2026-05-24 17:00:00
9814,529,6680,1571,1584,2026-05-24 17:00:00
9815,2024,6681,1724,1713,2026-05-24 17:00:00
9816,2389,6681,1741,1752,2026-05-24 17:00:00
9817,538,6684,1655,1659,2026-05-24 17:00:00
9818,815,6684,1363,1359,2026-05-24 17:00:00
9819,2004,6685,1445,1440,2026-05-24 17:00:00
9820,1458,6685,1691,1695,2026-05-24 17:00:00
9821,971,6686,1551,1559,2026-05-24 17:00:00
9822,1415,6686,1415,1407,2026-05-24 17:00:00
9823,1126,6687,1922,1906,2026-05-24 17:00:00
9824,802,6687,1798,1815,2026-05-24 17:00:00
9825,608,6689,1369,1380,2026-05-24 17:00:00
9826,2261,6689,1327,1316,2026-05-24 17:00:00
9827,1172,6690,1665,1669,2026-05-24 17:00:00
9828,958,6690,1401,1397,2026-05-24 17:00:00
9829,864,6691,1597,1604,2026-05-24 17:00:00
9830,541,6691,1447,1440,2026-05-24 17:00:00
9831,744,6692,1786,1793,2026-05-24 17:00:00
9832,615,6692,1655,1647,2026-05-24 17:00:00
9833,1208,6694,1201,1216,2026-05-24 17:00:00
9834,1300,6694,1287,1272,2026-05-24 17:00:00
9835,61,6695,1516,1529,2026-05-24 17:00:00
9836,698,6695,1548,1535,2026-05-24 17:00:00
9837,1663,6697,1721,1701,2026-05-24 18:00:00
9838,412,6697,1472,1491,2026-05-24 18:00:00
9839,775,6698,1161,1153,2026-05-24 18:00:00
9840,1946,6698,1288,1296,2026-05-24 18:00:00
9841,1361,6699,1465,1463,2026-05-24 18:00:00
9842,630,6699,1826,1828,2026-05-24 18:00:00
9843,775,6700,1153,1166,2026-05-24 18:00:00
9844,2325,6700,1175,1162,2026-05-24 18:00:00
9845,1944,6701,1466,1479,2026-05-24 18:00:00
9846,1198,6701,1469,1457,2026-05-24 18:00:00
9847,39,6704,1097,1089,2026-05-24 18:00:00
9848,26,6704,1225,1233,2026-05-24 18:00:00
9849,2336,6706,1512,1524,2026-05-24 18:00:00
9850,878,6706,1509,1497,2026-05-24 18:00:00
9851,1018,6707,1367,1358,2026-05-24 19:00:00
9852,1198,6707,1457,1465,2026-05-24 19:00:00
9853,1483,6709,1152,1148,2026-05-24 19:00:00
9854,894,6709,1421,1425,2026-05-24 19:00:00
9855,649,6710,1544,1531,2026-05-24 19:00:00
9856,2224,6710,1501,1515,2026-05-24 19:00:00
9857,431,6711,1580,1567,2026-05-24 19:00:00
9858,1587,6711,1538,1551,2026-05-24 19:00:00
9859,191,6712,1820,1806,2026-05-24 19:00:00
9860,873,6712,1739,1754,2026-05-24 19:00:00
9861,461,6713,1588,1598,2026-05-24 19:00:00
9862,338,6713,1531,1521,2026-05-24 19:00:00
9863,2351,6715,1443,1432,2026-05-24 19:00:00
9864,2143,6715,1483,1493,2026-05-24 19:00:00
9865,480,6717,1374,1387,2026-05-24 20:00:00
9866,502,6717,1424,1411,2026-05-24 20:00:00
9867,2308,6718,1692,1700,2026-05-24 20:00:00
9868,63,6718,1589,1581,2026-05-24 20:00:00
9869,928,6719,1099,1094,2026-05-24 20:00:00
9870,533,6719,1354,1359,2026-05-24 20:00:00
9871,1301,6720,1317,1306,2026-05-24 20:00:00
9872,328,6720,1351,1362,2026-05-24 20:00:00
9873,2473,6721,1403,1411,2026-05-24 20:00:00
9874,715,6721,1276,1269,2026-05-24 20:00:00
9875,98,6725,1642,1634,2026-05-24 20:00:00
9876,225,6725,1752,1761,2026-05-24 20:00:00
9877,684,6726,1558,1566,2026-05-24 20:00:00
9878,2209,6726,1431,1423,2026-05-24 20:00:00
9879,2196,6727,1430,1421,2026-05-24 20:00:00
9880,1067,6727,1506,1515,2026-05-24 20:00:00
9881,1965,6728,1882,1871,2026-05-24 21:00:00
9882,2304,6728,1917,1928,2026-05-24 21:00:00
9883,2138,6729,1211,1198,2026-05-24 21:00:00
9884,453,6729,1196,1208,2026-05-24 21:00:00
9885,1737,6730,1544,1558,2026-05-24 21:00:00
9886,1008,6730,1605,1591,2026-05-24 21:00:00
9887,234,6731,1680,1691,2026-05-24 21:00:00
9888,1721,6731,1642,1631,2026-05-24 21:00:00
9889,774,6733,1984,1994,2026-05-24 21:00:00
9890,160,6733,1923,1913,2026-05-24 21:00:00
9891,974,6734,1535,1529,2026-05-24 21:00:00
9892,2183,6734,1706,1713,2026-05-24 21:00:00
9893,1147,6736,1590,1596,2026-05-24 21:00:00
9894,777,6736,1387,1382,2026-05-24 21:00:00
9895,1144,6737,2107,2112,2026-05-24 22:00:00
9896,1965,6737,1871,1866,2026-05-24 22:00:00
9897,502,6739,1411,1421,2026-05-24 22:00:00
9898,2092,6739,1369,1358,2026-05-24 22:00:00
9899,1218,6740,1210,1200,2026-05-24 22:00:00
9900,1287,6740,1256,1267,2026-05-24 22:00:00
9901,2003,6741,1534,1545,2026-05-24 22:00:00
9902,1669,6741,1509,1498,2026-05-24 22:00:00
9903,1775,6743,1516,1502,2026-05-24 22:00:00
9904,257,6743,1456,1470,2026-05-24 22:00:00
9905,1218,6744,1200,1210,2026-05-24 22:00:00
9906,1483,6744,1148,1138,2026-05-24 22:00:00
9907,1907,6745,1273,1269,2026-05-24 22:00:00
9908,926,6745,1512,1517,2026-05-24 22:00:00
9909,1448,6746,1508,1519,2026-05-24 22:00:00
9910,258,6746,1464,1453,2026-05-24 22:00:00
9911,1112,6747,1348,1359,2026-05-24 22:00:00
9912,1807,6747,1316,1305,2026-05-24 22:00:00
9913,419,6748,1296,1304,2026-05-24 22:00:00
9914,1521,6748,1180,1172,2026-05-24 22:00:00
9915,2037,6750,1601,1584,2026-05-24 22:00:00
9916,417,6750,1462,1479,2026-05-24 22:00:00
9917,1883,6751,1554,1546,2026-05-24 22:00:00
9918,1339,6751,1647,1655,2026-05-24 22:00:00
9919,1147,6752,1596,1601,2026-05-24 22:00:00
9920,1363,6752,1368,1363,2026-05-24 22:00:00
9921,197,6753,1525,1515,2026-05-24 22:00:00
9922,2454,6753,1579,1589,2026-05-24 22:00:00
9923,775,6754,1166,1179,2026-05-24 23:00:00
9924,231,6754,1211,1197,2026-05-24 23:00:00
9925,1354,6755,1742,1750,2026-05-25 00:00:00
9926,1986,6755,1624,1616,2026-05-25 00:00:00
9927,387,6758,1416,1407,2026-05-25 01:00:00
9928,1861,6758,1502,1511,2026-05-25 01:00:00
9929,1480,6759,1360,1348,2026-05-25 10:00:00
9930,1112,6759,1359,1371,2026-05-25 10:00:00
9931,744,6760,1793,1803,2026-05-25 11:00:00
9932,2445,6760,1710,1700,2026-05-25 11:00:00
9933,774,6761,1994,2007,2026-05-25 11:00:00
9934,1700,6761,1999,1987,2026-05-25 11:00:00
9935,1208,6762,1216,1203,2026-05-25 11:00:00
9936,1781,6762,1184,1197,2026-05-25 11:00:00
9937,442,6763,1503,1493,2026-05-25 11:00:00
9938,70,6763,1568,1578,2026-05-25 11:00:00
9939,257,6764,1470,1482,2026-05-25 12:00:00
9940,1603,6764,1458,1447,2026-05-25 12:00:00
9941,1903,6765,1267,1254,2026-05-25 12:00:00
9942,41,6765,1254,1266,2026-05-25 12:00:00
9943,2121,6767,1149,1164,2026-05-25 12:00:00
9944,385,6767,1240,1225,2026-05-25 12:00:00
9945,2455,6768,1350,1364,2026-05-25 13:00:00
9946,1003,6768,1401,1387,2026-05-25 13:00:00
9947,1544,6769,1588,1594,2026-05-25 13:00:00
9948,1256,6769,1398,1392,2026-05-25 13:00:00
9949,951,6770,1548,1555,2026-05-25 13:00:00
9950,1357,6770,1389,1383,2026-05-25 13:00:00
9951,453,6771,1208,1196,2026-05-25 14:00:00
9952,1007,6771,1207,1219,2026-05-25 14:00:00
9953,887,6772,1560,1568,2026-05-25 14:00:00
9954,1928,6772,1432,1424,2026-05-25 14:00:00
9955,541,6773,1440,1431,2026-05-25 14:00:00
9956,926,6773,1517,1527,2026-05-25 14:00:00
9957,787,6774,1777,1782,2026-05-25 15:00:00
9958,2219,6774,1522,1518,2026-05-25 15:00:00
9959,1775,6775,1502,1495,2026-05-25 15:00:00
9960,1590,6775,1651,1658,2026-05-25 15:00:00
9961,1519,6776,1570,1558,2026-05-25 15:00:00
9962,407,6776,1574,1586,2026-05-25 15:00:00
9963,1982,6777,1518,1508,2026-05-25 15:00:00
9964,399,6777,1582,1592,2026-05-25 15:00:00
9965,2240,6778,1801,1788,2026-05-25 15:00:00
9966,346,6778,1765,1778,2026-05-25 15:00:00
9967,420,6782,1656,1647,2026-05-25 16:00:00
9968,75,6782,1755,1764,2026-05-25 16:00:00
9969,428,6783,1571,1579,2026-05-25 16:00:00
9970,1179,6783,1442,1434,2026-05-25 16:00:00
9971,538,6784,1659,1670,2026-05-25 17:00:00
9972,409,6784,1612,1602,2026-05-25 17:00:00
9973,40,6785,1928,1937,2026-05-25 17:00:00
9974,1497,6785,1824,1815,2026-05-25 17:00:00
9975,1646,6787,1764,1752,2026-05-25 17:00:00
9976,1367,6787,1789,1801,2026-05-25 17:00:00
9977,1631,6788,1900,1901,2026-05-25 17:00:00
9978,255,6788,1459,1457,2026-05-25 17:00:00
9979,1849,6789,2008,2015,2026-05-25 17:00:00
9980,2005,6789,1881,1873,2026-05-25 17:00:00
9981,14,6790,1849,1858,2026-05-25 17:00:00
9982,825,6790,1762,1753,2026-05-25 17:00:00
9983,1361,6791,1463,1473,2026-05-25 18:00:00
9984,2147,6791,1421,1410,2026-05-25 18:00:00
9985,1687,6792,2034,2039,2026-05-25 18:00:00
9986,1506,6792,1795,1790,2026-05-25 18:00:00
9987,1278,6793,1720,1723,2026-05-25 18:00:00
9988,91,6793,1354,1351,2026-05-25 18:00:00
9989,958,6794,1397,1389,2026-05-25 18:00:00
9990,170,6794,1523,1531,2026-05-25 18:00:00
9991,49,6796,1535,1529,2026-05-25 18:00:00
9992,196,6796,1745,1750,2026-05-25 18:00:00
9993,1303,6797,1439,1427,2026-05-25 18:00:00
9994,1266,6797,1443,1455,2026-05-25 18:00:00
9995,1773,6800,1643,1653,2026-05-25 19:00:00
9996,409,6800,1602,1591,2026-05-25 19:00:00
9997,40,6801,1937,1942,2026-05-25 19:00:00
9998,2309,6801,1710,1705,2026-05-25 19:00:00
9999,56,6802,1392,1385,2026-05-25 19:00:00
10000,49,6802,1529,1537,2026-05-25 19:00:00
10001,909,6804,1337,1353,2026-05-25 19:00:00
10002,1299,6804,1462,1446,2026-05-25 19:00:00
10003,627,6808,1723,1711,2026-05-25 19:00:00
10004,789,6808,1737,1749,2026-05-25 19:00:00
10005,1986,6809,1616,1608,2026-05-25 20:00:00
10006,1354,6809,1750,1757,2026-05-25 20:00:00
10007,1836,6810,1315,1300,2026-05-25 20:00:00
10008,1292,6810,1236,1251,2026-05-25 20:00:00
10009,1365,6811,1831,1839,2026-05-25 20:00:00
10010,1606,6811,1720,1712,2026-05-25 20:00:00
10011,1098,6812,1396,1385,2026-05-25 20:00:00
10012,768,6812,1422,1433,2026-05-25 20:00:00
10013,676,6813,1811,1828,2026-05-25 20:00:00
10014,1174,6813,1954,1937,2026-05-25 20:00:00
10015,319,6814,1251,1245,2026-05-25 20:00:00
10016,451,6814,1426,1433,2026-05-25 20:00:00
10017,2176,6815,1291,1301,2026-05-25 20:00:00
10018,1936,6815,1224,1215,2026-05-25 20:00:00
10019,14,6817,1858,1848,2026-05-25 20:00:00
10020,531,6817,1928,1938,2026-05-25 20:00:00
10021,1332,6818,1206,1195,2026-05-25 20:00:00
10022,2448,6818,1235,1246,2026-05-25 20:00:00
10023,1825,6819,1502,1487,2026-05-25 20:00:00
10024,206,6819,1433,1447,2026-05-25 20:00:00
10025,2256,6820,1292,1282,2026-05-25 20:00:00
10026,596,6820,1358,1368,2026-05-25 20:00:00
10027,852,6821,1388,1401,2026-05-25 20:00:00
10028,2196,6821,1421,1408,2026-05-25 20:00:00
10029,412,6822,1491,1498,2026-05-25 21:00:00
10030,91,6822,1351,1344,2026-05-25 21:00:00
10031,2126,6823,1483,1472,2026-05-25 21:00:00
10032,1397,6823,1512,1523,2026-05-25 21:00:00
10033,2070,6824,1615,1625,2026-05-25 21:00:00
10034,170,6824,1531,1522,2026-05-25 21:00:00
10035,1008,6825,1591,1583,2026-05-25 21:00:00
10036,1458,6825,1695,1704,2026-05-25 21:00:00
10037,1201,6826,1672,1687,2026-05-25 21:00:00
10038,947,6826,1756,1741,2026-05-25 21:00:00
10039,1461,6828,1524,1533,2026-05-25 21:00:00
10040,929,6828,1442,1433,2026-05-25 21:00:00
10041,1668,6829,1657,1665,2026-05-25 21:00:00
10042,1927,6829,1526,1519,2026-05-25 21:00:00
10043,974,6831,1529,1525,2026-05-25 21:00:00
10044,191,6831,1806,1810,2026-05-25 21:00:00
10045,1801,6832,1379,1369,2026-05-25 21:00:00
10046,1683,6832,1441,1451,2026-05-25 21:00:00
10047,1819,6833,1420,1406,2026-05-25 21:00:00
10048,583,6833,1362,1376,2026-05-25 21:00:00
10049,1945,6834,1662,1670,2026-05-25 21:00:00
10050,1748,6834,1538,1530,2026-05-25 21:00:00
10051,630,6835,1828,1841,2026-05-25 22:00:00
10052,1549,6835,1855,1842,2026-05-25 22:00:00
10053,646,6836,1343,1335,2026-05-25 22:00:00
10054,446,6836,1461,1469,2026-05-25 22:00:00
10055,2281,6838,1616,1630,2026-05-25 22:00:00
10056,1172,6838,1669,1655,2026-05-25 22:00:00
10057,2169,6840,1698,1705,2026-05-25 22:00:00
10058,649,6840,1531,1524,2026-05-25 22:00:00
10059,2445,6842,1700,1711,2026-05-25 22:00:00
10060,171,6842,1664,1653,2026-05-25 22:00:00
10061,928,6843,1094,1087,2026-05-25 22:00:00
10062,370,6843,1242,1249,2026-05-25 22:00:00
10063,1547,6844,1337,1323,2026-05-25 22:00:00
10064,419,6844,1304,1317,2026-05-25 22:00:00
10065,1547,6845,1323,1334,2026-05-25 22:00:00
10066,154,6845,1281,1271,2026-05-25 22:00:00
10067,1940,6846,1532,1522,2026-05-25 22:00:00
10068,830,6846,1602,1612,2026-05-25 22:00:00
10069,1373,6847,1198,1210,2026-05-25 22:00:00
10070,826,6847,1187,1175,2026-05-25 22:00:00
10071,269,6848,1331,1346,2026-05-25 22:00:00
10072,395,6848,1404,1389,2026-05-25 22:00:00
10073,260,6850,1598,1605,2026-05-25 23:00:00
10074,1179,6850,1434,1427,2026-05-25 23:00:00
10075,2304,6851,1928,1939,2026-05-26 00:00:00
10076,2227,6851,1878,1867,2026-05-26 00:00:00
10077,659,6852,1074,1064,2026-05-26 00:00:00
10078,2016,6852,1126,1136,2026-05-26 00:00:00
10079,612,6855,1470,1460,2026-05-26 01:00:00
10080,287,6855,1534,1543,2026-05-26 01:00:00
10081,2488,6856,1409,1400,2026-05-26 01:00:00
10082,2009,6856,1503,1512,2026-05-26 01:00:00
10083,1305,6857,1253,1265,2026-05-26 01:00:00
10084,2426,6857,1243,1231,2026-05-26 01:00:00
10085,1373,6858,1210,1200,2026-05-26 01:00:00
10086,1352,6858,1267,1277,2026-05-26 01:00:00
10087,619,6859,1692,1690,2026-05-26 09:00:00
10088,1144,6859,2112,2114,2026-05-26 09:00:00
10089,1018,6860,1358,1348,2026-05-26 11:00:00
10090,1763,6860,1424,1433,2026-05-26 11:00:00
10091,1158,6861,1582,1585,2026-05-26 11:00:00
10092,921,6861,1250,1247,2026-05-26 11:00:00
10093,242,6862,1367,1356,2026-05-26 11:00:00
10094,2196,6862,1408,1418,2026-05-26 11:00:00
10095,285,6863,1658,1647,2026-05-26 12:00:00
10096,1663,6863,1701,1712,2026-05-26 12:00:00
10097,145,6867,1383,1391,2026-05-26 13:00:00
10098,495,6867,1254,1246,2026-05-26 13:00:00
10099,1435,6868,1352,1340,2026-05-26 13:00:00
10100,2109,6868,1357,1369,2026-05-26 13:00:00
10101,1807,6870,1305,1298,2026-05-26 13:00:00
10102,1437,6870,1453,1460,2026-05-26 13:00:00
10103,2283,6872,1014,1029,2026-05-26 14:00:00
10104,245,6872,1104,1089,2026-05-26 14:00:00
10105,670,6873,1383,1376,2026-05-26 14:00:00
10106,114,6873,1528,1535,2026-05-26 14:00:00
10107,2165,6874,1139,1125,2026-05-26 14:00:00
10108,1048,6874,1101,1114,2026-05-26 14:00:00
10109,2185,6876,1520,1524,2026-05-26 15:00:00
10110,370,6876,1249,1245,2026-05-26 15:00:00
10111,391,6878,1607,1599,2026-05-26 16:00:00
10112,1107,6878,1717,1725,2026-05-26 16:00:00
10113,2470,6879,1669,1673,2026-05-26 17:00:00
10114,144,6879,1385,1381,2026-05-26 17:00:00
10115,198,6881,1576,1583,2026-05-26 17:00:00
10116,1138,6881,1431,1423,2026-05-26 17:00:00
10117,2138,6882,1198,1215,2026-05-26 17:00:00
10118,1233,6882,1343,1326,2026-05-26 17:00:00
10119,2120,6883,1706,1698,2026-05-26 17:00:00
10120,1497,6883,1815,1824,2026-05-26 17:00:00
10121,656,6886,1431,1423,2026-05-26 17:00:00
10122,1169,6886,1543,1551,2026-05-26 17:00:00
10123,701,6887,1500,1492,2026-05-26 17:00:00
10124,2163,6887,1596,1605,2026-05-26 17:00:00
10125,2485,6888,1522,1532,2026-05-26 17:00:00
10126,736,6888,1473,1463,2026-05-26 17:00:00
10127,2056,6889,1060,1046,2026-05-26 18:00:00
10128,1477,6889,1020,1033,2026-05-26 18:00:00
10129,1775,6892,1495,1507,2026-05-26 18:00:00
10130,2224,6892,1515,1502,2026-05-26 18:00:00
10131,183,6893,1677,1694,2026-05-26 18:00:00
10132,1029,6893,1839,1822,2026-05-26 18:00:00
10133,2369,6894,1465,1469,2026-05-26 18:00:00
10134,1007,6894,1219,1214,2026-05-26 18:00:00
10135,744,6895,1803,1810,2026-05-26 18:00:00
10136,1204,6895,1667,1660,2026-05-26 18:00:00
10137,2176,6896,1301,1312,2026-05-26 18:00:00
10138,1820,6896,1281,1270,2026-05-26 18:00:00
10139,697,6897,1228,1221,2026-05-26 18:00:00
10140,2278,6897,1375,1382,2026-05-26 18:00:00
10141,1359,6898,1502,1493,2026-05-26 18:00:00
10142,1959,6898,1581,1590,2026-05-26 18:00:00
10143,1129,6899,1460,1468,2026-05-26 19:00:00
10144,1018,6899,1348,1340,2026-05-26 19:00:00
10145,1228,6901,1084,1076,2026-05-26 19:00:00
10146,2348,6901,1204,1212,2026-05-26 19:00:00
10147,41,6902,1266,1258,2026-05-26 19:00:00
10148,958,6902,1389,1397,2026-05-26 19:00:00
10149,999,6903,1494,1504,2026-05-26 19:00:00
10150,1839,6903,1436,1426,2026-05-26 19:00:00
10151,2009,6904,1512,1528,2026-05-26 19:00:00
10152,622,6904,1628,1613,2026-05-26 19:00:00
10153,636,6906,1400,1393,2026-05-26 19:00:00
10154,2418,6906,1546,1553,2026-05-26 19:00:00
10155,951,6908,1555,1563,2026-05-26 19:00:00
10156,579,6908,1429,1421,2026-05-26 19:00:00
10157,1676,6909,1855,1858,2026-05-26 19:00:00
10158,708,6909,1505,1502,2026-05-26 19:00:00
10159,664,6911,1658,1669,2026-05-26 20:00:00
10160,2095,6911,1631,1620,2026-05-26 20:00:00
10161,1944,6912,1479,1469,2026-05-26 20:00:00
10162,1808,6912,1540,1550,2026-05-26 20:00:00
10163,633,6913,1581,1573,2026-05-26 20:00:00
10164,819,6913,1681,1689,2026-05-26 20:00:00
10165,17,6914,1750,1753,2026-05-26 20:00:00
10166,145,6914,1391,1388,2026-05-26 20:00:00
10167,170,6915,1522,1507,2026-05-26 20:00:00
10168,1928,6915,1424,1439,2026-05-26 20:00:00
10169,1688,6916,1458,1466,2026-05-26 20:00:00
10170,2035,6916,1330,1322,2026-05-26 20:00:00
10171,1810,6917,1999,1980,2026-05-26 20:00:00
10172,2324,6917,1769,1788,2026-05-26 20:00:00
10173,2120,6918,1698,1708,2026-05-26 20:00:00
10174,2366,6918,1648,1638,2026-05-26 20:00:00
10175,541,6919,1431,1441,2026-05-26 20:00:00
10176,328,6919,1362,1352,2026-05-26 20:00:00
10177,909,6920,1353,1342,2026-05-26 20:00:00
10178,713,6920,1377,1388,2026-05-26 20:00:00
10179,334,6921,1535,1523,2026-05-26 20:00:00
10180,1621,6921,1522,1535,2026-05-26 20:00:00
10181,1727,6922,1612,1615,2026-05-26 20:00:00
10182,1807,6922,1298,1295,2026-05-26 20:00:00
10183,1702,6923,1445,1453,2026-05-26 20:00:00
10184,1887,6923,1331,1323,2026-05-26 20:00:00
10185,830,6924,1612,1601,2026-05-26 20:00:00
10186,1282,6924,1641,1652,2026-05-26 20:00:00
10187,1296,6925,1031,1046,2026-05-26 20:00:00
10188,2081,6925,1137,1121,2026-05-26 20:00:00
10189,231,6926,1197,1189,2026-05-26 21:00:00
10190,2195,6926,1324,1332,2026-05-26 21:00:00
10191,2261,6927,1316,1308,2026-05-26 21:00:00
10192,894,6927,1425,1434,2026-05-26 21:00:00
10193,2116,6928,1527,1534,2026-05-26 21:00:00
10194,1401,6928,1399,1391,2026-05-26 21:00:00
10195,2004,6929,1440,1449,2026-05-26 21:00:00
10196,896,6929,1343,1334,2026-05-26 21:00:00
10197,2138,6931,1215,1224,2026-05-26 21:00:00
10198,2433,6931,1130,1121,2026-05-26 21:00:00
10199,541,6932,1441,1452,2026-05-26 21:00:00
10200,656,6932,1423,1412,2026-05-26 21:00:00
10201,1444,6934,1218,1227,2026-05-26 21:00:00
10202,274,6934,1133,1124,2026-05-26 21:00:00
10203,2192,6935,1302,1296,2026-05-26 21:00:00
10204,792,6935,1492,1498,2026-05-26 21:00:00
10205,1862,6936,1393,1389,2026-05-26 21:00:00
10206,1077,6936,1643,1648,2026-05-26 21:00:00
10207,1367,6940,1801,1788,2026-05-26 22:00:00
10208,174,6940,1777,1790,2026-05-26 22:00:00
10209,1735,6941,1445,1457,2026-05-26 22:00:00
10210,255,6941,1457,1445,2026-05-26 22:00:00
10211,886,6942,1288,1302,2026-05-26 22:00:00
10212,1459,6942,1341,1327,2026-05-26 22:00:00
10213,2337,6943,1423,1430,2026-05-26 22:00:00
10214,2435,6943,1288,1280,2026-05-26 22:00:00
10215,1444,6944,1227,1236,2026-05-26 22:00:00
10216,558,6944,1130,1121,2026-05-26 22:00:00
10217,1727,6945,1615,1625,2026-05-26 22:00:00
10218,1224,6945,1547,1537,2026-05-26 22:00:00
10219,1079,6946,1764,1754,2026-05-26 22:00:00
10220,436,6946,1827,1837,2026-05-26 22:00:00
10221,242,6947,1356,1370,2026-05-26 22:00:00
10222,1601,6947,1417,1403,2026-05-26 22:00:00
10223,1224,6949,1537,1522,2026-05-26 23:00:00
10224,1508,6949,1427,1443,2026-05-26 23:00:00
10225,1130,6952,1453,1441,2026-05-27 01:00:00
10226,534,6952,1449,1461,2026-05-27 01:00:00
10227,895,6953,1488,1480,2026-05-27 11:00:00
10228,840,6953,1633,1641,2026-05-27 11:00:00
10229,313,6954,1868,1871,2026-05-27 11:00:00
10230,698,6954,1535,1532,2026-05-27 11:00:00
10231,1128,6955,1567,1556,2026-05-27 11:00:00
10232,2478,6955,1601,1612,2026-05-27 11:00:00
10233,1023,6956,1690,1680,2026-05-27 12:00:00
10234,2296,6956,1753,1763,2026-05-27 12:00:00
10235,2436,6957,1471,1459,2026-05-27 13:00:00
10236,2126,6957,1472,1484,2026-05-27 13:00:00
10237,2126,6958,1484,1478,2026-05-27 13:00:00
10238,1754,6958,1667,1673,2026-05-27 13:00:00
10239,1007,6959,1214,1208,2026-05-27 13:00:00
10240,145,6959,1388,1395,2026-05-27 13:00:00
10241,75,6961,1764,1753,2026-05-27 14:00:00
10242,802,6961,1815,1825,2026-05-27 14:00:00
10243,2407,6962,1322,1330,2026-05-27 14:00:00
10244,2148,6962,1195,1187,2026-05-27 14:00:00
10245,1756,6963,1737,1723,2026-05-27 15:00:00
10246,1220,6963,1691,1705,2026-05-27 15:00:00
10247,49,6964,1537,1544,2026-05-27 16:00:00
10248,145,6964,1395,1387,2026-05-27 16:00:00
10249,382,6965,1652,1643,2026-05-27 16:00:00
10250,542,6965,1747,1756,2026-05-27 16:00:00
10251,367,6966,1353,1369,2026-05-27 16:00:00
10252,672,6966,1499,1482,2026-05-27 16:00:00
10253,179,6967,1337,1349,2026-05-27 16:00:00
10254,269,6967,1346,1333,2026-05-27 16:00:00
10255,1022,6969,1531,1523,2026-05-27 17:00:00
10256,2142,6969,1658,1665,2026-05-27 17:00:00
10257,480,6971,1387,1395,2026-05-27 17:00:00
10258,1292,6971,1251,1243,2026-05-27 17:00:00
10259,1946,6972,1296,1290,2026-05-27 17:00:00
10260,1269,6972,1472,1478,2026-05-27 17:00:00
10261,1549,6973,1842,1833,2026-05-27 17:00:00
10262,2304,6973,1939,1947,2026-05-27 17:00:00
10263,1411,6974,1319,1313,2026-05-27 17:00:00
10264,1890,6974,1498,1504,2026-05-27 17:00:00
10265,1845,6975,1227,1220,2026-05-27 17:00:00
10266,339,6975,1396,1403,2026-05-27 17:00:00
10267,1345,6976,1493,1501,2026-05-27 17:00:00
10268,747,6976,1367,1359,2026-05-27 17:00:00
10269,2016,6977,1136,1132,2026-05-27 17:00:00
10270,989,6977,1383,1388,2026-05-27 17:00:00
10271,1105,6978,1274,1282,2026-05-27 17:00:00
10272,1906,6978,1150,1142,2026-05-27 17:00:00
10273,741,6979,1422,1430,2026-05-27 17:00:00
10274,67,6979,1281,1274,2026-05-27 17:00:00
10275,197,6980,1515,1504,2026-05-27 17:00:00
10276,1431,6980,1545,1556,2026-05-27 17:00:00
10277,63,6981,1581,1567,2026-05-27 18:00:00
10278,1397,6981,1523,1537,2026-05-27 18:00:00
10279,144,6982,1381,1374,2026-05-27 18:00:00
10280,1592,6982,1540,1547,2026-05-27 18:00:00
10281,1007,6983,1208,1218,2026-05-27 18:00:00
10282,1777,6983,1144,1134,2026-05-27 18:00:00
10283,1566,6984,1907,1899,2026-05-27 18:00:00
10284,610,6984,2050,2057,2026-05-27 18:00:00
10285,1169,6986,1551,1559,2026-05-27 18:00:00
10286,2473,6986,1411,1403,2026-05-27 18:00:00
10287,53,6989,1592,1601,2026-05-27 18:00:00
10288,177,6989,1516,1507,2026-05-27 18:00:00
10289,1262,6993,1334,1317,2026-05-27 19:00:00
10290,453,6993,1196,1213,2026-05-27 19:00:00
10291,420,6994,1647,1638,2026-05-27 19:00:00
10292,1681,6994,1743,1751,2026-05-27 19:00:00
10293,854,6996,1666,1675,2026-05-27 19:00:00
10294,1071,6996,1569,1560,2026-05-27 19:00:00
10295,1683,6997,1451,1460,2026-05-27 19:00:00
10296,899,6997,1355,1346,2026-05-27 19:00:00
10297,574,6998,1632,1643,2026-05-27 19:00:00
10298,2454,6998,1589,1579,2026-05-27 19:00:00
10299,1631,6999,1901,1911,2026-05-27 20:00:00
10300,802,6999,1825,1815,2026-05-27 20:00:00
10301,1415,7000,1407,1414,2026-05-27 20:00:00
10302,685,7000,1260,1253,2026-05-27 20:00:00
10303,1367,7001,1788,1792,2026-05-27 20:00:00
10304,1461,7001,1533,1529,2026-05-27 20:00:00
10305,1112,7002,1371,1361,2026-05-27 20:00:00
10306,827,7002,1441,1451,2026-05-27 20:00:00
10307,2351,7004,1432,1425,2026-05-27 20:00:00
10308,1148,7004,1558,1566,2026-05-27 20:00:00
10309,602,7007,1383,1375,2026-05-27 21:00:00
10310,718,7007,1491,1500,2026-05-27 21:00:00
10311,561,7008,1682,1688,2026-05-27 21:00:00
10312,1982,7008,1508,1502,2026-05-27 21:00:00
10313,774,7009,2007,2014,2026-05-27 21:00:00
10314,1039,7009,1860,1853,2026-05-27 21:00:00
10315,16,7011,1350,1358,2026-05-27 21:00:00
10316,1996,7011,1213,1206,2026-05-27 21:00:00
10317,2196,7012,1418,1407,2026-05-27 21:00:00
10318,1525,7012,1444,1455,2026-05-27 21:00:00
10319,1489,7013,1382,1371,2026-05-27 21:00:00
10320,2246,7013,1406,1418,2026-05-27 21:00:00
10321,396,7014,1378,1367,2026-05-27 22:00:00
10322,480,7014,1395,1406,2026-05-27 22:00:00
10323,1870,7015,1854,1856,2026-05-27 22:00:00
10324,2126,7015,1478,1476,2026-05-27 22:00:00
10325,517,7016,1430,1422,2026-05-27 22:00:00
10326,1417,7016,1550,1558,2026-05-27 22:00:00
10327,1944,7018,1469,1456,2026-05-27 22:00:00
10328,1829,7018,1461,1473,2026-05-27 22:00:00
10329,257,7019,1482,1472,2026-05-27 22:00:00
10330,49,7019,1544,1554,2026-05-27 22:00:00
10331,2393,7020,1853,1858,2026-05-27 22:00:00
10332,1509,7020,1598,1594,2026-05-27 22:00:00
10333,28,7021,1803,1788,2026-05-27 22:00:00
10334,2458,7021,1702,1717,2026-05-27 22:00:00
10335,2278,7023,1382,1389,2026-05-27 22:00:00
10336,697,7023,1221,1214,2026-05-27 22:00:00
10337,30,7024,1547,1559,2026-05-27 22:00:00
10338,884,7024,1526,1515,2026-05-27 22:00:00
10339,2016,7025,1132,1122,2026-05-28 00:00:00
10340,1691,7025,1193,1203,2026-05-28 00:00:00
10341,1036,7027,1039,1030,2026-05-28 01:00:00
10342,1374,7027,1140,1149,2026-05-28 01:00:00
10343,1401,7029,1391,1377,2026-05-28 10:00:00
10344,1262,7029,1317,1332,2026-05-28 10:00:00
10345,2308,7030,1700,1690,2026-05-28 11:00:00
10346,1261,7030,1748,1758,2026-05-28 11:00:00
10347,952,7031,1328,1323,2026-05-28 11:00:00
10348,409,7031,1591,1596,2026-05-28 11:00:00
10349,1129,7032,1468,1482,2026-05-28 11:00:00
10350,1620,7032,1538,1524,2026-05-28 11:00:00
10351,1369,7033,1292,1288,2026-05-28 11:00:00
10352,1760,7033,1563,1567,2026-05-28 11:00:00
10353,2022,7036,1583,1572,2026-05-28 11:00:00
10354,1434,7036,1614,1625,2026-05-28 11:00:00
10355,453,7037,1213,1204,2026-05-28 12:00:00
10356,2035,7037,1322,1331,2026-05-28 12:00:00
10357,837,7038,1474,1462,2026-05-28 12:00:00
10358,2329,7038,1488,1499,2026-05-28 12:00:00
10359,854,7039,1675,1684,2026-05-28 12:00:00
10360,407,7039,1586,1577,2026-05-28 12:00:00
10361,2325,7040,1162,1153,2026-05-28 13:00:00
10362,1292,7040,1243,1253,2026-05-28 13:00:00
10363,595,7042,1451,1442,2026-05-28 13:00:00
10364,677,7042,1549,1558,2026-05-28 13:00:00
10365,1773,7043,1653,1644,2026-05-28 14:00:00
10366,1278,7043,1723,1732,2026-05-28 14:00:00
10367,1007,7044,1218,1211,2026-05-28 14:00:00
10368,1548,7044,1388,1394,2026-05-28 14:00:00
10369,2127,7045,1641,1646,2026-05-28 14:00:00
10370,1004,7045,1404,1399,2026-05-28 14:00:00
10371,2116,7047,1534,1545,2026-05-28 15:00:00
10372,1929,7047,1505,1494,2026-05-28 15:00:00
10373,820,7048,1403,1413,2026-05-28 15:00:00
10374,244,7048,1348,1337,2026-05-28 15:00:00
10375,2474,7049,1221,1212,2026-05-28 15:00:00
10376,460,7049,1294,1304,2026-05-28 15:00:00
10377,1887,7050,1323,1316,2026-05-28 15:00:00
10378,1552,7050,1478,1485,2026-05-28 15:00:00
10379,1489,7052,1371,1369,2026-05-28 15:00:00
10380,2442,7052,1743,1746,2026-05-28 15:00:00
10381,1400,7053,1592,1578,2026-05-28 16:00:00
10382,1402,7053,1536,1550,2026-05-28 16:00:00
10383,1803,7056,1401,1412,2026-05-28 17:00:00
10384,2092,7056,1358,1348,2026-05-28 17:00:00
10385,109,7057,1911,1921,2026-05-28 17:00:00
10386,2227,7057,1867,1857,2026-05-28 17:00:00
10387,1836,7058,1300,1291,2026-05-28 17:00:00
10388,144,7058,1374,1383,2026-05-28 17:00:00
10389,2116,7059,1545,1561,2026-05-28 17:00:00
10390,1961,7059,1637,1622,2026-05-28 17:00:00
10391,1172,7061,1655,1642,2026-05-28 17:00:00
10392,2070,7061,1625,1638,2026-05-28 17:00:00
10393,873,7063,1754,1761,2026-05-28 17:00:00
10394,2409,7063,1613,1605,2026-05-28 17:00:00
10395,1519,7064,1558,1565,2026-05-28 17:00:00
10396,2487,7064,1409,1402,2026-05-28 17:00:00
10397,639,7066,1472,1480,2026-05-28 17:00:00
10398,1112,7066,1361,1353,2026-05-28 17:00:00
10399,1148,7068,1566,1581,2026-05-28 17:00:00
10400,158,7068,1655,1640,2026-05-28 17:00:00
10401,1953,7069,1326,1319,2026-05-28 18:00:00
10402,119,7069,1464,1472,2026-05-28 18:00:00
10403,2487,7071,1402,1413,2026-05-28 18:00:00
10404,2455,7071,1364,1353,2026-05-28 18:00:00
10405,1645,7072,1545,1557,2026-05-28 18:00:00
10406,188,7072,1538,1526,2026-05-28 18:00:00
10407,728,7073,1380,1370,2026-05-28 18:00:00
10408,623,7073,1443,1453,2026-05-28 18:00:00
10409,1255,7074,1693,1704,2026-05-28 18:00:00
10410,2154,7074,1668,1657,2026-05-28 18:00:00
10411,536,7075,1344,1337,2026-05-28 19:00:00
10412,1361,7075,1473,1481,2026-05-28 19:00:00
10413,454,7076,1442,1438,2026-05-28 19:00:00
10414,2252,7076,1708,1713,2026-05-28 19:00:00
10415,1669,7077,1498,1490,2026-05-28 19:00:00
10416,1961,7077,1622,1630,2026-05-28 19:00:00
10417,2369,7078,1469,1479,2026-05-28 19:00:00
10418,56,7078,1385,1375,2026-05-28 19:00:00
10419,2262,7080,1281,1295,2026-05-28 19:00:00
10420,533,7080,1359,1344,2026-05-28 19:00:00
10421,1389,7082,1420,1409,2026-05-28 19:00:00
10422,1508,7082,1443,1454,2026-05-28 19:00:00
10423,921,7083,1247,1240,2026-05-28 19:00:00
10424,820,7083,1413,1419,2026-05-28 19:00:00
10425,2110,7084,1091,1108,2026-05-28 19:00:00
10426,730,7084,1232,1216,2026-05-28 19:00:00
10427,1645,7086,1557,1547,2026-05-28 19:00:00
10428,1275,7086,1618,1628,2026-05-28 19:00:00
10429,891,7087,1189,1179,2026-05-28 19:00:00
10430,2448,7087,1246,1257,2026-05-28 19:00:00
10431,2304,7089,1947,1932,2026-05-28 20:00:00
10432,159,7089,1861,1875,2026-05-28 20:00:00
10433,2471,7090,1674,1670,2026-05-28 20:00:00
10434,765,7090,1960,1964,2026-05-28 20:00:00
10435,2090,7091,1752,1743,2026-05-28 20:00:00
10436,630,7091,1841,1850,2026-05-28 20:00:00
10437,753,7092,1323,1331,2026-05-28 20:00:00
10438,694,7092,1197,1190,2026-05-28 20:00:00
10439,502,7093,1421,1413,2026-05-28 20:00:00
10440,2119,7093,1530,1538,2026-05-28 20:00:00
10441,958,7094,1397,1407,2026-05-28 20:00:00
10442,896,7094,1334,1324,2026-05-28 20:00:00
10443,1820,7096,1270,1284,2026-05-28 20:00:00
10444,122,7096,1348,1333,2026-05-28 20:00:00
10445,191,7097,1810,1800,2026-05-28 20:00:00
10446,249,7097,1887,1896,2026-05-28 20:00:00
10447,736,7098,1463,1475,2026-05-28 20:00:00
10448,523,7098,1474,1462,2026-05-28 20:00:00
10449,336,7099,1511,1497,2026-05-28 20:00:00
10450,1695,7099,1450,1464,2026-05-28 20:00:00
10451,1753,7100,1681,1671,2026-05-28 21:00:00
10452,1278,7100,1732,1743,2026-05-28 21:00:00
10453,432,7101,1595,1583,2026-05-28 21:00:00
10454,401,7101,1596,1608,2026-05-28 21:00:00
10455,2120,7102,1708,1714,2026-05-28 21:00:00
10456,1461,7102,1529,1522,2026-05-28 21:00:00
10457,2366,7103,1638,1628,2026-05-28 21:00:00
10458,183,7103,1694,1704,2026-05-28 21:00:00
10459,2430,7104,1323,1331,2026-05-28 21:00:00
10460,621,7104,1186,1178,2026-05-28 21:00:00
10461,1113,7105,1296,1287,2026-05-28 21:00:00
10462,56,7105,1375,1385,2026-05-28 21:00:00
10463,1810,7106,1980,1988,2026-05-28 21:00:00
10464,651,7106,1873,1865,2026-05-28 21:00:00
10465,778,7107,1460,1470,2026-05-28 21:00:00
10466,1004,7107,1399,1389,2026-05-28 21:00:00
10467,774,7108,2014,2017,2026-05-28 21:00:00
10468,1323,7108,1696,1693,2026-05-28 21:00:00
10469,2267,7109,1534,1549,2026-05-28 21:00:00
10470,1080,7109,1615,1600,2026-05-28 21:00:00
10471,2025,7110,1528,1536,2026-05-28 21:00:00
10472,84,7110,1415,1407,2026-05-28 21:00:00
10473,2095,7111,1620,1623,2026-05-28 22:00:00
10474,952,7111,1323,1320,2026-05-28 22:00:00
10475,1663,7112,1712,1702,2026-05-28 22:00:00
10476,787,7112,1782,1791,2026-05-28 22:00:00
10477,2120,7114,1714,1722,2026-05-28 22:00:00
10478,1919,7114,1583,1576,2026-05-28 22:00:00
10479,1172,7115,1642,1628,2026-05-28 22:00:00
10480,428,7115,1579,1593,2026-05-28 22:00:00
10481,794,7117,1667,1660,2026-05-28 22:00:00
10482,959,7117,1809,1817,2026-05-28 22:00:00
10483,2388,7122,1849,1854,2026-05-28 22:00:00
10484,1000,7122,1607,1603,2026-05-28 22:00:00
10485,1098,7123,1385,1375,2026-05-28 23:00:00
10486,2072,7123,1466,1476,2026-05-28 23:00:00
10487,1621,7124,1535,1546,2026-05-28 23:00:00
10488,334,7124,1523,1511,2026-05-28 23:00:00
10489,1067,7125,1515,1530,2026-05-28 23:00:00
10490,1336,7125,1583,1569,2026-05-28 23:00:00
10491,852,7126,1401,1414,2026-05-28 23:00:00
10492,741,7126,1430,1417,2026-05-28 23:00:00
10493,2489,7127,1383,1398,2026-05-28 23:00:00
10494,1865,7127,1471,1456,2026-05-28 23:00:00
10495,455,7128,1251,1241,2026-05-28 23:00:00
10496,565,7128,1311,1321,2026-05-28 23:00:00
10497,664,7130,1669,1677,2026-05-29 00:00:00
10498,2119,7130,1538,1530,2026-05-29 00:00:00
10499,119,7132,1472,1479,2026-05-29 09:00:00
10500,536,7132,1337,1329,2026-05-29 09:00:00
10501,952,7133,1320,1327,2026-05-29 09:00:00
10502,775,7133,1179,1172,2026-05-29 09:00:00
10503,664,7134,1677,1666,2026-05-29 10:00:00
10504,1220,7134,1705,1716,2026-05-29 10:00:00
10505,670,7136,1376,1366,2026-05-29 10:00:00
10506,1759,7136,1426,1436,2026-05-29 10:00:00
10507,1804,7139,1506,1514,2026-05-29 11:00:00
10508,601,7139,1391,1383,2026-05-29 11:00:00
10509,453,7140,1204,1194,2026-05-29 12:00:00
10510,41,7140,1258,1269,2026-05-29 12:00:00
10511,1462,7141,1811,1821,2026-05-29 12:00:00
10512,1646,7141,1752,1742,2026-05-29 12:00:00
10513,2239,7142,1472,1483,2026-05-29 12:00:00
10514,1162,7142,1453,1442,2026-05-29 12:00:00
10515,974,7143,1525,1530,2026-05-29 12:00:00
10516,1599,7143,1321,1315,2026-05-29 12:00:00
10517,827,7144,1451,1442,2026-05-29 12:00:00
10518,1071,7144,1560,1569,2026-05-29 12:00:00
10519,1163,7145,1879,1891,2026-05-29 13:00:00
10520,1965,7145,1866,1855,2026-05-29 13:00:00
10521,722,7146,1491,1497,2026-05-29 13:00:00
10522,1836,7146,1291,1285,2026-05-29 13:00:00
10523,214,7147,1224,1236,2026-05-29 13:00:00
10524,1061,7147,1219,1207,2026-05-29 13:00:00
10525,894,7149,1434,1426,2026-05-29 14:00:00
10526,1894,7149,1565,1573,2026-05-29 14:00:00
10527,1936,7150,1215,1207,2026-05-29 14:00:00
10528,1112,7150,1353,1360,2026-05-29 14:00:00
10529,994,7152,1868,1852,2026-05-29 14:00:00
10530,721,7152,1733,1749,2026-05-29 14:00:00
10531,2108,7153,1646,1654,2026-05-29 15:00:00
10532,2119,7153,1530,1522,2026-05-29 15:00:00
10533,1965,7154,1855,1862,2026-05-29 15:00:00
10534,2024,7154,1713,1706,2026-05-29 15:00:00
10535,1353,7155,1166,1158,2026-05-29 15:00:00
10536,1178,7155,1309,1316,2026-05-29 15:00:00
10537,1483,7156,1138,1151,2026-05-29 15:00:00
10538,1488,7156,1193,1179,2026-05-29 15:00:00
10539,773,7157,1486,1475,2026-05-29 15:00:00
10540,2185,7157,1524,1535,2026-05-29 15:00:00
10541,924,7158,1640,1632,2026-05-29 15:00:00
10542,1930,7158,1753,1761,2026-05-29 15:00:00
10543,2257,7160,2098,2101,2026-05-29 15:00:00
10544,598,7160,1714,1712,2026-05-29 15:00:00
10545,1549,7161,1833,1822,2026-05-29 16:00:00
10546,1870,7161,1856,1867,2026-05-29 16:00:00
10547,883,7162,1371,1365,2026-05-29 16:00:00
10548,287,7162,1543,1550,2026-05-29 16:00:00
10549,1401,7163,1377,1367,2026-05-29 16:00:00
10550,929,7163,1433,1443,2026-05-29 16:00:00
10551,493,7166,1733,1726,2026-05-29 16:00:00
10552,1126,7166,1906,1913,2026-05-29 16:00:00
10553,1551,7167,1882,1869,2026-05-29 16:00:00
10554,518,7167,1854,1867,2026-05-29 16:00:00
10555,453,7168,1194,1184,2026-05-29 16:00:00
10556,685,7168,1253,1263,2026-05-29 16:00:00
10557,255,7169,1445,1433,2026-05-29 16:00:00
10558,2268,7169,1454,1466,2026-05-29 16:00:00
10559,1482,7170,1694,1686,2026-05-29 16:00:00
10560,744,7170,1810,1818,2026-05-29 16:00:00
10561,1727,7171,1625,1635,2026-05-29 16:00:00
10562,1664,7171,1573,1563,2026-05-29 16:00:00
10563,2091,7172,1809,1793,2026-05-29 16:00:00
10564,1668,7172,1665,1682,2026-05-29 16:00:00
10565,1976,7173,1570,1558,2026-05-29 16:00:00
10566,949,7173,1564,1576,2026-05-29 16:00:00
10567,192,7174,1263,1255,2026-05-29 16:00:00
10568,1466,7174,1389,1397,2026-05-29 16:00:00
10569,1371,7175,984,1000,2026-05-29 16:00:00
10570,2040,7175,1079,1064,2026-05-29 16:00:00
10571,304,7176,1545,1555,2026-05-29 17:00:00
10572,1361,7176,1481,1471,2026-05-29 17:00:00
10573,1098,7177,1375,1386,2026-05-29 17:00:00
10574,536,7177,1329,1319,2026-05-29 17:00:00
10575,1944,7179,1456,1461,2026-05-29 17:00:00
10576,2348,7179,1212,1207,2026-05-29 17:00:00
10577,1178,7180,1316,1304,2026-05-29 17:00:00
10578,1710,7180,1314,1326,2026-05-29 17:00:00
10579,2116,7182,1561,1545,2026-05-29 17:00:00
10580,2268,7182,1466,1481,2026-05-29 17:00:00
10581,1566,7183,1899,1907,2026-05-29 17:00:00
10582,75,7183,1753,1746,2026-05-29 17:00:00
10583,1170,7184,1533,1522,2026-05-29 17:00:00
10584,1169,7184,1559,1570,2026-05-29 17:00:00
10585,161,7185,1422,1419,2026-05-29 17:00:00
10586,138,7185,1738,1741,2026-05-29 17:00:00
10587,1602,7186,1664,1654,2026-05-29 17:00:00
10588,1360,7186,1717,1727,2026-05-29 17:00:00
10589,1700,7187,1987,1994,2026-05-29 17:00:00
10590,2404,7187,1853,1845,2026-05-29 17:00:00
10591,863,7188,999,991,2026-05-29 17:00:00
10592,2306,7188,1127,1135,2026-05-29 17:00:00
10593,1878,7189,1601,1587,2026-05-29 17:00:00
10594,2025,7189,1536,1550,2026-05-29 17:00:00
10595,2035,7190,1331,1327,2026-05-29 18:00:00
10596,1721,7190,1631,1635,2026-05-29 18:00:00
10597,1548,7191,1394,1408,2026-05-29 18:00:00
10598,451,7191,1433,1419,2026-05-29 18:00:00
10599,2031,7194,1356,1370,2026-05-29 18:00:00
10600,1303,7194,1427,1413,2026-05-29 18:00:00
10601,2404,7195,1845,1834,2026-05-29 18:00:00
10602,1039,7195,1853,1864,2026-05-29 18:00:00
10603,2176,7196,1312,1305,2026-05-29 18:00:00
10604,827,7196,1442,1450,2026-05-29 18:00:00
10605,1727,7197,1635,1626,2026-05-29 18:00:00
10606,2458,7197,1717,1727,2026-05-29 18:00:00
10607,363,7198,1742,1752,2026-05-29 18:00:00
10608,691,7198,1694,1684,2026-05-29 18:00:00
10609,2288,7199,1776,1767,2026-05-29 18:00:00
10610,313,7199,1871,1880,2026-05-29 18:00:00
10611,1023,7200,1680,1687,2026-05-29 18:00:00
10612,1617,7200,1524,1517,2026-05-29 18:00:00
10613,1354,7202,1757,1766,2026-05-29 19:00:00
10614,1408,7202,1653,1644,2026-05-29 19:00:00
10615,1028,7204,1570,1561,2026-05-29 19:00:00
10616,664,7204,1666,1675,2026-05-29 19:00:00
10617,414,7206,1592,1600,2026-05-29 19:00:00
10618,1361,7206,1471,1463,2026-05-29 19:00:00
10619,1775,7207,1507,1522,2026-05-29 19:00:00
10620,176,7207,1600,1585,2026-05-29 19:00:00
10621,1566,7208,1907,1916,2026-05-29 19:00:00
10622,1958,7208,1815,1806,2026-05-29 19:00:00
10623,1093,7209,1643,1632,2026-05-29 19:00:00
10624,794,7209,1660,1671,2026-05-29 19:00:00
10625,1170,7212,1522,1511,2026-05-29 19:00:00
10626,1837,7212,1569,1579,2026-05-29 19:00:00
10627,2373,7214,1264,1256,2026-05-29 19:00:00
10628,713,7214,1388,1396,2026-05-29 19:00:00
10629,926,7215,1527,1515,2026-05-29 19:00:00
10630,738,7215,1549,1560,2026-05-29 19:00:00
10631,1547,7216,1334,1324,2026-05-29 19:00:00
10632,1004,7216,1389,1400,2026-05-29 19:00:00
10633,1364,7217,1587,1576,2026-05-29 19:00:00
10634,142,7217,1602,1613,2026-05-29 19:00:00
10635,820,7218,1419,1429,2026-05-29 19:00:00
10636,244,7218,1337,1328,2026-05-29 19:00:00
10637,1727,7219,1626,1632,2026-05-29 19:00:00
10638,181,7219,1432,1426,2026-05-29 19:00:00
10639,991,7220,1407,1417,2026-05-29 19:00:00
10640,1280,7220,1341,1331,2026-05-29 19:00:00
10641,697,7221,1214,1225,2026-05-29 19:00:00
10642,1626,7221,1197,1186,2026-05-29 19:00:00
10643,2040,7222,1064,1054,2026-05-29 19:00:00
10644,1906,7222,1142,1151,2026-05-29 19:00:00
10645,2244,7224,1297,1287,2026-05-29 19:00:00
10646,904,7224,1358,1368,2026-05-29 19:00:00
10647,435,7225,1431,1441,2026-05-29 19:00:00
10648,979,7225,1371,1361,2026-05-29 19:00:00
10649,646,7226,1335,1321,2026-05-29 20:00:00
10650,1836,7226,1285,1299,2026-05-29 20:00:00
10651,952,7227,1327,1338,2026-05-29 20:00:00
10652,1836,7227,1299,1288,2026-05-29 20:00:00
10653,2219,7228,1518,1508,2026-05-29 20:00:00
10654,1747,7228,1575,1585,2026-05-29 20:00:00
10655,396,7229,1367,1377,2026-05-29 20:00:00
10656,536,7229,1319,1308,2026-05-29 20:00:00
10657,1408,7230,1644,1639,2026-05-29 20:00:00
10658,1965,7230,1862,1867,2026-05-29 20:00:00
10659,1760,7232,1567,1550,2026-05-29 20:00:00
10660,992,7232,1418,1435,2026-05-29 20:00:00
10661,2433,7235,1121,1114,2026-05-29 20:00:00
10662,1113,7235,1287,1294,2026-05-29 20:00:00
10663,49,7237,1554,1545,2026-05-29 20:00:00
10664,420,7237,1638,1648,2026-05-29 20:00:00
10665,610,7238,2057,2067,2026-05-29 20:00:00
10666,1810,7238,1988,1979,2026-05-29 20:00:00
10667,1495,7239,1457,1447,2026-05-29 20:00:00
10668,2467,7239,1515,1525,2026-05-29 20:00:00
10669,1482,7241,1686,1675,2026-05-29 20:00:00
10670,554,7241,1729,1740,2026-05-29 20:00:00
10671,2183,7242,1713,1705,2026-05-29 20:00:00
10672,368,7242,1836,1844,2026-05-29 20:00:00
10673,1302,7243,1509,1519,2026-05-29 20:00:00
10674,503,7243,1447,1437,2026-05-29 20:00:00
10675,247,7245,1677,1684,2026-05-29 20:00:00
10676,1940,7245,1522,1515,2026-05-29 20:00:00
10677,1354,7248,1766,1772,2026-05-29 21:00:00
10678,432,7248,1583,1577,2026-05-29 21:00:00
10679,184,7250,1456,1444,2026-05-29 21:00:00
10680,1062,7250,1457,1469,2026-05-29 21:00:00
10681,901,7251,1640,1647,2026-05-29 21:00:00
10682,1669,7251,1490,1483,2026-05-29 21:00:00
10683,69,7252,1352,1342,2026-05-29 21:00:00
10684,339,7252,1403,1413,2026-05-29 21:00:00
10685,1266,7253,1455,1471,2026-05-29 21:00:00
10686,970,7253,1575,1559,2026-05-29 21:00:00
10687,2455,7254,1353,1346,2026-05-29 21:00:00
10688,1982,7254,1502,1509,2026-05-29 21:00:00
10689,2074,7255,1599,1609,2026-05-29 21:00:00
10690,1224,7255,1522,1512,2026-05-29 21:00:00
10691,1158,7256,1585,1574,2026-05-29 21:00:00
10692,142,7256,1613,1625,2026-05-29 21:00:00
10693,701,7257,1492,1481,2026-05-29 21:00:00
10694,2009,7257,1528,1538,2026-05-29 21:00:00
10695,1825,7258,1487,1499,2026-05-29 21:00:00
10696,165,7258,1485,1473,2026-05-29 21:00:00
10697,2048,7259,1234,1223,2026-05-29 21:00:00
10698,455,7259,1241,1253,2026-05-29 21:00:00
10699,2348,7261,1207,1203,2026-05-29 22:00:00
10700,279,7261,1476,1480,2026-05-29 22:00:00
10701,2348,7262,1203,1192,2026-05-29 22:00:00
10702,1822,7262,1247,1257,2026-05-29 22:00:00
10703,1408,7263,1639,1648,2026-05-29 22:00:00
10704,1592,7263,1547,1538,2026-05-29 22:00:00
10705,229,7264,1612,1621,2026-05-29 22:00:00
10706,1022,7264,1523,1514,2026-05-29 22:00:00
10707,231,7265,1189,1179,2026-05-29 22:00:00
10708,1292,7265,1253,1263,2026-05-29 22:00:00
10709,1777,7266,1134,1122,2026-05-29 22:00:00
10710,1483,7266,1151,1163,2026-05-29 22:00:00
10711,737,7267,1425,1417,2026-05-29 22:00:00
10712,2116,7267,1545,1553,2026-05-29 22:00:00
10713,2281,7270,1630,1643,2026-05-29 22:00:00
10714,1915,7270,1665,1652,2026-05-29 22:00:00
10715,1353,7271,1158,1150,2026-05-29 22:00:00
10716,41,7271,1269,1277,2026-05-29 22:00:00
10717,1262,7273,1332,1340,2026-05-29 22:00:00
10718,1218,7273,1210,1202,2026-05-29 22:00:00
10719,196,7274,1750,1758,2026-05-29 22:00:00
10720,881,7274,1615,1607,2026-05-29 22:00:00
10721,911,7275,1614,1620,2026-05-29 22:00:00
10722,2337,7275,1430,1424,2026-05-29 22:00:00
10723,553,7277,1398,1383,2026-05-29 22:00:00
10724,2262,7277,1295,1311,2026-05-29 22:00:00
10725,1938,7278,1514,1524,2026-05-29 22:00:00
10726,1289,7278,1443,1433,2026-05-29 22:00:00
10727,974,7279,1530,1520,2026-05-29 22:00:00
10728,407,7279,1577,1587,2026-05-29 22:00:00
10729,1546,7280,1072,1065,2026-05-29 22:00:00
10730,1006,7280,1221,1228,2026-05-29 22:00:00
10731,2485,7282,1532,1536,2026-05-29 22:00:00
10732,2256,7282,1282,1277,2026-05-29 22:00:00
10733,2392,7283,1183,1174,2026-05-29 22:00:00
10734,1618,7283,1284,1292,2026-05-29 22:00:00
10735,1533,7285,1417,1406,2026-05-29 22:00:00
10736,1695,7285,1464,1474,2026-05-29 22:00:00
10737,1256,7287,1392,1381,2026-05-29 22:00:00
10738,579,7287,1421,1432,2026-05-29 22:00:00
10739,619,7290,1690,1677,2026-05-29 23:00:00
10740,1753,7290,1671,1684,2026-05-29 23:00:00
10741,229,7291,1621,1630,2026-05-29 23:00:00
10742,1417,7291,1558,1548,2026-05-29 23:00:00
10743,2329,7292,1499,1483,2026-05-29 23:00:00
10744,1572,7292,1374,1390,2026-05-29 23:00:00
10745,916,7293,1148,1161,2026-05-29 23:00:00
10746,1534,7293,1186,1173,2026-05-29 23:00:00
10747,1071,7294,1569,1560,2026-05-29 23:00:00
10748,1668,7294,1682,1690,2026-05-29 23:00:00
10749,1758,7296,1341,1334,2026-05-29 23:00:00
10750,778,7296,1470,1478,2026-05-29 23:00:00
10751,122,7297,1333,1325,2026-05-29 23:00:00
10752,258,7297,1453,1461,2026-05-29 23:00:00
10753,1493,7298,1427,1414,2026-05-29 23:00:00
10754,474,7298,1410,1423,2026-05-29 23:00:00
10755,289,7300,1551,1562,2026-05-29 23:00:00
10756,1617,7300,1517,1506,2026-05-29 23:00:00
10757,1965,7301,1867,1875,2026-05-30 00:00:00
10758,189,7301,1725,1717,2026-05-30 00:00:00
10759,1379,7302,1672,1686,2026-05-30 00:00:00
10760,1220,7302,1716,1702,2026-05-30 00:00:00
10761,1154,7303,1467,1454,2026-05-30 00:00:00
10762,2316,7303,1452,1465,2026-05-30 00:00:00
10763,1361,7304,1463,1452,2026-05-30 00:00:00
10764,2072,7304,1476,1487,2026-05-30 00:00:00
10765,168,7305,1466,1462,2026-05-30 00:00:00
10766,363,7305,1752,1756,2026-05-30 00:00:00
10767,144,7307,1383,1399,2026-05-30 01:00:00
10768,412,7307,1498,1483,2026-05-30 01:00:00
10769,1355,7308,1391,1381,2026-05-30 01:00:00
10770,2456,7308,1456,1466,2026-05-30 01:00:00
10771,741,7309,1417,1404,2026-05-30 01:00:00
10772,1806,7309,1405,1417,2026-05-30 01:00:00
10773,2320,7310,1478,1469,2026-05-30 01:00:00
10774,1883,7310,1546,1555,2026-05-30 01:00:00
10775,1336,7311,1569,1580,2026-05-30 01:00:00
10776,114,7311,1535,1524,2026-05-30 01:00:00
10777,749,7312,1588,1574,2026-05-30 01:00:00
10778,1067,7312,1530,1544,2026-05-30 01:00:00
10779,816,7313,1808,1798,2026-05-30 10:00:00
10780,2227,7313,1857,1867,2026-05-30 10:00:00
10781,1965,7314,1875,1879,2026-05-30 10:00:00
10782,401,7314,1608,1604,2026-05-30 10:00:00
10783,966,7315,1475,1462,2026-05-30 10:00:00
10784,541,7315,1452,1465,2026-05-30 10:00:00
10785,884,7316,1515,1525,2026-05-30 10:00:00
10786,523,7316,1462,1451,2026-05-30 10:00:00
10787,2121,7317,1164,1159,2026-05-30 10:00:00
10788,222,7317,1386,1391,2026-05-30 10:00:00
10789,787,7319,1791,1796,2026-05-30 11:00:00
10790,304,7319,1555,1550,2026-05-30 11:00:00
10791,2119,7320,1522,1529,2026-05-30 11:00:00
10792,1321,7320,1378,1371,2026-05-30 11:00:00
10793,1007,7321,1211,1203,2026-05-30 11:00:00
10794,896,7321,1324,1332,2026-05-30 11:00:00
10795,327,7322,1073,1066,2026-05-30 11:00:00
10796,1845,7322,1220,1227,2026-05-30 11:00:00
10797,617,7323,1163,1157,2026-05-30 11:00:00
10798,1192,7323,1365,1371,2026-05-30 11:00:00
10799,2225,7324,2294,2294,2026-05-30 12:00:00
10800,1397,7324,1537,1537,2026-05-30 12:00:00
10801,261,7325,1458,1449,2026-05-30 12:00:00
10802,1417,7325,1548,1557,2026-05-30 12:00:00
10803,1773,7326,1644,1656,2026-05-30 12:00:00
10804,2108,7326,1654,1642,2026-05-30 12:00:00
10805,451,7327,1419,1410,2026-05-30 12:00:00
10806,1929,7327,1494,1503,2026-05-30 12:00:00
10807,685,7328,1263,1261,2026-05-30 13:00:00
10808,1025,7328,1647,1649,2026-05-30 13:00:00
10809,87,7330,1245,1228,2026-05-30 13:00:00
10810,2110,7330,1108,1124,2026-05-30 13:00:00
10811,2225,7331,2294,2294,2026-05-30 14:00:00
10812,768,7331,1433,1433,2026-05-30 14:00:00
10813,896,7332,1332,1340,2026-05-30 14:00:00
10814,311,7332,1204,1197,2026-05-30 14:00:00
10815,959,7333,1817,1800,2026-05-30 14:00:00
10816,1581,7333,1677,1694,2026-05-30 14:00:00
10817,2003,7334,1545,1536,2026-05-30 14:00:00
10818,901,7334,1647,1655,2026-05-30 14:00:00
10819,2363,7335,1420,1427,2026-05-30 14:00:00
10820,2435,7335,1280,1273,2026-05-30 14:00:00
10821,1499,7336,1434,1446,2026-05-30 14:00:00
10822,2337,7336,1424,1412,2026-05-30 14:00:00
10823,1708,7337,1813,1801,2026-05-30 14:00:00
10824,2404,7337,1834,1845,2026-05-30 14:00:00
10825,76,7338,1746,1756,2026-05-30 14:00:00
10826,1023,7338,1687,1677,2026-05-30 14:00:00
10827,396,7340,1377,1372,2026-05-30 15:00:00
10828,409,7340,1596,1601,2026-05-30 15:00:00
10829,1163,7341,1891,1900,2026-05-30 15:00:00
10830,1506,7341,1790,1781,2026-05-30 15:00:00
10831,1808,7342,1550,1557,2026-05-30 15:00:00
10832,480,7342,1406,1399,2026-05-30 15:00:00
10833,2348,7343,1192,1187,2026-05-30 15:00:00
10834,1803,7343,1412,1417,2026-05-30 15:00:00
10835,649,7344,1524,1532,2026-05-30 15:00:00
10836,451,7344,1410,1402,2026-05-30 15:00:00
10837,2070,7345,1638,1646,2026-05-30 15:00:00
10838,1388,7345,1524,1516,2026-05-30 15:00:00
10839,696,7347,1641,1649,2026-05-30 15:00:00
10840,645,7347,1512,1505,2026-05-30 15:00:00
10841,1266,7348,1471,1481,2026-05-30 15:00:00
10842,2337,7348,1412,1402,2026-05-30 15:00:00
10843,1615,7349,1334,1322,2026-05-30 15:00:00
10844,2399,7349,1347,1358,2026-05-30 15:00:00
10845,1028,7350,1561,1574,2026-05-30 16:00:00
10846,1747,7350,1585,1572,2026-05-30 16:00:00
10847,1098,7351,1386,1401,2026-05-30 16:00:00
10848,1829,7351,1473,1458,2026-05-30 16:00:00
10849,1367,7352,1792,1798,2026-05-30 16:00:00
10850,1283,7352,1595,1589,2026-05-30 16:00:00
10851,2003,7354,1536,1526,2026-05-30 16:00:00
10852,1894,7354,1573,1584,2026-05-30 16:00:00
10853,836,7355,1400,1408,2026-05-30 16:00:00
10854,1287,7355,1267,1259,2026-05-30 16:00:00
10855,1599,7356,1315,1324,2026-05-30 16:00:00
10856,921,7356,1240,1231,2026-05-30 16:00:00
10857,1198,7359,1465,1457,2026-05-30 17:00:00
10858,1844,7359,1556,1565,2026-05-30 17:00:00
10859,1022,7360,1514,1524,2026-05-30 17:00:00
10860,1123,7360,1462,1452,2026-05-30 17:00:00
10861,1154,7361,1454,1462,2026-05-30 17:00:00
10862,1411,7361,1313,1305,2026-05-30 17:00:00
10863,450,7363,1575,1565,2026-05-30 17:00:00
10864,285,7363,1647,1657,2026-05-30 17:00:00
10865,1620,7364,1524,1513,2026-05-30 17:00:00
10866,1028,7364,1574,1584,2026-05-30 17:00:00
10867,1093,7365,1632,1639,2026-05-30 17:00:00
10868,2357,7365,1499,1491,2026-05-30 17:00:00
10869,301,7366,1086,1077,2026-05-30 17:00:00
10870,621,7366,1178,1187,2026-05-30 17:00:00
10871,170,7367,1507,1516,2026-05-30 17:00:00
10872,255,7367,1433,1424,2026-05-30 17:00:00
10873,1522,7368,1680,1668,2026-05-30 17:00:00
10874,1201,7368,1687,1699,2026-05-30 17:00:00
10875,170,7369,1516,1508,2026-05-30 17:00:00
10876,2366,7369,1628,1636,2026-05-30 17:00:00
10877,2379,7370,1924,1914,2026-05-30 17:00:00
10878,1810,7370,1979,1989,2026-05-30 17:00:00
10879,1301,7372,1306,1298,2026-05-30 17:00:00
10880,1303,7372,1413,1421,2026-05-30 17:00:00
10881,1170,7373,1511,1502,2026-05-30 17:00:00
10882,2115,7373,1595,1604,2026-05-30 17:00:00
10883,2385,7376,1643,1657,2026-05-30 17:00:00
10884,2167,7376,1706,1692,2026-05-30 17:00:00
10885,2149,7378,1298,1290,2026-05-30 17:00:00
10886,1466,7378,1397,1405,2026-05-30 17:00:00
10887,367,7379,1369,1381,2026-05-30 17:00:00
10888,1252,7379,1351,1339,2026-05-30 17:00:00
10889,1352,7380,1277,1269,2026-05-30 17:00:00
10890,1533,7380,1406,1414,2026-05-30 17:00:00
10891,1123,7381,1452,1460,2026-05-30 18:00:00
10892,91,7381,1344,1335,2026-05-30 18:00:00
10893,1123,7382,1460,1477,2026-05-30 18:00:00
10894,414,7382,1600,1583,2026-05-30 18:00:00
10895,517,7383,1422,1411,2026-05-30 18:00:00
10896,1944,7383,1461,1472,2026-05-30 18:00:00
10897,454,7384,1438,1423,2026-05-30 18:00:00
10898,602,7384,1375,1389,2026-05-30 18:00:00
10899,959,7385,1800,1791,2026-05-30 18:00:00
10900,1502,7385,1888,1897,2026-05-30 18:00:00
10901,2224,7386,1502,1513,2026-05-30 18:00:00
10902,1688,7386,1466,1455,2026-05-30 18:00:00
10903,651,7387,1865,1877,2026-05-30 18:00:00
10904,1551,7387,1869,1857,2026-05-30 18:00:00
10905,948,7389,1423,1435,2026-05-30 18:00:00
10906,1188,7389,1432,1420,2026-05-30 18:00:00
10907,1030,7391,1710,1696,2026-05-30 18:00:00
10908,1284,7391,1643,1658,2026-05-30 18:00:00
10909,807,7392,1275,1288,2026-05-30 19:00:00
10910,536,7392,1308,1295,2026-05-30 19:00:00
10911,529,7393,1584,1598,2026-05-30 19:00:00
10912,538,7393,1670,1655,2026-05-30 19:00:00
10913,1789,7394,1789,1793,2026-05-30 19:00:00
10914,287,7394,1550,1545,2026-05-30 19:00:00
10915,2119,7395,1529,1520,2026-05-30 19:00:00
10916,529,7395,1598,1608,2026-05-30 19:00:00
10917,517,7396,1411,1395,2026-05-30 19:00:00
10918,807,7396,1288,1304,2026-05-30 19:00:00
10919,170,7397,1508,1517,2026-05-30 19:00:00
10920,255,7397,1424,1415,2026-05-30 19:00:00
10921,1810,7398,1989,1998,2026-05-30 19:00:00
10922,1502,7398,1897,1888,2026-05-30 19:00:00
10923,2261,7399,1308,1316,2026-05-30 19:00:00
10924,1218,7399,1202,1194,2026-05-30 19:00:00
10925,2168,7400,1470,1490,2026-05-30 19:00:00
10926,196,7400,1758,1738,2026-05-30 19:00:00
10927,2445,7401,1711,1716,2026-05-30 19:00:00
10928,541,7401,1465,1460,2026-05-30 19:00:00
10929,696,7402,1649,1657,2026-05-30 19:00:00
10930,1094,7402,1538,1530,2026-05-30 19:00:00
10931,1435,7403,1340,1351,2026-05-30 19:00:00
10932,2047,7403,1299,1288,2026-05-30 19:00:00
10933,1057,7404,1504,1514,2026-05-30 19:00:00
10934,827,7404,1450,1440,2026-05-30 19:00:00
10935,308,7407,1510,1500,2026-05-30 19:00:00
10936,1221,7407,1559,1569,2026-05-30 19:00:00
10937,653,7408,1599,1585,2026-05-30 19:00:00
10938,698,7408,1532,1546,2026-05-30 19:00:00
10939,1489,7410,1369,1359,2026-05-30 19:00:00
10940,579,7410,1432,1442,2026-05-30 19:00:00
10941,868,7411,1368,1356,2026-05-30 19:00:00
10942,979,7411,1361,1373,2026-05-30 19:00:00
10943,409,7413,1601,1594,2026-05-30 20:00:00
10944,1278,7413,1743,1750,2026-05-30 20:00:00
10945,2386,7414,961,953,2026-05-30 20:00:00
10946,301,7414,1077,1085,2026-05-30 20:00:00
10947,49,7415,1545,1558,2026-05-30 20:00:00
10948,428,7415,1593,1579,2026-05-30 20:00:00
10949,428,7416,1579,1566,2026-05-30 20:00:00
10950,1739,7416,1540,1553,2026-05-30 20:00:00
10951,2120,7417,1722,1707,2026-05-30 20:00:00
10952,1414,7417,1630,1645,2026-05-30 20:00:00
10953,2153,7418,1491,1503,2026-05-30 20:00:00
10954,1266,7418,1481,1469,2026-05-30 20:00:00
10955,2393,7419,1858,1863,2026-05-30 20:00:00
10956,696,7419,1657,1651,2026-05-30 20:00:00
10957,1299,7420,1446,1450,2026-05-30 20:00:00
10958,1014,7420,1204,1199,2026-05-30 20:00:00
10959,510,7421,968,982,2026-05-30 20:00:00
10960,581,7421,1022,1008,2026-05-30 20:00:00
10961,410,7425,1777,1788,2026-05-30 20:00:00
10962,2038,7425,1741,1730,2026-05-30 20:00:00
10963,242,7426,1370,1363,2026-05-30 20:00:00
10964,878,7426,1497,1505,2026-05-30 20:00:00
10965,1284,7427,1658,1643,2026-05-30 20:00:00
10966,525,7427,1589,1603,2026-05-30 20:00:00
10967,2090,7428,1743,1747,2026-05-30 21:00:00
10968,768,7428,1433,1430,2026-05-30 21:00:00
10969,643,7429,1465,1454,2026-05-30 21:00:00
10970,1620,7429,1513,1524,2026-05-30 21:00:00
10971,432,7431,1577,1573,2026-05-30 21:00:00
10972,630,7431,1850,1854,2026-05-30 21:00:00
10973,587,7432,1790,1800,2026-05-30 21:00:00
10974,1646,7432,1742,1732,2026-05-30 21:00:00
10975,1777,7433,1122,1137,2026-05-30 21:00:00
10976,311,7433,1197,1182,2026-05-30 21:00:00
10977,1488,7434,1179,1174,2026-05-30 21:00:00
10978,737,7434,1417,1422,2026-05-30 21:00:00
10979,297,7435,1820,1822,2026-05-30 21:00:00
10980,2031,7435,1370,1368,2026-05-30 21:00:00
10981,1926,7437,917,910,2026-05-30 21:00:00
10982,2286,7437,1043,1051,2026-05-30 21:00:00
10983,2489,7440,1398,1386,2026-05-30 21:00:00
10984,707,7440,1389,1401,2026-05-30 21:00:00
10985,951,7443,1563,1573,2026-05-30 21:00:00
10986,708,7443,1502,1492,2026-05-30 21:00:00
10987,951,7444,1573,1565,2026-05-30 21:00:00
10988,598,7444,1712,1720,2026-05-30 21:00:00
10989,285,7445,1657,1648,2026-05-30 22:00:00
10990,2090,7445,1747,1756,2026-05-30 22:00:00
10991,643,7446,1454,1466,2026-05-30 22:00:00
10992,184,7446,1444,1432,2026-05-30 22:00:00
10993,952,7447,1338,1325,2026-05-30 22:00:00
10994,1411,7447,1305,1319,2026-05-30 22:00:00
10995,883,7448,1365,1374,2026-05-30 22:00:00
10996,1836,7448,1288,1279,2026-05-30 22:00:00
10997,1549,7449,1822,1830,2026-05-30 22:00:00
10998,819,7449,1689,1682,2026-05-30 22:00:00
10999,2138,7450,1224,1219,2026-05-30 22:00:00
11000,278,7450,1463,1468,2026-05-30 22:00:00
11001,610,7451,2067,2069,2026-05-30 22:00:00
11002,2087,7451,1678,1676,2026-05-30 22:00:00
11003,1301,7452,1298,1288,2026-05-30 22:00:00
11004,1435,7452,1351,1361,2026-05-30 22:00:00
11005,854,7453,1684,1669,2026-05-30 22:00:00
11006,331,7453,1612,1626,2026-05-30 22:00:00
11007,1633,7454,1357,1343,2026-05-30 22:00:00
11008,2453,7454,1288,1302,2026-05-30 22:00:00
11009,504,7455,1257,1272,2026-05-30 22:00:00
11010,1480,7455,1348,1333,2026-05-30 22:00:00
11011,1309,7456,1253,1239,2026-05-30 22:00:00
11012,1781,7456,1197,1211,2026-05-30 22:00:00
11013,603,7458,1426,1417,2026-05-30 22:00:00
11014,792,7458,1498,1508,2026-05-30 22:00:00
11015,104,7459,1805,1807,2026-05-30 22:00:00
11016,1031,7459,1400,1398,2026-05-30 22:00:00
11017,1652,7461,1385,1399,2026-05-30 22:00:00
11018,435,7461,1441,1427,2026-05-30 22:00:00
11019,1298,7462,1048,1039,2026-05-30 22:00:00
11020,2165,7462,1125,1135,2026-05-30 22:00:00
11021,1762,7464,1434,1448,2026-05-30 23:00:00
11022,2317,7464,1485,1471,2026-05-30 23:00:00
11023,198,7465,1583,1569,2026-05-30 23:00:00
11024,1890,7465,1504,1519,2026-05-30 23:00:00
11025,1018,7466,1340,1351,2026-05-30 23:00:00
11026,807,7466,1304,1293,2026-05-30 23:00:00
11027,1605,7468,1444,1452,2026-05-30 23:00:00
11028,1459,7468,1327,1319,2026-05-30 23:00:00
11029,2409,7469,1605,1616,2026-05-30 23:00:00
11030,1664,7469,1563,1552,2026-05-30 23:00:00
11031,84,7471,1407,1417,2026-05-30 23:00:00
11032,178,7471,1349,1339,2026-05-30 23:00:00
11033,2090,7472,1756,1763,2026-05-31 00:00:00
11034,409,7472,1594,1587,2026-05-31 00:00:00
11035,2056,7473,1046,1062,2026-05-31 00:00:00
11036,1374,7473,1149,1133,2026-05-31 00:00:00
11037,231,7474,1179,1171,2026-05-31 00:00:00
11038,1836,7474,1279,1287,2026-05-31 00:00:00
11039,2304,7475,1932,1924,2026-05-31 00:00:00
11040,1687,7475,2039,2048,2026-05-31 00:00:00
11041,1645,7476,1547,1539,2026-05-31 00:00:00
11042,357,7476,1687,1694,2026-05-31 00:00:00
11043,1336,7477,1580,1586,2026-05-31 00:00:00
11044,340,7477,1401,1395,2026-05-31 00:00:00
11045,1060,7478,1698,1709,2026-05-31 00:00:00
11046,1119,7478,1686,1674,2026-05-31 00:00:00
11047,1946,7479,1290,1282,2026-05-31 01:00:00
11048,1447,7479,1411,1419,2026-05-31 01:00:00
11049,1620,7480,1524,1534,2026-05-31 01:00:00
11050,2126,7480,1476,1465,2026-05-31 01:00:00
11051,529,7482,1608,1599,2026-05-31 09:00:00
11052,1220,7482,1702,1711,2026-05-31 09:00:00
11053,2369,7483,1479,1486,2026-05-31 09:00:00
11054,2430,7483,1331,1324,2026-05-31 09:00:00
11055,2142,7485,1665,1671,2026-05-31 10:00:00
11056,1269,7485,1478,1472,2026-05-31 10:00:00
11057,450,7486,1565,1558,2026-05-31 10:00:00
11058,1663,7486,1702,1710,2026-05-31 10:00:00
11059,926,7487,1515,1527,2026-05-31 10:00:00
11060,1170,7487,1502,1490,2026-05-31 10:00:00
11061,2310,7488,1847,1855,2026-05-31 10:00:00
11062,2458,7488,1727,1719,2026-05-31 10:00:00
11063,2190,7490,1471,1455,2026-05-31 11:00:00
11064,1192,7490,1371,1386,2026-05-31 11:00:00
11065,1592,7492,1538,1528,2026-05-31 12:00:00
11066,1535,7492,1607,1617,2026-05-31 12:00:00
11067,2348,7493,1187,1179,2026-05-31 12:00:00
11068,1490,7493,1321,1328,2026-05-31 12:00:00
11069,1411,7494,1319,1311,2026-05-31 12:00:00
11070,1762,7494,1448,1456,2026-05-31 12:00:00
11071,1844,7496,1565,1579,2026-05-31 13:00:00
11072,2095,7496,1623,1609,2026-05-31 13:00:00
11073,971,7497,1559,1548,2026-05-31 13:00:00
11074,2033,7497,1593,1603,2026-05-31 13:00:00
11075,794,7498,1671,1662,2026-05-31 13:00:00
11076,196,7498,1738,1747,2026-05-31 13:00:00
11077,1973,7499,1913,1920,2026-05-31 13:00:00
11078,620,7499,1778,1770,2026-05-31 13:00:00
11079,1159,7500,1311,1320,2026-05-31 13:00:00
11080,26,7500,1233,1224,2026-05-31 13:00:00
11081,921,7502,1231,1223,2026-05-31 13:00:00
11082,1112,7502,1360,1368,2026-05-31 13:00:00
11083,574,7503,1643,1651,2026-05-31 13:00:00
11084,1856,7503,1526,1518,2026-05-31 13:00:00
11085,471,7504,1471,1486,2026-05-31 14:00:00
11086,450,7504,1558,1543,2026-05-31 14:00:00
11087,1278,7505,1750,1758,2026-05-31 14:00:00
11088,652,7505,1631,1623,2026-05-31 14:00:00
11089,676,7506,1828,1839,2026-05-31 14:00:00
11090,869,7506,1807,1796,2026-05-31 14:00:00
11091,737,7507,1422,1409,2026-05-31 14:00:00
11092,2233,7507,1383,1397,2026-05-31 14:00:00
11093,1837,7509,1579,1594,2026-05-31 14:00:00
11094,2170,7509,1667,1652,2026-05-31 14:00:00
11095,1224,7510,1512,1503,2026-05-31 14:00:00
11096,399,7510,1592,1601,2026-05-31 14:00:00
11097,1840,7512,1379,1371,2026-05-31 14:00:00
11098,99,7512,1493,1501,2026-05-31 14:00:00
11099,574,7513,1651,1635,2026-05-31 14:00:00
11100,1748,7513,1530,1546,2026-05-31 14:00:00
11101,1762,7515,1456,1445,2026-05-31 15:00:00
11102,862,7515,1482,1493,2026-05-31 15:00:00
11103,2227,7516,1867,1858,2026-05-31 15:00:00
11104,765,7516,1964,1973,2026-05-31 15:00:00
11105,125,7517,1408,1401,2026-05-31 15:00:00
11106,1723,7517,1545,1553,2026-05-31 15:00:00
11107,2233,7518,1397,1392,2026-05-31 15:00:00
11108,2366,7518,1636,1641,2026-05-31 15:00:00
11109,2498,7520,1520,1530,2026-05-31 15:00:00
11110,1605,7520,1452,1442,2026-05-31 15:00:00
11111,1364,7522,1576,1572,2026-05-31 15:00:00
11112,2404,7522,1845,1849,2026-05-31 15:00:00
11113,1884,7523,1436,1424,2026-05-31 15:00:00
11114,1508,7523,1454,1465,2026-05-31 15:00:00
11115,380,7524,1408,1427,2026-05-31 15:00:00
11116,840,7524,1641,1622,2026-05-31 15:00:00
11117,1965,7527,1879,1871,2026-05-31 16:00:00
11118,1471,7527,1998,2006,2026-05-31 16:00:00
11119,802,7528,1815,1824,2026-05-31 16:00:00
11120,1201,7528,1699,1691,2026-05-31 16:00:00
11121,2467,7529,1525,1540,2026-05-31 16:00:00
11122,881,7529,1607,1592,2026-05-31 16:00:00
11123,971,7530,1548,1557,2026-05-31 16:00:00
11124,929,7530,1443,1434,2026-05-31 16:00:00
11125,587,7531,1800,1813,2026-05-31 16:00:00
11126,1462,7531,1821,1808,2026-05-31 16:00:00
11127,251,7532,1506,1491,2026-05-31 16:00:00
11128,2487,7532,1413,1428,2026-05-31 16:00:00
11129,419,7533,1317,1323,2026-05-31 16:00:00
11130,558,7533,1121,1115,2026-05-31 16:00:00
11131,367,7535,1381,1372,2026-05-31 16:00:00
11132,2320,7535,1469,1478,2026-05-31 16:00:00
11133,647,7536,1694,1702,2026-05-31 16:00:00
11134,2454,7536,1579,1571,2026-05-31 16:00:00
11135,1506,7537,1781,1791,2026-05-31 17:00:00
11136,2024,7537,1706,1696,2026-05-31 17:00:00
11137,1408,7538,1648,1641,2026-05-31 17:00:00
11138,787,7538,1796,1803,2026-05-31 17:00:00
11139,643,7539,1466,1478,2026-05-31 17:00:00
11140,1829,7539,1458,1447,2026-05-31 17:00:00
11141,2090,7540,1763,1772,2026-05-31 17:00:00
11142,619,7540,1677,1668,2026-05-31 17:00:00
11143,184,7541,1432,1443,2026-05-31 17:00:00
11144,1098,7541,1401,1390,2026-05-31 17:00:00
11145,2304,7542,1924,1931,2026-05-31 17:00:00
11146,1278,7542,1758,1751,2026-05-31 17:00:00
11147,1145,7543,1481,1483,2026-05-31 17:00:00
11148,1228,7543,1076,1074,2026-05-31 17:00:00
11149,1361,7544,1452,1444,2026-05-31 17:00:00
11150,432,7544,1573,1581,2026-05-31 17:00:00
11151,125,7545,1401,1409,2026-05-31 17:00:00
11152,1113,7545,1294,1285,2026-05-31 17:00:00
11153,1566,7546,1916,1924,2026-05-31 17:00:00
11154,802,7546,1824,1815,2026-05-31 17:00:00
11155,2311,7547,1556,1569,2026-05-31 17:00:00
11156,1213,7547,1584,1571,2026-05-31 17:00:00
11157,1572,7549,1390,1376,2026-05-31 17:00:00
11158,1262,7549,1340,1353,2026-05-31 17:00:00
11159,249,7551,1896,1885,2026-05-31 17:00:00
11160,160,7551,1913,1924,2026-05-31 17:00:00
11161,2175,7552,1447,1464,2026-05-31 17:00:00
11162,1158,7552,1574,1558,2026-05-31 17:00:00
11163,1668,7553,1690,1697,2026-05-31 17:00:00
11164,2391,7553,1558,1551,2026-05-31 17:00:00
11165,149,7554,1611,1619,2026-05-31 17:00:00
11166,442,7554,1493,1485,2026-05-31 17:00:00
11167,1525,7557,1455,1448,2026-05-31 17:00:00
11168,1206,7557,1599,1606,2026-05-31 17:00:00
11169,670,7558,1366,1355,2026-05-31 17:00:00
11170,741,7558,1404,1415,2026-05-31 17:00:00
11171,1048,7560,1114,1130,2026-05-31 17:00:00
11172,214,7560,1236,1220,2026-05-31 17:00:00
11173,2227,7561,1858,1866,2026-05-31 18:00:00
11174,189,7561,1717,1710,2026-05-31 18:00:00
11175,1354,7562,1772,1777,2026-05-31 18:00:00
11176,2119,7562,1520,1515,2026-05-31 18:00:00
11177,1822,7563,1257,1267,2026-05-31 18:00:00
11178,231,7563,1171,1162,2026-05-31 18:00:00
11179,633,7564,1573,1565,2026-05-31 18:00:00
11180,1606,7564,1712,1720,2026-05-31 18:00:00
11181,2366,7565,1641,1631,2026-05-31 18:00:00
11182,2120,7565,1707,1717,2026-05-31 18:00:00
11183,2116,7566,1553,1568,2026-05-31 18:00:00
11184,1093,7566,1639,1624,2026-05-31 18:00:00
11185,2261,7567,1316,1325,2026-05-31 18:00:00
11186,1864,7567,1209,1201,2026-05-31 18:00:00
11187,2153,7569,1503,1492,2026-05-31 18:00:00
11188,1094,7569,1530,1541,2026-05-31 18:00:00
11189,2186,7570,1672,1678,2026-05-31 18:00:00
11190,999,7570,1504,1497,2026-05-31 18:00:00
11191,2129,7572,944,955,2026-05-31 18:00:00
11192,1926,7572,910,899,2026-05-31 18:00:00
11193,1192,7573,1386,1401,2026-05-31 18:00:00
11194,82,7573,1468,1454,2026-05-31 18:00:00
11195,1451,7574,1530,1543,2026-05-31 18:00:00
11196,2009,7574,1538,1526,2026-05-31 18:00:00
11197,863,7575,991,984,2026-05-31 18:00:00
11198,2306,7575,1135,1142,2026-05-31 18:00:00
11199,904,7576,1368,1383,2026-05-31 18:00:00
11200,1954,7576,1475,1459,2026-05-31 18:00:00
11201,455,7577,1253,1245,2026-05-31 18:00:00
11202,868,7577,1356,1365,2026-05-31 18:00:00
11203,2,7578,1612,1602,2026-05-31 18:00:00
11204,1945,7578,1670,1680,2026-05-31 18:00:00
11205,1144,7580,2114,2118,2026-05-31 19:00:00
11206,1549,7580,1830,1826,2026-05-31 19:00:00
11207,184,7581,1443,1432,2026-05-31 19:00:00
11208,1123,7581,1477,1488,2026-05-31 19:00:00
11209,869,7582,1796,1779,2026-05-31 19:00:00
11210,2281,7582,1643,1660,2026-05-31 19:00:00
11211,1561,7583,1537,1551,2026-05-31 19:00:00
11212,415,7583,1592,1578,2026-05-31 19:00:00
11213,123,7584,1151,1141,2026-05-31 19:00:00
11214,2138,7584,1219,1229,2026-05-31 19:00:00
11215,1981,7585,1718,1726,2026-05-31 19:00:00
11216,1509,7585,1594,1586,2026-05-31 19:00:00
11217,511,7586,1198,1182,2026-05-31 19:00:00
11218,327,7586,1066,1082,2026-05-31 19:00:00
11219,1360,7587,1727,1717,2026-05-31 19:00:00
11220,28,7587,1788,1798,2026-05-31 19:00:00
11221,1869,7588,1725,1732,2026-05-31 19:00:00
11222,1148,7588,1581,1574,2026-05-31 19:00:00
11223,525,7590,1603,1589,2026-05-31 19:00:00
11224,1993,7590,1546,1560,2026-05-31 19:00:00
11225,214,7591,1220,1213,2026-05-31 19:00:00
11226,868,7591,1365,1372,2026-05-31 19:00:00
11227,563,7592,1212,1206,2026-05-31 19:00:00
11228,979,7592,1373,1380,2026-05-31 19:00:00
11229,1354,7593,1777,1783,2026-05-31 20:00:00
11230,529,7593,1599,1593,2026-05-31 20:00:00
11231,807,7595,1293,1284,2026-05-31 20:00:00
11232,1881,7595,1370,1379,2026-05-31 20:00:00
11233,1756,7596,1723,1713,2026-05-31 20:00:00
11234,1354,7596,1783,1793,2026-05-31 20:00:00
11235,319,7597,1245,1237,2026-05-31 20:00:00
11236,1572,7597,1376,1384,2026-05-31 20:00:00
11237,1093,7598,1624,1613,2026-05-31 20:00:00
11238,1721,7598,1635,1646,2026-05-31 20:00:00
11239,1287,7599,1259,1268,2026-05-31 20:00:00
11240,311,7599,1182,1173,2026-05-31 20:00:00
11241,2399,7601,1358,1346,2026-05-31 20:00:00
11242,1873,7601,1349,1361,2026-05-31 20:00:00
11243,2240,7602,1788,1795,2026-05-31 20:00:00
11244,382,7602,1643,1636,2026-05-31 20:00:00
11245,2037,7603,1584,1575,2026-05-31 20:00:00
11246,377,7603,1673,1682,2026-05-31 20:00:00
11247,2226,7604,1337,1327,2026-05-31 20:00:00
11248,2489,7604,1386,1396,2026-05-31 20:00:00
11249,2165,7605,1135,1148,2026-05-31 20:00:00
11250,1294,7605,1168,1155,2026-05-31 20:00:00
11251,1018,7607,1351,1364,2026-05-31 21:00:00
11252,144,7607,1399,1385,2026-05-31 21:00:00
11253,1174,7608,1937,1947,2026-05-31 21:00:00
11254,651,7608,1877,1867,2026-05-31 21:00:00
11255,1864,7611,1201,1190,2026-05-31 21:00:00
11256,495,7611,1246,1257,2026-05-31 21:00:00
11257,737,7612,1409,1398,2026-05-31 21:00:00
11258,1688,7612,1455,1466,2026-05-31 21:00:00
11259,1775,7613,1522,1512,2026-05-31 21:00:00
11260,1213,7613,1571,1581,2026-05-31 21:00:00
11261,1949,7614,1139,1137,2026-05-31 21:00:00
11262,970,7614,1559,1561,2026-05-31 21:00:00
11263,2262,7615,1311,1301,2026-05-31 21:00:00
11264,2031,7615,1368,1378,2026-05-31 21:00:00
11265,1433,7616,1573,1566,2026-05-31 21:00:00
11266,1360,7616,1717,1725,2026-05-31 21:00:00
11267,2407,7617,1330,1322,2026-05-31 21:00:00
11268,2128,7617,1453,1461,2026-05-31 21:00:00
11269,1454,7618,1674,1659,2026-05-31 21:00:00
11270,964,7618,1583,1598,2026-05-31 21:00:00
11271,1762,7619,1445,1431,2026-05-31 22:00:00
11272,2147,7619,1410,1424,2026-05-31 22:00:00
11273,2348,7620,1179,1169,2026-05-31 22:00:00
11274,1826,7620,1240,1250,2026-05-31 22:00:00
11275,1723,7622,1553,1569,2026-05-31 22:00:00
11276,2087,7622,1676,1660,2026-05-31 22:00:00
11277,610,7623,2069,2075,2026-05-31 22:00:00
11278,518,7623,1867,1861,2026-05-31 22:00:00
11279,1633,7625,1343,1337,2026-05-31 22:00:00
11280,2208,7625,1538,1544,2026-05-31 22:00:00
11281,1574,7626,1750,1755,2026-05-31 22:00:00
11282,1912,7626,1511,1506,2026-05-31 22:00:00
11283,2390,7627,1510,1518,2026-05-31 22:00:00
11284,1355,7627,1381,1373,2026-05-31 22:00:00
11285,197,7628,1504,1512,2026-05-31 22:00:00
11286,1357,7628,1383,1375,2026-05-31 22:00:00
11287,633,7630,1565,1557,2026-06-01 09:00:00
11288,664,7630,1675,1683,2026-06-01 09:00:00
11289,1688,7631,1466,1476,2026-06-01 10:00:00
11290,255,7631,1415,1404,2026-06-01 10:00:00
11291,938,7632,1403,1410,2026-06-01 10:00:00
11292,732,7632,1267,1259,2026-06-01 10:00:00
11293,771,7633,1564,1554,2026-06-01 10:00:00
11294,2232,7633,1600,1611,2026-06-01 10:00:00
11295,471,7634,1486,1496,2026-06-01 11:00:00
11296,502,7634,1413,1403,2026-06-01 11:00:00
11297,633,7635,1557,1568,2026-06-01 11:00:00
11298,1022,7635,1524,1513,2026-06-01 11:00:00
11299,749,7636,1574,1565,2026-06-01 11:00:00
11300,1023,7636,1677,1686,2026-06-01 11:00:00
11301,730,7638,1216,1225,2026-06-01 13:00:00
11302,274,7638,1124,1115,2026-06-01 13:00:00
11303,1201,7642,1691,1682,2026-06-01 15:00:00
11304,2324,7642,1788,1797,2026-06-01 15:00:00
11305,1864,7643,1190,1205,2026-06-01 15:00:00
11306,685,7643,1261,1246,2026-06-01 15:00:00
11307,2165,7644,1148,1142,2026-06-01 15:00:00
11308,179,7644,1349,1355,2026-06-01 15:00:00
11309,229,7645,1630,1618,2026-06-01 16:00:00
11310,1986,7645,1608,1621,2026-06-01 16:00:00
11311,1145,7647,1483,1493,2026-06-01 16:00:00
11312,184,7647,1432,1422,2026-06-01 16:00:00
11313,2417,7651,1669,1648,2026-06-01 16:00:00
11314,179,7651,1355,1376,2026-06-01 16:00:00
11315,1763,7653,1433,1423,2026-06-01 17:00:00
11316,1129,7653,1482,1493,2026-06-01 17:00:00
11317,2389,7654,1752,1761,2026-06-01 17:00:00
11318,538,7654,1655,1646,2026-06-01 17:00:00
11319,1760,7655,1550,1562,2026-06-01 17:00:00
11320,1561,7655,1551,1539,2026-06-01 17:00:00
11321,2175,7657,1464,1451,2026-06-01 17:00:00
11322,82,7657,1454,1466,2026-06-01 17:00:00
11323,1708,7658,1801,1808,2026-06-01 17:00:00
11324,1727,7658,1632,1625,2026-06-01 17:00:00
11325,1099,7659,1326,1318,2026-06-01 17:00:00
11326,1705,7659,1473,1480,2026-06-01 17:00:00
11327,749,7660,1565,1577,2026-06-01 17:00:00
11328,1883,7660,1555,1544,2026-06-01 17:00:00
11329,1374,7661,1133,1148,2026-06-01 18:00:00
11330,374,7661,1218,1203,2026-06-01 18:00:00
11331,959,7662,1791,1798,2026-06-01 18:00:00
11332,420,7662,1648,1640,2026-06-01 18:00:00
11333,1572,7663,1384,1376,2026-06-01 18:00:00
11334,170,7663,1517,1525,2026-06-01 18:00:00
11335,1876,7664,1297,1289,2026-06-01 18:00:00
11336,2363,7664,1427,1435,2026-06-01 18:00:00
11337,2216,7666,1266,1251,2026-06-01 18:00:00
11338,1184,7666,1191,1206,2026-06-01 18:00:00
11339,1140,7667,1504,1512,2026-06-01 18:00:00
11340,5,7667,1397,1389,2026-06-01 18:00:00
11341,2056,7668,1062,1050,2026-06-01 19:00:00
11342,1228,7668,1074,1085,2026-06-01 19:00:00
11343,1606,7669,1720,1730,2026-06-01 19:00:00
11344,2142,7669,1671,1661,2026-06-01 19:00:00
11345,1870,7670,1867,1876,2026-06-01 19:00:00
11346,2006,7670,1776,1767,2026-06-01 19:00:00
11347,450,7671,1543,1553,2026-06-01 19:00:00
11348,119,7671,1479,1469,2026-06-01 19:00:00
11349,1762,7672,1431,1421,2026-06-01 19:00:00
11350,446,7672,1469,1480,2026-06-01 19:00:00
11351,2308,7673,1690,1697,2026-06-01 19:00:00
11352,304,7673,1550,1543,2026-06-01 19:00:00
11353,49,7674,1558,1566,2026-06-01 19:00:00
11354,1424,7674,1433,1425,2026-06-01 19:00:00
11355,1369,7676,1288,1296,2026-06-01 19:00:00
11356,1483,7676,1163,1155,2026-06-01 19:00:00
11357,617,7678,1157,1149,2026-06-01 19:00:00
11358,1820,7678,1284,1292,2026-06-01 19:00:00
11359,1018,7682,1364,1375,2026-06-01 20:00:00
11360,646,7682,1321,1311,2026-06-01 20:00:00
11361,1095,7684,1329,1322,2026-06-01 20:00:00
11362,1129,7684,1493,1499,2026-06-01 20:00:00
11363,1928,7685,1439,1451,2026-06-01 20:00:00
11364,929,7685,1434,1423,2026-06-01 20:00:00
11365,901,7686,1655,1648,2026-06-01 20:00:00
11366,1367,7686,1798,1805,2026-06-01 20:00:00
11367,170,7687,1525,1532,2026-06-01 20:00:00
11368,56,7687,1385,1377,2026-06-01 20:00:00
11369,1735,7688,1457,1472,2026-06-01 20:00:00
11370,649,7688,1532,1518,2026-06-01 20:00:00
11371,738,7691,1560,1572,2026-06-01 20:00:00
11372,1402,7691,1550,1538,2026-06-01 20:00:00
11373,2063,7692,1198,1207,2026-06-01 20:00:00
11374,1313,7692,1103,1095,2026-06-01 20:00:00
11375,1807,7693,1295,1287,2026-06-01 20:00:00
11376,181,7693,1426,1434,2026-06-01 20:00:00
11377,639,7694,1480,1468,2026-06-01 20:00:00
11378,82,7694,1466,1478,2026-06-01 20:00:00
11379,921,7695,1223,1216,2026-06-01 20:00:00
11380,1975,7695,1371,1378,2026-06-01 20:00:00
11381,1689,7696,1374,1372,2026-06-01 20:00:00
11382,1744,7696,1786,1788,2026-06-01 20:00:00
11383,1546,7697,1065,1057,2026-06-01 20:00:00
11384,1184,7697,1206,1213,2026-06-01 20:00:00
11385,335,7698,1648,1642,2026-06-01 20:00:00
11386,1715,7698,1842,1848,2026-06-01 20:00:00
11387,1252,7699,1339,1325,2026-06-01 20:00:00
11388,67,7699,1274,1288,2026-06-01 20:00:00
11389,296,7700,1414,1429,2026-06-01 20:00:00
11390,333,7700,1493,1478,2026-06-01 20:00:00
11391,1944,7702,1472,1463,2026-06-01 21:00:00
11392,2447,7702,1562,1571,2026-06-01 21:00:00
11393,471,7703,1496,1484,2026-06-01 21:00:00
11394,722,7703,1497,1509,2026-06-01 21:00:00
11395,1953,7704,1319,1333,2026-06-01 21:00:00
11396,182,7704,1386,1372,2026-06-01 21:00:00
11397,1631,7705,1911,1919,2026-06-01 21:00:00
11398,1958,7705,1806,1797,2026-06-01 21:00:00
11399,1739,7707,1553,1542,2026-06-01 21:00:00
11400,2311,7707,1569,1580,2026-06-01 21:00:00
11401,1668,7709,1697,1706,2026-06-01 21:00:00
11402,399,7709,1601,1593,2026-06-01 21:00:00
11403,891,7710,1179,1191,2026-06-01 21:00:00
11404,1133,7710,1183,1171,2026-06-01 21:00:00
11405,867,7711,1761,1774,2026-06-01 21:00:00
11406,2020,7711,1789,1776,2026-06-01 21:00:00
11407,109,7712,1921,1929,2026-06-01 22:00:00
11408,1354,7712,1793,1785,2026-06-01 22:00:00
11409,612,7713,1460,1467,2026-06-01 22:00:00
11410,536,7713,1295,1288,2026-06-01 22:00:00
11411,1036,7714,1030,1022,2026-06-01 22:00:00
11412,231,7714,1162,1169,2026-06-01 22:00:00
11413,1401,7716,1367,1359,2026-06-01 22:00:00
11414,1929,7716,1503,1511,2026-06-01 22:00:00
11415,2467,7717,1540,1549,2026-06-01 22:00:00
11416,2004,7717,1449,1440,2026-06-01 22:00:00
11417,827,7719,1440,1449,2026-06-01 22:00:00
11418,1112,7719,1368,1358,2026-06-01 22:00:00
11419,1489,7720,1359,1347,2026-06-01 22:00:00
11420,2259,7720,1357,1369,2026-06-01 22:00:00
11421,1354,7721,1785,1793,2026-06-01 23:00:00
11422,1773,7721,1656,1648,2026-06-01 23:00:00
11423,1292,7722,1263,1253,2026-06-01 23:00:00
11424,91,7722,1335,1345,2026-06-01 23:00:00
11425,602,7723,1389,1397,2026-06-01 23:00:00
11426,495,7723,1257,1249,2026-06-01 23:00:00
11427,249,7724,1885,1897,2026-06-01 23:00:00
11428,1132,7724,1882,1870,2026-06-01 23:00:00
11429,2232,7725,1611,1596,2026-06-01 23:00:00
11430,207,7725,1516,1531,2026-06-01 23:00:00
11431,775,7727,1172,1159,2026-06-02 00:00:00
11432,1374,7727,1148,1161,2026-06-02 00:00:00
11433,2389,7728,1761,1776,2026-06-02 01:00:00
11434,1365,7728,1839,1825,2026-06-02 01:00:00
11435,1374,7731,1161,1153,2026-06-02 11:00:00
11436,807,7731,1284,1292,2026-06-02 11:00:00
11437,873,7732,1761,1742,2026-06-02 11:00:00
11438,937,7732,1546,1565,2026-06-02 11:00:00
11439,701,7733,1481,1468,2026-06-02 11:00:00
11440,1130,7733,1441,1454,2026-06-02 11:00:00
11441,2288,7734,1767,1776,2026-06-02 11:00:00
11442,2193,7734,1653,1645,2026-06-02 11:00:00
11443,229,7735,1618,1625,2026-06-02 12:00:00
11444,471,7735,1484,1476,2026-06-02 12:00:00
11445,480,7737,1399,1390,2026-06-02 13:00:00
11446,446,7737,1480,1489,2026-06-02 13:00:00
11447,2065,7738,1226,1219,2026-06-02 13:00:00
11448,743,7738,1365,1372,2026-06-02 13:00:00
11449,1483,7739,1155,1144,2026-06-02 13:00:00
11450,453,7739,1184,1195,2026-06-02 13:00:00
11451,1664,7740,1552,1569,2026-06-02 13:00:00
11452,2167,7740,1692,1675,2026-06-02 13:00:00
11453,285,7742,1648,1634,2026-06-02 14:00:00
11454,833,7742,1600,1614,2026-06-02 14:00:00
11455,1071,7743,1560,1569,2026-06-02 15:00:00
11456,778,7743,1478,1468,2026-06-02 15:00:00
11457,1007,7744,1203,1213,2026-06-02 16:00:00
11458,1791,7744,1160,1150,2026-06-02 16:00:00
11459,1018,7746,1375,1364,2026-06-02 17:00:00
11460,502,7746,1403,1414,2026-06-02 17:00:00
11461,450,7747,1553,1544,2026-06-02 17:00:00
11462,434,7747,1658,1667,2026-06-02 17:00:00
11463,1922,7748,1773,1777,2026-06-02 17:00:00
11464,2185,7748,1535,1530,2026-06-02 17:00:00
11465,2393,7749,1863,1852,2026-06-02 17:00:00
11466,2005,7749,1873,1885,2026-06-02 17:00:00
11467,687,7750,1698,1708,2026-06-02 17:00:00
11468,1555,7750,1654,1644,2026-06-02 17:00:00
11469,937,7751,1565,1557,2026-06-02 17:00:00
11470,406,7751,1704,1711,2026-06-02 17:00:00
11471,954,7752,1417,1405,2026-06-02 17:00:00
11472,110,7752,1424,1436,2026-06-02 17:00:00
11473,98,7753,1634,1644,2026-06-02 17:00:00
11474,684,7753,1566,1556,2026-06-02 17:00:00
11475,1423,7754,1345,1358,2026-06-02 17:00:00
11476,2293,7754,1376,1363,2026-06-02 17:00:00
11477,2056,7755,1050,1065,2026-06-02 18:00:00
11478,2325,7755,1153,1138,2026-06-02 18:00:00
11479,149,7756,1619,1627,2026-06-02 18:00:00
11480,1020,7756,1507,1499,2026-06-02 18:00:00
11481,668,7757,1607,1617,2026-06-02 18:00:00
11482,1431,7757,1556,1545,2026-06-02 18:00:00
11483,1411,7759,1311,1304,2026-06-02 19:00:00
11484,2436,7759,1459,1467,2026-06-02 19:00:00
11485,2317,7760,1471,1462,2026-06-02 19:00:00
11486,633,7760,1568,1577,2026-06-02 19:00:00
11487,722,7761,1509,1523,2026-06-02 19:00:00
11488,63,7761,1567,1553,2026-06-02 19:00:00
11489,285,7762,1634,1619,2026-06-02 19:00:00
11490,63,7762,1553,1567,2026-06-02 19:00:00
11491,1870,7763,1876,1880,2026-06-02 19:00:00
11492,432,7763,1581,1577,2026-06-02 19:00:00
11493,610,7764,2075,2082,2026-06-02 19:00:00
11494,2041,7764,1949,1941,2026-06-02 19:00:00
11495,370,7765,1245,1232,2026-06-02 19:00:00
11496,26,7765,1224,1236,2026-06-02 19:00:00
11497,1266,7766,1469,1462,2026-06-02 19:00:00
11498,864,7766,1604,1612,2026-06-02 19:00:00
11499,1313,7767,1095,1109,2026-06-02 19:00:00
11500,27,7767,1169,1155,2026-06-02 19:00:00
11501,1003,7768,1387,1402,2026-06-02 19:00:00
11502,639,7768,1468,1453,2026-06-02 19:00:00
11503,1547,7769,1324,1317,2026-06-02 19:00:00
11504,141,7769,1483,1490,2026-06-02 19:00:00
11505,1389,7770,1409,1403,2026-06-02 19:00:00
11506,1918,7770,1634,1639,2026-06-02 19:00:00
11507,820,7771,1429,1421,2026-06-02 19:00:00
11508,223,7771,1561,1568,2026-06-02 19:00:00
11509,503,7772,1437,1447,2026-06-02 19:00:00
11510,210,7772,1375,1365,2026-06-02 19:00:00
11511,1284,7773,1643,1633,2026-06-02 19:00:00
11512,1023,7773,1686,1696,2026-06-02 19:00:00
11513,1676,7774,1858,1862,2026-06-02 19:00:00
11514,85,7774,1577,1573,2026-06-02 19:00:00
11515,1129,7775,1499,1510,2026-06-02 20:00:00
11516,2316,7775,1465,1454,2026-06-02 20:00:00
11517,862,7776,1493,1507,2026-06-02 20:00:00
11518,722,7776,1523,1510,2026-06-02 20:00:00
11519,231,7777,1169,1162,2026-06-02 20:00:00
11520,646,7777,1311,1318,2026-06-02 20:00:00
11521,1663,7778,1710,1700,2026-06-02 20:00:00
11522,1506,7778,1791,1800,2026-06-02 20:00:00
11523,1946,7779,1282,1290,2026-06-02 20:00:00
11524,1591,7779,1174,1166,2026-06-02 20:00:00
11525,1179,7780,1427,1415,2026-06-02 20:00:00
11526,125,7780,1409,1422,2026-06-02 20:00:00
11527,2233,7781,1392,1389,2026-06-02 20:00:00
11528,17,7781,1753,1755,2026-06-02 20:00:00
11529,1401,7782,1359,1347,2026-06-02 20:00:00
11530,1262,7782,1353,1366,2026-06-02 20:00:00
11531,1189,7783,1565,1549,2026-06-02 20:00:00
11532,314,7783,1435,1452,2026-06-02 20:00:00
11533,1508,7784,1465,1478,2026-06-02 20:00:00
11534,82,7784,1478,1466,2026-06-02 20:00:00
11535,974,7785,1520,1505,2026-06-02 20:00:00
11536,2487,7785,1428,1443,2026-06-02 20:00:00
11537,2455,7786,1346,1338,2026-06-02 20:00:00
11538,1437,7786,1460,1469,2026-06-02 20:00:00
11539,510,7787,982,969,2026-06-02 20:00:00
11540,2129,7787,955,968,2026-06-02 20:00:00
11541,1494,7788,1076,1066,2026-06-02 20:00:00
11542,625,7788,1139,1149,2026-06-02 20:00:00
11543,2,7789,1602,1609,2026-06-02 20:00:00
11544,2246,7789,1418,1411,2026-06-02 20:00:00
11545,1633,7793,1337,1325,2026-06-02 21:00:00
11546,1112,7793,1358,1370,2026-06-02 21:00:00
11547,379,7794,1664,1655,2026-06-02 21:00:00
11548,2189,7794,1748,1757,2026-06-02 21:00:00
11549,1944,7798,1463,1455,2026-06-02 22:00:00
11550,409,7798,1587,1595,2026-06-02 22:00:00
11551,2095,7799,1609,1624,2026-06-02 22:00:00
11552,2024,7799,1696,1681,2026-06-02 22:00:00
11553,412,7800,1483,1494,2026-06-02 22:00:00
11554,643,7800,1478,1466,2026-06-02 22:00:00
11555,1760,7801,1562,1570,2026-06-02 22:00:00
11556,1928,7801,1451,1443,2026-06-02 22:00:00
11557,2487,7802,1443,1431,2026-06-02 22:00:00
11558,1467,7802,1462,1473,2026-06-02 22:00:00
11559,1323,7803,1693,1700,2026-06-02 22:00:00
11560,1158,7803,1558,1550,2026-06-02 22:00:00
11561,558,7804,1115,1126,2026-06-02 22:00:00
11562,245,7804,1089,1077,2026-06-02 22:00:00
11563,357,7805,1694,1705,2026-06-02 22:00:00
11564,379,7805,1655,1645,2026-06-02 22:00:00
11565,379,7806,1645,1633,2026-06-02 22:00:00
11566,134,7806,1665,1676,2026-06-02 22:00:00
11567,2149,7807,1290,1301,2026-06-02 22:00:00
11568,1697,7807,1262,1251,2026-06-02 22:00:00
11569,1329,7808,1387,1396,2026-06-02 22:00:00
11570,1600,7808,1305,1296,2026-06-02 22:00:00
11571,428,7810,1566,1577,2026-06-02 23:00:00
11572,2467,7810,1549,1538,2026-06-02 23:00:00
11573,1931,7813,1887,1897,2026-06-03 01:00:00
11574,2094,7813,1836,1826,2026-06-03 01:00:00
11575,338,7814,1521,1531,2026-06-03 10:00:00
11576,595,7814,1442,1433,2026-06-03 10:00:00
11577,538,7815,1646,1651,2026-06-03 12:00:00
11578,1712,7815,1423,1418,2026-06-03 12:00:00
11579,2139,7818,1533,1544,2026-06-03 12:00:00
11580,895,7818,1480,1470,2026-06-03 12:00:00
11581,396,7819,1372,1385,2026-06-03 13:00:00
11582,517,7819,1395,1382,2026-06-03 13:00:00
11583,1547,7821,1317,1304,2026-06-03 13:00:00
11584,1807,7821,1287,1300,2026-06-03 13:00:00
11585,1063,7822,1492,1480,2026-06-03 13:00:00
11586,1695,7822,1474,1487,2026-06-03 13:00:00
11587,319,7823,1237,1225,2026-06-03 14:00:00
11588,2065,7823,1219,1231,2026-06-03 14:00:00
11589,2033,7824,1603,1594,2026-06-03 14:00:00
11590,1522,7824,1668,1678,2026-06-03 14:00:00
11591,1098,7826,1390,1381,2026-06-03 15:00:00
11592,2072,7826,1487,1496,2026-06-03 15:00:00
11593,1894,7828,1584,1593,2026-06-03 15:00:00
11594,1388,7828,1516,1506,2026-06-03 15:00:00
11595,2317,7829,1462,1456,2026-06-03 16:00:00
11596,538,7829,1651,1657,2026-06-03 16:00:00
11597,502,7831,1414,1425,2026-06-03 17:00:00
11598,1341,7831,1365,1354,2026-06-03 17:00:00
11599,1803,7832,1417,1409,2026-06-03 17:00:00
11600,2497,7832,1544,1552,2026-06-03 17:00:00
11601,1301,7834,1288,1279,2026-06-03 17:00:00
11602,1853,7834,1400,1408,2026-06-03 17:00:00
11603,2404,7835,1849,1832,2026-06-03 17:00:00
11604,1323,7835,1700,1717,2026-06-03 17:00:00
11605,1018,7837,1364,1376,2026-06-03 18:00:00
11606,883,7837,1374,1362,2026-06-03 18:00:00
11607,401,7838,1604,1613,2026-06-03 18:00:00
11608,862,7838,1507,1498,2026-06-03 18:00:00
11609,434,7839,1667,1653,2026-06-03 18:00:00
11610,2095,7839,1624,1638,2026-06-03 18:00:00
11611,802,7840,1815,1804,2026-06-03 18:00:00
11612,518,7840,1861,1872,2026-06-03 18:00:00
11613,1572,7841,1376,1368,2026-06-03 18:00:00
11614,2357,7841,1491,1499,2026-06-03 18:00:00
11615,1424,7842,1425,1419,2026-06-03 18:00:00
11616,1093,7842,1613,1619,2026-06-03 18:00:00
11617,138,7844,1741,1744,2026-06-03 18:00:00
11618,2337,7844,1402,1399,2026-06-03 18:00:00
11619,366,7846,1267,1256,2026-06-03 18:00:00
11620,400,7846,1309,1320,2026-06-03 18:00:00
11621,551,7847,1649,1662,2026-06-03 18:00:00
11622,377,7847,1682,1669,2026-06-03 18:00:00
11623,2257,7848,2101,2113,2026-06-03 18:00:00
11624,1427,7848,2101,2089,2026-06-03 18:00:00
11625,2095,7849,1638,1644,2026-06-03 19:00:00
11626,1062,7849,1469,1462,2026-06-03 19:00:00
11627,664,7850,1683,1685,2026-06-03 19:00:00
11628,1292,7850,1253,1251,2026-06-03 19:00:00
11629,1836,7851,1287,1277,2026-06-03 19:00:00
11630,2195,7851,1332,1342,2026-06-03 19:00:00
11631,2436,7852,1467,1454,2026-06-03 19:00:00
11632,2212,7852,1438,1451,2026-06-03 19:00:00
11633,432,7855,1577,1582,2026-06-03 19:00:00
11634,1490,7855,1328,1324,2026-06-03 19:00:00
11635,887,7856,1568,1577,2026-06-03 19:00:00
11636,1688,7856,1476,1467,2026-06-03 19:00:00
11637,901,7857,1648,1656,2026-06-03 19:00:00
11638,170,7857,1532,1524,2026-06-03 19:00:00
11639,2417,7859,1648,1643,2026-06-03 19:00:00
11640,1738,7859,1887,1892,2026-06-03 19:00:00
11641,2142,7860,1661,1674,2026-06-03 20:00:00
11642,1379,7860,1686,1673,2026-06-03 20:00:00
11643,182,7861,1372,1367,2026-06-03 20:00:00
11644,285,7861,1619,1624,2026-06-03 20:00:00
11645,536,7863,1288,1303,2026-06-03 20:00:00
11646,883,7863,1362,1347,2026-06-03 20:00:00
11647,837,7864,1462,1470,2026-06-03 20:00:00
11648,2035,7864,1327,1319,2026-06-03 20:00:00
11649,1178,7866,1304,1295,2026-06-03 20:00:00
11650,958,7866,1407,1415,2026-06-03 20:00:00
11651,1482,7867,1675,1687,2026-06-03 20:00:00
11652,615,7867,1647,1636,2026-06-03 20:00:00
11653,1444,7869,1236,1231,2026-06-03 20:00:00
11654,2332,7869,1466,1471,2026-06-03 20:00:00
11655,1484,7870,1422,1427,2026-06-03 20:00:00
11656,1332,7870,1195,1190,2026-06-03 20:00:00
11657,2439,7871,1662,1669,2026-06-03 20:00:00
11658,1302,7871,1519,1511,2026-06-03 20:00:00
11659,1283,7873,1589,1596,2026-06-03 21:00:00
11660,1603,7873,1447,1439,2026-06-03 21:00:00
11661,1008,7874,1583,1593,2026-06-03 21:00:00
11662,1561,7874,1539,1528,2026-06-03 21:00:00
11663,1968,7875,1697,1703,2026-06-03 21:00:00
11664,2369,7875,1486,1480,2026-06-03 21:00:00
11665,2170,7876,1652,1655,2026-06-03 21:00:00
11666,515,7876,1357,1354,2026-06-03 21:00:00
11667,515,7877,1354,1345,2026-06-03 21:00:00
11668,1299,7877,1450,1459,2026-06-03 21:00:00
11669,1313,7878,1109,1095,2026-06-03 21:00:00
11670,413,7878,1061,1075,2026-06-03 21:00:00
11671,1796,7879,1528,1524,2026-06-03 21:00:00
11672,191,7879,1800,1804,2026-06-03 21:00:00
11673,781,7880,1672,1680,2026-06-03 21:00:00
11674,2171,7880,1552,1544,2026-06-03 21:00:00
11675,214,7882,1213,1203,2026-06-03 21:00:00
11676,147,7882,1282,1292,2026-06-03 21:00:00
11677,2065,7883,1231,1224,2026-06-03 22:00:00
11678,1572,7883,1368,1376,2026-06-03 22:00:00
11679,894,7884,1426,1417,2026-06-03 22:00:00
11680,2003,7884,1526,1534,2026-06-03 22:00:00
11681,2261,7886,1325,1337,2026-06-03 22:00:00
11682,2035,7886,1319,1308,2026-06-03 22:00:00
11683,1238,7887,1825,1834,2026-06-03 22:00:00
11684,75,7887,1746,1737,2026-06-03 22:00:00
11685,196,7888,1747,1755,2026-06-03 22:00:00
11686,1172,7888,1628,1620,2026-06-03 22:00:00
11687,334,7889,1511,1504,2026-06-03 22:00:00
11688,2127,7889,1646,1653,2026-06-03 22:00:00
11689,2183,7890,1705,1712,2026-06-03 22:00:00
11690,223,7890,1568,1561,2026-06-03 22:00:00
11691,1410,7892,1401,1412,2026-06-03 22:00:00
11692,1570,7892,1369,1358,2026-06-03 22:00:00
11693,163,7893,1465,1481,2026-06-03 22:00:00
11694,653,7893,1585,1569,2026-06-03 22:00:00
11695,884,7894,1525,1533,2026-06-03 22:00:00
11696,636,7894,1393,1385,2026-06-03 22:00:00
11697,1073,7895,1349,1357,2026-06-03 22:00:00
11698,1854,7895,1228,1220,2026-06-03 22:00:00
11699,1298,7896,1039,1030,2026-06-03 22:00:00
11700,2165,7896,1142,1151,2026-06-03 22:00:00
11701,1775,7898,1512,1521,2026-06-03 23:00:00
11702,929,7898,1423,1414,2026-06-03 23:00:00
11703,1777,7899,1137,1135,2026-06-03 23:00:00
11704,887,7899,1577,1578,2026-06-03 23:00:00
11705,775,7900,1159,1145,2026-06-04 00:00:00
11706,1228,7900,1085,1100,2026-06-04 00:00:00
11707,379,7903,1633,1637,2026-06-04 01:00:00
11708,1672,7903,1345,1341,2026-06-04 01:00:00
11709,1080,7904,1600,1584,2026-06-04 01:00:00
11710,2370,7904,1484,1500,2026-06-04 01:00:00
11711,161,7906,1419,1431,2026-06-04 10:00:00
11712,1853,7906,1408,1397,2026-06-04 10:00:00
11713,994,7907,1852,1838,2026-06-04 10:00:00
11714,2451,7907,1801,1815,2026-06-04 10:00:00
11715,1482,7910,1687,1673,2026-06-04 11:00:00
11716,1555,7910,1644,1657,2026-06-04 11:00:00
11717,1645,7911,1539,1530,2026-06-04 11:00:00
11718,1275,7911,1628,1637,2026-06-04 11:00:00
11719,1350,7912,1249,1245,2026-06-04 11:00:00
11720,295,7912,1516,1520,2026-06-04 11:00:00
11721,823,7913,1008,1000,2026-06-04 11:00:00
11722,1387,7913,1101,1110,2026-06-04 11:00:00
11723,691,7915,1684,1695,2026-06-04 12:00:00
11724,377,7915,1669,1657,2026-06-04 12:00:00
11725,227,7917,1645,1649,2026-06-04 13:00:00
11726,480,7917,1390,1385,2026-06-04 13:00:00
11727,154,7919,1271,1266,2026-06-04 14:00:00
11728,849,7919,1545,1549,2026-06-04 14:00:00
11729,873,7920,1742,1750,2026-06-04 14:00:00
11730,700,7920,1616,1608,2026-06-04 14:00:00
11731,1928,7921,1443,1439,2026-06-04 15:00:00
11732,1646,7921,1732,1736,2026-06-04 15:00:00
11733,1415,7922,1414,1406,2026-06-04 15:00:00
11734,1561,7922,1528,1537,2026-06-04 15:00:00
11735,191,7923,1804,1812,2026-06-04 16:00:00
11736,403,7923,1656,1649,2026-06-04 16:00:00
11737,1593,7925,1514,1526,2026-06-04 17:00:00
11738,722,7925,1510,1498,2026-06-04 17:00:00
11739,2325,7926,1138,1130,2026-06-04 17:00:00
11740,1644,7926,1269,1277,2026-06-04 17:00:00
11741,1220,7927,1711,1721,2026-06-04 17:00:00
11742,2095,7927,1644,1634,2026-06-04 17:00:00
11743,1775,7928,1521,1532,2026-06-04 17:00:00
11744,2168,7928,1490,1479,2026-06-04 17:00:00
11745,1961,7929,1630,1641,2026-06-04 17:00:00
11746,2033,7929,1594,1583,2026-06-04 17:00:00
11747,1029,7930,1822,1828,2026-06-04 17:00:00
11748,1414,7930,1645,1639,2026-06-04 17:00:00
11749,2003,7931,1534,1547,2026-06-04 17:00:00
11750,2327,7931,1557,1544,2026-06-04 17:00:00
11751,2496,7932,2067,2051,2026-06-04 17:00:00
11752,1631,7932,1919,1936,2026-06-04 17:00:00
11753,1431,7936,1545,1551,2026-06-04 17:00:00
11754,1423,7936,1358,1352,2026-06-04 17:00:00
11755,1098,7938,1381,1373,2026-06-04 18:00:00
11756,2219,7938,1508,1516,2026-06-04 18:00:00
11757,396,7939,1385,1393,2026-06-04 18:00:00
11758,1836,7939,1277,1268,2026-06-04 18:00:00
11759,1369,7940,1296,1304,2026-06-04 18:00:00
11760,1488,7940,1174,1166,2026-06-04 18:00:00
11761,75,7941,1737,1746,2026-06-04 18:00:00
11762,1025,7941,1649,1640,2026-06-04 18:00:00
11763,2092,7944,1348,1340,2026-06-04 19:00:00
11764,446,7944,1489,1496,2026-06-04 19:00:00
11765,2386,7945,953,945,2026-06-04 19:00:00
11766,301,7945,1085,1093,2026-06-04 19:00:00
11767,737,7946,1398,1411,2026-06-04 19:00:00
11768,1424,7946,1419,1407,2026-06-04 19:00:00
11769,2327,7949,1544,1533,2026-06-04 19:00:00
11770,49,7949,1566,1577,2026-06-04 19:00:00
11771,301,7950,1093,1100,2026-06-04 19:00:00
11772,2386,7950,945,938,2026-06-04 19:00:00
11773,1499,7951,1446,1460,2026-06-04 19:00:00
11774,645,7951,1505,1491,2026-06-04 19:00:00
11775,1922,7952,1777,1790,2026-06-04 19:00:00
11776,1863,7952,1789,1777,2026-06-04 19:00:00
11777,117,7953,1060,1047,2026-06-04 19:00:00
11778,2283,7953,1029,1043,2026-06-04 19:00:00
11779,1611,7954,1286,1296,2026-06-04 19:00:00
11780,730,7954,1225,1215,2026-06-04 19:00:00
11781,1480,7955,1333,1325,2026-06-04 19:00:00
11782,1680,7955,1436,1445,2026-06-04 19:00:00
11783,252,7956,1616,1625,2026-06-04 19:00:00
11784,1127,7956,1527,1518,2026-06-04 19:00:00
11785,2108,7957,1642,1632,2026-06-04 20:00:00
11786,910,7957,1707,1716,2026-06-04 20:00:00
11787,1477,7958,1033,1045,2026-06-04 20:00:00
11788,1036,7958,1022,1011,2026-06-04 20:00:00
11789,319,7959,1225,1235,2026-06-04 20:00:00
11790,311,7959,1173,1162,2026-06-04 20:00:00
11791,2455,7962,1338,1341,2026-06-04 20:00:00
11792,581,7962,1008,1005,2026-06-04 20:00:00
11793,1437,7963,1469,1484,2026-06-04 20:00:00
11794,1433,7963,1566,1551,2026-06-04 20:00:00
11795,677,7964,1558,1550,2026-06-04 20:00:00
11796,357,7964,1705,1712,2026-06-04 20:00:00
11797,2171,7965,1544,1551,2026-06-04 20:00:00
11798,1601,7965,1403,1396,2026-06-04 20:00:00
11799,396,7966,1393,1383,2026-06-04 21:00:00
11800,1062,7966,1462,1472,2026-06-04 21:00:00
11801,2348,7967,1169,1162,2026-06-04 21:00:00
11802,646,7967,1318,1325,2026-06-04 21:00:00
11803,694,7968,1190,1200,2026-06-04 21:00:00
11804,775,7968,1145,1134,2026-06-04 21:00:00
11805,1365,7969,1825,1812,2026-06-04 21:00:00
11806,787,7969,1803,1816,2026-06-04 21:00:00
11807,2496,7973,2051,2058,2026-06-04 21:00:00
11808,527,7973,1912,1904,2026-06-04 21:00:00
11809,287,7975,1545,1552,2026-06-04 22:00:00
11810,1881,7975,1379,1373,2026-06-04 22:00:00
11811,1198,7976,1457,1467,2026-06-04 22:00:00
11812,1803,7976,1409,1399,2026-06-04 22:00:00
11813,511,7978,1182,1193,2026-06-04 22:00:00
11814,27,7978,1155,1143,2026-06-04 22:00:00
11815,2354,7979,1537,1550,2026-06-04 22:00:00
11816,1169,7979,1570,1557,2026-06-04 22:00:00
11817,1611,7980,1296,1280,2026-06-04 22:00:00
11818,1521,7980,1172,1188,2026-06-04 22:00:00
11819,1075,7981,1537,1546,2026-06-04 22:00:00
11820,623,7981,1453,1444,2026-06-04 22:00:00
11821,1471,7982,2006,1993,2026-06-04 23:00:00
11822,765,7982,1973,1986,2026-06-04 23:00:00
11823,862,7983,1498,1483,2026-06-04 23:00:00
11824,1763,7983,1423,1438,2026-06-04 23:00:00
11825,2196,7986,1407,1424,2026-06-04 23:00:00
11826,1128,7986,1556,1539,2026-06-04 23:00:00
11827,952,7987,1325,1317,2026-06-05 01:00:00
11828,1503,7987,1461,1469,2026-06-05 01:00:00
11829,736,7989,1475,1464,2026-06-05 01:00:00
11830,2370,7989,1500,1511,2026-06-05 01:00:00
11831,1342,7990,1488,1479,2026-06-05 01:00:00
11832,1080,7990,1584,1593,2026-06-05 01:00:00
11833,1753,7991,1684,1676,2026-06-05 09:00:00
11834,1506,7991,1800,1808,2026-06-05 09:00:00
11835,1669,7992,1483,1492,2026-06-05 09:00:00
11836,1572,7992,1376,1367,2026-06-05 09:00:00
11837,1547,7993,1304,1312,2026-06-05 09:00:00
11838,1521,7993,1188,1180,2026-06-05 09:00:00
11839,2304,7995,1931,1938,2026-06-05 10:00:00
11840,816,7995,1798,1790,2026-06-05 10:00:00
11841,819,7996,1682,1691,2026-06-05 10:00:00
11842,1619,7996,1590,1581,2026-06-05 10:00:00
11843,2031,7997,1378,1364,2026-06-05 10:00:00
11844,886,7997,1302,1317,2026-06-05 10:00:00
11845,1693,7998,1463,1454,2026-06-05 10:00:00
11846,937,7998,1557,1566,2026-06-05 10:00:00
11847,1280,7999,1331,1339,2026-06-05 10:00:00
11848,1691,7999,1203,1195,2026-06-05 10:00:00
11849,764,8001,1639,1630,2026-06-05 10:00:00
11850,357,8001,1712,1722,2026-06-05 10:00:00
11851,324,8003,1700,1684,2026-06-05 10:00:00
11852,1988,8003,1568,1585,2026-06-05 10:00:00
11853,722,8004,1498,1506,2026-06-05 11:00:00
11854,1098,8004,1373,1366,2026-06-05 11:00:00
11855,478,8005,1258,1251,2026-06-05 11:00:00
11856,1087,8005,1396,1403,2026-06-05 11:00:00
11857,896,8007,1340,1351,2026-06-05 12:00:00
11858,2430,8007,1324,1312,2026-06-05 12:00:00
11859,1853,8008,1397,1380,2026-06-05 12:00:00
11860,2373,8008,1256,1272,2026-06-05 12:00:00
11861,2067,8009,1370,1383,2026-06-05 12:00:00
11862,1192,8009,1401,1388,2026-06-05 12:00:00
11863,2450,8010,1628,1612,2026-06-05 12:00:00
11864,969,8010,1512,1528,2026-06-05 12:00:00
11865,883,8011,1347,1359,2026-06-05 13:00:00
11866,91,8011,1345,1333,2026-06-05 13:00:00
11867,787,8013,1816,1821,2026-06-05 13:00:00
11868,1747,8013,1572,1567,2026-06-05 13:00:00
11869,2379,8014,1914,1903,2026-06-05 13:00:00
11870,1174,8014,1947,1958,2026-06-05 13:00:00
11871,1598,8015,1458,1467,2026-06-05 13:00:00
11872,608,8015,1380,1370,2026-06-05 13:00:00
11873,210,8017,1365,1353,2026-06-05 13:00:00
11874,1992,8017,1348,1361,2026-06-05 13:00:00
11875,551,8018,1662,1646,2026-06-05 13:00:00
11876,698,8018,1546,1562,2026-06-05 13:00:00
11877,170,8020,1524,1508,2026-06-05 14:00:00
11878,958,8020,1415,1431,2026-06-05 14:00:00
11879,1888,8023,1545,1535,2026-06-05 14:00:00
11880,461,8023,1598,1608,2026-06-05 14:00:00
11881,1634,8024,1498,1489,2026-06-05 14:00:00
11882,949,8024,1576,1586,2026-06-05 14:00:00
11883,242,8026,1363,1352,2026-06-05 14:00:00
11884,663,8026,1412,1422,2026-06-05 14:00:00
11885,1836,8028,1268,1282,2026-06-05 15:00:00
11886,952,8028,1317,1304,2026-06-05 15:00:00
11887,1549,8029,1826,1828,2026-06-05 15:00:00
11888,1682,8029,1417,1415,2026-06-05 15:00:00
11889,1408,8030,1641,1631,2026-06-05 15:00:00
11890,910,8030,1716,1726,2026-06-05 15:00:00
11891,2379,8031,1903,1887,2026-06-05 15:00:00
11892,373,8031,1754,1771,2026-06-05 15:00:00
11893,2498,8032,1530,1518,2026-06-05 15:00:00
11894,655,8032,1523,1535,2026-06-05 15:00:00
11895,107,8034,1754,1764,2026-06-05 15:00:00
11896,362,8034,1674,1665,2026-06-05 15:00:00
11897,697,8035,1225,1238,2026-06-05 15:00:00
11898,2448,8035,1257,1243,2026-06-05 15:00:00
11899,471,8037,1476,1484,2026-06-05 16:00:00
11900,2195,8037,1342,1335,2026-06-05 16:00:00
11901,1458,8040,1704,1712,2026-06-05 16:00:00
11902,887,8040,1578,1571,2026-06-05 16:00:00
11903,696,8044,1651,1660,2026-06-05 16:00:00
11904,1094,8044,1541,1533,2026-06-05 16:00:00
11905,1633,8046,1325,1314,2026-06-05 16:00:00
11906,2455,8046,1341,1353,2026-06-05 16:00:00
11907,1294,8047,1155,1146,2026-06-05 16:00:00
11908,2048,8047,1223,1232,2026-06-05 16:00:00
11909,1132,8052,1870,1877,2026-06-05 17:00:00
11910,2183,8052,1712,1705,2026-06-05 17:00:00
11911,246,8054,1655,1667,2026-06-05 17:00:00
11912,13,8054,1641,1630,2026-06-05 17:00:00
11913,1287,8057,1268,1265,2026-06-05 18:00:00
11914,1760,8057,1570,1574,2026-06-05 18:00:00
11915,730,8062,1215,1205,2026-06-05 18:00:00
11916,1611,8062,1280,1290,2026-06-05 18:00:00
11917,127,8063,1566,1577,2026-06-05 18:00:00
11918,1796,8063,1524,1513,2026-06-05 18:00:00
11919,1611,8064,1290,1284,2026-06-05 18:00:00
11920,141,8064,1490,1496,2026-06-05 18:00:00
11921,1940,8065,1515,1525,2026-06-05 18:00:00
11922,1759,8065,1436,1427,2026-06-05 18:00:00
11923,296,8066,1429,1420,2026-06-05 18:00:00
11924,1140,8066,1512,1521,2026-06-05 18:00:00
11925,779,8068,1383,1381,2026-06-05 19:00:00
11926,816,8068,1790,1792,2026-06-05 19:00:00
11927,2477,8069,1081,1079,2026-06-05 19:00:00
11928,2317,8069,1456,1459,2026-06-05 19:00:00
11929,502,8071,1425,1413,2026-06-05 19:00:00
11930,1763,8071,1438,1449,2026-06-05 19:00:00
11931,300,8073,1677,1686,2026-06-05 19:00:00
11932,428,8073,1577,1569,2026-06-05 19:00:00
11933,1735,8074,1472,1462,2026-06-05 19:00:00
11934,1998,8074,1534,1544,2026-06-05 19:00:00
11935,649,8075,1518,1526,2026-06-05 19:00:00
11936,1237,8075,1402,1394,2026-06-05 19:00:00
11937,297,8076,1822,1805,2026-06-05 19:00:00
11938,2096,8076,1679,1696,2026-06-05 19:00:00
11939,805,8077,1744,1755,2026-06-05 19:00:00
11940,2445,8077,1716,1705,2026-06-05 19:00:00
11941,745,8078,1535,1542,2026-06-05 19:00:00
11942,713,8078,1396,1388,2026-06-05 19:00:00
11943,2331,8079,1848,1837,2026-06-05 19:00:00
11944,2151,8079,1874,1885,2026-06-05 19:00:00
11945,438,8083,1574,1564,2026-06-05 19:00:00
11946,379,8083,1637,1647,2026-06-05 19:00:00
11947,1246,8084,1709,1716,2026-06-05 19:00:00
11948,2418,8084,1553,1546,2026-06-05 19:00:00
11949,1600,8086,1296,1287,2026-06-05 19:00:00
11950,1601,8086,1396,1404,2026-06-05 19:00:00
11951,1331,8088,1280,1290,2026-06-05 19:00:00
11952,2178,8088,1229,1219,2026-06-05 19:00:00
11953,722,8089,1506,1517,2026-06-05 20:00:00
11954,1123,8089,1488,1476,2026-06-05 20:00:00
11955,229,8090,1625,1612,2026-06-05 20:00:00
11956,1844,8090,1579,1593,2026-06-05 20:00:00
11957,2397,8091,1447,1457,2026-06-05 20:00:00
11958,144,8091,1385,1376,2026-06-05 20:00:00
11959,1036,8093,1011,1004,2026-06-05 20:00:00
11960,1374,8093,1153,1161,2026-06-05 20:00:00
11961,2261,8094,1337,1324,2026-06-05 20:00:00
11962,1233,8094,1326,1339,2026-06-05 20:00:00
11963,608,8095,1370,1387,2026-06-05 20:00:00
11964,1461,8095,1522,1505,2026-06-05 20:00:00
11965,1349,8097,1383,1376,2026-06-05 20:00:00
11966,2208,8097,1544,1551,2026-06-05 20:00:00
11967,406,8099,1711,1702,2026-06-05 20:00:00
11968,28,8099,1798,1807,2026-06-05 20:00:00
11969,2103,8101,1402,1419,2026-06-05 20:00:00
11970,2418,8101,1546,1530,2026-06-05 20:00:00
11971,2442,8102,1746,1754,2026-06-05 20:00:00
11972,2417,8102,1643,1635,2026-06-05 20:00:00
11973,285,8103,1624,1609,2026-06-05 21:00:00
11974,2497,8103,1552,1566,2026-06-05 21:00:00
11975,1022,8104,1513,1500,2026-06-05 21:00:00
11976,1062,8104,1472,1485,2026-06-05 21:00:00
11977,184,8105,1422,1426,2026-06-05 21:00:00
11978,209,8105,1132,1128,2026-06-05 21:00:00
11979,676,8106,1839,1846,2026-06-05 21:00:00
11980,2309,8106,1705,1697,2026-06-05 21:00:00
11981,1688,8107,1467,1476,2026-06-05 21:00:00
11982,608,8107,1387,1378,2026-06-05 21:00:00
11983,651,8108,1867,1875,2026-06-05 21:00:00
11984,1155,8108,1738,1730,2026-06-05 21:00:00
11985,2467,8109,1538,1550,2026-06-05 21:00:00
11986,1739,8109,1542,1530,2026-06-05 21:00:00
11987,2340,8110,1533,1537,2026-06-05 21:00:00
11988,1903,8110,1254,1250,2026-06-05 21:00:00
11989,1433,8112,1551,1540,2026-06-05 21:00:00
11990,399,8112,1593,1603,2026-06-05 21:00:00
11991,1360,8113,1725,1716,2026-06-05 21:00:00
11992,2404,8113,1832,1841,2026-06-05 21:00:00
11993,820,8114,1421,1411,2026-06-05 21:00:00
11994,778,8114,1468,1479,2026-06-05 21:00:00
11995,678,8116,1653,1640,2026-06-05 21:00:00
11996,1275,8116,1637,1649,2026-06-05 21:00:00
11997,2016,8117,1122,1132,2026-06-05 21:00:00
11998,659,8117,1064,1054,2026-06-05 21:00:00
11999,2295,8121,1192,1183,2026-06-05 21:00:00
12000,1390,8121,1264,1274,2026-06-05 21:00:00
12001,1352,8122,1269,1282,2026-06-05 21:00:00
12002,1293,8122,1288,1276,2026-06-05 21:00:00
12003,179,8123,1376,1362,2026-06-05 21:00:00
12004,2107,8123,1317,1331,2026-06-05 21:00:00
12005,1361,8125,1444,1432,2026-06-05 22:00:00
12006,2212,8125,1451,1463,2026-06-05 22:00:00
12007,646,8126,1325,1337,2026-06-05 22:00:00
12008,1490,8126,1324,1312,2026-06-05 22:00:00
12009,517,8129,1382,1375,2026-06-05 22:00:00
12010,1129,8129,1510,1518,2026-06-05 22:00:00
12011,676,8131,1846,1855,2026-06-05 22:00:00
12012,17,8131,1755,1746,2026-06-05 22:00:00
12013,2003,8132,1547,1534,2026-06-05 22:00:00
12014,1739,8132,1530,1542,2026-06-05 22:00:00
12015,1353,8134,1150,1143,2026-06-05 22:00:00
12016,1178,8134,1295,1303,2026-06-05 22:00:00
12017,1717,8136,1453,1444,2026-06-05 22:00:00
12018,1189,8136,1549,1557,2026-06-05 22:00:00
12019,2286,8137,1051,1043,2026-06-05 22:00:00
12020,1521,8137,1180,1187,2026-06-05 22:00:00
12021,1508,8138,1478,1469,2026-06-05 22:00:00
12022,937,8138,1566,1575,2026-06-05 22:00:00
12023,1521,8139,1187,1180,2026-06-05 22:00:00
12024,122,8139,1325,1333,2026-06-05 22:00:00
12025,207,8140,1531,1522,2026-06-05 22:00:00
12026,968,8140,1613,1622,2026-06-05 22:00:00
12027,1613,8141,1538,1546,2026-06-05 22:00:00
12028,860,8141,1439,1430,2026-06-05 22:00:00
12029,596,8143,1368,1360,2026-06-05 22:00:00
12030,2205,8143,1470,1479,2026-06-05 22:00:00
12031,1858,8144,1559,1567,2026-06-05 22:00:00
12032,2103,8144,1419,1411,2026-06-05 22:00:00
12033,1302,8145,1511,1519,2026-06-05 22:00:00
12034,476,8145,1375,1367,2026-06-05 22:00:00
12035,917,8147,1645,1637,2026-06-05 22:00:00
12036,2135,8147,1769,1777,2026-06-05 22:00:00
12037,296,8148,1420,1410,2026-06-05 22:00:00
12038,708,8148,1492,1502,2026-06-05 22:00:00
12039,979,8149,1380,1368,2026-06-05 22:00:00
12040,2440,8149,1379,1391,2026-06-05 22:00:00
12041,1814,8150,1369,1377,2026-06-05 22:00:00
12042,100,8150,1244,1236,2026-06-05 22:00:00
12043,2436,8151,1454,1445,2026-06-05 23:00:00
12044,198,8151,1569,1577,2026-06-05 23:00:00
12045,1753,8152,1676,1684,2026-06-05 23:00:00
12046,2447,8152,1571,1563,2026-06-05 23:00:00
12047,1739,8156,1542,1532,2026-06-05 23:00:00
12048,1213,8156,1581,1592,2026-06-05 23:00:00
12049,2270,8158,1597,1605,2026-06-05 23:00:00
12050,1508,8158,1469,1461,2026-06-05 23:00:00
12051,142,8159,1625,1634,2026-06-05 23:00:00
12052,223,8159,1561,1551,2026-06-05 23:00:00
12053,2189,8162,1757,1772,2026-06-05 23:00:00
12054,994,8162,1838,1823,2026-06-05 23:00:00
12055,1883,8163,1544,1559,2026-06-05 23:00:00
12056,945,8163,1637,1622,2026-06-05 23:00:00
12057,77,8165,1658,1667,2026-06-05 23:00:00
12058,1988,8165,1585,1575,2026-06-05 23:00:00
12059,2227,8166,1866,1854,2026-06-06 00:00:00
12060,1965,8166,1871,1883,2026-06-06 00:00:00
12061,1663,8167,1700,1686,2026-06-06 00:00:00
12062,1408,8167,1631,1646,2026-06-06 00:00:00
12063,910,8168,1726,1733,2026-06-06 00:00:00
12064,529,8168,1593,1585,2026-06-06 00:00:00
12065,1374,8169,1161,1171,2026-06-06 00:00:00
12066,209,8169,1128,1117,2026-06-06 00:00:00
12067,1836,8170,1282,1278,2026-06-06 00:00:00
12068,2447,8170,1563,1567,2026-06-06 00:00:00
12069,1983,8171,1332,1324,2026-06-06 00:00:00
12070,163,8171,1481,1488,2026-06-06 00:00:00
12071,960,8173,1173,1181,2026-06-06 01:00:00
12072,584,8173,1047,1039,2026-06-06 01:00:00
12073,2268,8174,1481,1491,2026-06-06 09:00:00
12074,737,8174,1411,1401,2026-06-06 09:00:00
12075,1401,8175,1347,1337,2026-06-06 09:00:00
12076,255,8175,1404,1414,2026-06-06 09:00:00
12077,798,8176,1525,1518,2026-06-06 10:00:00
12078,390,8176,1685,1691,2026-06-06 10:00:00
12079,1973,8177,1920,1930,2026-06-06 10:00:00
12080,2331,8177,1837,1828,2026-06-06 10:00:00
12081,1130,8178,1454,1444,2026-06-06 10:00:00
12082,516,8178,1521,1530,2026-06-06 10:00:00
12083,819,8179,1691,1678,2026-06-06 11:00:00
12084,2471,8179,1670,1683,2026-06-06 11:00:00
12085,653,8181,1569,1579,2026-06-06 12:00:00
12086,2370,8181,1511,1501,2026-06-06 12:00:00
12087,1428,8182,1897,1890,2026-06-06 12:00:00
12088,983,8182,2031,2039,2026-06-06 12:00:00
12089,1522,8183,1678,1661,2026-06-06 13:00:00
12090,2003,8183,1534,1551,2026-06-06 13:00:00
12091,873,8184,1750,1758,2026-06-06 13:00:00
12092,700,8184,1608,1601,2026-06-06 13:00:00
12093,287,8186,1552,1563,2026-06-06 14:00:00
12094,722,8186,1517,1506,2026-06-06 14:00:00
12095,952,8187,1304,1318,2026-06-06 14:00:00
12096,883,8187,1359,1345,2026-06-06 14:00:00
12097,862,8188,1483,1491,2026-06-06 14:00:00
12098,1098,8188,1366,1357,2026-06-06 14:00:00
12099,1688,8189,1476,1489,2026-06-06 14:00:00
12100,1669,8189,1492,1479,2026-06-06 14:00:00
12101,300,8190,1686,1694,2026-06-06 14:00:00
12102,887,8190,1571,1562,2026-06-06 14:00:00
12103,687,8191,1708,1719,2026-06-06 14:00:00
12104,1482,8191,1673,1662,2026-06-06 14:00:00
12105,1006,8192,1228,1218,2026-06-06 14:00:00
12106,1657,8192,1293,1303,2026-06-06 14:00:00
12107,1434,8193,1625,1611,2026-06-06 14:00:00
12108,1221,8193,1569,1583,2026-06-06 14:00:00
12109,547,8194,1333,1340,2026-06-06 14:00:00
12110,1834,8194,1191,1184,2026-06-06 14:00:00
12111,2466,8196,1379,1367,2026-06-06 14:00:00
12112,754,8196,1385,1397,2026-06-06 14:00:00
12113,231,8197,1162,1154,2026-06-06 15:00:00
12114,1946,8197,1290,1298,2026-06-06 15:00:00
12115,261,8198,1449,1438,2026-06-06 15:00:00
12116,1503,8198,1469,1480,2026-06-06 15:00:00
12117,2471,8199,1683,1690,2026-06-06 15:00:00
12118,1620,8199,1534,1527,2026-06-06 15:00:00
12119,125,8200,1422,1410,2026-06-06 15:00:00
12120,958,8200,1431,1443,2026-06-06 15:00:00
12121,1837,8201,1594,1584,2026-06-06 15:00:00
12122,2297,8201,1650,1660,2026-06-06 15:00:00
12123,2391,8202,1551,1562,2026-06-06 15:00:00
12124,490,8202,1518,1507,2026-06-06 15:00:00
12125,2167,8203,1675,1686,2026-06-06 15:00:00
12126,1918,8203,1639,1628,2026-06-06 15:00:00
12127,918,8207,1370,1364,2026-06-06 15:00:00
12128,1322,8207,1546,1552,2026-06-06 15:00:00
12129,1159,8211,1320,1334,2026-06-06 16:00:00
12130,2109,8211,1369,1355,2026-06-06 16:00:00
12131,181,8213,1434,1419,2026-06-06 16:00:00
12132,2455,8213,1353,1367,2026-06-06 16:00:00
12133,860,8214,1430,1438,2026-06-06 16:00:00
12134,441,8214,1304,1296,2026-06-06 16:00:00
12135,172,8215,1565,1572,2026-06-06 16:00:00
12136,2166,8215,1408,1401,2026-06-06 16:00:00
12137,1871,8216,1510,1494,2026-06-06 16:00:00
12138,754,8216,1397,1413,2026-06-06 16:00:00
12139,2325,8217,1130,1119,2026-06-06 17:00:00
12140,1374,8217,1171,1182,2026-06-06 17:00:00
12141,1361,8218,1432,1424,2026-06-06 17:00:00
12142,397,8218,1561,1569,2026-06-06 17:00:00
12143,1903,8219,1250,1235,2026-06-06 17:00:00
12144,916,8219,1161,1176,2026-06-06 17:00:00
12145,1185,8220,1390,1402,2026-06-06 17:00:00
12146,145,8220,1387,1375,2026-06-06 17:00:00
12147,328,8222,1352,1337,2026-06-06 17:00:00
12148,715,8222,1269,1283,2026-06-06 17:00:00
12149,756,8224,1729,1713,2026-06-06 17:00:00
12150,2409,8224,1616,1632,2026-06-06 17:00:00
12151,2091,8225,1793,1806,2026-06-06 17:00:00
12152,368,8225,1844,1830,2026-06-06 17:00:00
12153,1691,8226,1195,1181,2026-06-06 17:00:00
12154,2016,8226,1132,1146,2026-06-06 17:00:00
12155,2123,8229,1704,1709,2026-06-06 17:00:00
12156,273,8229,1481,1476,2026-06-06 17:00:00
12157,1354,8230,1793,1803,2026-06-06 18:00:00
12158,910,8230,1733,1724,2026-06-06 18:00:00
12159,1408,8231,1646,1634,2026-06-06 18:00:00
12160,33,8231,1650,1662,2026-06-06 18:00:00
12161,676,8232,1855,1866,2026-06-06 18:00:00
12162,1367,8232,1805,1795,2026-06-06 18:00:00
12163,608,8233,1378,1368,2026-06-06 18:00:00
12164,1928,8233,1439,1449,2026-06-06 18:00:00
12165,2386,8234,938,936,2026-06-06 18:00:00
12166,1262,8234,1366,1368,2026-06-06 18:00:00
12167,2391,8236,1562,1551,2026-06-06 18:00:00
12168,2074,8236,1609,1619,2026-06-06 18:00:00
12169,854,8237,1669,1678,2026-06-06 18:00:00
12170,421,8237,1560,1552,2026-06-06 18:00:00
12171,1645,8238,1530,1541,2026-06-06 18:00:00
12172,1705,8238,1480,1470,2026-06-06 18:00:00
12173,1154,8240,1462,1451,2026-06-06 19:00:00
12174,2072,8240,1496,1507,2026-06-06 19:00:00
12175,1254,8241,1758,1767,2026-06-06 19:00:00
12176,619,8241,1668,1659,2026-06-06 19:00:00
12177,1826,8242,1250,1241,2026-06-06 19:00:00
12178,1953,8242,1333,1342,2026-06-06 19:00:00
12179,1483,8245,1144,1137,2026-06-06 19:00:00
12180,1369,8245,1304,1311,2026-06-06 19:00:00
12181,2433,8246,1114,1106,2026-06-06 19:00:00
12182,193,8246,1210,1219,2026-06-06 19:00:00
12183,464,8247,1646,1656,2026-06-06 19:00:00
12184,176,8247,1585,1575,2026-06-06 19:00:00
12185,373,8248,1771,1780,2026-06-06 19:00:00
12186,234,8248,1691,1682,2026-06-06 19:00:00
12187,2386,8249,936,936,2026-06-06 19:00:00
12188,49,8249,1577,1578,2026-06-06 19:00:00
12189,1353,8250,1143,1133,2026-06-06 19:00:00
12190,193,8250,1219,1228,2026-06-06 19:00:00
12191,2331,8251,1828,1837,2026-06-06 19:00:00
12192,805,8251,1755,1746,2026-06-06 19:00:00
12193,10,8252,1851,1861,2026-06-06 19:00:00
12194,2213,8252,1775,1766,2026-06-06 19:00:00
12195,909,8253,1342,1355,2026-06-06 19:00:00
12196,1191,8253,1384,1371,2026-06-06 19:00:00
12197,921,8254,1216,1222,2026-06-06 19:00:00
12198,2286,8254,1043,1037,2026-06-06 19:00:00
12199,1057,8256,1514,1525,2026-06-06 19:00:00
12200,141,8256,1496,1484,2026-06-06 19:00:00
12201,1355,8257,1373,1380,2026-06-06 19:00:00
12202,1781,8257,1211,1204,2026-06-06 19:00:00
12203,2123,8261,1709,1719,2026-06-06 19:00:00
12204,226,8261,1645,1635,2026-06-06 19:00:00
12205,749,8263,1577,1566,2026-06-06 19:00:00
12206,2478,8263,1612,1623,2026-06-06 19:00:00
12207,197,8264,1512,1495,2026-06-06 19:00:00
12208,2293,8264,1363,1379,2026-06-06 19:00:00
12209,125,8266,1410,1402,2026-06-06 20:00:00
12210,2327,8266,1533,1541,2026-06-06 20:00:00
12211,1502,8267,1888,1901,2026-06-06 20:00:00
12212,1566,8267,1924,1911,2026-06-06 20:00:00
12213,1673,8268,1467,1480,2026-06-06 20:00:00
12214,2329,8268,1483,1471,2026-06-06 20:00:00
12215,1903,8269,1235,1228,2026-06-06 20:00:00
12216,743,8269,1372,1380,2026-06-06 20:00:00
12217,639,8270,1453,1467,2026-06-06 20:00:00
12218,1796,8270,1513,1499,2026-06-06 20:00:00
12219,490,8271,1507,1516,2026-06-06 20:00:00
12220,1003,8271,1402,1393,2026-06-06 20:00:00
12221,1268,8272,1629,1641,2026-06-06 20:00:00
12222,840,8272,1622,1610,2026-06-06 20:00:00
12223,954,8273,1405,1398,2026-06-06 20:00:00
12224,1653,8273,1545,1553,2026-06-06 20:00:00
12225,2424,8274,1688,1695,2026-06-06 20:00:00
12226,2267,8274,1549,1542,2026-06-06 20:00:00
12227,691,8275,1695,1704,2026-06-06 20:00:00
12228,1327,8275,1613,1604,2026-06-06 20:00:00
12229,1945,8277,1680,1674,2026-06-06 20:00:00
12230,1738,8277,1892,1898,2026-06-06 20:00:00
12231,1146,8278,1395,1385,2026-06-06 20:00:00
12232,579,8278,1442,1452,2026-06-06 20:00:00
12233,1254,8279,1767,1777,2026-06-06 21:00:00
12234,910,8279,1724,1713,2026-06-06 21:00:00
12235,819,8280,1678,1690,2026-06-06 21:00:00
12236,664,8280,1685,1673,2026-06-06 21:00:00
12237,1946,8281,1298,1314,2026-06-06 21:00:00
12238,261,8281,1438,1421,2026-06-06 21:00:00
12239,1696,8282,1740,1726,2026-06-06 21:00:00
12240,2471,8282,1690,1704,2026-06-06 21:00:00
12241,1062,8283,1485,1494,2026-06-06 21:00:00
12242,182,8283,1367,1359,2026-06-06 21:00:00
12243,767,8285,1328,1319,2026-06-06 21:00:00
12244,1179,8285,1415,1424,2026-06-06 21:00:00
12245,1401,8286,1337,1330,2026-06-06 21:00:00
12246,2369,8286,1480,1488,2026-06-06 21:00:00
12247,1213,8287,1592,1599,2026-06-06 21:00:00
12248,1495,8287,1447,1440,2026-06-06 21:00:00
12249,1155,8288,1730,1735,2026-06-06 21:00:00
12250,1669,8288,1479,1475,2026-06-06 21:00:00
12251,676,8289,1866,1874,2026-06-06 21:00:00
12252,947,8289,1741,1733,2026-06-06 21:00:00
12253,1057,8291,1525,1517,2026-06-06 21:00:00
12254,403,8291,1649,1657,2026-06-06 21:00:00
12255,827,8292,1449,1438,2026-06-06 21:00:00
12256,778,8292,1479,1490,2026-06-06 21:00:00
12257,1602,8293,1654,1641,2026-06-06 21:00:00
12258,331,8293,1626,1639,2026-06-06 21:00:00
12259,1563,8294,1618,1629,2026-06-06 21:00:00
12260,2022,8294,1572,1562,2026-06-06 21:00:00
12261,475,8295,1626,1635,2026-06-06 21:00:00
12262,2001,8295,1549,1539,2026-06-06 21:00:00
12263,1833,8296,1494,1509,2026-06-06 21:00:00
12264,951,8296,1565,1551,2026-06-06 21:00:00
12265,816,8297,1792,1797,2026-06-06 22:00:00
12266,633,8297,1577,1571,2026-06-06 22:00:00
12267,1201,8298,1682,1686,2026-06-06 22:00:00
12268,1548,8298,1408,1403,2026-06-06 22:00:00
12269,40,8299,1942,1948,2026-06-06 22:00:00
12270,75,8299,1746,1740,2026-06-06 22:00:00
12271,837,8300,1470,1459,2026-06-06 22:00:00
12272,1929,8300,1511,1521,2026-06-06 22:00:00
12273,676,8301,1874,1859,2026-06-06 22:00:00
12274,174,8301,1790,1805,2026-06-06 22:00:00
12275,1566,8302,1911,1920,2026-06-06 22:00:00
12276,587,8302,1813,1804,2026-06-06 22:00:00
12277,2115,8303,1604,1588,2026-06-06 22:00:00
12278,1170,8303,1490,1506,2026-06-06 22:00:00
12279,2176,8305,1305,1313,2026-06-06 22:00:00
12280,638,8305,1179,1171,2026-06-06 22:00:00
12281,101,8306,1365,1375,2026-06-06 22:00:00
12282,2483,8306,1293,1283,2026-06-06 22:00:00
12283,70,8307,1578,1593,2026-06-06 22:00:00
12284,2113,8307,1678,1662,2026-06-06 22:00:00
12285,321,8308,1478,1464,2026-06-06 22:00:00
12286,741,8308,1415,1429,2026-06-06 22:00:00
12287,1663,8311,1686,1672,2026-06-06 23:00:00
12288,401,8311,1613,1627,2026-06-06 23:00:00
12289,1408,8312,1634,1618,2026-06-06 23:00:00
12290,1592,8312,1528,1544,2026-06-06 23:00:00
12291,1762,8313,1421,1434,2026-06-06 23:00:00
12292,1198,8313,1467,1453,2026-06-06 23:00:00
12293,977,8316,1571,1565,2026-06-06 23:00:00
12294,2481,8316,1744,1750,2026-06-06 23:00:00
12295,1519,8317,1565,1573,2026-06-06 23:00:00
12296,827,8317,1438,1431,2026-06-06 23:00:00
12297,617,8318,1149,1136,2026-06-06 23:00:00
12298,274,8318,1115,1128,2026-06-06 23:00:00
12299,99,8319,1501,1510,2026-06-06 23:00:00
12300,1493,8319,1414,1405,2026-06-06 23:00:00
12301,438,8320,1564,1554,2026-06-06 23:00:00
12302,461,8320,1608,1619,2026-06-06 23:00:00
12303,173,8321,1304,1315,2026-06-06 23:00:00
12304,1293,8321,1276,1265,2026-06-06 23:00:00
12305,876,8322,1721,1705,2026-06-06 23:00:00
12306,1147,8322,1601,1617,2026-06-06 23:00:00
12307,434,8323,1653,1643,2026-06-07 00:00:00
12308,1756,8323,1713,1723,2026-06-07 00:00:00
12309,2147,8324,1424,1433,2026-06-07 00:00:00
12310,883,8324,1345,1336,2026-06-07 00:00:00
12311,749,8329,1566,1558,2026-06-07 00:00:00
12312,1203,8329,1679,1687,2026-06-07 00:00:00
12313,1619,8330,1581,1594,2026-06-07 01:00:00
12314,1986,8330,1621,1607,2026-06-07 01:00:00
12315,443,8331,1514,1529,2026-06-07 01:00:00
12316,529,8331,1585,1571,2026-06-07 01:00:00
12317,619,8332,1659,1644,2026-06-07 01:00:00
12318,2497,8332,1566,1581,2026-06-07 01:00:00
12319,2147,8333,1433,1443,2026-06-07 01:00:00
12320,1630,8333,1381,1371,2026-06-07 01:00:00
12321,1657,8334,1303,1294,2026-06-07 01:00:00
12322,387,8334,1407,1415,2026-06-07 01:00:00
12323,1107,8335,1725,1710,2026-06-07 01:00:00
12324,945,8335,1622,1637,2026-06-07 01:00:00
12325,1408,8338,1618,1626,2026-06-07 09:00:00
12326,471,8338,1484,1476,2026-06-07 09:00:00
12327,1801,8342,1369,1361,2026-06-07 09:00:00
12328,1909,8342,1484,1492,2026-06-07 09:00:00
12329,953,8345,1441,1432,2026-06-07 10:00:00
12330,516,8345,1530,1539,2026-06-07 10:00:00
12331,722,8347,1506,1513,2026-06-07 11:00:00
12332,91,8347,1333,1326,2026-06-07 11:00:00
12333,1907,8349,1269,1259,2026-06-07 11:00:00
12334,69,8349,1342,1351,2026-06-07 11:00:00
12335,1358,8352,1138,1125,2026-06-07 12:00:00
12336,1874,8352,1105,1118,2026-06-07 12:00:00
12337,443,8354,1529,1518,2026-06-07 12:00:00
12338,397,8354,1569,1579,2026-06-07 12:00:00
12339,652,8355,1623,1637,2026-06-07 12:00:00
12340,1754,8355,1673,1660,2026-06-07 12:00:00
12341,2430,8356,1312,1302,2026-06-07 12:00:00
12342,145,8356,1375,1385,2026-06-07 12:00:00
12343,881,8357,1592,1584,2026-06-07 12:00:00
12344,183,8357,1704,1712,2026-06-07 12:00:00
12345,1262,8358,1368,1380,2026-06-07 12:00:00
12346,1572,8358,1367,1355,2026-06-07 12:00:00
12347,2285,8359,1371,1356,2026-06-07 12:00:00
12348,1782,8359,1284,1299,2026-06-07 12:00:00
12349,1365,8360,1812,1799,2026-06-07 13:00:00
12350,1254,8360,1777,1791,2026-06-07 13:00:00
12351,2348,8361,1162,1146,2026-06-07 13:00:00
12352,1477,8361,1045,1061,2026-06-07 13:00:00
12353,1593,8362,1526,1536,2026-06-07 13:00:00
12354,1198,8362,1453,1444,2026-06-07 13:00:00
12355,1374,8363,1182,1174,2026-06-07 13:00:00
12356,536,8363,1303,1311,2026-06-07 13:00:00
12357,1198,8364,1444,1452,2026-06-07 13:00:00
12358,1095,8364,1322,1314,2026-06-07 13:00:00
12359,1369,8365,1311,1305,2026-06-07 13:00:00
12360,2369,8365,1488,1494,2026-06-07 13:00:00
12361,2496,8366,2058,2066,2026-06-07 13:00:00
12362,40,8366,1948,1940,2026-06-07 13:00:00
12363,495,8368,1249,1264,2026-06-07 13:00:00
12364,1710,8368,1326,1311,2026-06-07 13:00:00
12365,1717,8369,1444,1431,2026-06-07 13:00:00
12366,1303,8369,1421,1434,2026-06-07 13:00:00
12367,1599,8370,1324,1314,2026-06-07 13:00:00
12368,2164,8370,1379,1389,2026-06-07 13:00:00
12369,1806,8373,1417,1423,2026-06-07 13:00:00
12370,1966,8373,1242,1236,2026-06-07 13:00:00
12371,2147,8374,1443,1451,2026-06-07 14:00:00
12372,2299,8374,1308,1300,2026-06-07 14:00:00
12373,1524,8375,1347,1335,2026-06-07 14:00:00
12374,646,8375,1337,1350,2026-06-07 14:00:00
12375,959,8378,1798,1809,2026-06-07 14:00:00
12376,1681,8378,1751,1741,2026-06-07 14:00:00
12377,1760,8379,1574,1560,2026-06-07 14:00:00
12378,1929,8379,1521,1535,2026-06-07 14:00:00
12379,79,8380,1504,1513,2026-06-07 14:00:00
12380,2344,8380,1425,1416,2026-06-07 14:00:00
12381,138,8381,1744,1735,2026-06-07 14:00:00
12382,211,8381,1831,1840,2026-06-07 14:00:00
12383,186,8385,1615,1603,2026-06-07 14:00:00
12384,149,8385,1627,1639,2026-06-07 14:00:00
12385,1988,8386,1575,1568,2026-06-07 14:00:00
12386,1724,8386,1716,1724,2026-06-07 14:00:00
12387,992,8387,1435,1424,2026-06-07 15:00:00
12388,257,8387,1472,1483,2026-06-07 15:00:00
12389,255,8388,1414,1403,2026-06-07 15:00:00
12390,454,8388,1423,1435,2026-06-07 15:00:00
12391,608,8389,1368,1374,2026-06-07 15:00:00
12392,1534,8389,1173,1167,2026-06-07 15:00:00
12393,2116,8390,1568,1578,2026-06-07 15:00:00
12394,1388,8390,1506,1496,2026-06-07 15:00:00
12395,1710,8391,1311,1323,2026-06-07 15:00:00
12396,767,8391,1319,1307,2026-06-07 15:00:00
12397,420,8392,1640,1647,2026-06-07 15:00:00
12398,1222,8392,1462,1456,2026-06-07 15:00:00
12399,1263,8393,1564,1572,2026-06-07 15:00:00
12400,1222,8393,1456,1447,2026-06-07 15:00:00
12401,1159,8394,1334,1325,2026-06-07 15:00:00
12402,2363,8394,1435,1444,2026-06-07 15:00:00
12403,2453,8395,1302,1318,2026-06-07 15:00:00
12404,2486,8395,1427,1411,2026-06-07 15:00:00
12405,28,8396,1807,1815,2026-06-07 15:00:00
12406,2167,8396,1686,1678,2026-06-07 15:00:00
12407,1053,8397,1644,1654,2026-06-07 15:00:00
12408,1519,8397,1573,1564,2026-06-07 15:00:00
12409,1658,8398,1812,1798,2026-06-07 15:00:00
12410,221,8398,1743,1757,2026-06-07 15:00:00
12411,722,8400,1513,1524,2026-06-07 16:00:00
12412,279,8400,1480,1469,2026-06-07 16:00:00
12413,1691,8402,1181,1170,2026-06-07 16:00:00
12414,1781,8402,1204,1215,2026-06-07 16:00:00
12415,144,8404,1376,1392,2026-06-07 17:00:00
12416,412,8404,1494,1478,2026-06-07 17:00:00
12417,2317,8405,1459,1466,2026-06-07 17:00:00
12418,1524,8405,1335,1327,2026-06-07 17:00:00
12419,1549,8406,1828,1817,2026-06-07 17:00:00
12420,159,8406,1875,1886,2026-06-07 17:00:00
12421,1763,8407,1449,1437,2026-06-07 17:00:00
12422,1944,8407,1455,1467,2026-06-07 17:00:00
12423,432,8408,1582,1589,2026-06-07 17:00:00
12424,1762,8408,1434,1427,2026-06-07 17:00:00
12425,2024,8409,1681,1672,2026-06-07 17:00:00
12426,2090,8409,1772,1781,2026-06-07 17:00:00
12427,1810,8410,1998,1988,2026-06-07 17:00:00
12428,610,8410,2082,2092,2026-06-07 17:00:00
12429,1458,8412,1712,1698,2026-06-07 17:00:00
12430,1522,8412,1661,1675,2026-06-07 17:00:00
12431,966,8414,1462,1469,2026-06-07 17:00:00
12432,566,8414,1328,1320,2026-06-07 17:00:00
12433,1191,8415,1371,1359,2026-06-07 17:00:00
12434,713,8415,1388,1400,2026-06-07 17:00:00
12435,249,8417,1897,1904,2026-06-07 17:00:00
12436,2481,8417,1750,1743,2026-06-07 17:00:00
12437,274,8418,1128,1126,2026-06-07 17:00:00
12438,977,8418,1565,1566,2026-06-07 17:00:00
12439,2485,8419,1536,1547,2026-06-07 17:00:00
12440,2370,8419,1501,1490,2026-06-07 17:00:00
12441,321,8420,1464,1474,2026-06-07 17:00:00
12442,852,8420,1414,1404,2026-06-07 17:00:00
12443,177,8423,1507,1516,2026-06-07 17:00:00
12444,435,8423,1427,1418,2026-06-07 17:00:00
12445,883,8424,1336,1349,2026-06-07 18:00:00
12446,1098,8424,1357,1345,2026-06-07 18:00:00
12447,471,8425,1476,1467,2026-06-07 18:00:00
12448,198,8425,1577,1586,2026-06-07 18:00:00
12449,396,8426,1383,1371,2026-06-07 18:00:00
12450,320,8426,1388,1400,2026-06-07 18:00:00
12451,2432,8427,1707,1719,2026-06-07 18:00:00
12452,183,8427,1712,1700,2026-06-07 18:00:00
12453,2331,8428,1837,1841,2026-06-07 18:00:00
12454,431,8428,1567,1563,2026-06-07 18:00:00
12455,1266,8429,1462,1469,2026-06-07 18:00:00
12456,2099,8429,1315,1308,2026-06-07 18:00:00
12457,1349,8430,1376,1364,2026-06-07 18:00:00
12458,2067,8430,1383,1395,2026-06-07 18:00:00
12459,2416,8431,1727,1710,2026-06-07 18:00:00
12460,1223,8431,1584,1601,2026-06-07 18:00:00
12461,633,8433,1571,1564,2026-06-07 19:00:00
12462,910,8433,1713,1720,2026-06-07 19:00:00
12463,1095,8434,1314,1304,2026-06-07 19:00:00
12464,815,8434,1359,1369,2026-06-07 19:00:00
12465,2477,8435,1079,1070,2026-06-07 19:00:00
12466,2427,8435,1169,1178,2026-06-07 19:00:00
12467,373,8436,1780,1796,2026-06-07 19:00:00
12468,1502,8436,1901,1885,2026-06-07 19:00:00
12469,901,8437,1656,1647,2026-06-07 19:00:00
12470,682,8437,1754,1763,2026-06-07 19:00:00
12471,685,8439,1246,1231,2026-06-07 19:00:00
12472,156,8439,1158,1173,2026-06-07 19:00:00
12473,1155,8440,1735,1746,2026-06-07 19:00:00
12474,2432,8440,1719,1708,2026-06-07 19:00:00
12475,656,8442,1412,1401,2026-06-07 19:00:00
12476,2363,8442,1444,1455,2026-06-07 19:00:00
12477,2346,8444,1512,1516,2026-06-07 19:00:00
12478,2216,8444,1251,1247,2026-06-07 19:00:00
12479,1608,8445,1305,1296,2026-06-07 19:00:00
12480,1375,8445,1396,1405,2026-06-07 19:00:00
12481,2278,8446,1389,1378,2026-06-07 19:00:00
12482,2137,8446,1430,1441,2026-06-07 19:00:00
12483,1365,8447,1799,1801,2026-06-07 20:00:00
12484,1682,8447,1415,1413,2026-06-07 20:00:00
12485,529,8448,1571,1583,2026-06-07 20:00:00
12486,287,8448,1563,1551,2026-06-07 20:00:00
12487,2268,8449,1491,1502,2026-06-07 20:00:00
12488,2329,8449,1471,1459,2026-06-07 20:00:00
12489,2329,8450,1459,1469,2026-06-07 20:00:00
12490,1548,8450,1403,1393,2026-06-07 20:00:00
12491,2433,8453,1106,1098,2026-06-07 20:00:00
12492,1903,8453,1228,1236,2026-06-07 20:00:00
12493,176,8454,1575,1584,2026-06-07 20:00:00
12494,1688,8454,1489,1480,2026-06-07 20:00:00
12495,138,8455,1735,1720,2026-06-07 20:00:00
12496,1560,8455,1656,1671,2026-06-07 20:00:00
12497,1633,8458,1314,1302,2026-06-07 20:00:00
12498,419,8458,1323,1335,2026-06-07 20:00:00
12499,2492,8459,1479,1467,2026-06-07 20:00:00
12500,1909,8459,1492,1504,2026-06-07 20:00:00
12501,988,8460,1959,1969,2026-06-07 20:00:00
12502,313,8460,1880,1871,2026-06-07 20:00:00
12503,1979,8461,1028,1022,2026-06-07 20:00:00
12504,2426,8461,1231,1237,2026-06-07 20:00:00
12505,2244,8463,1287,1291,2026-06-07 20:00:00
12506,584,8463,1039,1034,2026-06-07 20:00:00
12507,2158,8464,1532,1543,2026-06-07 20:00:00
12508,1173,8464,1503,1492,2026-06-07 20:00:00
12509,1592,8466,1544,1535,2026-06-07 21:00:00
12510,652,8466,1637,1645,2026-06-07 21:00:00
12511,1953,8467,1342,1354,2026-06-07 21:00:00
12512,1524,8467,1327,1315,2026-06-07 21:00:00
12513,1341,8468,1354,1350,2026-06-07 21:00:00
12514,229,8468,1612,1616,2026-06-07 21:00:00
12515,348,8469,1481,1472,2026-06-07 21:00:00
12516,1737,8469,1558,1568,2026-06-07 21:00:00
12517,2145,8472,1678,1681,2026-06-07 21:00:00
12518,210,8472,1353,1349,2026-06-07 21:00:00
12519,1282,8473,1652,1660,2026-06-07 21:00:00
12520,295,8473,1520,1513,2026-06-07 21:00:00
12521,412,8474,1478,1471,2026-06-07 22:00:00
12522,1535,8474,1617,1624,2026-06-07 22:00:00
12523,227,8475,1649,1665,2026-06-07 22:00:00
12524,1278,8475,1751,1736,2026-06-07 22:00:00
12525,1201,8476,1686,1700,2026-06-07 22:00:00
12526,1155,8476,1746,1732,2026-06-07 22:00:00
12527,802,8478,1804,1815,2026-06-07 22:00:00
12528,196,8478,1755,1745,2026-06-07 22:00:00
12529,887,8479,1562,1572,2026-06-07 22:00:00
12530,257,8479,1483,1473,2026-06-07 22:00:00
12531,1495,8480,1440,1447,2026-06-07 22:00:00
12532,1369,8480,1305,1297,2026-06-07 22:00:00
12533,311,8481,1162,1154,2026-06-07 22:00:00
12534,41,8481,1277,1285,2026-06-07 22:00:00
12535,2433,8482,1098,1088,2026-06-07 22:00:00
12536,916,8482,1176,1186,2026-06-07 22:00:00
12537,732,8483,1259,1271,2026-06-07 22:00:00
12538,1907,8483,1259,1247,2026-06-07 22:00:00
12539,1170,8486,1506,1492,2026-06-07 22:00:00
12540,1162,8486,1442,1456,2026-06-07 22:00:00
12541,849,8487,1549,1559,2026-06-07 22:00:00
12542,1796,8487,1499,1489,2026-06-07 22:00:00
12543,2346,8488,1516,1532,2026-06-07 22:00:00
12544,968,8488,1622,1607,2026-06-07 22:00:00
12545,2417,8491,1635,1642,2026-06-07 22:00:00
12546,1173,8491,1492,1485,2026-06-07 22:00:00
12547,1079,8492,1754,1765,2026-06-07 23:00:00
12548,1869,8492,1732,1721,2026-06-07 23:00:00
12549,296,8494,1410,1421,2026-06-07 23:00:00
12550,1256,8494,1381,1370,2026-06-07 23:00:00
12551,1844,8495,1593,1599,2026-06-08 00:00:00
12552,502,8495,1413,1407,2026-06-08 00:00:00
12553,993,8497,1317,1329,2026-06-08 01:00:00
12554,1095,8497,1304,1292,2026-06-08 01:00:00
12555,2474,8498,1212,1222,2026-06-08 01:00:00
12556,2016,8498,1146,1136,2026-06-08 01:00:00
12557,2303,8499,1425,1416,2026-06-08 01:00:00
12558,884,8499,1533,1541,2026-06-08 01:00:00
12559,805,8500,1746,1756,2026-06-08 10:00:00
12560,1391,8500,1693,1683,2026-06-08 10:00:00
12561,87,8501,1228,1218,2026-06-08 10:00:00
12562,1611,8501,1284,1294,2026-06-08 10:00:00
12563,301,8502,1100,1092,2026-06-08 12:00:00
12564,811,8502,1241,1248,2026-06-08 12:00:00
12565,2120,8503,1717,1724,2026-06-08 12:00:00
12566,1263,8503,1572,1565,2026-06-08 12:00:00
12567,617,8504,1136,1150,2026-06-08 12:00:00
12568,638,8504,1171,1158,2026-06-08 12:00:00
12569,1257,8506,1527,1514,2026-06-08 13:00:00
12570,703,8506,1503,1516,2026-06-08 13:00:00
12571,1619,8507,1594,1603,2026-06-08 14:00:00
12572,2198,8507,1504,1495,2026-06-08 14:00:00
12573,2056,8508,1065,1079,2026-06-08 14:00:00
12574,2325,8508,1119,1106,2026-06-08 14:00:00
12575,450,8509,1544,1552,2026-06-08 14:00:00
12576,1712,8509,1418,1410,2026-06-08 14:00:00
12577,2044,8510,1569,1583,2026-06-08 14:00:00
12578,2193,8510,1645,1630,2026-06-08 14:00:00
12579,2454,8511,1571,1560,2026-06-08 14:00:00
12580,53,8511,1601,1612,2026-06-08 14:00:00
12581,41,8513,1285,1276,2026-06-08 15:00:00
12582,1262,8513,1380,1388,2026-06-08 15:00:00
12583,2320,8517,1478,1486,2026-06-08 15:00:00
12584,543,8517,1381,1372,2026-06-08 15:00:00
12585,919,8518,1163,1170,2026-06-08 15:00:00
12586,153,8518,1013,1006,2026-06-08 15:00:00
12587,279,8519,1469,1481,2026-06-08 16:00:00
12588,1198,8519,1452,1440,2026-06-08 16:00:00
12589,1756,8520,1723,1733,2026-06-08 17:00:00
12590,33,8520,1662,1652,2026-06-08 17:00:00
12591,1361,8521,1424,1434,2026-06-08 17:00:00
12592,815,8521,1369,1359,2026-06-08 17:00:00
12593,1566,8523,1920,1927,2026-06-08 17:00:00
12594,869,8523,1779,1771,2026-06-08 17:00:00
12595,2252,8525,1713,1704,2026-06-08 17:00:00
12596,2324,8525,1797,1806,2026-06-08 17:00:00
12597,28,8526,1815,1823,2026-06-08 17:00:00
12598,406,8526,1702,1694,2026-06-08 17:00:00
12599,2074,8527,1619,1629,2026-06-08 17:00:00
12600,1071,8527,1569,1559,2026-06-08 17:00:00
12601,1133,8529,1171,1162,2026-06-08 17:00:00
12602,34,8529,1273,1282,2026-06-08 17:00:00
12603,2466,8530,1367,1376,2026-06-08 17:00:00
12604,1352,8530,1282,1273,2026-06-08 17:00:00
12605,2198,8531,1495,1487,2026-06-08 18:00:00
12606,833,8531,1614,1622,2026-06-08 18:00:00
12607,471,8532,1467,1479,2026-06-08 18:00:00
12608,2126,8532,1465,1453,2026-06-08 18:00:00
12609,1477,8533,1061,1051,2026-06-08 18:00:00
12610,775,8533,1134,1144,2026-06-08 18:00:00
12611,41,8536,1276,1268,2026-06-08 18:00:00
12612,755,8536,1398,1406,2026-06-08 18:00:00
12613,824,8537,1447,1443,2026-06-08 18:00:00
12614,2445,8537,1705,1709,2026-06-08 18:00:00
12615,1696,8540,1726,1732,2026-06-08 19:00:00
12616,1593,8540,1536,1530,2026-06-08 19:00:00
12617,1018,8542,1376,1386,2026-06-08 19:00:00
12618,1946,8542,1314,1304,2026-06-08 19:00:00
12619,261,8543,1421,1406,2026-06-08 19:00:00
12620,91,8543,1326,1342,2026-06-08 19:00:00
12621,1929,8545,1535,1525,2026-06-08 19:00:00
12622,2033,8545,1583,1593,2026-06-08 19:00:00
12623,1222,8547,1447,1458,2026-06-08 19:00:00
12624,1415,8547,1406,1396,2026-06-08 19:00:00
12625,1973,8549,1930,1939,2026-06-08 19:00:00
12626,10,8549,1861,1851,2026-06-08 19:00:00
12627,1668,8550,1706,1698,2026-06-08 19:00:00
12628,2091,8550,1806,1815,2026-06-08 19:00:00
12629,399,8551,1603,1590,2026-06-08 19:00:00
12630,2258,8551,1569,1582,2026-06-08 19:00:00
12631,127,8552,1577,1569,2026-06-08 19:00:00
12632,756,8552,1713,1720,2026-06-08 19:00:00
12633,184,8554,1426,1415,2026-06-08 20:00:00
12634,537,8554,1463,1474,2026-06-08 20:00:00
12635,1397,8555,1537,1527,2026-06-08 20:00:00
12636,1619,8555,1603,1613,2026-06-08 20:00:00
12637,1358,8556,1125,1137,2026-06-08 20:00:00
12638,209,8556,1117,1105,2026-06-08 20:00:00
12639,1946,8558,1304,1312,2026-06-08 20:00:00
12640,2427,8558,1178,1170,2026-06-08 20:00:00
12641,1144,8559,2118,2104,2026-06-08 20:00:00
12642,1687,8559,2048,2062,2026-06-08 20:00:00
12643,2123,8562,1719,1706,2026-06-08 20:00:00
12644,2416,8562,1710,1723,2026-06-08 20:00:00
12645,1593,8563,1530,1525,2026-06-08 21:00:00
12646,2006,8563,1767,1772,2026-06-08 21:00:00
12647,1095,8564,1292,1285,2026-06-08 21:00:00
12648,2147,8564,1451,1458,2026-06-08 21:00:00
12649,1844,8565,1599,1606,2026-06-08 21:00:00
12650,1944,8565,1467,1459,2026-06-08 21:00:00
12651,1354,8566,1803,1814,2026-06-08 21:00:00
12652,1254,8566,1791,1779,2026-06-08 21:00:00
12653,1424,8568,1407,1415,2026-06-08 21:00:00
12654,1369,8568,1297,1289,2026-06-08 21:00:00
12655,1495,8569,1447,1439,2026-06-08 21:00:00
12656,1263,8569,1565,1573,2026-06-08 21:00:00
12657,1894,8570,1593,1578,2026-06-08 21:00:00
12658,1461,8570,1505,1520,2026-06-08 21:00:00
12659,1646,8572,1736,1727,2026-06-08 21:00:00
12660,1029,8572,1828,1837,2026-06-08 21:00:00
12661,1448,8573,1519,1509,2026-06-08 21:00:00
12662,2258,8573,1582,1592,2026-06-08 21:00:00
12663,953,8574,1432,1420,2026-06-08 21:00:00
12664,595,8574,1433,1445,2026-06-08 21:00:00
12665,1329,8575,1396,1408,2026-06-08 21:00:00
12666,2166,8575,1401,1389,2026-06-08 21:00:00
12667,2295,8576,1183,1174,2026-06-08 21:00:00
12668,1305,8576,1265,1274,2026-06-08 21:00:00
12669,1525,8577,1448,1440,2026-06-08 21:00:00
12670,289,8577,1562,1570,2026-06-08 21:00:00
12671,100,8579,1236,1245,2026-06-08 21:00:00
12672,1048,8579,1130,1122,2026-06-08 21:00:00
12673,1808,8580,1557,1573,2026-06-08 22:00:00
12674,1232,8580,1669,1653,2026-06-08 22:00:00
12675,1361,8581,1434,1443,2026-06-08 22:00:00
12676,753,8581,1331,1322,2026-06-08 22:00:00
12677,285,8583,1609,1602,2026-06-08 22:00:00
12678,1278,8583,1736,1744,2026-06-08 22:00:00
12679,49,8584,1578,1565,2026-06-08 22:00:00
12680,2243,8584,1557,1570,2026-06-08 22:00:00
12681,1462,8585,1808,1815,2026-06-08 22:00:00
12682,2281,8585,1660,1653,2026-06-08 22:00:00
12683,615,8586,1636,1625,2026-06-08 22:00:00
12684,171,8586,1653,1665,2026-06-08 22:00:00
12685,413,8587,1075,1087,2026-06-08 22:00:00
12686,327,8587,1082,1070,2026-06-08 22:00:00
12687,27,8588,1143,1136,2026-06-08 22:00:00
12688,2047,8588,1288,1296,2026-06-08 22:00:00
12689,1918,8590,1628,1622,2026-06-08 22:00:00
12690,1708,8590,1808,1814,2026-06-08 22:00:00
12691,1109,8591,1495,1503,2026-06-08 22:00:00
12692,1112,8591,1370,1362,2026-06-08 22:00:00
12693,1095,8593,1285,1276,2026-06-08 23:00:00
12694,1341,8593,1350,1360,2026-06-08 23:00:00
12695,1022,8594,1500,1502,2026-06-08 23:00:00
12696,1228,8594,1100,1098,2026-06-08 23:00:00
12697,1238,8595,1834,1819,2026-06-08 23:00:00
12698,493,8595,1726,1742,2026-06-08 23:00:00
12699,1845,8597,1227,1220,2026-06-08 23:00:00
12700,1435,8597,1361,1369,2026-06-08 23:00:00
12701,2454,8598,1560,1570,2026-06-08 23:00:00
12702,197,8598,1495,1485,2026-06-08 23:00:00
12703,884,8599,1541,1530,2026-06-09 00:00:00
12704,512,8599,1570,1581,2026-06-09 00:00:00
12705,1658,8600,1798,1781,2026-06-09 00:00:00
12706,275,8600,1671,1688,2026-06-09 00:00:00
12707,873,8601,1758,1761,2026-06-09 10:00:00
12708,1289,8601,1433,1430,2026-06-09 10:00:00
12709,664,8602,1673,1663,2026-06-09 11:00:00
12710,1606,8602,1730,1740,2026-06-09 11:00:00
12711,397,8603,1579,1571,2026-06-09 11:00:00
12712,2470,8603,1673,1682,2026-06-09 11:00:00
12713,1602,8605,1641,1633,2026-06-09 11:00:00
12714,2481,8605,1743,1751,2026-06-09 11:00:00
12715,1888,8606,1535,1526,2026-06-09 11:00:00
12716,461,8606,1619,1628,2026-06-09 11:00:00
12717,2455,8607,1367,1360,2026-06-09 12:00:00
12718,1982,8607,1509,1517,2026-06-09 12:00:00
12719,1323,8608,1717,1724,2026-06-09 12:00:00
12720,1446,8608,1575,1568,2026-06-09 12:00:00
12721,158,8609,1640,1625,2026-06-09 12:00:00
12722,1732,8609,1551,1566,2026-06-09 12:00:00
12723,1206,8610,1606,1614,2026-06-09 12:00:00
12724,878,8610,1505,1497,2026-06-09 12:00:00
12725,718,8611,1500,1509,2026-06-09 13:00:00
12726,836,8611,1408,1399,2026-06-09 13:00:00
12727,792,8614,1508,1493,2026-06-09 13:00:00
12728,2079,8614,1421,1436,2026-06-09 13:00:00
12729,1085,8615,1455,1444,2026-06-09 13:00:00
12730,1972,8615,1489,1500,2026-06-09 13:00:00
12731,1544,8616,1594,1605,2026-06-09 13:00:00
12732,1431,8616,1551,1541,2026-06-09 13:00:00
12733,1669,8617,1475,1467,2026-06-09 15:00:00
12734,215,8617,1624,1631,2026-06-09 15:00:00
12735,1008,8618,1593,1578,2026-06-09 15:00:00
12736,2062,8618,1495,1510,2026-06-09 15:00:00
12737,2458,8619,1719,1705,2026-06-09 15:00:00
12738,2167,8619,1678,1691,2026-06-09 15:00:00
12739,428,8620,1569,1576,2026-06-09 16:00:00
12740,1179,8620,1424,1417,2026-06-09 16:00:00
12741,2176,8621,1313,1328,2026-06-09 16:00:00
12742,820,8621,1411,1395,2026-06-09 16:00:00
12743,2251,8622,1344,1338,2026-06-09 16:00:00
12744,438,8622,1554,1559,2026-06-09 16:00:00
12745,775,8623,1144,1137,2026-06-09 17:00:00
12746,536,8623,1311,1318,2026-06-09 17:00:00
12747,828,8625,1553,1541,2026-06-09 17:00:00
12748,633,8625,1564,1575,2026-06-09 17:00:00
12749,2281,8627,1653,1639,2026-06-09 17:00:00
12750,428,8627,1576,1590,2026-06-09 17:00:00
12751,1688,8628,1480,1490,2026-06-09 17:00:00
12752,929,8628,1414,1404,2026-06-09 17:00:00
12753,1075,8629,1546,1554,2026-06-09 17:00:00
12754,1409,8629,1436,1428,2026-06-09 17:00:00
12755,749,8630,1558,1545,2026-06-09 17:00:00
12756,897,8630,1536,1549,2026-06-09 17:00:00
12757,1060,8631,1709,1697,2026-06-09 17:00:00
12758,627,8631,1711,1723,2026-06-09 17:00:00
12759,451,8632,1402,1409,2026-06-09 18:00:00
12760,41,8632,1268,1261,2026-06-09 18:00:00
12761,1488,8633,1166,1182,2026-06-09 18:00:00
12762,1287,8633,1265,1249,2026-06-09 18:00:00
12763,1424,8635,1415,1410,2026-06-09 18:00:00
12764,2281,8635,1639,1644,2026-06-09 18:00:00
12765,805,8636,1756,1747,2026-06-09 18:00:00
12766,10,8636,1851,1860,2026-06-09 18:00:00
12767,1159,8637,1325,1342,2026-06-09 18:00:00
12768,966,8637,1469,1453,2026-06-09 18:00:00
12769,334,8638,1504,1494,2026-06-09 18:00:00
12770,407,8638,1587,1596,2026-06-09 18:00:00
12771,1241,8639,1271,1286,2026-06-09 18:00:00
12772,1873,8639,1361,1346,2026-06-09 18:00:00
12773,537,8641,1474,1459,2026-06-09 19:00:00
12774,261,8641,1406,1420,2026-06-09 19:00:00
12775,819,8642,1690,1694,2026-06-09 19:00:00
12776,320,8642,1400,1396,2026-06-09 19:00:00
12777,1095,8644,1276,1266,2026-06-09 19:00:00
12778,1045,8644,1343,1353,2026-06-09 19:00:00
12779,794,8646,1662,1652,2026-06-09 19:00:00
12780,2120,8646,1724,1734,2026-06-09 19:00:00
12781,1657,8648,1294,1282,2026-06-09 19:00:00
12782,1300,8648,1272,1285,2026-06-09 19:00:00
12783,1732,8649,1566,1583,2026-06-09 19:00:00
12784,691,8649,1704,1688,2026-06-09 19:00:00
12785,1525,8650,1440,1435,2026-06-09 19:00:00
12786,781,8650,1680,1685,2026-06-09 19:00:00
12787,1000,8652,1603,1613,2026-06-09 19:00:00
12788,2454,8652,1570,1559,2026-06-09 19:00:00
12789,1687,8655,2062,2070,2026-06-09 20:00:00
12790,109,8655,1929,1921,2026-06-09 20:00:00
12791,1178,8656,1303,1299,2026-06-09 20:00:00
12792,428,8656,1590,1594,2026-06-09 20:00:00
12793,2467,8657,1550,1558,2026-06-09 20:00:00
12794,2004,8657,1440,1432,2026-06-09 20:00:00
12795,1777,8658,1135,1133,2026-06-09 20:00:00
12796,2243,8658,1570,1572,2026-06-09 20:00:00
12797,69,8661,1351,1337,2026-06-09 20:00:00
12798,1301,8661,1279,1294,2026-06-09 20:00:00
12799,639,8662,1467,1457,2026-06-09 20:00:00
12800,1982,8662,1517,1527,2026-06-09 20:00:00
12801,478,8663,1251,1240,2026-06-09 20:00:00
12802,1657,8663,1282,1292,2026-06-09 20:00:00
12803,823,8665,1000,1010,2026-06-09 20:00:00
12804,2280,8665,950,940,2026-06-09 20:00:00
12805,1294,8666,1146,1137,2026-06-09 20:00:00
12806,2048,8666,1232,1241,2026-06-09 20:00:00
12807,2496,8669,2066,2074,2026-06-09 21:00:00
12808,2041,8669,1941,1933,2026-06-09 21:00:00
12809,740,8672,1204,1200,2026-06-09 21:00:00
12810,544,8672,1463,1467,2026-06-09 21:00:00
12811,655,8673,1535,1527,2026-06-09 21:00:00
12812,1482,8673,1662,1670,2026-06-09 21:00:00
12813,820,8675,1395,1387,2026-06-09 21:00:00
12814,1448,8675,1509,1517,2026-06-09 21:00:00
12815,627,8678,1723,1716,2026-06-09 21:00:00
12816,611,8678,1866,1873,2026-06-09 21:00:00
12817,1631,8682,1936,1920,2026-06-09 22:00:00
12818,587,8682,1804,1821,2026-06-09 22:00:00
12819,869,8683,1771,1779,2026-06-09 22:00:00
12820,1721,8683,1646,1638,2026-06-09 22:00:00
12821,1907,8686,1247,1263,2026-06-09 22:00:00
12822,2109,8686,1355,1340,2026-06-09 22:00:00
12823,1446,8688,1568,1560,2026-06-09 22:00:00
12824,561,8688,1688,1696,2026-06-09 22:00:00
12825,2067,8689,1395,1404,2026-06-09 22:00:00
12826,1633,8689,1302,1293,2026-06-09 22:00:00
12827,2414,8691,1489,1485,2026-06-09 22:00:00
12828,542,8691,1756,1760,2026-06-09 22:00:00
12829,367,8692,1372,1379,2026-06-09 22:00:00
12830,375,8692,1244,1236,2026-06-09 22:00:00
12831,2316,8694,1454,1446,2026-06-09 23:00:00
12832,63,8694,1567,1576,2026-06-09 23:00:00
12833,504,8695,1272,1270,2026-06-09 23:00:00
12834,854,8695,1678,1680,2026-06-09 23:00:00
12835,1079,8696,1765,1769,2026-06-09 23:00:00
12836,888,8696,1479,1475,2026-06-09 23:00:00
12837,374,8697,1203,1201,2026-06-10 01:00:00
12838,1619,8697,1613,1615,2026-06-10 01:00:00
12839,516,8698,1539,1553,2026-06-10 01:00:00
12840,1420,8698,1598,1584,2026-06-10 01:00:00
12841,28,8701,1823,1831,2026-06-10 09:00:00
12842,756,8701,1720,1712,2026-06-10 09:00:00
12843,1236,8706,1985,1992,2026-06-10 11:00:00
12844,436,8706,1837,1830,2026-06-10 11:00:00
12845,2120,8709,1734,1741,2026-06-10 12:00:00
12846,2311,8709,1580,1573,2026-06-10 12:00:00
12847,234,8713,1682,1674,2026-06-10 13:00:00
12848,587,8713,1821,1828,2026-06-10 13:00:00
12849,181,8714,1419,1433,2026-06-10 13:00:00
12850,141,8714,1484,1470,2026-06-10 13:00:00
12851,2018,8717,1388,1373,2026-06-10 14:00:00
12852,1369,8717,1289,1304,2026-06-10 14:00:00
12853,1919,8719,1576,1567,2026-06-10 14:00:00
12854,1821,8719,1665,1674,2026-06-10 14:00:00
12855,1155,8720,1732,1717,2026-06-10 14:00:00
12856,1267,8720,1646,1661,2026-06-10 14:00:00
12857,558,8721,1126,1121,2026-06-10 14:00:00
12858,1609,8721,1325,1330,2026-06-10 14:00:00
12859,2171,8722,1551,1557,2026-06-10 14:00:00
12860,283,8722,1336,1331,2026-06-10 14:00:00
12861,612,8723,1467,1475,2026-06-10 15:00:00
12862,396,8723,1371,1363,2026-06-10 15:00:00
12863,193,8724,1228,1214,2026-06-10 15:00:00
12864,1534,8724,1167,1181,2026-06-10 15:00:00
12865,16,8725,1358,1348,2026-06-10 15:00:00
12866,110,8725,1436,1445,2026-06-10 15:00:00
12867,2129,8727,968,959,2026-06-10 16:00:00
12868,117,8727,1047,1056,2026-06-10 16:00:00
12869,1374,8728,1174,1163,2026-06-10 17:00:00
12870,694,8728,1200,1211,2026-06-10 17:00:00
12871,1739,8731,1532,1523,2026-06-10 17:00:00
12872,1025,8731,1640,1648,2026-06-10 17:00:00
12873,615,8732,1625,1634,2026-06-10 17:00:00
12874,745,8732,1542,1533,2026-06-10 17:00:00
12875,171,8733,1665,1673,2026-06-10 17:00:00
12876,1587,8733,1551,1543,2026-06-10 17:00:00
12877,249,8734,1904,1889,2026-06-10 17:00:00
12878,28,8734,1831,1846,2026-06-10 17:00:00
12879,1931,8735,1897,1885,2026-06-10 17:00:00
12880,1568,8735,1887,1899,2026-06-10 17:00:00
12881,1832,8736,1307,1319,2026-06-10 17:00:00
12882,1823,8736,1320,1308,2026-06-10 17:00:00
12883,1419,8737,1552,1560,2026-06-10 18:00:00
12884,1762,8737,1427,1419,2026-06-10 18:00:00
12885,633,8738,1575,1581,2026-06-10 18:00:00
12886,1953,8738,1354,1349,2026-06-10 18:00:00
12887,2427,8739,1170,1168,2026-06-10 18:00:00
12888,1937,8739,1572,1574,2026-06-10 18:00:00
12889,1566,8741,1927,1930,2026-06-10 18:00:00
12890,260,8741,1605,1602,2026-06-10 18:00:00
12891,744,8742,1818,1831,2026-06-10 18:00:00
12892,211,8742,1840,1827,2026-06-10 18:00:00
12893,2486,8743,1411,1401,2026-06-10 18:00:00
12894,82,8743,1466,1476,2026-06-10 18:00:00
12895,1023,8747,1696,1703,2026-06-10 18:00:00
12896,1713,8747,1547,1540,2026-06-10 18:00:00
12897,434,8748,1643,1652,2026-06-10 19:00:00
12898,287,8748,1551,1542,2026-06-10 19:00:00
12899,229,8749,1616,1606,2026-06-10 19:00:00
12900,1379,8749,1673,1683,2026-06-10 19:00:00
12901,1903,8752,1236,1246,2026-06-10 19:00:00
12902,156,8752,1173,1163,2026-06-10 19:00:00
12903,1094,8754,1533,1522,2026-06-10 19:00:00
12904,738,8754,1572,1583,2026-06-10 19:00:00
12905,1758,8755,1334,1325,2026-06-10 19:00:00
12906,1884,8755,1424,1433,2026-06-10 19:00:00
12907,778,8756,1490,1482,2026-06-10 19:00:00
12908,1727,8756,1625,1633,2026-06-10 19:00:00
12909,678,8757,1640,1631,2026-06-10 19:00:00
12910,1125,8757,1728,1737,2026-06-10 19:00:00
12911,1946,8758,1312,1304,2026-06-10 20:00:00
12912,1712,8758,1410,1419,2026-06-10 20:00:00
12913,1609,8760,1330,1315,2026-06-10 20:00:00
12914,87,8760,1218,1234,2026-06-10 20:00:00
12915,249,8761,1889,1897,2026-06-10 20:00:00
12916,873,8761,1761,1753,2026-06-10 20:00:00
12917,1615,8762,1322,1310,2026-06-10 20:00:00
12918,400,8762,1320,1332,2026-06-10 20:00:00
12919,954,8763,1398,1390,2026-06-10 20:00:00
12920,1472,8763,1521,1529,2026-06-10 20:00:00
12921,2478,8764,1623,1607,2026-06-10 20:00:00
12922,1940,8764,1525,1540,2026-06-10 20:00:00
12923,1945,8765,1674,1665,2026-06-10 20:00:00
12924,857,8765,1741,1751,2026-06-10 20:00:00
12925,2427,8767,1168,1183,2026-06-10 21:00:00
12926,1095,8767,1266,1251,2026-06-10 21:00:00
12927,1144,8769,2104,2106,2026-06-10 21:00:00
12928,2141,8769,1759,1756,2026-06-10 21:00:00
12929,837,8770,1459,1450,2026-06-10 21:00:00
12930,2327,8770,1541,1550,2026-06-10 21:00:00
12931,125,8772,1402,1410,2026-06-10 21:00:00
12932,495,8772,1264,1256,2026-06-10 21:00:00
12933,1688,8773,1490,1502,2026-06-10 21:00:00
12934,720,8773,1499,1487,2026-06-10 21:00:00
12935,1462,8774,1815,1804,2026-06-10 21:00:00
12936,587,8774,1828,1840,2026-06-10 21:00:00
12937,1723,8776,1569,1561,2026-06-10 21:00:00
12938,1458,8776,1698,1706,2026-06-10 21:00:00
12939,1164,8777,1266,1253,2026-06-10 21:00:00
12940,2138,8777,1229,1242,2026-06-10 21:00:00
12941,696,8778,1660,1671,2026-06-10 21:00:00
12942,1815,8778,1653,1641,2026-06-10 21:00:00
12943,643,8782,1466,1474,2026-06-10 22:00:00
12944,1953,8782,1349,1341,2026-06-10 22:00:00
12945,651,8783,1875,1858,2026-06-10 22:00:00
12946,75,8783,1740,1756,2026-06-10 22:00:00
12947,794,8785,1652,1660,2026-06-10 22:00:00
12948,649,8785,1526,1518,2026-06-10 22:00:00
12949,2047,8786,1296,1288,2026-06-10 22:00:00
12950,2344,8786,1416,1424,2026-06-10 22:00:00
12951,909,8787,1355,1348,2026-06-10 22:00:00
12952,2239,8787,1483,1491,2026-06-10 22:00:00
12953,510,8788,969,960,2026-06-10 22:00:00
12954,2283,8788,1043,1052,2026-06-10 22:00:00
12955,1099,8790,1318,1327,2026-06-10 22:00:00
12956,1006,8790,1218,1210,2026-06-10 22:00:00
12957,2443,8792,1706,1710,2026-06-10 22:00:00
12958,2359,8792,1425,1421,2026-06-10 22:00:00
12959,2427,8793,1183,1193,2026-06-10 23:00:00
12960,1874,8793,1118,1108,2026-06-10 23:00:00
12961,992,8795,1424,1434,2026-06-10 23:00:00
12962,896,8795,1351,1342,2026-06-10 23:00:00
12963,887,8796,1572,1562,2026-06-10 23:00:00
12964,2281,8796,1644,1653,2026-06-10 23:00:00
12965,1238,8797,1819,1832,2026-06-10 23:00:00
12966,651,8797,1858,1845,2026-06-10 23:00:00
12967,1884,8798,1433,1441,2026-06-10 23:00:00
12968,1599,8798,1314,1306,2026-06-10 23:00:00
12969,1547,8799,1312,1299,2026-06-10 23:00:00
12970,504,8799,1270,1284,2026-06-10 23:00:00
12971,1419,8801,1560,1568,2026-06-11 00:00:00
12972,1154,8801,1451,1442,2026-06-11 00:00:00
12973,672,8802,1482,1468,2026-06-11 10:00:00
12974,1806,8802,1423,1437,2026-06-11 10:00:00
12975,538,8804,1657,1647,2026-06-11 11:00:00
12976,189,8804,1710,1720,2026-06-11 11:00:00
12977,828,8806,1541,1550,2026-06-11 11:00:00
12978,768,8806,1430,1421,2026-06-11 11:00:00
12979,2005,8807,1885,1872,2026-06-11 11:00:00
12980,10,8807,1860,1873,2026-06-11 11:00:00
12981,2190,8808,1455,1447,2026-06-11 11:00:00
12982,1071,8808,1559,1568,2026-06-11 11:00:00
12983,2496,8810,2074,2082,2026-06-11 12:00:00
12984,40,8810,1940,1932,2026-06-11 12:00:00
12985,1739,8811,1523,1530,2026-06-11 12:00:00
12986,2018,8811,1373,1366,2026-06-11 12:00:00
12987,1946,8813,1304,1317,2026-06-11 13:00:00
12988,646,8813,1350,1336,2026-06-11 13:00:00
12989,901,8814,1647,1637,2026-06-11 13:00:00
12990,2252,8814,1704,1714,2026-06-11 13:00:00
12991,1178,8816,1299,1288,2026-06-11 13:00:00
12992,1710,8816,1323,1335,2026-06-11 13:00:00
12993,2348,8818,1146,1137,2026-06-11 14:00:00
12994,694,8818,1211,1221,2026-06-11 14:00:00
12995,300,8819,1694,1701,2026-06-11 14:00:00
12996,2467,8819,1558,1551,2026-06-11 14:00:00
12997,2004,8821,1432,1439,2026-06-11 14:00:00
12998,1113,8821,1285,1278,2026-06-11 14:00:00
12999,28,8823,1846,1857,2026-06-11 14:00:00
13000,191,8823,1812,1801,2026-06-11 14:00:00
13001,2442,8824,1754,1765,2026-06-11 14:00:00
13002,2443,8824,1710,1700,2026-06-11 14:00:00
13003,1737,8825,1568,1576,2026-06-11 15:00:00
13004,2004,8825,1439,1431,2026-06-11 15:00:00
13005,1737,8827,1576,1564,2026-06-11 16:00:00
13006,2311,8827,1573,1585,2026-06-11 16:00:00
13007,2070,8828,1646,1657,2026-06-11 16:00:00
13008,2366,8828,1631,1620,2026-06-11 16:00:00
13009,952,8832,1318,1307,2026-06-11 17:00:00
13010,1045,8832,1353,1364,2026-06-11 17:00:00
13011,722,8833,1524,1531,2026-06-11 17:00:00
13012,144,8833,1392,1384,2026-06-11 17:00:00
13013,1619,8834,1615,1625,2026-06-11 17:00:00
13014,450,8834,1552,1542,2026-06-11 17:00:00
13015,2433,8835,1088,1102,2026-06-11 17:00:00
13016,1483,8835,1137,1124,2026-06-11 17:00:00
13017,41,8837,1261,1272,2026-06-11 17:00:00
13018,1164,8837,1253,1241,2026-06-11 17:00:00
13019,2168,8838,1479,1466,2026-06-11 17:00:00
13020,7,8838,1443,1456,2026-06-11 17:00:00
13021,974,8840,1505,1519,2026-06-11 17:00:00
13022,849,8840,1559,1546,2026-06-11 17:00:00
13023,107,8841,1764,1753,2026-06-11 17:00:00
13024,1478,8841,1794,1805,2026-06-11 17:00:00
13025,2189,8842,1772,1775,2026-06-11 17:00:00
13026,866,8842,1399,1397,2026-06-11 17:00:00
13027,382,8843,1636,1641,2026-06-11 17:00:00
13028,1661,8843,1381,1377,2026-06-11 17:00:00
13029,1544,8844,1605,1593,2026-06-11 17:00:00
13030,1000,8844,1613,1625,2026-06-11 17:00:00
13031,2304,8846,1938,1948,2026-06-11 18:00:00
13032,1965,8846,1883,1873,2026-06-11 18:00:00
13033,1506,8847,1808,1796,2026-06-11 18:00:00
13034,1549,8847,1817,1829,2026-06-11 18:00:00
13035,2327,8848,1550,1540,2026-06-11 18:00:00
13036,2033,8848,1593,1604,2026-06-11 18:00:00
13037,1810,8849,1988,1974,2026-06-11 18:00:00
13038,1126,8849,1913,1927,2026-06-11 18:00:00
13039,2329,8850,1469,1479,2026-06-11 18:00:00
13040,1262,8850,1388,1379,2026-06-11 18:00:00
13041,1495,8851,1439,1450,2026-06-11 18:00:00
13042,1415,8851,1396,1385,2026-06-11 18:00:00
13043,1229,8852,1507,1519,2026-06-11 18:00:00
13044,2498,8852,1518,1505,2026-06-11 18:00:00
13045,1039,8853,1864,1866,2026-06-11 18:00:00
13046,2487,8853,1431,1430,2026-06-11 18:00:00
13047,2346,8854,1532,1524,2026-06-11 18:00:00
13048,1866,8854,1665,1673,2026-06-11 18:00:00
13049,2157,8855,1533,1526,2026-06-11 18:00:00
13050,1070,8855,1680,1687,2026-06-11 18:00:00
13051,395,8857,1389,1400,2026-06-11 18:00:00
13052,179,8857,1362,1351,2026-06-11 18:00:00
13053,384,8858,1638,1647,2026-06-11 19:00:00
13054,450,8858,1542,1533,2026-06-11 19:00:00
13055,1095,8859,1251,1259,2026-06-11 19:00:00
13056,231,8859,1154,1146,2026-06-11 19:00:00
13057,1287,8862,1249,1247,2026-06-11 19:00:00
13058,1915,8862,1652,1654,2026-06-11 19:00:00
13059,2366,8864,1620,1608,2026-06-11 19:00:00
13060,901,8864,1637,1649,2026-06-11 19:00:00
13061,215,8865,1631,1642,2026-06-11 19:00:00
13062,2033,8865,1604,1593,2026-06-11 19:00:00
13063,966,8867,1453,1445,2026-06-11 19:00:00
13064,2098,8867,1587,1595,2026-06-11 19:00:00
13065,2286,8868,1037,1027,2026-06-11 19:00:00
13066,200,8868,1113,1122,2026-06-11 19:00:00
13067,666,8869,1572,1580,2026-06-11 19:00:00
13068,948,8869,1435,1428,2026-06-11 19:00:00
13069,2020,8870,1776,1784,2026-06-11 19:00:00
13070,551,8870,1646,1639,2026-06-11 19:00:00
13071,875,8872,1615,1624,2026-06-11 19:00:00
13072,1127,8872,1518,1509,2026-06-11 19:00:00
13073,450,8873,1533,1542,2026-06-11 20:00:00
13074,1712,8873,1419,1411,2026-06-11 20:00:00
13075,1663,8874,1672,1679,2026-06-11 20:00:00
13076,1977,8874,1541,1533,2026-06-11 20:00:00
13077,2496,8877,2082,2090,2026-06-11 20:00:00
13078,1174,8877,1958,1950,2026-06-11 20:00:00
13079,342,8878,1580,1590,2026-06-11 20:00:00
13080,1461,8878,1520,1510,2026-06-11 20:00:00
13081,1688,8879,1502,1491,2026-06-11 20:00:00
13082,1561,8879,1537,1547,2026-06-11 20:00:00
13083,2262,8880,1301,1290,2026-06-11 20:00:00
13084,328,8880,1337,1348,2026-06-11 20:00:00
13085,1884,8882,1441,1425,2026-06-11 20:00:00
13086,1807,8882,1300,1317,2026-06-11 20:00:00
13087,2497,8884,1581,1592,2026-06-11 21:00:00
13088,1977,8884,1533,1523,2026-06-11 21:00:00
13089,1232,8885,1653,1662,2026-06-11 21:00:00
13090,397,8885,1571,1561,2026-06-11 21:00:00
13091,619,8886,1644,1634,2026-06-11 21:00:00
13092,2308,8886,1697,1708,2026-06-11 21:00:00
13093,1864,8888,1205,1214,2026-06-11 21:00:00
13094,2305,8888,1121,1112,2026-06-11 21:00:00
13095,453,8890,1195,1191,2026-06-11 21:00:00
13096,348,8890,1472,1476,2026-06-11 21:00:00
13097,1146,8893,1385,1393,2026-06-11 21:00:00
13098,935,8893,1272,1264,2026-06-11 21:00:00
13099,1826,8894,1241,1228,2026-06-11 22:00:00
13100,2228,8894,1234,1246,2026-06-11 22:00:00
13101,2033,8896,1593,1598,2026-06-11 22:00:00
13102,1415,8896,1385,1380,2026-06-11 22:00:00
13103,2127,8898,1653,1663,2026-06-11 22:00:00
13104,937,8898,1575,1566,2026-06-11 22:00:00
13105,2384,8899,1453,1439,2026-06-11 22:00:00
13106,2486,8899,1401,1414,2026-06-11 22:00:00
13107,1420,8900,1584,1570,2026-06-11 22:00:00
13108,1645,8900,1541,1554,2026-06-11 22:00:00
13109,247,8901,1684,1669,2026-06-11 22:00:00
13110,830,8901,1601,1615,2026-06-11 22:00:00
13111,2235,8902,1154,1146,2026-06-11 22:00:00
13112,1305,8902,1274,1282,2026-06-11 22:00:00
13113,830,8903,1615,1627,2026-06-11 22:00:00
13114,964,8903,1598,1587,2026-06-11 22:00:00
13115,1832,8904,1319,1328,2026-06-11 22:00:00
13116,22,8904,1231,1222,2026-06-11 22:00:00
13117,2311,8905,1585,1579,2026-06-11 23:00:00
13118,75,8905,1756,1763,2026-06-11 23:00:00
13119,755,8906,1406,1418,2026-06-11 23:00:00
13120,255,8906,1403,1391,2026-06-11 23:00:00
13121,1189,8907,1557,1565,2026-06-11 23:00:00
13122,938,8907,1410,1403,2026-06-11 23:00:00
13123,1758,8908,1325,1314,2026-06-11 23:00:00
13124,2455,8908,1360,1371,2026-06-11 23:00:00
13125,1756,8909,1733,1744,2026-06-12 00:00:00
13126,2471,8909,1704,1693,2026-06-12 00:00:00
13127,1752,8911,1664,1674,2026-06-12 09:00:00
13128,2163,8911,1605,1595,2026-06-12 09:00:00
13129,1620,8912,1527,1513,2026-06-12 10:00:00
13130,2212,8912,1463,1477,2026-06-12 10:00:00
13131,798,8913,1518,1527,2026-06-12 10:00:00
13132,2344,8913,1424,1415,2026-06-12 10:00:00
13133,152,8914,1497,1481,2026-06-12 10:00:00
13134,101,8914,1375,1391,2026-06-12 10:00:00
13135,787,8916,1821,1831,2026-06-12 11:00:00
13136,1261,8916,1758,1748,2026-06-12 11:00:00
13137,1944,8919,1459,1451,2026-06-12 12:00:00
13138,2447,8919,1567,1575,2026-06-12 12:00:00
13139,1907,8921,1263,1253,2026-06-12 12:00:00
13140,69,8921,1337,1346,2026-06-12 12:00:00
13141,2186,8922,1678,1692,2026-06-12 12:00:00
13142,2272,8922,1735,1721,2026-06-12 12:00:00
13143,1762,8923,1419,1410,2026-06-12 13:00:00
13144,2119,8923,1515,1524,2026-06-12 13:00:00
13145,1635,8924,1571,1585,2026-06-12 13:00:00
13146,401,8924,1627,1613,2026-06-12 13:00:00
13147,537,8925,1459,1463,2026-06-12 13:00:00
13148,1168,8925,1136,1133,2026-06-12 13:00:00
13149,896,8926,1342,1358,2026-06-12 13:00:00
13150,1495,8926,1450,1434,2026-06-12 13:00:00
13151,1645,8927,1554,1542,2026-06-12 13:00:00
13152,516,8927,1553,1565,2026-06-12 13:00:00
13153,722,8928,1531,1521,2026-06-12 14:00:00
13154,63,8928,1576,1586,2026-06-12 14:00:00
13155,619,8929,1634,1622,2026-06-12 14:00:00
13156,652,8929,1645,1657,2026-06-12 14:00:00
13157,1291,8930,1459,1444,2026-06-12 14:00:00
13158,553,8930,1383,1397,2026-06-12 14:00:00
13159,28,8931,1857,1866,2026-06-12 14:00:00
13160,2013,8931,1770,1761,2026-06-12 14:00:00
13161,1323,8932,1724,1733,2026-06-12 14:00:00
13162,1727,8932,1633,1624,2026-06-12 14:00:00
13163,983,8933,2039,2046,2026-06-12 14:00:00
13164,1428,8933,1890,1883,2026-06-12 14:00:00
13165,147,8934,1292,1283,2026-06-12 14:00:00
13166,395,8934,1400,1409,2026-06-12 14:00:00
13167,1965,8935,1873,1862,2026-06-12 15:00:00
13168,109,8935,1921,1932,2026-06-12 15:00:00
13169,159,8936,1886,1894,2026-06-12 15:00:00
13170,2141,8936,1756,1749,2026-06-12 15:00:00
13171,608,8937,1374,1363,2026-06-12 15:00:00
13172,602,8937,1397,1408,2026-06-12 15:00:00
13173,49,8938,1565,1571,2026-06-12 15:00:00
13174,743,8938,1380,1373,2026-06-12 15:00:00
13175,1681,8939,1741,1728,2026-06-12 15:00:00
13176,1155,8939,1717,1730,2026-06-12 15:00:00
13177,1752,8942,1674,1664,2026-06-12 15:00:00
13178,721,8942,1749,1759,2026-06-12 15:00:00
13179,273,8943,1476,1461,2026-06-12 15:00:00
13180,340,8943,1395,1409,2026-06-12 15:00:00
13181,340,8944,1409,1398,2026-06-12 15:00:00
13182,268,8944,1431,1442,2026-06-12 15:00:00
13183,1447,8948,1419,1431,2026-06-12 16:00:00
13184,1138,8948,1423,1411,2026-06-12 16:00:00
13185,1564,8949,1494,1497,2026-06-12 16:00:00
13186,1358,8949,1137,1134,2026-06-12 16:00:00
13187,2433,8950,1102,1094,2026-06-12 16:00:00
13188,1864,8950,1214,1222,2026-06-12 16:00:00
13189,1483,8952,1124,1116,2026-06-12 16:00:00
13190,41,8952,1272,1280,2026-06-12 16:00:00
13191,242,8954,1352,1344,2026-06-12 16:00:00
13192,672,8954,1468,1476,2026-06-12 16:00:00
13193,1644,8955,1277,1270,2026-06-12 17:00:00
13194,1154,8955,1442,1449,2026-06-12 17:00:00
13195,2018,8959,1366,1379,2026-06-12 17:00:00
13196,737,8959,1401,1388,2026-06-12 17:00:00
13197,651,8960,1845,1854,2026-06-12 17:00:00
13198,75,8960,1763,1754,2026-06-12 17:00:00
13199,373,8961,1796,1788,2026-06-12 17:00:00
13200,527,8961,1904,1913,2026-06-12 17:00:00
13201,738,8963,1583,1568,2026-06-12 17:00:00
13202,79,8963,1513,1528,2026-06-12 17:00:00
13203,1323,8965,1733,1748,2026-06-12 17:00:00
13204,2091,8965,1815,1800,2026-06-12 17:00:00
13205,2110,8966,1124,1133,2026-06-12 17:00:00
13206,2286,8966,1027,1018,2026-06-12 17:00:00
13207,1626,8967,1186,1199,2026-06-12 17:00:00
13208,1935,8967,1217,1204,2026-06-12 17:00:00
13209,162,8968,1534,1546,2026-06-12 17:00:00
13210,439,8968,1521,1509,2026-06-12 17:00:00
13211,1858,8969,1567,1575,2026-06-12 17:00:00
13212,888,8969,1475,1466,2026-06-12 17:00:00
13213,1305,8970,1282,1274,2026-06-12 17:00:00
13214,222,8970,1391,1399,2026-06-12 17:00:00
13215,2470,8971,1682,1693,2026-06-12 18:00:00
13216,538,8971,1647,1636,2026-06-12 18:00:00
13217,176,8973,1584,1597,2026-06-12 18:00:00
13218,1283,8973,1596,1584,2026-06-12 18:00:00
13219,1522,8975,1675,1668,2026-06-12 18:00:00
13220,1029,8975,1837,1844,2026-06-12 18:00:00
13221,1499,8977,1460,1471,2026-06-12 18:00:00
13222,1717,8977,1431,1420,2026-06-12 18:00:00
13223,1480,8979,1325,1321,2026-06-12 18:00:00
13224,1727,8979,1624,1628,2026-06-12 18:00:00
13225,2216,8980,1247,1239,2026-06-12 18:00:00
13226,583,8980,1376,1383,2026-06-12 18:00:00
13227,665,8981,1509,1502,2026-06-12 18:00:00
13228,98,8981,1644,1651,2026-06-12 18:00:00
13229,2485,8982,1547,1535,2026-06-12 18:00:00
13230,2054,8982,1532,1545,2026-06-12 18:00:00
13231,1223,8983,1601,1618,2026-06-12 18:00:00
13232,1704,8983,1746,1729,2026-06-12 18:00:00
13233,275,8984,1688,1698,2026-06-12 18:00:00
13234,475,8984,1635,1625,2026-06-12 18:00:00
13235,91,8985,1342,1335,2026-06-12 19:00:00
13236,1022,8985,1502,1509,2026-06-12 19:00:00
13237,2095,8986,1634,1643,2026-06-12 19:00:00
13238,722,8986,1521,1513,2026-06-12 19:00:00
13239,2227,8987,1854,1858,2026-06-12 19:00:00
13240,1028,8987,1584,1580,2026-06-12 19:00:00
13241,2225,8988,2294,2296,2026-06-12 19:00:00
13242,1549,8988,1829,1828,2026-06-12 19:00:00
13243,1953,8989,1341,1356,2026-06-12 19:00:00
13244,2316,8989,1446,1430,2026-06-12 19:00:00
13245,443,8990,1518,1527,2026-06-12 19:00:00
13246,2316,8990,1430,1421,2026-06-12 19:00:00
13247,1777,8991,1133,1147,2026-06-12 19:00:00
13248,1534,8991,1181,1167,2026-06-12 19:00:00
13249,2033,8992,1598,1618,2026-06-12 19:00:00
13250,676,8992,1859,1839,2026-06-12 19:00:00
13251,1201,8994,1700,1709,2026-06-12 19:00:00
13252,260,8994,1602,1593,2026-06-12 19:00:00
13253,1737,8995,1564,1577,2026-06-12 19:00:00
13254,2366,8995,1608,1595,2026-06-12 19:00:00
13255,1540,8996,1663,1652,2026-06-12 19:00:00
13256,2169,8996,1705,1715,2026-06-12 19:00:00
13257,1717,8998,1420,1433,2026-06-12 19:00:00
13258,1044,8998,1424,1412,2026-06-12 19:00:00
13259,1169,8999,1557,1565,2026-06-12 19:00:00
13260,83,8999,1451,1443,2026-06-12 19:00:00
13261,1301,9000,1294,1284,2026-06-12 19:00:00
13262,909,9000,1348,1358,2026-06-12 19:00:00
13263,1005,9001,1795,1785,2026-06-12 19:00:00
13264,2310,9001,1855,1864,2026-06-12 19:00:00
13265,2176,9003,1328,1341,2026-06-12 19:00:00
13266,1112,9003,1362,1349,2026-06-12 19:00:00
13267,357,9004,1722,1732,2026-06-12 19:00:00
13268,362,9004,1665,1655,2026-06-12 19:00:00
13269,1825,9005,1499,1514,2026-06-12 19:00:00
13270,1343,9005,1585,1570,2026-06-12 19:00:00
13271,1124,9006,1389,1403,2026-06-12 19:00:00
13272,809,9006,1454,1440,2026-06-12 19:00:00
13273,2123,9007,1706,1714,2026-06-12 19:00:00
13274,289,9007,1570,1563,2026-06-12 19:00:00
13275,960,9008,1181,1199,2026-06-12 19:00:00
13276,2049,9008,1386,1368,2026-06-12 19:00:00
13277,563,9009,1206,1198,2026-06-12 19:00:00
13278,269,9009,1333,1341,2026-06-12 19:00:00
13279,1419,9011,1568,1557,2026-06-12 20:00:00
13280,2497,9011,1592,1603,2026-06-12 20:00:00
13281,1226,9013,1357,1346,2026-06-12 20:00:00
13282,1003,9013,1393,1404,2026-06-12 20:00:00
13283,122,9014,1333,1320,2026-06-12 20:00:00
13284,1480,9014,1321,1333,2026-06-12 20:00:00
13285,1519,9015,1564,1572,2026-06-12 20:00:00
13286,639,9015,1457,1448,2026-06-12 20:00:00
13287,1705,9017,1470,1458,2026-06-12 20:00:00
13288,1311,9017,1481,1493,2026-06-12 20:00:00
13289,461,9018,1628,1616,2026-06-12 20:00:00
13290,678,9018,1631,1643,2026-06-12 20:00:00
13291,2085,9019,1253,1266,2026-06-12 20:00:00
13292,1105,9019,1282,1269,2026-06-12 20:00:00
13293,1282,9020,1660,1646,2026-06-12 20:00:00
13294,391,9020,1599,1613,2026-06-12 20:00:00
13295,1030,9021,1696,1706,2026-06-12 20:00:00
13296,1282,9021,1646,1635,2026-06-12 20:00:00
13297,807,9022,1292,1284,2026-06-12 21:00:00
13298,1682,9022,1413,1421,2026-06-12 21:00:00
13299,227,9023,1665,1674,2026-06-12 21:00:00
13300,63,9023,1586,1577,2026-06-12 21:00:00
13301,883,9024,1349,1340,2026-06-12 21:00:00
13302,1361,9024,1443,1452,2026-06-12 21:00:00
13303,1739,9025,1530,1543,2026-06-12 21:00:00
13304,971,9025,1557,1544,2026-06-12 21:00:00
13305,1646,9027,1727,1710,2026-06-12 21:00:00
13306,881,9027,1584,1601,2026-06-12 21:00:00
13307,2138,9028,1242,1258,2026-06-12 21:00:00
13308,1233,9028,1339,1323,2026-06-12 21:00:00
13309,2305,9029,1112,1101,2026-06-12 21:00:00
13310,1791,9029,1150,1161,2026-06-12 21:00:00
13311,1169,9030,1565,1573,2026-06-12 21:00:00
13312,161,9030,1431,1423,2026-06-12 21:00:00
13313,1587,9032,1543,1557,2026-06-12 21:00:00
13314,1516,9032,1599,1585,2026-06-12 21:00:00
13315,1715,9035,1848,1853,2026-06-12 21:00:00
13316,1434,9035,1611,1607,2026-06-12 21:00:00
13317,1564,9036,1497,1507,2026-06-12 22:00:00
13318,1829,9036,1447,1436,2026-06-12 22:00:00
13319,2348,9037,1137,1151,2026-06-12 22:00:00
13320,374,9037,1201,1187,2026-06-12 22:00:00
13321,91,9038,1335,1351,2026-06-12 22:00:00
13322,2317,9038,1466,1450,2026-06-12 22:00:00
13323,1944,9039,1451,1444,2026-06-12 22:00:00
13324,401,9039,1613,1620,2026-06-12 22:00:00
13325,2225,9040,2296,2296,2026-06-12 22:00:00
13326,664,9040,1663,1662,2026-06-12 22:00:00
13327,633,9041,1581,1589,2026-06-12 22:00:00
13328,471,9041,1479,1471,2026-06-12 22:00:00
13329,2354,9043,1550,1562,2026-06-12 22:00:00
13330,1402,9043,1538,1526,2026-06-12 22:00:00
13331,1758,9045,1314,1303,2026-06-12 22:00:00
13332,1226,9045,1346,1357,2026-06-12 22:00:00
13333,338,9046,1531,1519,2026-06-12 22:00:00
13334,2346,9046,1524,1537,2026-06-12 22:00:00
13335,402,9047,1066,1079,2026-06-12 22:00:00
13336,201,9047,1104,1090,2026-06-12 22:00:00
13337,1563,9048,1629,1635,2026-06-12 22:00:00
13338,206,9048,1447,1441,2026-06-12 22:00:00
13339,867,9049,1774,1778,2026-06-12 22:00:00
13340,1472,9049,1529,1524,2026-06-12 22:00:00
13341,670,9050,1355,1346,2026-06-12 22:00:00
13342,1627,9050,1450,1459,2026-06-12 22:00:00
13343,2228,9051,1246,1239,2026-06-12 23:00:00
13344,320,9051,1396,1403,2026-06-12 23:00:00
13345,2470,9052,1693,1696,2026-06-12 23:00:00
13346,1630,9052,1371,1368,2026-06-12 23:00:00
13347,952,9053,1307,1291,2026-06-12 23:00:00
13348,374,9053,1187,1203,2026-06-12 23:00:00
13349,1808,9054,1573,1580,2026-06-12 23:00:00
13350,1198,9054,1440,1433,2026-06-12 23:00:00
13351,300,9056,1701,1689,2026-06-12 23:00:00
13352,2309,9056,1697,1709,2026-06-12 23:00:00
13353,300,9057,1689,1692,2026-06-12 23:00:00
13354,1233,9057,1323,1321,2026-06-12 23:00:00
13355,2097,9058,1717,1724,2026-06-12 23:00:00
13356,549,9058,1576,1569,2026-06-12 23:00:00
13357,774,9060,2017,2002,2026-06-12 23:00:00
13358,160,9060,1924,1940,2026-06-12 23:00:00
13359,1444,9062,1231,1241,2026-06-12 23:00:00
13360,1521,9062,1180,1170,2026-06-12 23:00:00
13361,678,9063,1643,1653,2026-06-12 23:00:00
13362,1761,9063,1588,1578,2026-06-12 23:00:00
13363,2012,9064,1524,1511,2026-06-12 23:00:00
13364,2390,9064,1518,1530,2026-06-12 23:00:00
13365,604,9065,1347,1357,2026-06-12 23:00:00
13366,1677,9065,1295,1285,2026-06-12 23:00:00
13367,775,9067,1137,1149,2026-06-13 00:00:00
13368,1358,9067,1134,1122,2026-06-13 00:00:00
13369,1305,9069,1274,1281,2026-06-13 00:00:00
13370,2235,9069,1146,1138,2026-06-13 00:00:00
13371,2225,9070,2296,2296,2026-06-13 01:00:00
13372,2427,9070,1193,1193,2026-06-13 01:00:00
13373,2304,9071,1948,1950,2026-06-13 01:00:00
13374,287,9071,1542,1540,2026-06-13 01:00:00
13375,1098,9072,1345,1336,2026-06-13 01:00:00
13376,1829,9072,1436,1445,2026-06-13 01:00:00
13377,583,9073,1383,1370,2026-06-13 01:00:00
13378,899,9073,1346,1359,2026-06-13 01:00:00
13379,1257,9074,1514,1522,2026-06-13 01:00:00
13380,954,9074,1390,1382,2026-06-13 01:00:00
13381,340,9075,1398,1387,2026-06-13 01:00:00
13382,2184,9075,1437,1448,2026-06-13 01:00:00
13383,1128,9076,1539,1548,2026-06-13 01:00:00
13384,2410,9076,1439,1430,2026-06-13 01:00:00
13385,451,9078,1409,1422,2026-06-13 09:00:00
13386,992,9078,1434,1421,2026-06-13 09:00:00
13387,1374,9079,1163,1179,2026-06-13 10:00:00
13388,1644,9079,1270,1254,2026-06-13 10:00:00
13389,2434,9080,1502,1493,2026-06-13 10:00:00
13390,1364,9080,1572,1581,2026-06-13 10:00:00
13391,2289,9081,1968,1957,2026-06-13 10:00:00
13392,1700,9081,1994,2006,2026-06-13 10:00:00
13393,2203,9082,1851,1862,2026-06-13 10:00:00
13394,104,9082,1807,1797,2026-06-13 10:00:00
13395,1973,9083,1939,1948,2026-06-13 11:00:00
13396,2393,9083,1852,1843,2026-06-13 11:00:00
13397,1966,9085,1236,1224,2026-06-13 11:00:00
13398,1575,9085,1248,1260,2026-06-13 11:00:00
13399,1411,9086,1304,1309,2026-06-13 12:00:00
13400,209,9086,1105,1100,2026-06-13 12:00:00
13401,646,9087,1336,1322,2026-06-13 12:00:00
13402,952,9087,1291,1304,2026-06-13 12:00:00
13403,2433,9088,1094,1086,2026-06-13 12:00:00
13404,2065,9088,1224,1231,2026-06-13 12:00:00
13405,1424,9090,1410,1400,2026-06-13 12:00:00
13406,348,9090,1476,1485,2026-06-13 12:00:00
13407,568,9091,1545,1539,2026-06-13 12:00:00
13408,998,9091,1722,1729,2026-06-13 12:00:00
13409,895,9092,1470,1478,2026-06-13 12:00:00
13410,2242,9092,1338,1330,2026-06-13 12:00:00
13411,1713,9094,1540,1547,2026-06-13 12:00:00
13412,222,9094,1399,1392,2026-06-13 12:00:00
13413,749,9095,1545,1538,2026-06-13 12:00:00
13414,781,9095,1685,1692,2026-06-13 12:00:00
13415,1753,9097,1684,1695,2026-06-13 13:00:00
13416,1773,9097,1648,1637,2026-06-13 13:00:00
13417,1753,9100,1695,1682,2026-06-13 14:00:00
13418,1921,9100,1672,1685,2026-06-13 14:00:00
13419,287,9101,1540,1546,2026-06-13 14:00:00
13420,1045,9101,1364,1357,2026-06-13 14:00:00
13421,1129,9102,1518,1525,2026-06-13 14:00:00
13422,517,9102,1375,1367,2026-06-13 14:00:00
13423,300,9103,1692,1700,2026-06-13 14:00:00
13424,2116,9103,1578,1570,2026-06-13 14:00:00
13425,901,9104,1649,1658,2026-06-13 14:00:00
13426,2116,9104,1570,1561,2026-06-13 14:00:00
13427,1210,9105,1143,1136,2026-06-13 14:00:00
13428,2047,9105,1288,1295,2026-06-13 14:00:00
13429,820,9106,1387,1402,2026-06-13 14:00:00
13430,778,9106,1482,1467,2026-06-13 14:00:00
13431,827,9109,1431,1442,2026-06-13 14:00:00
13432,1004,9109,1400,1389,2026-06-13 14:00:00
13433,1705,9110,1458,1447,2026-06-13 14:00:00
13434,1995,9110,1475,1486,2026-06-13 14:00:00
13435,1374,9111,1179,1189,2026-06-13 15:00:00
13436,1168,9111,1133,1123,2026-06-13 15:00:00
13437,1154,9112,1449,1438,2026-06-13 15:00:00
13438,643,9112,1474,1485,2026-06-13 15:00:00
13439,646,9113,1322,1315,2026-06-13 15:00:00
13440,2436,9113,1445,1453,2026-06-13 15:00:00
13441,454,9114,1435,1454,2026-06-13 15:00:00
13442,901,9114,1658,1639,2026-06-13 15:00:00
13443,2233,9115,1389,1396,2026-06-13 15:00:00
13444,1903,9115,1246,1238,2026-06-13 15:00:00
13445,465,9116,1499,1488,2026-06-13 15:00:00
13446,1015,9116,1534,1545,2026-06-13 15:00:00
13447,1656,9119,1603,1596,2026-06-13 15:00:00
13448,76,9119,1756,1763,2026-06-13 15:00:00
13449,910,9122,1720,1728,2026-06-13 16:00:00
13450,414,9122,1583,1576,2026-06-13 16:00:00
13451,1144,9123,2106,2117,2026-06-13 16:00:00
13452,1687,9123,2070,2059,2026-06-13 16:00:00
13453,2340,9125,1537,1551,2026-06-13 16:00:00
13454,1213,9125,1599,1585,2026-06-13 16:00:00
13455,2098,9126,1595,1602,2026-06-13 16:00:00
13456,541,9126,1460,1452,2026-06-13 16:00:00
13457,590,9127,1569,1553,2026-06-13 16:00:00
13458,2223,9127,1455,1471,2026-06-13 16:00:00
13459,1782,9128,1299,1292,2026-06-13 16:00:00
13460,736,9128,1464,1471,2026-06-13 16:00:00
13461,2126,9131,1453,1461,2026-06-13 17:00:00
13462,2195,9131,1335,1327,2026-06-13 17:00:00
13463,1129,9132,1525,1517,2026-06-13 17:00:00
13464,1408,9132,1626,1635,2026-06-13 17:00:00
13465,1029,9133,1844,1850,2026-06-13 17:00:00
13466,1821,9133,1674,1667,2026-06-13 17:00:00
13467,2340,9134,1551,1561,2026-06-13 17:00:00
13468,720,9134,1487,1477,2026-06-13 17:00:00
13469,2243,9135,1572,1564,2026-06-13 17:00:00
13470,2252,9135,1714,1721,2026-06-13 17:00:00
13471,916,9136,1186,1178,2026-06-13 17:00:00
13472,2430,9136,1302,1310,2026-06-13 17:00:00
13473,342,9137,1590,1598,2026-06-13 17:00:00
13474,2329,9137,1479,1470,2026-06-13 17:00:00
13475,1164,9138,1241,1236,2026-06-13 17:00:00
13476,720,9138,1477,1482,2026-06-13 17:00:00
13477,191,9141,1801,1810,2026-06-13 17:00:00
13478,2183,9141,1705,1697,2026-06-13 17:00:00
13479,274,9142,1126,1123,2026-06-13 17:00:00
13480,1884,9142,1425,1428,2026-06-13 17:00:00
13481,1634,9144,1489,1498,2026-06-13 17:00:00
13482,1409,9144,1428,1418,2026-06-13 17:00:00
13483,1720,9145,1629,1615,2026-06-13 17:00:00
13484,2025,9145,1550,1565,2026-06-13 17:00:00
13485,1591,9147,1166,1176,2026-06-13 18:00:00
13486,1168,9147,1123,1112,2026-06-13 18:00:00
13487,1549,9149,1828,1831,2026-06-13 18:00:00
13488,500,9149,1511,1508,2026-06-13 18:00:00
13489,909,9152,1358,1346,2026-06-13 18:00:00
13490,1191,9152,1359,1371,2026-06-13 18:00:00
13491,1758,9154,1303,1294,2026-06-13 18:00:00
13492,2067,9154,1404,1412,2026-06-13 18:00:00
13493,1806,9156,1437,1423,2026-06-13 18:00:00
13494,543,9156,1372,1386,2026-06-13 18:00:00
13495,2443,9158,1700,1689,2026-06-13 18:00:00
13496,1286,9158,1732,1743,2026-06-13 18:00:00
13497,1644,9160,1254,1245,2026-06-13 19:00:00
13498,753,9160,1322,1332,2026-06-13 19:00:00
13499,1397,9161,1527,1513,2026-06-13 19:00:00
13500,279,9161,1481,1494,2026-06-13 19:00:00
13501,1008,9164,1578,1563,2026-06-13 19:00:00
13502,348,9164,1485,1501,2026-06-13 19:00:00
13503,1029,9165,1850,1841,2026-06-13 19:00:00
13504,40,9165,1932,1941,2026-06-13 19:00:00
13505,2324,9167,1806,1794,2026-06-13 19:00:00
13506,802,9167,1815,1826,2026-06-13 19:00:00
13507,2367,9169,1824,1832,2026-06-13 19:00:00
13508,1439,9169,1698,1690,2026-06-13 19:00:00
13509,142,9170,1634,1646,2026-06-13 19:00:00
13510,2409,9170,1632,1620,2026-06-13 19:00:00
13511,2127,9171,1663,1672,2026-06-13 19:00:00
13512,399,9171,1590,1580,2026-06-13 19:00:00
13513,207,9172,1522,1529,2026-06-13 19:00:00
13514,1271,9172,1380,1373,2026-06-13 19:00:00
13515,207,9173,1529,1518,2026-06-13 19:00:00
13516,677,9173,1550,1562,2026-06-13 19:00:00
13517,2351,9175,1425,1414,2026-06-13 19:00:00
13518,2205,9175,1479,1489,2026-06-13 19:00:00
13519,436,9176,1830,1839,2026-06-13 19:00:00
13520,2038,9176,1730,1722,2026-06-13 19:00:00
13521,296,9177,1421,1414,2026-06-13 19:00:00
13522,1875,9177,1592,1598,2026-06-13 19:00:00
13523,529,9178,1583,1571,2026-06-13 20:00:00
13524,229,9178,1606,1617,2026-06-13 20:00:00
13525,1029,9179,1841,1826,2026-06-13 20:00:00
13526,17,9179,1746,1762,2026-06-13 20:00:00
13527,1864,9180,1222,1232,2026-06-13 20:00:00
13528,1777,9180,1147,1138,2026-06-13 20:00:00
13529,1775,9181,1532,1521,2026-06-13 20:00:00
13530,2116,9181,1561,1572,2026-06-13 20:00:00
13531,533,9182,1344,1356,2026-06-13 20:00:00
13532,2253,9182,1332,1320,2026-06-13 20:00:00
13533,911,9183,1620,1611,2026-06-13 20:00:00
13534,2445,9183,1709,1718,2026-06-13 20:00:00
13535,1360,9184,1716,1719,2026-06-13 20:00:00
13536,1480,9184,1333,1331,2026-06-13 20:00:00
13537,1752,9186,1664,1677,2026-06-13 20:00:00
13538,1830,9186,1691,1679,2026-06-13 20:00:00
13539,385,9187,1225,1222,2026-06-13 20:00:00
13540,1940,9187,1540,1543,2026-06-13 20:00:00
13541,2135,9188,1777,1764,2026-06-13 20:00:00
13542,2076,9188,1750,1763,2026-06-13 20:00:00
13543,1763,9190,1437,1447,2026-06-13 21:00:00
13544,779,9190,1381,1370,2026-06-13 21:00:00
13545,529,9191,1571,1579,2026-06-13 21:00:00
13546,1447,9191,1431,1424,2026-06-13 21:00:00
13547,1278,9192,1744,1733,2026-06-13 21:00:00
13548,2006,9192,1772,1783,2026-06-13 21:00:00
13549,227,9193,1674,1661,2026-06-13 21:00:00
13550,538,9193,1636,1650,2026-06-13 21:00:00
13551,300,9194,1700,1687,2026-06-13 21:00:00
13552,1267,9194,1661,1674,2026-06-13 21:00:00
13553,40,9195,1941,1926,2026-06-13 21:00:00
13554,1551,9195,1857,1872,2026-06-13 21:00:00
13555,1721,9196,1638,1648,2026-06-13 21:00:00
13556,415,9196,1578,1569,2026-06-13 21:00:00
13557,1345,9198,1501,1491,2026-06-13 21:00:00
13558,970,9198,1561,1571,2026-06-13 21:00:00
13559,1413,9199,1863,1850,2026-06-13 21:00:00
13560,2404,9199,1841,1853,2026-06-13 21:00:00
13561,1757,9201,1577,1590,2026-06-13 21:00:00
13562,2163,9201,1595,1583,2026-06-13 21:00:00
13563,2448,9203,1243,1254,2026-06-13 21:00:00
13564,1935,9203,1204,1193,2026-06-13 21:00:00
13565,1806,9205,1423,1408,2026-06-13 21:00:00
13566,1081,9205,1317,1333,2026-06-13 21:00:00
13567,1658,9206,1781,1786,2026-06-13 21:00:00
13568,969,9206,1528,1523,2026-06-13 21:00:00
13569,2359,9209,1421,1412,2026-06-13 21:00:00
13570,708,9209,1502,1511,2026-06-13 21:00:00
13571,1028,9210,1580,1570,2026-06-13 22:00:00
13572,1408,9210,1635,1645,2026-06-13 22:00:00
13573,1471,9213,1993,2001,2026-06-13 22:00:00
13574,1870,9213,1880,1872,2026-06-13 22:00:00
13575,1179,9214,1417,1409,2026-06-13 22:00:00
13576,1760,9214,1560,1567,2026-06-13 22:00:00
13577,1244,9215,1924,1928,2026-06-13 22:00:00
13578,615,9215,1634,1630,2026-06-13 22:00:00
13579,2297,9216,1660,1648,2026-06-13 22:00:00
13580,1335,9216,1646,1659,2026-06-13 22:00:00
13581,376,9219,1507,1514,2026-06-13 22:00:00
13582,1349,9219,1364,1357,2026-06-13 22:00:00
13583,510,9220,960,970,2026-06-13 22:00:00
13584,1926,9220,899,889,2026-06-13 22:00:00
13585,937,9221,1566,1553,2026-06-13 22:00:00
13586,2391,9221,1551,1564,2026-06-13 22:00:00
13587,1685,9223,1737,1742,2026-06-13 22:00:00
13588,1472,9223,1524,1519,2026-06-13 22:00:00
13589,2020,9224,1784,1768,2026-06-13 22:00:00
13590,2439,9224,1669,1685,2026-06-13 22:00:00
13591,2158,9226,1543,1554,2026-06-13 22:00:00
13592,177,9226,1516,1505,2026-06-13 22:00:00
13593,2397,9227,1457,1471,2026-06-13 23:00:00
13594,1890,9227,1519,1505,2026-06-13 23:00:00
13595,2447,9229,1575,1582,2026-06-13 23:00:00
13596,768,9229,1421,1414,2026-06-13 23:00:00
13597,1462,9231,1804,1820,2026-06-13 23:00:00
13598,1631,9231,1920,1904,2026-06-13 23:00:00
13599,1353,9232,1133,1126,2026-06-13 23:00:00
13600,1113,9232,1278,1285,2026-06-13 23:00:00
13601,2087,9233,1660,1648,2026-06-13 23:00:00
13602,1915,9233,1654,1666,2026-06-13 23:00:00
13603,499,9234,1288,1284,2026-06-13 23:00:00
13604,1561,9234,1547,1552,2026-06-13 23:00:00
13605,1266,9235,1469,1454,2026-06-13 23:00:00
13606,553,9235,1397,1412,2026-06-13 23:00:00
13607,2344,9237,1415,1424,2026-06-13 23:00:00
13608,886,9237,1317,1308,2026-06-13 23:00:00
13609,937,9238,1553,1566,2026-06-13 23:00:00
13610,1364,9238,1581,1568,2026-06-13 23:00:00
13611,2483,9239,1283,1281,2026-06-13 23:00:00
13612,756,9239,1712,1714,2026-06-13 23:00:00
13613,1099,9242,1327,1318,2026-06-13 23:00:00
13614,991,9242,1417,1426,2026-06-13 23:00:00
13615,611,9243,1873,1857,2026-06-13 23:00:00
13616,2254,9243,1739,1755,2026-06-13 23:00:00
13617,455,9244,1245,1233,2026-06-13 23:00:00
13618,935,9244,1264,1275,2026-06-13 23:00:00
13619,2048,9245,1241,1250,2026-06-13 23:00:00
13620,1294,9245,1137,1128,2026-06-13 23:00:00
13621,1144,9247,2117,2125,2026-06-14 00:00:00
13622,765,9247,1986,1978,2026-06-14 00:00:00
13623,1836,9248,1278,1268,2026-06-14 00:00:00
13624,883,9248,1340,1350,2026-06-14 00:00:00
13625,1886,9249,1792,1800,2026-06-14 00:00:00
13626,1752,9249,1677,1669,2026-06-14 00:00:00
13627,9,9250,1266,1254,2026-06-14 00:00:00
13628,1583,9250,1271,1283,2026-06-14 00:00:00
13629,988,9251,1969,1981,2026-06-14 00:00:00
13630,1236,9251,1992,1979,2026-06-14 00:00:00
13631,988,9252,1981,1989,2026-06-14 00:00:00
13632,436,9252,1839,1831,2026-06-14 00:00:00
13633,1305,9253,1281,1298,2026-06-14 00:00:00
13634,2380,9253,1404,1388,2026-06-14 00:00:00
13635,261,9254,1420,1430,2026-06-14 01:00:00
13636,1953,9254,1356,1346,2026-06-14 01:00:00
13637,1432,9256,1266,1257,2026-06-14 01:00:00
13638,267,9256,1367,1376,2026-06-14 01:00:00
13639,665,9257,1502,1498,2026-06-14 01:00:00
13640,2288,9257,1776,1780,2026-06-14 01:00:00
13641,2142,9259,1674,1685,2026-06-14 10:00:00
13642,384,9259,1647,1636,2026-06-14 10:00:00
13643,2186,9260,1692,1700,2026-06-14 10:00:00
13644,1169,9260,1573,1565,2026-06-14 10:00:00
13645,1226,9261,1357,1344,2026-06-14 10:00:00
13646,419,9261,1335,1348,2026-06-14 10:00:00
13647,649,9262,1518,1508,2026-06-14 11:00:00
13648,1213,9262,1585,1595,2026-06-14 11:00:00
13649,568,9263,1539,1548,2026-06-14 11:00:00
13650,2363,9263,1455,1445,2026-06-14 11:00:00
13651,87,9264,1234,1218,2026-06-14 11:00:00
13652,200,9264,1122,1138,2026-06-14 11:00:00
13653,699,9265,1641,1631,2026-06-14 11:00:00
13654,763,9265,1687,1697,2026-06-14 11:00:00
13655,1369,9266,1304,1318,2026-06-14 12:00:00
13656,56,9266,1377,1363,2026-06-14 12:00:00
13657,2175,9269,1451,1438,2026-06-14 12:00:00
13658,1003,9269,1404,1418,2026-06-14 12:00:00
13659,1132,9270,1877,1886,2026-06-14 12:00:00
13660,1005,9270,1785,1776,2026-06-14 12:00:00
13661,1256,9271,1370,1378,2026-06-14 12:00:00
13662,100,9271,1245,1237,2026-06-14 12:00:00
13663,1254,9272,1779,1767,2026-06-14 13:00:00
13664,116,9272,1788,1799,2026-06-14 13:00:00
13665,434,9273,1652,1663,2026-06-14 13:00:00
13666,1986,9273,1607,1597,2026-06-14 13:00:00
13667,170,9274,1508,1519,2026-06-14 13:00:00
13668,257,9274,1473,1463,2026-06-14 13:00:00
13669,896,9275,1358,1347,2026-06-14 13:00:00
13670,1237,9275,1394,1404,2026-06-14 13:00:00
13671,1159,9277,1342,1351,2026-06-14 13:00:00
13672,26,9277,1236,1228,2026-06-14 13:00:00
13673,1609,9278,1315,1301,2026-06-14 13:00:00
13674,2483,9278,1281,1295,2026-06-14 13:00:00
13675,2158,9280,1554,1568,2026-06-14 13:00:00
13676,53,9280,1612,1598,2026-06-14 13:00:00
13677,450,9281,1542,1530,2026-06-14 14:00:00
13678,828,9281,1550,1561,2026-06-14 14:00:00
13679,2147,9282,1458,1450,2026-06-14 14:00:00
13680,2497,9282,1603,1610,2026-06-14 14:00:00
13681,1415,9283,1380,1387,2026-06-14 14:00:00
13682,319,9283,1235,1228,2026-06-14 14:00:00
13683,2340,9285,1561,1554,2026-06-14 14:00:00
13684,183,9285,1700,1708,2026-06-14 14:00:00
13685,1388,9286,1496,1505,2026-06-14 14:00:00
13686,602,9286,1408,1399,2026-06-14 14:00:00
13687,2272,9288,1721,1727,2026-06-14 14:00:00
13688,1094,9288,1522,1516,2026-06-14 14:00:00
13689,2306,9290,1142,1159,2026-06-14 14:00:00
13690,34,9290,1282,1265,2026-06-14 14:00:00
13691,1105,9291,1269,1259,2026-06-14 14:00:00
13692,1963,9291,1340,1350,2026-06-14 14:00:00
13693,1000,9292,1625,1613,2026-06-14 14:00:00
13694,668,9292,1617,1629,2026-06-14 14:00:00
13695,471,9293,1471,1465,2026-06-14 15:00:00
13696,227,9293,1661,1667,2026-06-14 15:00:00
13697,2198,9294,1487,1495,2026-06-14 15:00:00
13698,91,9294,1351,1344,2026-06-14 15:00:00
13699,1876,9295,1289,1281,2026-06-14 15:00:00
13700,2337,9295,1399,1408,2026-06-14 15:00:00
13701,1602,9297,1633,1640,2026-06-14 15:00:00
13702,1437,9297,1484,1477,2026-06-14 15:00:00
13703,439,9300,1509,1498,2026-06-14 15:00:00
13704,65,9300,1534,1545,2026-06-14 15:00:00
13705,1600,9301,1287,1299,2026-06-14 15:00:00
13706,1390,9301,1274,1262,2026-06-14 15:00:00
13707,762,9302,1441,1450,2026-06-14 15:00:00
13708,202,9302,1352,1343,2026-06-14 15:00:00
13709,1960,9303,1427,1437,2026-06-14 15:00:00
13710,1814,9303,1377,1367,2026-06-14 15:00:00
13711,109,9304,1932,1924,2026-06-14 16:00:00
13712,1687,9304,2059,2067,2026-06-14 16:00:00
13713,1903,9305,1238,1225,2026-06-14 16:00:00
13714,193,9305,1214,1227,2026-06-14 16:00:00
13715,1424,9306,1400,1408,2026-06-14 16:00:00
13716,499,9306,1284,1275,2026-06-14 16:00:00
13717,837,9307,1450,1440,2026-06-14 16:00:00
13718,1688,9307,1491,1502,2026-06-14 16:00:00
13719,894,9308,1417,1430,2026-06-14 16:00:00
13720,1928,9308,1449,1436,2026-06-14 16:00:00
13721,2091,9310,1800,1812,2026-06-14 16:00:00
13722,1290,9310,1793,1781,2026-06-14 16:00:00
13723,1112,9312,1349,1335,2026-06-14 16:00:00
13724,1547,9312,1299,1312,2026-06-14 16:00:00
13725,1053,9313,1654,1641,2026-06-14 16:00:00
13726,1727,9313,1628,1641,2026-06-14 16:00:00
13727,1657,9314,1292,1301,2026-06-14 16:00:00
13728,2148,9314,1187,1178,2026-06-14 16:00:00
13729,531,9315,1938,1940,2026-06-14 16:00:00
13730,907,9315,1561,1559,2026-06-14 16:00:00
13731,2193,9316,1630,1643,2026-06-14 16:00:00
13732,1077,9316,1648,1635,2026-06-14 16:00:00
13733,273,9317,1461,1469,2026-06-14 16:00:00
13734,1252,9317,1325,1318,2026-06-14 16:00:00
13735,1423,9318,1352,1364,2026-06-14 16:00:00
13736,179,9318,1351,1339,2026-06-14 16:00:00
13737,1944,9322,1444,1441,2026-06-14 17:00:00
13738,2090,9322,1781,1784,2026-06-14 17:00:00
13739,348,9325,1501,1510,2026-06-14 17:00:00
13740,992,9325,1421,1411,2026-06-14 17:00:00
13741,15,9329,1114,1108,2026-06-14 17:00:00
13742,1599,9329,1306,1312,2026-06-14 17:00:00
13743,443,9331,1527,1540,2026-06-14 18:00:00
13744,302,9331,1548,1535,2026-06-14 18:00:00
13745,1836,9333,1268,1261,2026-06-14 18:00:00
13746,320,9333,1403,1411,2026-06-14 18:00:00
13747,2108,9334,1632,1620,2026-06-14 18:00:00
13748,401,9334,1620,1632,2026-06-14 18:00:00
13749,1572,9336,1355,1369,2026-06-14 18:00:00
13750,602,9336,1399,1385,2026-06-14 18:00:00
13751,1547,9337,1312,1328,2026-06-14 18:00:00
13752,181,9337,1433,1417,2026-06-14 18:00:00
13753,1758,9338,1294,1307,2026-06-14 18:00:00
13754,1609,9338,1301,1289,2026-06-14 18:00:00
13755,1546,9339,1057,1047,2026-06-14 18:00:00
13756,429,9339,1109,1119,2026-06-14 18:00:00
13757,1744,9340,1788,1776,2026-06-14 18:00:00
13758,2189,9340,1775,1787,2026-06-14 18:00:00
13759,1252,9341,1318,1333,2026-06-14 18:00:00
13760,2410,9341,1430,1415,2026-06-14 18:00:00
13761,2380,9342,1388,1378,2026-06-14 18:00:00
13762,2027,9342,1457,1466,2026-06-14 18:00:00
13763,435,9343,1418,1429,2026-06-14 18:00:00
13764,5,9343,1389,1378,2026-06-14 18:00:00
13765,2427,9344,1193,1185,2026-06-14 19:00:00
13766,536,9344,1318,1325,2026-06-14 19:00:00
13767,1047,9345,1589,1599,2026-06-14 19:00:00
13768,2219,9345,1516,1506,2026-06-14 19:00:00
13769,1361,9346,1452,1460,2026-06-14 19:00:00
13770,2092,9346,1340,1332,2026-06-14 19:00:00
13771,633,9349,1589,1573,2026-06-14 19:00:00
13772,1123,9349,1476,1492,2026-06-14 19:00:00
13773,234,9351,1674,1690,2026-06-14 19:00:00
13774,373,9351,1788,1772,2026-06-14 19:00:00
13775,393,9352,1693,1701,2026-06-14 19:00:00
13776,2311,9352,1579,1571,2026-06-14 19:00:00
13777,1401,9354,1330,1341,2026-06-14 19:00:00
13778,2261,9354,1324,1312,2026-06-14 19:00:00
13779,2305,9355,1101,1095,2026-06-14 19:00:00
13780,41,9355,1280,1286,2026-06-14 19:00:00
13781,843,9356,1429,1415,2026-06-14 19:00:00
13782,533,9356,1356,1370,2026-06-14 19:00:00
13783,203,9357,1487,1476,2026-06-14 19:00:00
13784,1402,9357,1526,1537,2026-06-14 19:00:00
13785,1044,9358,1412,1402,2026-06-14 19:00:00
13786,1499,9358,1471,1481,2026-06-14 19:00:00
13787,1384,9360,1395,1381,2026-06-14 19:00:00
13788,1112,9360,1335,1349,2026-06-14 19:00:00
13789,54,9361,1610,1602,2026-06-14 19:00:00
13790,2181,9361,1730,1738,2026-06-14 19:00:00
13791,1618,9362,1292,1280,2026-06-14 19:00:00
13792,1782,9362,1292,1304,2026-06-14 19:00:00
13793,2336,9363,1524,1533,2026-06-14 19:00:00
13794,1759,9363,1427,1418,2026-06-14 19:00:00
13795,2228,9365,1239,1247,2026-06-14 20:00:00
13796,2325,9365,1106,1098,2026-06-14 20:00:00
13797,753,9366,1332,1338,2026-06-14 20:00:00
13798,775,9366,1149,1143,2026-06-14 20:00:00
13799,446,9367,1496,1507,2026-06-14 20:00:00
13800,2317,9367,1450,1440,2026-06-14 20:00:00
13801,651,9369,1854,1863,2026-06-14 20:00:00
13802,682,9369,1763,1754,2026-06-14 20:00:00
13803,651,9371,1863,1855,2026-06-14 20:00:00
13804,1810,9371,1974,1982,2026-06-14 20:00:00
13805,1961,9372,1641,1652,2026-06-14 20:00:00
13806,466,9372,1630,1618,2026-06-14 20:00:00
13807,2099,9373,1308,1298,2026-06-14 20:00:00
13808,747,9373,1359,1369,2026-06-14 20:00:00
13809,1983,9375,1324,1314,2026-06-14 20:00:00
13810,1032,9375,1381,1391,2026-06-14 20:00:00
13811,888,9376,1466,1456,2026-06-14 20:00:00
13812,2418,9376,1530,1539,2026-06-14 20:00:00
13813,384,9378,1636,1647,2026-06-14 21:00:00
13814,1456,9378,1618,1607,2026-06-14 21:00:00
13815,952,9379,1304,1296,2026-06-14 21:00:00
13816,1712,9379,1411,1419,2026-06-14 21:00:00
13817,91,9381,1344,1331,2026-06-14 21:00:00
13818,646,9381,1315,1328,2026-06-14 21:00:00
13819,1540,9383,1652,1660,2026-06-14 21:00:00
13820,718,9383,1509,1501,2026-06-14 21:00:00
13821,947,9384,1733,1748,2026-06-14 21:00:00
13822,1497,9384,1824,1809,2026-06-14 21:00:00
13823,1238,9385,1832,1819,2026-06-14 21:00:00
13824,1367,9385,1795,1808,2026-06-14 21:00:00
13825,1164,9386,1236,1248,2026-06-14 21:00:00
13826,1903,9386,1225,1214,2026-06-14 21:00:00
13827,2404,9387,1853,1856,2026-06-14 21:00:00
13828,2434,9387,1493,1490,2026-06-14 21:00:00
13829,92,9388,1496,1480,2026-06-14 21:00:00
13830,1271,9388,1373,1389,2026-06-14 21:00:00
13831,1010,9389,1625,1633,2026-06-14 21:00:00
13832,2414,9389,1485,1477,2026-06-14 21:00:00
13833,2410,9390,1415,1406,2026-06-14 21:00:00
13834,295,9390,1513,1521,2026-06-14 21:00:00
13835,2001,9391,1539,1531,2026-06-14 21:00:00
13836,917,9391,1637,1646,2026-06-14 21:00:00
13837,929,9393,1404,1394,2026-06-14 22:00:00
13838,2329,9393,1470,1480,2026-06-14 22:00:00
13839,1430,9394,1715,1727,2026-06-14 22:00:00
13840,393,9394,1701,1690,2026-06-14 22:00:00
13841,2116,9395,1572,1581,2026-06-14 22:00:00
13842,1688,9395,1502,1492,2026-06-14 22:00:00
13843,794,9396,1660,1668,2026-06-14 22:00:00
13844,1998,9396,1544,1536,2026-06-14 22:00:00
13845,2153,9397,1492,1504,2026-06-14 22:00:00
13846,1170,9397,1492,1480,2026-06-14 22:00:00
13847,2232,9400,1596,1605,2026-06-14 22:00:00
13848,99,9400,1510,1501,2026-06-14 22:00:00
13849,792,9401,1493,1482,2026-06-14 22:00:00
13850,74,9401,1545,1555,2026-06-14 22:00:00
13851,1339,9402,1655,1666,2026-06-14 22:00:00
13852,2478,9402,1607,1597,2026-06-14 22:00:00
13853,2032,9403,1977,1963,2026-06-14 22:00:00
13854,2400,9403,1930,1943,2026-06-14 22:00:00
13855,1480,9407,1331,1339,2026-06-14 23:00:00
13856,87,9407,1218,1210,2026-06-14 23:00:00
13857,1808,9408,1580,1588,2026-06-15 01:00:00
13858,1361,9408,1460,1452,2026-06-15 01:00:00
13859,357,9410,1732,1742,2026-06-15 01:00:00
13860,2375,9410,1665,1655,2026-06-15 01:00:00
13861,2391,9411,1564,1578,2026-06-15 10:00:00
13862,331,9411,1639,1625,2026-06-15 10:00:00
13863,1350,9413,1245,1237,2026-06-15 10:00:00
13864,2166,9413,1389,1396,2026-06-15 10:00:00
13865,2207,9415,1778,1791,2026-06-15 11:00:00
13866,1789,9415,1793,1781,2026-06-15 11:00:00
13867,301,9416,1092,1083,2026-06-15 11:00:00
13868,916,9416,1178,1187,2026-06-15 11:00:00
13869,1192,9417,1388,1381,2026-06-15 11:00:00
13870,2208,9417,1551,1557,2026-06-15 11:00:00
13871,2255,9419,1557,1568,2026-06-15 12:00:00
13872,1804,9419,1514,1504,2026-06-15 12:00:00
13873,762,9420,1450,1437,2026-06-15 12:00:00
13874,435,9420,1429,1442,2026-06-15 12:00:00
13875,952,9421,1296,1294,2026-06-15 13:00:00
13876,189,9421,1720,1722,2026-06-15 13:00:00
13877,2033,9422,1618,1604,2026-06-15 13:00:00
13878,1919,9422,1567,1580,2026-06-15 13:00:00
13879,2103,9425,1411,1421,2026-06-15 13:00:00
13880,16,9425,1348,1338,2026-06-15 13:00:00
13881,1093,9426,1619,1627,2026-06-15 14:00:00
13882,2062,9426,1510,1502,2026-06-15 14:00:00
13883,2278,9427,1378,1388,2026-06-15 14:00:00
13884,1615,9427,1310,1301,2026-06-15 14:00:00
13885,687,9428,1719,1728,2026-06-15 15:00:00
13886,864,9428,1612,1603,2026-06-15 15:00:00
13887,2056,9429,1079,1072,2026-06-15 16:00:00
13888,772,9429,1224,1231,2026-06-15 16:00:00
13889,587,9430,1840,1855,2026-06-15 16:00:00
13890,40,9430,1926,1911,2026-06-15 16:00:00
13891,2418,9432,1539,1529,2026-06-15 16:00:00
13892,1080,9432,1593,1603,2026-06-15 16:00:00
13893,802,9434,1826,1810,2026-06-15 17:00:00
13894,616,9434,1705,1721,2026-06-15 17:00:00
13895,257,9435,1463,1476,2026-06-15 17:00:00
13896,2224,9435,1513,1499,2026-06-15 17:00:00
13897,2376,9436,1893,1899,2026-06-15 17:00:00
13898,1646,9436,1710,1704,2026-06-15 17:00:00
13899,2098,9437,1602,1610,2026-06-15 17:00:00
13900,1170,9437,1480,1472,2026-06-15 17:00:00
13901,334,9438,1494,1481,2026-06-15 17:00:00
13902,1680,9438,1445,1458,2026-06-15 17:00:00
13903,2091,9440,1812,1801,2026-06-15 17:00:00
13904,368,9440,1830,1841,2026-06-15 17:00:00
13905,1389,9441,1403,1415,2026-06-15 17:00:00
13906,1192,9441,1381,1370,2026-06-15 17:00:00
13907,1819,9442,1406,1397,2026-06-15 17:00:00
13908,1909,9442,1504,1512,2026-06-15 17:00:00
13909,1077,9443,1635,1630,2026-06-15 17:00:00
13910,1889,9443,1871,1876,2026-06-15 17:00:00
13911,1223,9444,1618,1630,2026-06-15 17:00:00
13912,1317,9444,1621,1609,2026-06-15 17:00:00
13913,1988,9445,1568,1582,2026-06-15 17:00:00
13914,475,9445,1625,1611,2026-06-15 17:00:00
13915,1232,9447,1662,1672,2026-06-15 18:00:00
13916,432,9447,1589,1580,2026-06-15 18:00:00
13917,1688,9449,1492,1505,2026-06-15 18:00:00
13918,1011,9449,1506,1494,2026-06-15 18:00:00
13919,431,9450,1563,1550,2026-06-15 18:00:00
13920,798,9450,1527,1540,2026-06-15 18:00:00
13921,249,9451,1897,1904,2026-06-15 18:00:00
13922,873,9451,1753,1746,2026-06-15 18:00:00
13923,478,9452,1240,1251,2026-06-15 18:00:00
13924,2474,9452,1222,1210,2026-06-15 18:00:00
13925,643,9453,1485,1473,2026-06-15 19:00:00
13926,2397,9453,1471,1484,2026-06-15 19:00:00
13927,538,9454,1650,1637,2026-06-15 19:00:00
13928,1773,9454,1637,1650,2026-06-15 19:00:00
13929,184,9455,1415,1400,2026-06-15 19:00:00
13930,1524,9455,1315,1331,2026-06-15 19:00:00
13931,1760,9456,1567,1580,2026-06-15 19:00:00
13932,1283,9456,1584,1571,2026-06-15 19:00:00
13933,483,9458,1651,1638,2026-06-15 19:00:00
13934,911,9458,1611,1624,2026-06-15 19:00:00
13935,998,9459,1729,1716,2026-06-15 19:00:00
13936,2445,9459,1718,1731,2026-06-15 19:00:00
13937,2404,9460,1856,1867,2026-06-15 19:00:00
13938,1708,9460,1814,1804,2026-06-15 19:00:00
13939,741,9462,1429,1417,2026-06-15 19:00:00
13940,1759,9462,1418,1431,2026-06-15 19:00:00
13941,1713,9463,1547,1555,2026-06-15 19:00:00
13942,2196,9463,1424,1416,2026-06-15 19:00:00
13943,1753,9464,1682,1674,2026-06-15 20:00:00
13944,816,9464,1797,1806,2026-06-15 20:00:00
13945,1566,9467,1930,1940,2026-06-15 20:00:00
13946,587,9467,1855,1845,2026-06-15 20:00:00
13947,1287,9468,1247,1233,2026-06-15 20:00:00
13948,1534,9468,1167,1182,2026-06-15 20:00:00
13949,843,9469,1415,1420,2026-06-15 20:00:00
13950,1845,9469,1220,1214,2026-06-15 20:00:00
13951,1633,9470,1293,1291,2026-06-15 20:00:00
13952,403,9470,1657,1659,2026-06-15 20:00:00
13953,2452,9471,1485,1470,2026-06-15 20:00:00
13954,101,9471,1391,1406,2026-06-15 20:00:00
13955,2211,9472,1943,1948,2026-06-15 20:00:00
13956,357,9472,1742,1736,2026-06-15 20:00:00
13957,144,9474,1384,1379,2026-06-15 21:00:00
13958,2095,9474,1643,1647,2026-06-15 21:00:00
13959,428,9475,1594,1591,2026-06-15 21:00:00
13960,2041,9475,1933,1936,2026-06-15 21:00:00
13961,1222,9477,1458,1456,2026-06-15 21:00:00
13962,1631,9477,1904,1906,2026-06-15 21:00:00
13963,1415,9478,1387,1391,2026-06-15 21:00:00
13964,1353,9478,1126,1122,2026-06-15 21:00:00
13965,1849,9479,2015,2019,2026-06-15 21:00:00
13966,1981,9479,1726,1723,2026-06-15 21:00:00
13967,1839,9480,1426,1439,2026-06-15 21:00:00
13968,1266,9480,1454,1441,2026-06-15 21:00:00
13969,2129,9481,959,975,2026-06-15 21:00:00
13970,245,9481,1077,1061,2026-06-15 21:00:00
13971,2270,9482,1605,1613,2026-06-15 21:00:00
13972,1437,9482,1477,1469,2026-06-15 21:00:00
13973,1246,9484,1716,1730,2026-06-15 21:00:00
13974,2290,9484,1767,1753,2026-06-15 21:00:00
13975,1329,9485,1408,1401,2026-06-15 21:00:00
13976,749,9485,1538,1545,2026-06-15 21:00:00
13977,2388,9486,1854,1839,2026-06-15 21:00:00
13978,437,9486,1761,1776,2026-06-15 21:00:00
13979,269,9487,1341,1353,2026-06-15 21:00:00
13980,2107,9487,1331,1319,2026-06-15 21:00:00
13981,1773,9488,1650,1642,2026-06-15 22:00:00
13982,2090,9488,1784,1791,2026-06-15 22:00:00
13983,1029,9489,1826,1815,2026-06-15 22:00:00
13984,518,9489,1872,1882,2026-06-15 22:00:00
13985,685,9490,1231,1222,2026-06-15 22:00:00
13986,1233,9490,1321,1330,2026-06-15 22:00:00
13987,464,9492,1656,1647,2026-06-15 22:00:00
13988,2120,9492,1741,1750,2026-06-15 22:00:00
13989,1415,9493,1391,1383,2026-06-15 22:00:00
13990,1688,9493,1505,1513,2026-06-15 22:00:00
13991,1727,9495,1641,1649,2026-06-15 22:00:00
13992,1433,9495,1540,1532,2026-06-15 22:00:00
13993,2270,9496,1613,1600,2026-06-15 22:00:00
13994,407,9496,1596,1609,2026-06-15 22:00:00
13995,774,9497,2002,2004,2026-06-15 22:00:00
13996,1664,9497,1569,1567,2026-06-15 22:00:00
13997,994,9498,1823,1833,2026-06-15 22:00:00
13998,721,9498,1759,1749,2026-06-15 22:00:00
13999,951,9499,1551,1559,2026-06-15 22:00:00
14000,2484,9499,1441,1433,2026-06-15 22:00:00
14001,1620,9500,1513,1506,2026-06-15 23:00:00
14002,1754,9500,1660,1667,2026-06-15 23:00:00
14003,1361,9501,1452,1462,2026-06-15 23:00:00
14004,1762,9501,1410,1400,2026-06-15 23:00:00
14005,119,9502,1469,1485,2026-06-15 23:00:00
14006,1747,9502,1567,1552,2026-06-15 23:00:00
14007,454,9503,1454,1457,2026-06-15 23:00:00
14008,2305,9503,1095,1092,2026-06-15 23:00:00
14009,464,9504,1647,1637,2026-06-15 23:00:00
14010,1528,9504,1724,1733,2026-06-15 23:00:00
14011,2377,9505,1600,1611,2026-06-15 23:00:00
14012,1169,9505,1565,1554,2026-06-15 23:00:00
14013,160,9506,1940,1944,2026-06-15 23:00:00
14014,236,9506,1688,1683,2026-06-15 23:00:00
14015,1525,9507,1435,1449,2026-06-15 23:00:00
14016,878,9507,1497,1483,2026-06-15 23:00:00
14017,807,9508,1284,1276,2026-06-16 00:00:00
14018,320,9508,1411,1419,2026-06-16 00:00:00
14019,481,9510,1333,1323,2026-06-16 00:00:00
14020,2489,9510,1396,1406,2026-06-16 00:00:00
14021,2244,9511,1291,1284,2026-06-16 00:00:00
14022,870,9511,1431,1439,2026-06-16 00:00:00
14023,1045,9512,1357,1366,2026-06-16 01:00:00
14024,1822,9512,1267,1258,2026-06-16 01:00:00
14025,91,9513,1331,1323,2026-06-16 01:00:00
14026,412,9513,1471,1478,2026-06-16 01:00:00
14027,144,9515,1379,1367,2026-06-16 09:00:00
14028,1321,9515,1371,1383,2026-06-16 09:00:00
14029,529,9517,1579,1592,2026-06-16 11:00:00
14030,1047,9517,1599,1586,2026-06-16 11:00:00
14031,2340,9518,1554,1542,2026-06-16 11:00:00
14032,2116,9518,1581,1592,2026-06-16 11:00:00
14033,1756,9519,1744,1751,2026-06-16 12:00:00
14034,1844,9519,1606,1599,2026-06-16 12:00:00
14035,605,9520,1691,1699,2026-06-16 12:00:00
14036,414,9520,1576,1568,2026-06-16 12:00:00
14037,901,9522,1639,1628,2026-06-16 13:00:00
14038,1821,9522,1667,1678,2026-06-16 13:00:00
14039,1631,9523,1906,1910,2026-06-16 13:00:00
14040,1655,9523,1645,1641,2026-06-16 13:00:00
14041,639,9524,1448,1460,2026-06-16 13:00:00
14042,2384,9524,1439,1428,2026-06-16 13:00:00
14043,1858,9525,1575,1581,2026-06-16 13:00:00
14044,1963,9525,1350,1344,2026-06-16 13:00:00
14045,2496,9526,2090,2097,2026-06-16 14:00:00
14046,1566,9526,1940,1933,2026-06-16 14:00:00
14047,1299,9527,1459,1472,2026-06-16 14:00:00
14048,645,9527,1491,1477,2026-06-16 14:00:00
14049,663,9528,1422,1416,2026-06-16 14:00:00
14050,1530,9528,1620,1626,2026-06-16 14:00:00
14051,2308,9529,1708,1695,2026-06-16 15:00:00
14052,2142,9529,1685,1698,2026-06-16 15:00:00
14053,859,9530,1733,1742,2026-06-16 15:00:00
14054,832,9530,1639,1630,2026-06-16 15:00:00
14055,231,9531,1146,1137,2026-06-16 16:00:00
14056,1095,9531,1259,1268,2026-06-16 16:00:00
14057,2138,9532,1258,1247,2026-06-16 16:00:00
14058,2261,9532,1312,1323,2026-06-16 16:00:00
14059,1389,9533,1415,1405,2026-06-16 16:00:00
14060,2332,9533,1471,1481,2026-06-16 16:00:00
14061,897,9534,1549,1536,2026-06-16 16:00:00
14062,295,9534,1521,1534,2026-06-16 16:00:00
14063,2228,9538,1247,1254,2026-06-16 17:00:00
14064,1228,9538,1098,1091,2026-06-16 17:00:00
14065,131,9539,1066,1063,2026-06-16 17:00:00
14066,992,9539,1411,1414,2026-06-16 17:00:00
14067,1646,9540,1704,1689,2026-06-16 17:00:00
14068,1093,9540,1627,1642,2026-06-16 17:00:00
14069,464,9541,1637,1645,2026-06-16 17:00:00
14070,1461,9541,1510,1503,2026-06-16 17:00:00
14071,1444,9543,1241,1252,2026-06-16 17:00:00
14072,87,9543,1210,1199,2026-06-16 17:00:00
14073,2426,9545,1237,1249,2026-06-16 17:00:00
14074,375,9545,1236,1224,2026-06-16 17:00:00
14075,2119,9546,1524,1533,2026-06-16 18:00:00
14076,261,9546,1430,1421,2026-06-16 18:00:00
14077,2325,9548,1098,1111,2026-06-16 18:00:00
14078,775,9548,1143,1129,2026-06-16 18:00:00
14079,257,9549,1476,1492,2026-06-16 18:00:00
14080,1919,9549,1580,1565,2026-06-16 18:00:00
14081,319,9550,1228,1238,2026-06-16 18:00:00
14082,621,9550,1187,1176,2026-06-16 18:00:00
14083,443,9554,1540,1526,2026-06-16 19:00:00
14084,1123,9554,1492,1506,2026-06-16 19:00:00
14085,1635,9555,1585,1593,2026-06-16 19:00:00
14086,537,9555,1463,1455,2026-06-16 19:00:00
14087,1098,9557,1336,1319,2026-06-16 19:00:00
14088,374,9557,1203,1219,2026-06-16 19:00:00
14089,49,9559,1571,1563,2026-06-16 19:00:00
14090,1522,9559,1668,1677,2026-06-16 19:00:00
14091,1113,9560,1285,1273,2026-06-16 19:00:00
14092,1178,9560,1288,1300,2026-06-16 19:00:00
14093,2176,9561,1341,1331,2026-06-16 19:00:00
14094,1389,9561,1405,1414,2026-06-16 19:00:00
14095,2079,9563,1436,1448,2026-06-16 19:00:00
14096,623,9563,1444,1432,2026-06-16 19:00:00
14097,2255,9564,1568,1581,2026-06-16 19:00:00
14098,158,9564,1625,1611,2026-06-16 19:00:00
14099,626,9565,1668,1671,2026-06-16 19:00:00
14100,636,9565,1385,1381,2026-06-16 19:00:00
14101,2198,9567,1495,1497,2026-06-16 20:00:00
14102,231,9567,1137,1135,2026-06-16 20:00:00
14103,17,9568,1762,1747,2026-06-16 20:00:00
14104,234,9568,1690,1704,2026-06-16 20:00:00
14105,1981,9569,1723,1713,2026-06-16 20:00:00
14106,1922,9569,1790,1800,2026-06-16 20:00:00
14107,1653,9573,1553,1560,2026-06-16 20:00:00
14108,1460,9573,1403,1396,2026-06-16 20:00:00
14109,2107,9574,1319,1328,2026-06-16 20:00:00
14110,455,9574,1233,1224,2026-06-16 20:00:00
14111,1753,9576,1674,1684,2026-06-16 21:00:00
14112,2108,9576,1620,1609,2026-06-16 21:00:00
14113,1098,9577,1319,1311,2026-06-16 21:00:00
14114,320,9577,1419,1427,2026-06-16 21:00:00
14115,633,9578,1573,1565,2026-06-16 21:00:00
14116,1753,9578,1684,1692,2026-06-16 21:00:00
14117,1471,9580,2001,2010,2026-06-16 21:00:00
14118,1163,9580,1900,1891,2026-06-16 21:00:00
14119,837,9581,1440,1432,2026-06-16 21:00:00
14120,1894,9581,1578,1586,2026-06-16 21:00:00
14121,2434,9582,1490,1478,2026-06-16 21:00:00
14122,334,9582,1481,1493,2026-06-16 21:00:00
14123,1158,9583,1550,1558,2026-06-16 21:00:00
14124,2486,9583,1414,1407,2026-06-16 21:00:00
14125,2058,9584,1677,1683,2026-06-16 21:00:00
14126,82,9584,1476,1470,2026-06-16 21:00:00
14127,504,9585,1284,1276,2026-06-16 21:00:00
14128,1003,9585,1418,1425,2026-06-16 21:00:00
14129,968,9586,1607,1599,2026-06-16 21:00:00
14130,357,9586,1736,1744,2026-06-16 21:00:00
14131,206,9587,1441,1426,2026-06-16 21:00:00
14132,784,9587,1347,1362,2026-06-16 21:00:00
14133,1390,9588,1262,1273,2026-06-16 21:00:00
14134,1350,9588,1237,1226,2026-06-16 21:00:00
14135,67,9589,1288,1298,2026-06-16 21:00:00
14136,385,9589,1222,1212,2026-06-16 21:00:00
14137,579,9590,1452,1442,2026-06-16 21:00:00
14138,708,9590,1511,1521,2026-06-16 21:00:00
14139,2093,9591,1397,1401,2026-06-16 22:00:00
14140,1358,9591,1122,1118,2026-06-16 22:00:00
14141,234,9592,1704,1694,2026-06-16 22:00:00
14142,682,9592,1754,1764,2026-06-16 22:00:00
14143,373,9593,1772,1760,2026-06-16 22:00:00
14144,1102,9593,1778,1790,2026-06-16 22:00:00
14145,553,9596,1412,1403,2026-06-16 22:00:00
14146,2498,9596,1505,1514,2026-06-16 22:00:00
14147,1437,9598,1469,1458,2026-06-16 22:00:00
14148,251,9598,1491,1502,2026-06-16 22:00:00
14149,1575,9600,1260,1249,2026-06-16 22:00:00
14150,67,9600,1298,1308,2026-06-16 22:00:00
14151,2471,9602,1693,1684,2026-06-16 23:00:00
14152,1365,9602,1801,1810,2026-06-16 23:00:00
14153,1018,9603,1386,1397,2026-06-16 23:00:00
14154,144,9603,1367,1356,2026-06-16 23:00:00
14155,529,9604,1592,1581,2026-06-16 23:00:00
14156,1408,9604,1645,1655,2026-06-16 23:00:00
14157,974,9605,1519,1530,2026-06-16 23:00:00
14158,376,9605,1514,1502,2026-06-16 23:00:00
14159,214,9606,1203,1194,2026-06-16 23:00:00
14160,113,9606,1283,1292,2026-06-16 23:00:00
14161,16,9607,1338,1342,2026-06-17 00:00:00
14162,2040,9607,1054,1050,2026-06-17 00:00:00
14163,443,9608,1526,1514,2026-06-17 01:00:00
14164,722,9608,1513,1525,2026-06-17 01:00:00
14165,2180,9609,1811,1802,2026-06-17 01:00:00
14166,159,9609,1894,1903,2026-06-17 01:00:00
14167,2000,9610,1526,1538,2026-06-17 01:00:00
14168,188,9610,1526,1514,2026-06-17 01:00:00
14169,1053,9611,1641,1654,2026-06-17 09:00:00
14170,1632,9611,1670,1657,2026-06-17 09:00:00
14171,2471,9612,1684,1696,2026-06-17 10:00:00
14172,1754,9612,1667,1655,2026-06-17 10:00:00
14173,2033,9614,1604,1606,2026-06-17 11:00:00
14174,1948,9614,1198,1196,2026-06-17 11:00:00
14175,862,9615,1491,1509,2026-06-17 12:00:00
14176,1379,9615,1683,1665,2026-06-17 12:00:00
14177,1278,9616,1733,1741,2026-06-17 12:00:00
14178,1535,9616,1624,1616,2026-06-17 12:00:00
14179,131,9617,1063,1079,2026-06-17 12:00:00
14180,1218,9617,1194,1177,2026-06-17 12:00:00
14181,1762,9619,1400,1396,2026-06-17 13:00:00
14182,1379,9619,1665,1669,2026-06-17 13:00:00
14183,1937,9620,1574,1585,2026-06-17 13:00:00
14184,287,9620,1546,1535,2026-06-17 13:00:00
14185,550,9621,1842,1831,2026-06-17 13:00:00
14186,1965,9621,1862,1874,2026-06-17 13:00:00
14187,300,9622,1687,1698,2026-06-17 13:00:00
14188,2234,9622,1666,1654,2026-06-17 13:00:00
14189,1944,9623,1441,1451,2026-06-17 14:00:00
14190,779,9623,1370,1361,2026-06-17 14:00:00
14191,1401,9624,1341,1331,2026-06-17 14:00:00
14192,1543,9624,1387,1397,2026-06-17 14:00:00
14193,820,9626,1402,1398,2026-06-17 14:00:00
14194,1727,9626,1649,1654,2026-06-17 14:00:00
14195,282,9627,1593,1576,2026-06-17 14:00:00
14196,1865,9627,1456,1472,2026-06-17 14:00:00
14197,432,9628,1580,1570,2026-06-17 15:00:00
14198,1408,9628,1655,1664,2026-06-17 15:00:00
14199,1826,9629,1228,1242,2026-06-17 15:00:00
14200,807,9629,1276,1262,2026-06-17 15:00:00
14201,1630,9630,1368,1359,2026-06-17 15:00:00
14202,412,9630,1478,1487,2026-06-17 15:00:00
14203,676,9631,1839,1831,2026-06-17 15:00:00
14204,1174,9631,1950,1959,2026-06-17 15:00:00
14205,2496,9632,2097,2101,2026-06-17 15:00:00
14206,1497,9632,1809,1805,2026-06-17 15:00:00
14207,737,9633,1388,1401,2026-06-17 15:00:00
14208,992,9633,1414,1401,2026-06-17 15:00:00
14209,2385,9634,1657,1652,2026-06-17 15:00:00
14210,2310,9634,1864,1870,2026-06-17 15:00:00
14211,1821,9635,1678,1687,2026-06-17 16:00:00
14212,1737,9635,1577,1568,2026-06-17 16:00:00
14213,764,9637,1630,1622,2026-06-17 16:00:00
14214,1872,9637,1762,1770,2026-06-17 16:00:00
14215,1447,9638,1424,1435,2026-06-17 17:00:00
14216,1138,9638,1411,1400,2026-06-17 17:00:00
14217,894,9639,1430,1420,2026-06-17 17:00:00
14218,278,9639,1468,1478,2026-06-17 17:00:00
14219,2003,9640,1551,1561,2026-06-17 17:00:00
14220,2062,9640,1502,1492,2026-06-17 17:00:00
14221,901,9641,1628,1611,2026-06-17 17:00:00
14222,720,9641,1482,1499,2026-06-17 17:00:00
14223,1581,9642,1694,1682,2026-06-17 17:00:00
14224,183,9642,1708,1719,2026-06-17 17:00:00
14225,2138,9644,1247,1238,2026-06-17 17:00:00
14226,1369,9644,1318,1328,2026-06-17 17:00:00
14227,809,9645,1440,1428,2026-06-17 17:00:00
14228,205,9645,1459,1470,2026-06-17 17:00:00
14229,1254,9647,1767,1775,2026-06-17 18:00:00
14230,1773,9647,1642,1634,2026-06-17 18:00:00
14231,1213,9649,1595,1584,2026-06-17 18:00:00
14232,1172,9649,1620,1631,2026-06-17 18:00:00
14233,373,9650,1760,1768,2026-06-17 18:00:00
14234,464,9650,1645,1637,2026-06-17 18:00:00
14235,2070,9651,1657,1669,2026-06-17 18:00:00
14236,521,9651,1642,1631,2026-06-17 18:00:00
14237,181,9652,1417,1409,2026-06-17 18:00:00
14238,421,9652,1552,1559,2026-06-17 18:00:00
14239,346,9653,1778,1791,2026-06-17 18:00:00
14240,404,9653,1797,1784,2026-06-17 18:00:00
14241,367,9655,1379,1394,2026-06-17 18:00:00
14242,1525,9655,1449,1435,2026-06-17 18:00:00
14243,1408,9657,1664,1653,2026-06-17 19:00:00
14244,1663,9657,1679,1691,2026-06-17 19:00:00
14245,1490,9658,1312,1301,2026-06-17 19:00:00
14246,1045,9658,1366,1376,2026-06-17 19:00:00
14247,2142,9659,1698,1711,2026-06-17 19:00:00
14248,1606,9659,1740,1727,2026-06-17 19:00:00
14249,1458,9660,1706,1718,2026-06-17 19:00:00
14250,1155,9660,1730,1717,2026-06-17 19:00:00
14251,573,9661,1537,1530,2026-06-17 19:00:00
14252,2432,9661,1708,1714,2026-06-17 19:00:00
14253,1998,9662,1536,1522,2026-06-17 19:00:00
14254,1673,9662,1480,1493,2026-06-17 19:00:00
14255,1458,9663,1718,1733,2026-06-17 19:00:00
14256,1497,9663,1805,1790,2026-06-17 19:00:00
14257,2116,9665,1592,1582,2026-06-17 19:00:00
14258,521,9665,1631,1641,2026-06-17 19:00:00
14259,1303,9666,1434,1439,2026-06-17 19:00:00
14260,1845,9666,1214,1209,2026-06-17 19:00:00
14261,2170,9667,1655,1641,2026-06-17 19:00:00
14262,1509,9667,1586,1600,2026-06-17 19:00:00
14263,175,9668,1241,1230,2026-06-17 19:00:00
14264,504,9668,1276,1287,2026-06-17 19:00:00
14265,1257,9671,1522,1534,2026-06-17 19:00:00
14266,1330,9671,1516,1504,2026-06-17 19:00:00
14267,856,9672,1576,1584,2026-06-17 19:00:00
14268,1865,9672,1472,1464,2026-06-17 19:00:00
14269,1129,9673,1517,1509,2026-06-17 20:00:00
14270,1773,9673,1634,1642,2026-06-17 20:00:00
14271,159,9674,1903,1894,2026-06-17 20:00:00
14272,1471,9674,2010,2018,2026-06-17 20:00:00
14273,1358,9675,1118,1130,2026-06-17 20:00:00
14274,1874,9675,1108,1097,2026-06-17 20:00:00
14275,1232,9676,1672,1662,2026-06-17 20:00:00
14276,910,9676,1728,1738,2026-06-17 20:00:00
14277,1036,9677,1004,1000,2026-06-17 20:00:00
14278,2299,9677,1300,1304,2026-06-17 20:00:00
14279,2168,9678,1466,1476,2026-06-17 20:00:00
14280,135,9678,1418,1408,2026-06-17 20:00:00
14281,1452,9680,1653,1663,2026-06-17 20:00:00
14282,1516,9680,1585,1575,2026-06-17 20:00:00
14283,730,9682,1205,1193,2026-06-17 20:00:00
14284,1936,9682,1207,1219,2026-06-17 20:00:00
14285,127,9683,1569,1554,2026-06-17 20:00:00
14286,1437,9683,1458,1474,2026-06-17 20:00:00
14287,1541,9684,1436,1446,2026-06-17 20:00:00
14288,1004,9684,1389,1378,2026-06-17 20:00:00
14289,1280,9685,1339,1352,2026-06-17 20:00:00
14290,583,9685,1370,1357,2026-06-17 20:00:00
14291,1730,9686,1340,1333,2026-06-17 20:00:00
14292,57,9686,1482,1489,2026-06-17 20:00:00
14293,380,9687,1427,1415,2026-06-17 20:00:00
14294,206,9687,1426,1438,2026-06-17 20:00:00
14295,2196,9688,1416,1401,2026-06-17 20:00:00
14296,2131,9688,1325,1340,2026-06-17 20:00:00
14297,1652,9689,1399,1410,2026-06-17 20:00:00
14298,1256,9689,1378,1367,2026-06-17 20:00:00
14299,1844,9691,1599,1603,2026-06-17 21:00:00
14300,993,9691,1329,1325,2026-06-17 21:00:00
14301,1456,9692,1607,1592,2026-06-17 21:00:00
14302,1593,9692,1525,1540,2026-06-17 21:00:00
14303,1011,9693,1494,1486,2026-06-17 21:00:00
14304,957,9693,1642,1649,2026-06-17 21:00:00
14305,2261,9694,1323,1312,2026-06-17 21:00:00
14306,2018,9694,1379,1389,2026-06-17 21:00:00
14307,794,9695,1668,1658,2026-06-17 21:00:00
14308,196,9695,1745,1754,2026-06-17 21:00:00
14309,1502,9696,1885,1894,2026-06-17 21:00:00
14310,373,9696,1768,1760,2026-06-17 21:00:00
14311,1903,9697,1214,1224,2026-06-17 21:00:00
14312,1791,9697,1161,1150,2026-06-17 21:00:00
14313,2013,9699,1761,1770,2026-06-17 21:00:00
14314,1512,9699,1687,1677,2026-06-17 21:00:00
14315,268,9701,1442,1429,2026-06-17 21:00:00
14316,852,9701,1404,1417,2026-06-17 21:00:00
14317,1411,9702,1309,1322,2026-06-17 22:00:00
14318,2092,9702,1332,1319,2026-06-17 22:00:00
14319,1238,9703,1819,1809,2026-06-17 22:00:00
14320,2361,9703,1880,1890,2026-06-17 22:00:00
14321,1688,9705,1513,1522,2026-06-17 22:00:00
14322,894,9705,1420,1411,2026-06-17 22:00:00
14323,453,9706,1191,1181,2026-06-17 22:00:00
14324,1287,9706,1233,1243,2026-06-17 22:00:00
14325,926,9707,1527,1539,2026-06-17 22:00:00
14326,745,9707,1533,1521,2026-06-17 22:00:00
14327,127,9708,1554,1542,2026-06-17 22:00:00
14328,399,9708,1580,1591,2026-06-17 22:00:00
14329,516,9709,1565,1576,2026-06-17 22:00:00
14330,1122,9709,1539,1528,2026-06-17 22:00:00
14331,1454,9710,1659,1663,2026-06-17 22:00:00
14332,222,9710,1392,1388,2026-06-17 22:00:00
14333,1060,9711,1697,1682,2026-06-17 22:00:00
14334,1878,9711,1587,1603,2026-06-17 22:00:00
14335,200,9713,1138,1146,2026-06-17 23:00:00
14336,581,9713,1005,997,2026-06-17 23:00:00
14337,101,9714,1406,1396,2026-06-17 23:00:00
14338,1437,9714,1474,1483,2026-06-17 23:00:00
14339,625,9715,1149,1164,2026-06-18 00:00:00
14340,2426,9715,1249,1233,2026-06-18 00:00:00
14341,189,9716,1722,1715,2026-06-18 01:00:00
14342,1870,9716,1872,1879,2026-06-18 01:00:00
14343,1246,9718,1730,1720,2026-06-18 10:00:00
14344,2288,9718,1780,1790,2026-06-18 10:00:00
14345,1762,9719,1396,1408,2026-06-18 11:00:00
14346,1712,9719,1419,1406,2026-06-18 11:00:00
14347,94,9720,1535,1527,2026-06-18 12:00:00
14348,1915,9720,1666,1674,2026-06-18 12:00:00
14349,2110,9721,1133,1124,2026-06-18 12:00:00
14350,1936,9721,1219,1228,2026-06-18 12:00:00
14351,1339,9722,1666,1675,2026-06-18 12:00:00
14352,1336,9722,1586,1577,2026-06-18 12:00:00
14353,1620,9724,1506,1513,2026-06-18 14:00:00
14354,955,9724,1373,1365,2026-06-18 14:00:00
14355,521,9727,1641,1631,2026-06-18 14:00:00
14356,1646,9727,1689,1700,2026-06-18 14:00:00
14357,1524,9728,1331,1327,2026-06-18 15:00:00
14358,1308,9728,1614,1618,2026-06-18 15:00:00
14359,677,9729,1562,1573,2026-06-18 15:00:00
14360,2390,9729,1530,1519,2026-06-18 15:00:00
14361,1329,9731,1401,1386,2026-06-18 15:00:00
14362,283,9731,1331,1345,2026-06-18 15:00:00
14363,1053,9734,1654,1647,2026-06-18 16:00:00
14364,2091,9734,1801,1808,2026-06-18 16:00:00
14365,1953,9735,1346,1344,2026-06-18 17:00:00
14366,189,9735,1715,1718,2026-06-18 17:00:00
14367,2070,9737,1669,1676,2026-06-18 17:00:00
14368,1688,9737,1522,1514,2026-06-18 17:00:00
14369,94,9740,1527,1513,2026-06-18 17:00:00
14370,1735,9740,1462,1476,2026-06-18 17:00:00
14371,1191,9741,1371,1365,2026-06-18 17:00:00
14372,1189,9741,1565,1571,2026-06-18 17:00:00
14373,1611,9742,1294,1283,2026-06-18 17:00:00
14374,122,9742,1320,1331,2026-06-18 17:00:00
14375,1705,9743,1447,1437,2026-06-18 17:00:00
14376,2012,9743,1511,1521,2026-06-18 17:00:00
14377,213,9745,1148,1162,2026-06-18 17:00:00
14378,1396,9745,1192,1179,2026-06-18 17:00:00
14379,455,9746,1224,1219,2026-06-18 17:00:00
14380,579,9746,1442,1448,2026-06-18 17:00:00
14381,304,9747,1543,1534,2026-06-18 18:00:00
14382,1408,9747,1653,1661,2026-06-18 18:00:00
14383,2147,9748,1450,1437,2026-06-18 18:00:00
14384,1018,9748,1397,1411,2026-06-18 18:00:00
14385,869,9750,1779,1783,2026-06-18 18:00:00
14386,94,9750,1513,1509,2026-06-18 18:00:00
14387,2011,9751,1474,1487,2026-06-18 18:00:00
14388,999,9751,1497,1484,2026-06-18 18:00:00
14389,2258,9752,1592,1600,2026-06-18 18:00:00
14390,82,9752,1470,1462,2026-06-18 18:00:00
14391,1620,9756,1513,1504,2026-06-18 19:00:00
14392,2108,9756,1609,1618,2026-06-18 19:00:00
14393,619,9757,1622,1633,2026-06-18 19:00:00
14394,409,9757,1595,1584,2026-06-18 19:00:00
14395,722,9758,1525,1537,2026-06-18 19:00:00
14396,304,9758,1534,1522,2026-06-18 19:00:00
14397,896,9761,1347,1340,2026-06-18 19:00:00
14398,1775,9761,1521,1527,2026-06-18 19:00:00
14399,196,9762,1754,1740,2026-06-18 19:00:00
14400,234,9762,1694,1708,2026-06-18 19:00:00
14401,887,9763,1562,1575,2026-06-18 19:00:00
14402,2116,9763,1582,1569,2026-06-18 19:00:00
14403,2329,9764,1480,1466,2026-06-18 19:00:00
14404,837,9764,1432,1446,2026-06-18 19:00:00
14405,2209,9768,1423,1438,2026-06-18 19:00:00
14406,1330,9768,1504,1489,2026-06-18 19:00:00
14407,1028,9770,1570,1579,2026-06-18 20:00:00
14408,1503,9770,1480,1471,2026-06-18 20:00:00
14409,1773,9771,1642,1655,2026-06-18 20:00:00
14410,1408,9771,1661,1649,2026-06-18 20:00:00
14411,432,9773,1570,1554,2026-06-18 20:00:00
14412,2436,9773,1453,1469,2026-06-18 20:00:00
14413,1739,9775,1543,1556,2026-06-18 20:00:00
14414,1338,9775,1551,1539,2026-06-18 20:00:00
14415,2004,9776,1431,1442,2026-06-18 20:00:00
14416,1424,9776,1408,1397,2026-06-18 20:00:00
14417,1488,9777,1182,1166,2026-06-18 20:00:00
14418,2433,9777,1086,1101,2026-06-18 20:00:00
14419,466,9778,1618,1625,2026-06-18 20:00:00
14420,454,9778,1457,1450,2026-06-18 20:00:00
14421,869,9779,1783,1769,2026-06-18 20:00:00
14422,1155,9779,1717,1732,2026-06-18 20:00:00
14423,966,9780,1445,1457,2026-06-18 20:00:00
14424,824,9780,1443,1431,2026-06-18 20:00:00
14425,1323,9782,1748,1764,2026-06-18 20:00:00
14426,28,9782,1866,1850,2026-06-18 20:00:00
14427,839,9783,1876,1883,2026-06-18 20:00:00
14428,1974,9783,1731,1724,2026-06-18 20:00:00
14429,382,9784,1641,1626,2026-06-18 20:00:00
14430,74,9784,1555,1570,2026-06-18 20:00:00
14431,1943,9786,1371,1381,2026-06-18 20:00:00
14432,1600,9786,1299,1289,2026-06-18 20:00:00
14433,584,9787,1034,1043,2026-06-18 20:00:00
14434,2280,9787,940,931,2026-06-18 20:00:00
14435,229,9788,1617,1604,2026-06-18 21:00:00
14436,1456,9788,1592,1605,2026-06-18 21:00:00
14437,434,9789,1663,1666,2026-06-18 21:00:00
14438,993,9789,1325,1322,2026-06-18 21:00:00
14439,2406,9790,1705,1694,2026-06-18 21:00:00
14440,1606,9790,1727,1738,2026-06-18 21:00:00
14441,2093,9791,1401,1410,2026-06-18 21:00:00
14442,993,9791,1322,1312,2026-06-18 21:00:00
14443,131,9792,1079,1072,2026-06-18 21:00:00
14444,1007,9792,1213,1221,2026-06-18 21:00:00
14445,1723,9793,1561,1553,2026-06-18 21:00:00
14446,300,9793,1698,1705,2026-06-18 21:00:00
14447,2253,9794,1320,1332,2026-06-18 21:00:00
14448,2099,9794,1298,1286,2026-06-18 21:00:00
14449,778,9796,1467,1455,2026-06-18 21:00:00
14450,2452,9796,1470,1481,2026-06-18 21:00:00
14451,2283,9797,1052,1066,2026-06-18 21:00:00
14452,498,9797,1104,1090,2026-06-18 21:00:00
14453,915,9798,1307,1321,2026-06-18 21:00:00
14454,904,9798,1383,1369,2026-06-18 21:00:00
14455,397,9801,1561,1550,2026-06-18 22:00:00
14456,1808,9801,1588,1599,2026-06-18 22:00:00
14457,760,9802,1431,1422,2026-06-18 22:00:00
14458,1397,9802,1513,1522,2026-06-18 22:00:00
14459,144,9803,1356,1346,2026-06-18 22:00:00
14460,2316,9803,1421,1431,2026-06-18 22:00:00
14461,2327,9805,1540,1543,2026-06-18 22:00:00
14462,1164,9805,1248,1244,2026-06-18 22:00:00
14463,1646,9807,1700,1708,2026-06-18 22:00:00
14464,1283,9807,1571,1563,2026-06-18 22:00:00
14465,2281,9808,1653,1661,2026-06-18 22:00:00
14466,94,9808,1509,1502,2026-06-18 22:00:00
14467,2367,9810,1832,1842,2026-06-18 22:00:00
14468,2213,9810,1766,1756,2026-06-18 22:00:00
14469,1820,9812,1292,1280,2026-06-18 22:00:00
14470,2483,9812,1295,1306,2026-06-18 22:00:00
14471,2255,9813,1581,1565,2026-06-18 22:00:00
14472,2209,9813,1438,1455,2026-06-18 22:00:00
14473,1710,9816,1335,1343,2026-06-18 23:00:00
14474,2065,9816,1231,1223,2026-06-18 23:00:00
14475,1262,9818,1379,1365,2026-06-18 23:00:00
14476,2261,9818,1312,1327,2026-06-18 23:00:00
14477,428,9819,1591,1597,2026-06-18 23:00:00
14478,602,9819,1385,1380,2026-06-18 23:00:00
14479,1611,9820,1283,1271,2026-06-18 23:00:00
14480,1633,9820,1291,1302,2026-06-18 23:00:00
14481,2427,9822,1185,1195,2026-06-19 00:00:00
14482,231,9822,1135,1124,2026-06-19 00:00:00
14483,1022,9823,1509,1522,2026-06-19 00:00:00
14484,1593,9823,1540,1527,2026-06-19 00:00:00
14485,1144,9824,2125,2118,2026-06-19 01:00:00
14486,2225,9824,2296,2303,2026-06-19 01:00:00
14487,242,9825,1344,1328,2026-06-19 01:00:00
14488,1350,9825,1226,1242,2026-06-19 01:00:00
14489,2317,9828,1440,1435,2026-06-19 11:00:00
14490,2308,9828,1695,1699,2026-06-19 11:00:00
14491,187,9829,1396,1382,2026-06-19 11:00:00
14492,1710,9829,1343,1357,2026-06-19 11:00:00
14493,1108,9830,1359,1372,2026-06-19 11:00:00
14494,1543,9830,1397,1384,2026-06-19 11:00:00
14495,2363,9831,1445,1431,2026-06-19 11:00:00
14496,1853,9831,1380,1394,2026-06-19 11:00:00
14497,128,9832,1418,1406,2026-06-19 11:00:00
14498,1493,9832,1405,1418,2026-06-19 11:00:00
14499,1426,9833,1714,1703,2026-06-19 11:00:00
14500,2218,9833,1751,1762,2026-06-19 11:00:00
14501,1968,9834,1703,1692,2026-06-19 12:00:00
14502,493,9834,1742,1752,2026-06-19 12:00:00
14503,2467,9836,1551,1543,2026-06-19 12:00:00
14504,1267,9836,1674,1682,2026-06-19 12:00:00
14505,1400,9837,1578,1571,2026-06-19 12:00:00
14506,998,9837,1716,1724,2026-06-19 12:00:00
14507,1131,9838,1673,1681,2026-06-19 12:00:00
14508,1901,9838,1534,1526,2026-06-19 12:00:00
14509,666,9839,1580,1593,2026-06-19 12:00:00
14510,1010,9839,1633,1619,2026-06-19 12:00:00
14511,1000,9840,1613,1623,2026-06-19 12:00:00
14512,951,9840,1559,1549,2026-06-19 12:00:00
14513,2092,9841,1319,1333,2026-06-19 13:00:00
14514,182,9841,1359,1346,2026-06-19 13:00:00
14515,304,9842,1522,1508,2026-06-19 13:00:00
14516,1503,9842,1471,1485,2026-06-19 13:00:00
14517,1011,9843,1486,1475,2026-06-19 13:00:00
14518,718,9843,1501,1513,2026-06-19 13:00:00
14519,1686,9844,1703,1691,2026-06-19 13:00:00
14520,134,9844,1676,1689,2026-06-19 13:00:00
14521,525,9845,1589,1579,2026-06-19 13:00:00
14522,945,9845,1637,1648,2026-06-19 13:00:00
14523,1506,9847,1796,1804,2026-06-19 14:00:00
14524,1773,9847,1655,1648,2026-06-19 14:00:00
14525,2329,9849,1466,1454,2026-06-19 14:00:00
14526,958,9849,1443,1455,2026-06-19 14:00:00
14527,1497,9851,1790,1802,2026-06-19 14:00:00
14528,1102,9851,1790,1778,2026-06-19 14:00:00
14529,2138,9852,1238,1231,2026-06-19 14:00:00
14530,187,9852,1382,1389,2026-06-19 14:00:00
14531,651,9853,1855,1857,2026-06-19 14:00:00
14532,454,9853,1450,1448,2026-06-19 14:00:00
14533,278,9854,1478,1487,2026-06-19 14:00:00
14534,255,9854,1391,1382,2026-06-19 14:00:00
14535,1681,9855,1728,1733,2026-06-19 14:00:00
14536,720,9855,1499,1494,2026-06-19 14:00:00
14537,1147,9856,1617,1612,2026-06-19 14:00:00
14538,1273,9856,1874,1878,2026-06-19 14:00:00
14539,1808,9858,1599,1607,2026-06-19 15:00:00
14540,643,9858,1473,1465,2026-06-19 15:00:00
14541,1321,9859,1383,1395,2026-06-19 15:00:00
14542,517,9859,1367,1356,2026-06-19 15:00:00
14543,49,9861,1563,1570,2026-06-19 15:00:00
14544,1928,9861,1436,1428,2026-06-19 15:00:00
14545,2138,9862,1231,1222,2026-06-19 15:00:00
14546,896,9862,1340,1349,2026-06-19 15:00:00
14547,243,9863,1183,1199,2026-06-19 15:00:00
14548,886,9863,1308,1292,2026-06-19 15:00:00
14549,1752,9866,1669,1677,2026-06-19 15:00:00
14550,1645,9866,1542,1534,2026-06-19 15:00:00
14551,1570,9867,1358,1351,2026-06-19 15:00:00
14552,1701,9867,1492,1499,2026-06-19 15:00:00
14553,163,9868,1488,1503,2026-06-19 15:00:00
14554,337,9868,1567,1552,2026-06-19 15:00:00
14555,1134,9870,1532,1522,2026-06-19 15:00:00
14556,1959,9870,1590,1600,2026-06-19 15:00:00
14557,1717,9872,1433,1446,2026-06-19 16:00:00
14558,1299,9872,1472,1459,2026-06-19 16:00:00
14559,2270,9873,1600,1611,2026-06-19 16:00:00
14560,421,9873,1559,1549,2026-06-19 16:00:00
14561,1917,9874,1751,1758,2026-06-19 16:00:00
14562,1732,9874,1583,1576,2026-06-19 16:00:00
14563,502,9878,1407,1398,2026-06-19 17:00:00
14564,2198,9878,1497,1506,2026-06-19 17:00:00
14565,187,9879,1389,1387,2026-06-19 17:00:00
14566,1681,9879,1733,1736,2026-06-19 17:00:00
14567,123,9881,1141,1132,2026-06-19 17:00:00
14568,1270,9881,1246,1254,2026-06-19 17:00:00
14569,1669,9882,1467,1477,2026-06-19 17:00:00
14570,1424,9882,1397,1387,2026-06-19 17:00:00
14571,1401,9884,1331,1328,2026-06-19 17:00:00
14572,1961,9884,1652,1656,2026-06-19 17:00:00
14573,2329,9885,1454,1461,2026-06-19 17:00:00
14574,2035,9885,1308,1300,2026-06-19 17:00:00
14575,2286,9887,1018,1010,2026-06-19 17:00:00
14576,15,9887,1108,1117,2026-06-19 17:00:00
14577,2391,9888,1578,1570,2026-06-19 17:00:00
14578,406,9888,1694,1702,2026-06-19 17:00:00
14579,2009,9889,1526,1515,2026-06-19 17:00:00
14580,1451,9889,1543,1554,2026-06-19 17:00:00
14581,1329,9891,1386,1377,2026-06-19 17:00:00
14582,2027,9891,1466,1476,2026-06-19 17:00:00
14583,1278,9892,1741,1731,2026-06-19 18:00:00
14584,2207,9892,1791,1801,2026-06-19 18:00:00
14585,2304,9893,1950,1958,2026-06-19 18:00:00
14586,1354,9893,1814,1807,2026-06-19 18:00:00
14587,1775,9894,1527,1544,2026-06-19 18:00:00
14588,794,9894,1658,1642,2026-06-19 18:00:00
14589,454,9895,1448,1461,2026-06-19 18:00:00
14590,257,9895,1492,1478,2026-06-19 18:00:00
14591,1968,9897,1692,1704,2026-06-19 18:00:00
14592,1581,9897,1682,1670,2026-06-19 18:00:00
14593,1928,9898,1428,1442,2026-06-19 18:00:00
14594,1735,9898,1476,1463,2026-06-19 18:00:00
14595,2233,9899,1396,1410,2026-06-19 18:00:00
14596,958,9899,1455,1441,2026-06-19 18:00:00
14597,2186,9900,1700,1705,2026-06-19 18:00:00
14598,1333,9900,1450,1445,2026-06-19 18:00:00
14599,328,9901,1348,1362,2026-06-19 18:00:00
14600,938,9901,1403,1389,2026-06-19 18:00:00
14601,2091,9902,1808,1818,2026-06-19 18:00:00
14602,2013,9902,1770,1760,2026-06-19 18:00:00
14603,1281,9904,1358,1374,2026-06-19 18:00:00
14604,2414,9904,1477,1461,2026-06-19 18:00:00
14605,2218,9905,1762,1751,2026-06-19 18:00:00
14606,2288,9905,1790,1801,2026-06-19 18:00:00
14607,1206,9906,1614,1603,2026-06-19 18:00:00
14608,1223,9906,1630,1641,2026-06-19 18:00:00
14609,2112,9907,1940,1927,2026-06-19 18:00:00
14610,369,9907,1914,1927,2026-06-19 18:00:00
14611,269,9908,1353,1343,2026-06-19 18:00:00
14612,1652,9908,1410,1420,2026-06-19 18:00:00
14613,1171,9909,1611,1617,2026-06-19 19:00:00
14614,768,9909,1414,1409,2026-06-19 19:00:00
14615,2147,9910,1437,1445,2026-06-19 19:00:00
14616,1411,9910,1322,1314,2026-06-19 19:00:00
14617,722,9911,1537,1527,2026-06-19 19:00:00
14618,2447,9911,1582,1592,2026-06-19 19:00:00
14619,446,9912,1507,1517,2026-06-19 19:00:00
14620,471,9912,1465,1454,2026-06-19 19:00:00
14621,319,9914,1238,1231,2026-06-19 19:00:00
14622,1424,9914,1387,1394,2026-06-19 19:00:00
14623,300,9915,1705,1691,2026-06-19 19:00:00
14624,420,9915,1647,1661,2026-06-19 19:00:00
14625,1108,9916,1372,1366,2026-06-19 19:00:00
14626,2003,9916,1561,1567,2026-06-19 19:00:00
14627,1919,9917,1565,1573,2026-06-19 19:00:00
14628,1222,9917,1456,1448,2026-06-19 19:00:00
14629,1646,9918,1708,1718,2026-06-19 19:00:00
14630,1961,9918,1656,1645,2026-06-19 19:00:00
14631,2453,9922,1318,1330,2026-06-19 19:00:00
14632,1807,9922,1317,1305,2026-06-19 19:00:00
14633,54,9923,1602,1610,2026-06-19 19:00:00
14634,442,9923,1485,1477,2026-06-19 19:00:00
14635,1236,9924,1979,1966,2026-06-19 19:00:00
14636,351,9924,1931,1945,2026-06-19 19:00:00
14637,878,9925,1483,1473,2026-06-19 19:00:00
14638,1883,9925,1559,1568,2026-06-19 19:00:00
14639,77,9927,1667,1676,2026-06-19 19:00:00
14640,2025,9927,1565,1556,2026-06-19 19:00:00
14641,1544,9929,1593,1606,2026-06-19 19:00:00
14642,13,9929,1630,1617,2026-06-19 19:00:00
14643,1945,9930,1665,1669,2026-06-19 19:00:00
14644,2086,9930,1393,1389,2026-06-19 19:00:00
14645,2142,9931,1711,1722,2026-06-19 20:00:00
14646,1379,9931,1669,1658,2026-06-19 20:00:00
14647,2119,9932,1533,1522,2026-06-19 20:00:00
14648,529,9932,1581,1592,2026-06-19 20:00:00
14649,396,9933,1363,1352,2026-06-19 20:00:00
14650,1712,9933,1406,1417,2026-06-19 20:00:00
14651,550,9934,1831,1839,2026-06-19 20:00:00
14652,2345,9934,1726,1718,2026-06-19 20:00:00
14653,215,9935,1642,1636,2026-06-19 20:00:00
14654,1462,9935,1820,1826,2026-06-19 20:00:00
14655,193,9936,1227,1236,2026-06-19 20:00:00
14656,1777,9936,1138,1129,2026-06-19 20:00:00
14657,1415,9937,1383,1396,2026-06-19 20:00:00
14658,992,9937,1401,1389,2026-06-19 20:00:00
14659,1505,9939,1420,1405,2026-06-19 20:00:00
14660,2176,9939,1331,1346,2026-06-19 20:00:00
14661,583,9940,1357,1346,2026-06-19 20:00:00
14662,1689,9940,1372,1384,2026-06-19 20:00:00
14663,1574,9941,1755,1770,2026-06-19 20:00:00
14664,2215,9941,1845,1830,2026-06-19 20:00:00
14665,1130,9942,1444,1435,2026-06-19 20:00:00
14666,338,9942,1519,1528,2026-06-19 20:00:00
14667,1466,9943,1405,1394,2026-06-19 20:00:00
14668,1409,9943,1418,1429,2026-06-19 20:00:00
14669,647,9945,1702,1693,2026-06-19 20:00:00
14670,2381,9945,1777,1786,2026-06-19 20:00:00
14671,1219,9946,1466,1460,2026-06-19 21:00:00
14672,384,9946,1647,1653,2026-06-19 21:00:00
14673,1965,9947,1874,1862,2026-06-19 21:00:00
14674,1870,9947,1879,1891,2026-06-19 21:00:00
14675,2056,9948,1072,1056,2026-06-19 21:00:00
14676,1867,9948,950,966,2026-06-19 21:00:00
14677,517,9949,1356,1364,2026-06-19 21:00:00
14678,1826,9949,1242,1234,2026-06-19 21:00:00
14679,471,9950,1454,1446,2026-06-19 21:00:00
14680,1028,9950,1579,1587,2026-06-19 21:00:00
14681,1829,9951,1445,1435,2026-06-19 21:00:00
14682,1564,9951,1507,1517,2026-06-19 21:00:00
14683,304,9952,1508,1522,2026-06-19 21:00:00
14684,1419,9952,1557,1543,2026-06-19 21:00:00
14685,2090,9953,1791,1803,2026-06-19 21:00:00
14686,2006,9953,1783,1771,2026-06-19 21:00:00
14687,499,9955,1275,1266,2026-06-19 21:00:00
14688,1710,9955,1357,1366,2026-06-19 21:00:00
14689,1270,9956,1254,1247,2026-06-19 21:00:00
14690,836,9956,1399,1406,2026-06-19 21:00:00
14691,1102,9957,1778,1788,2026-06-19 21:00:00
14692,2169,9957,1715,1705,2026-06-19 21:00:00
14693,234,9958,1708,1703,2026-06-19 21:00:00
14694,2250,9958,1953,1958,2026-06-19 21:00:00
14695,553,9961,1403,1395,2026-06-19 21:00:00
14696,1402,9961,1537,1545,2026-06-19 21:00:00
14697,55,9962,1554,1544,2026-06-19 21:00:00
14698,2258,9962,1600,1610,2026-06-19 21:00:00
14699,561,9963,1696,1680,2026-06-19 21:00:00
14700,1364,9963,1568,1585,2026-06-19 21:00:00
14701,1250,9964,1201,1193,2026-06-19 21:00:00
14702,244,9964,1328,1336,2026-06-19 21:00:00
14703,2332,9966,1481,1474,2026-06-19 21:00:00
14704,2074,9966,1629,1637,2026-06-19 21:00:00
14705,382,9967,1626,1610,2026-06-19 21:00:00
14706,308,9967,1500,1516,2026-06-19 21:00:00
14707,2044,9969,1583,1570,2026-06-19 21:00:00
14708,2054,9969,1545,1558,2026-06-19 21:00:00
14709,2025,9970,1556,1546,2026-06-19 21:00:00
14710,1720,9970,1615,1625,2026-06-19 21:00:00
14711,296,9971,1414,1411,2026-06-19 21:00:00
14712,857,9971,1751,1754,2026-06-19 21:00:00
14713,2471,9972,1696,1685,2026-06-19 22:00:00
14714,1588,9972,1730,1741,2026-06-19 22:00:00
14715,753,9974,1338,1330,2026-06-19 22:00:00
14716,2436,9974,1469,1477,2026-06-19 22:00:00
14717,384,9975,1653,1643,2026-06-19 22:00:00
14718,1663,9975,1691,1701,2026-06-19 22:00:00
14719,464,9976,1637,1626,2026-06-19 22:00:00
14720,2070,9976,1676,1687,2026-06-19 22:00:00
14721,1646,9978,1718,1723,2026-06-19 22:00:00
14722,2357,9978,1499,1494,2026-06-19 22:00:00
14723,1669,9979,1477,1480,2026-06-19 22:00:00
14724,759,9979,1113,1110,2026-06-19 22:00:00
14725,2453,9981,1330,1323,2026-06-19 22:00:00
14726,1467,9981,1473,1481,2026-06-19 22:00:00
14727,2286,9982,1010,1020,2026-06-19 22:00:00
14728,2129,9982,975,964,2026-06-19 22:00:00
14729,175,9983,1230,1222,2026-06-19 22:00:00
14730,1480,9983,1339,1347,2026-06-19 22:00:00
14731,2009,9985,1515,1507,2026-06-19 22:00:00
14732,2375,9985,1655,1663,2026-06-19 22:00:00
14733,1898,9986,1572,1556,2026-06-19 22:00:00
14734,595,9986,1445,1461,2026-06-19 22:00:00
14735,1278,9988,1731,1719,2026-06-19 23:00:00
14736,2142,9988,1722,1734,2026-06-19 23:00:00
14737,1687,9990,2067,2076,2026-06-19 23:00:00
14738,765,9990,1978,1969,2026-06-19 23:00:00
14739,1564,9991,1517,1513,2026-06-19 23:00:00
14740,2090,9991,1803,1807,2026-06-19 23:00:00
14741,1630,9992,1359,1352,2026-06-19 23:00:00
14742,1620,9992,1504,1512,2026-06-19 23:00:00
14743,2224,9994,1499,1491,2026-06-19 23:00:00
14744,464,9994,1626,1634,2026-06-19 23:00:00
14745,1283,9996,1563,1553,2026-06-19 23:00:00
14746,428,9996,1597,1608,2026-06-19 23:00:00
14747,966,9997,1457,1472,2026-06-19 23:00:00
14748,431,9997,1550,1534,2026-06-19 23:00:00
14749,1158,9999,1558,1543,2026-06-19 23:00:00
14750,2332,9999,1474,1489,2026-06-19 23:00:00
14751,1757,10001,1590,1573,2026-06-19 23:00:00
14752,534,10001,1461,1477,2026-06-19 23:00:00
14753,1148,10002,1574,1559,2026-06-19 23:00:00
14754,2370,10002,1490,1505,2026-06-19 23:00:00
14755,221,10003,1757,1763,2026-06-19 23:00:00
14756,2084,10003,1541,1536,2026-06-19 23:00:00
14757,816,10004,1806,1795,2026-06-20 00:00:00
14758,550,10004,1839,1850,2026-06-20 00:00:00
14759,529,10007,1592,1598,2026-06-20 01:00:00
14760,1682,10007,1421,1414,2026-06-20 01:00:00
14761,664,10008,1662,1672,2026-06-20 09:00:00
14762,1456,10008,1605,1595,2026-06-20 09:00:00
14763,94,10010,1502,1490,2026-06-20 10:00:00
14764,649,10010,1508,1520,2026-06-20 10:00:00
14765,1011,10011,1475,1489,2026-06-20 10:00:00
14766,2340,10011,1542,1528,2026-06-20 10:00:00
14767,343,10012,1589,1601,2026-06-20 10:00:00
14768,1285,10012,1606,1593,2026-06-20 10:00:00
14769,2024,10014,1672,1658,2026-06-20 11:00:00
14770,285,10014,1602,1616,2026-06-20 11:00:00
14771,819,10015,1694,1679,2026-06-20 12:00:00
14772,1986,10015,1597,1612,2026-06-20 12:00:00
14773,1681,10016,1736,1725,2026-06-20 12:00:00
14774,682,10016,1764,1775,2026-06-20 12:00:00
14775,1367,10017,1808,1793,2026-06-20 12:00:00
14776,2169,10017,1705,1721,2026-06-20 12:00:00
14777,2177,10018,1832,1816,2026-06-20 12:00:00
14778,2097,10018,1724,1740,2026-06-20 12:00:00
14779,2288,10019,1801,1815,2026-06-20 12:00:00
14780,313,10019,1871,1856,2026-06-20 12:00:00
14781,2417,10020,1642,1647,2026-06-20 12:00:00
14782,395,10020,1409,1404,2026-06-20 12:00:00
14783,1502,10021,1894,1902,2026-06-20 13:00:00
14784,1958,10021,1797,1789,2026-06-20 13:00:00
14785,1580,10023,2011,2018,2026-06-20 13:00:00
14786,10,10023,1873,1865,2026-06-20 13:00:00
14787,774,10024,2004,2011,2026-06-20 13:00:00
14788,2404,10024,1867,1859,2026-06-20 13:00:00
14789,442,10027,1477,1488,2026-06-20 13:00:00
14790,2223,10027,1471,1459,2026-06-20 13:00:00
14791,432,10029,1554,1541,2026-06-20 14:00:00
14792,500,10029,1508,1521,2026-06-20 14:00:00
14793,131,10030,1072,1085,2026-06-20 14:00:00
14794,2305,10030,1092,1079,2026-06-20 14:00:00
14795,1155,10031,1732,1744,2026-06-20 14:00:00
14796,17,10031,1747,1735,2026-06-20 14:00:00
14797,974,10032,1530,1540,2026-06-20 14:00:00
14798,778,10032,1455,1446,2026-06-20 14:00:00
14799,343,10033,1601,1593,2026-06-20 14:00:00
14800,1255,10033,1704,1713,2026-06-20 14:00:00
14801,2426,10035,1233,1231,2026-06-20 14:00:00
14802,1812,10035,1601,1604,2026-06-20 14:00:00
14803,2225,10036,2303,2303,2026-06-20 15:00:00
14804,1792,10036,1601,1601,2026-06-20 15:00:00
14805,819,10037,1679,1669,2026-06-20 15:00:00
14806,2141,10037,1749,1758,2026-06-20 15:00:00
14807,862,10038,1509,1519,2026-06-20 15:00:00
14808,1763,10038,1447,1438,2026-06-20 15:00:00
14809,1753,10039,1692,1703,2026-06-20 15:00:00
14810,1379,10039,1658,1648,2026-06-20 15:00:00
14811,1603,10041,1439,1451,2026-06-20 15:00:00
14812,2004,10041,1442,1430,2026-06-20 15:00:00
14813,2467,10042,1543,1533,2026-06-20 15:00:00
14814,2033,10042,1606,1616,2026-06-20 15:00:00
14815,1424,10044,1394,1410,2026-06-20 15:00:00
14816,2062,10044,1492,1476,2026-06-20 15:00:00
14817,1622,10045,1406,1396,2026-06-20 15:00:00
14818,1598,10045,1467,1477,2026-06-20 15:00:00
14819,1961,10046,1645,1637,2026-06-20 15:00:00
14820,1155,10046,1744,1753,2026-06-20 15:00:00
14821,2175,10047,1438,1449,2026-06-20 15:00:00
14822,2067,10047,1412,1401,2026-06-20 15:00:00
14823,490,10049,1516,1528,2026-06-20 15:00:00
14824,1982,10049,1527,1514,2026-06-20 15:00:00
14825,200,10050,1146,1155,2026-06-20 15:00:00
14826,245,10050,1061,1052,2026-06-20 15:00:00
14827,1844,10051,1603,1587,2026-06-20 16:00:00
14828,119,10051,1485,1501,2026-06-20 16:00:00
14829,182,10052,1346,1338,2026-06-20 16:00:00
14830,2436,10052,1477,1485,2026-06-20 16:00:00
14831,2433,10053,1101,1100,2026-06-20 16:00:00
14832,2327,10053,1543,1545,2026-06-20 16:00:00
14833,1437,10055,1483,1473,2026-06-20 16:00:00
14834,490,10055,1528,1538,2026-06-20 16:00:00
14835,184,10057,1400,1391,2026-06-20 17:00:00
14836,412,10057,1487,1496,2026-06-20 17:00:00
14837,529,10058,1598,1613,2026-06-20 17:00:00
14838,664,10058,1672,1658,2026-06-20 17:00:00
14839,2308,10059,1699,1713,2026-06-20 17:00:00
14840,1588,10059,1741,1727,2026-06-20 17:00:00
14841,94,10064,1490,1502,2026-06-20 17:00:00
14842,465,10064,1488,1476,2026-06-20 17:00:00
14843,1353,10065,1122,1117,2026-06-20 17:00:00
14844,255,10065,1382,1386,2026-06-20 17:00:00
14845,1685,10066,1742,1728,2026-06-20 17:00:00
14846,2145,10066,1681,1695,2026-06-20 17:00:00
14847,1028,10068,1587,1573,2026-06-20 18:00:00
14848,722,10068,1527,1541,2026-06-20 18:00:00
14849,633,10069,1565,1551,2026-06-20 18:00:00
14850,575,10069,1496,1510,2026-06-20 18:00:00
14851,2138,10070,1222,1219,2026-06-20 18:00:00
14852,1998,10070,1522,1526,2026-06-20 18:00:00
14853,1204,10072,1660,1646,2026-06-20 18:00:00
14854,845,10072,1622,1635,2026-06-20 18:00:00
14855,1053,10073,1647,1651,2026-06-20 18:00:00
14856,2164,10073,1389,1385,2026-06-20 18:00:00
14857,191,10074,1810,1817,2026-06-20 18:00:00
14858,2058,10074,1683,1675,2026-06-20 18:00:00
14859,1309,10075,1239,1227,2026-06-20 18:00:00
14860,478,10075,1251,1263,2026-06-20 18:00:00
14861,1285,10076,1593,1584,2026-06-20 18:00:00
14862,2439,10076,1685,1694,2026-06-20 18:00:00
14863,1720,10077,1625,1632,2026-06-20 18:00:00
14864,1359,10077,1493,1485,2026-06-20 18:00:00
14865,2299,10078,1304,1319,2026-06-20 19:00:00
14866,1046,10078,1394,1379,2026-06-20 19:00:00
14867,1944,10079,1451,1460,2026-06-20 19:00:00
14868,1881,10079,1373,1363,2026-06-20 19:00:00
14869,91,10081,1323,1333,2026-06-20 19:00:00
14870,1836,10081,1261,1251,2026-06-20 19:00:00
14871,1890,10082,1505,1518,2026-06-20 19:00:00
14872,450,10082,1530,1517,2026-06-20 19:00:00
14873,694,10083,1221,1229,2026-06-20 19:00:00
14874,1168,10083,1112,1104,2026-06-20 19:00:00
14875,1179,10086,1409,1402,2026-06-20 19:00:00
14876,2327,10086,1545,1553,2026-06-20 19:00:00
14877,1631,10087,1910,1899,2026-06-20 19:00:00
14878,2041,10087,1936,1947,2026-06-20 19:00:00
14879,1191,10089,1365,1374,2026-06-20 19:00:00
14880,715,10089,1283,1274,2026-06-20 19:00:00
14881,638,10091,1158,1149,2026-06-20 19:00:00
14882,1444,10091,1252,1261,2026-06-20 19:00:00
14883,1680,10092,1458,1462,2026-06-20 19:00:00
14884,638,10092,1149,1146,2026-06-20 19:00:00
14885,223,10093,1551,1543,2026-06-20 19:00:00
14886,2058,10093,1675,1683,2026-06-20 19:00:00
14887,516,10094,1576,1581,2026-06-20 19:00:00
14888,583,10094,1346,1341,2026-06-20 19:00:00
14889,2022,10095,1562,1548,2026-06-20 19:00:00
14890,1634,10095,1498,1513,2026-06-20 19:00:00
14891,1107,10096,1710,1720,2026-06-20 19:00:00
14892,662,10096,1665,1655,2026-06-20 19:00:00
14893,2427,10098,1195,1206,2026-06-20 20:00:00
14894,2358,10098,1164,1153,2026-06-20 20:00:00
14895,2108,10100,1618,1626,2026-06-20 20:00:00
14896,2292,10100,1483,1475,2026-06-20 20:00:00
14897,1129,10101,1509,1494,2026-06-20 20:00:00
14898,2147,10101,1445,1459,2026-06-20 20:00:00
14899,560,10102,1266,1277,2026-06-20 20:00:00
14900,193,10102,1236,1225,2026-06-20 20:00:00
14901,2087,10103,1648,1652,2026-06-20 20:00:00
14902,255,10103,1386,1382,2026-06-20 20:00:00
14903,451,10104,1422,1414,2026-06-20 20:00:00
14904,1731,10104,1540,1548,2026-06-20 20:00:00
14905,2065,10105,1223,1219,2026-06-20 20:00:00
14906,1461,10105,1503,1507,2026-06-20 20:00:00
14907,2164,10110,1385,1375,2026-06-20 20:00:00
14908,1541,10110,1446,1456,2026-06-20 20:00:00
14909,512,10111,1581,1570,2026-06-20 20:00:00
14910,985,10111,1619,1629,2026-06-20 20:00:00
14911,1428,10112,1883,1891,2026-06-20 20:00:00
14912,2296,10112,1763,1755,2026-06-20 20:00:00
14913,1028,10116,1573,1580,2026-06-20 21:00:00
14914,1829,10116,1435,1428,2026-06-20 21:00:00
14915,2024,10118,1658,1669,2026-06-20 21:00:00
14916,139,10118,1632,1621,2026-06-20 21:00:00
14917,2006,10119,1771,1763,2026-06-20 21:00:00
14918,1870,10119,1891,1899,2026-06-20 21:00:00
14919,187,10120,1387,1376,2026-06-20 21:00:00
14920,451,10120,1414,1425,2026-06-20 21:00:00
14921,1102,10121,1788,1777,2026-06-20 21:00:00
14922,1462,10121,1826,1837,2026-06-20 21:00:00
14923,2041,10123,1947,1934,2026-06-20 21:00:00
14924,40,10123,1911,1925,2026-06-20 21:00:00
14925,2169,10125,1721,1709,2026-06-20 21:00:00
14926,183,10125,1719,1731,2026-06-20 21:00:00
14927,1958,10126,1789,1778,2026-06-20 21:00:00
14928,676,10126,1831,1841,2026-06-20 21:00:00
14929,2138,10127,1219,1228,2026-06-20 21:00:00
14930,123,10127,1132,1123,2026-06-20 21:00:00
14931,690,10128,1345,1341,2026-06-20 21:00:00
14932,1204,10128,1646,1650,2026-06-20 21:00:00
14933,1347,10129,1631,1618,2026-06-20 21:00:00
14934,469,10129,1599,1612,2026-06-20 21:00:00
14935,1573,10130,1323,1321,2026-06-20 21:00:00
14936,2015,10130,1717,1719,2026-06-20 21:00:00
14937,855,10131,1215,1224,2026-06-20 21:00:00
14938,200,10131,1155,1145,2026-06-20 21:00:00
14939,1310,10134,973,987,2026-06-20 21:00:00
14940,1979,10134,1022,1009,2026-06-20 21:00:00
14941,1676,10135,1862,1870,2026-06-20 21:00:00
14942,598,10135,1720,1712,2026-06-20 21:00:00
14943,1022,10136,1522,1530,2026-06-20 22:00:00
14944,480,10136,1385,1378,2026-06-20 22:00:00
14945,1018,10138,1411,1421,2026-06-20 22:00:00
14946,779,10138,1361,1351,2026-06-20 22:00:00
14947,2308,10141,1713,1720,2026-06-20 22:00:00
14948,409,10141,1584,1576,2026-06-20 22:00:00
14949,135,10143,1408,1424,2026-06-20 22:00:00
14950,1998,10143,1526,1510,2026-06-20 22:00:00
14951,1238,10144,1809,1819,2026-06-20 22:00:00
14952,493,10144,1752,1742,2026-06-20 22:00:00
14953,2064,10146,1624,1636,2026-06-20 22:00:00
14954,2270,10146,1611,1599,2026-06-20 22:00:00
14955,2205,10147,1489,1498,2026-06-20 22:00:00
14956,2351,10147,1414,1405,2026-06-20 22:00:00
14957,1000,10148,1623,1607,2026-06-20 22:00:00
14958,1856,10148,1518,1533,2026-06-20 22:00:00
14959,890,10149,1408,1392,2026-06-20 22:00:00
14960,113,10149,1292,1308,2026-06-20 22:00:00
14961,1397,10150,1522,1514,2026-06-20 23:00:00
14962,538,10150,1637,1645,2026-06-20 23:00:00
14963,529,10152,1613,1603,2026-06-20 23:00:00
14964,2024,10152,1669,1679,2026-06-20 23:00:00
14965,1369,10153,1328,1318,2026-06-20 23:00:00
14966,2018,10153,1389,1399,2026-06-20 23:00:00
14967,2033,10155,1616,1626,2026-06-20 23:00:00
14968,2003,10155,1567,1557,2026-06-20 23:00:00
14969,2164,10156,1375,1365,2026-06-20 23:00:00
14970,2384,10156,1428,1438,2026-06-20 23:00:00
14971,2068,10157,1431,1440,2026-06-20 23:00:00
14972,547,10157,1340,1331,2026-06-20 23:00:00
14973,2288,10158,1815,1799,2026-06-20 23:00:00
14974,626,10158,1671,1688,2026-06-20 23:00:00
14975,942,10160,1317,1313,2026-06-20 23:00:00
14976,1000,10160,1607,1611,2026-06-20 23:00:00
14977,979,10161,1368,1373,2026-06-20 23:00:00
14978,2165,10161,1151,1145,2026-06-20 23:00:00
14979,1965,10164,1862,1851,2026-06-21 00:00:00
14980,159,10164,1894,1905,2026-06-21 00:00:00
14981,396,10165,1352,1361,2026-06-21 00:00:00
14982,1095,10165,1268,1258,2026-06-21 00:00:00
14983,830,10168,1627,1615,2026-06-21 00:00:00
14984,1223,10168,1641,1653,2026-06-21 00:00:00
14985,1786,10169,1562,1572,2026-06-21 01:00:00
14986,412,10169,1496,1486,2026-06-21 01:00:00
14987,1874,10170,1097,1084,2026-06-21 09:00:00
14988,2477,10170,1070,1083,2026-06-21 09:00:00
14989,502,10172,1398,1412,2026-06-21 10:00:00
14990,2126,10172,1461,1447,2026-06-21 10:00:00
14991,866,10174,1397,1405,2026-06-21 10:00:00
14992,1769,10174,1288,1280,2026-06-21 10:00:00
14993,861,10177,1263,1257,2026-06-21 11:00:00
14994,2260,10177,1456,1462,2026-06-21 11:00:00
14995,274,10178,1123,1114,2026-06-21 11:00:00
14996,1531,10178,1216,1225,2026-06-21 11:00:00
14997,213,10179,1162,1157,2026-06-21 11:00:00
14998,2103,10179,1421,1426,2026-06-21 11:00:00
14999,2304,10180,1958,1942,2026-06-21 12:00:00
15000,787,10180,1831,1847,2026-06-21 12:00:00
15001,41,10181,1286,1278,2026-06-21 12:00:00
15002,2018,10181,1399,1407,2026-06-21 12:00:00
15003,84,10184,1417,1425,2026-06-21 12:00:00
15004,359,10184,1311,1303,2026-06-21 12:00:00
15005,1171,10185,1617,1626,2026-06-21 13:00:00
15006,446,10185,1517,1509,2026-06-21 13:00:00
15007,1986,10186,1612,1622,2026-06-21 13:00:00
15008,1419,10186,1543,1534,2026-06-21 13:00:00
15009,2406,10187,1694,1704,2026-06-21 13:00:00
15010,33,10187,1652,1642,2026-06-21 13:00:00
15011,1011,10189,1489,1500,2026-06-21 13:00:00
15012,1735,10189,1463,1452,2026-06-21 13:00:00
15013,1655,10190,1641,1648,2026-06-21 13:00:00
15014,1461,10190,1507,1499,2026-06-21 13:00:00
15015,1109,10193,1503,1493,2026-06-21 13:00:00
15016,1519,10193,1572,1582,2026-06-21 13:00:00
15017,1838,10195,1422,1434,2026-06-21 13:00:00
15018,663,10195,1416,1405,2026-06-21 13:00:00
15019,1365,10197,1810,1817,2026-06-21 14:00:00
15020,1232,10197,1662,1655,2026-06-21 14:00:00
15021,1810,10198,1982,1969,2026-06-21 14:00:00
15022,2041,10198,1934,1948,2026-06-21 14:00:00
15023,101,10201,1396,1410,2026-06-21 14:00:00
15024,1693,10201,1454,1440,2026-06-21 14:00:00
15025,127,10202,1542,1551,2026-06-21 14:00:00
15026,1693,10202,1440,1432,2026-06-21 14:00:00
15027,308,10203,1516,1529,2026-06-21 14:00:00
15028,2139,10203,1544,1531,2026-06-21 14:00:00
15029,273,10204,1469,1483,2026-06-21 14:00:00
15030,588,10204,1533,1519,2026-06-21 14:00:00
15031,933,10205,1480,1485,2026-06-21 14:00:00
15032,100,10205,1237,1232,2026-06-21 14:00:00
15033,1022,10206,1530,1517,2026-06-21 15:00:00
15034,2119,10206,1522,1535,2026-06-21 15:00:00
15035,144,10208,1346,1358,2026-06-21 15:00:00
15036,779,10208,1351,1338,2026-06-21 15:00:00
15037,550,10209,1850,1859,2026-06-21 15:00:00
15038,1261,10209,1748,1740,2026-06-21 15:00:00
15039,537,10210,1455,1465,2026-06-21 15:00:00
15040,768,10210,1409,1398,2026-06-21 15:00:00
15041,1968,10211,1704,1687,2026-06-21 15:00:00
15042,1739,10211,1556,1572,2026-06-21 15:00:00
15043,1483,10212,1116,1109,2026-06-21 15:00:00
15044,1287,10212,1243,1251,2026-06-21 15:00:00
15045,2137,10213,1441,1428,2026-06-21 15:00:00
15046,1484,10213,1427,1440,2026-06-21 15:00:00
15047,1983,10215,1314,1332,2026-06-21 15:00:00
15048,378,10215,1479,1462,2026-06-21 15:00:00
15049,2,10217,1609,1616,2026-06-21 15:00:00
15050,1173,10217,1485,1477,2026-06-21 15:00:00
15051,276,10218,1450,1436,2026-06-21 16:00:00
15052,768,10218,1398,1412,2026-06-21 16:00:00
15053,2006,10220,1763,1773,2026-06-21 16:00:00
15054,2406,10220,1704,1694,2026-06-21 16:00:00
15055,633,10222,1551,1540,2026-06-21 16:00:00
15056,198,10222,1586,1596,2026-06-21 16:00:00
15057,794,10223,1642,1627,2026-06-21 16:00:00
15058,801,10223,1545,1560,2026-06-21 16:00:00
15059,1919,10224,1573,1558,2026-06-21 16:00:00
15060,2168,10224,1476,1492,2026-06-21 16:00:00
15061,1566,10225,1933,1945,2026-06-21 16:00:00
15062,2041,10225,1948,1935,2026-06-21 16:00:00
15063,1462,10226,1837,1844,2026-06-21 16:00:00
15064,2309,10226,1709,1701,2026-06-21 16:00:00
15065,1191,10228,1374,1383,2026-06-21 16:00:00
15066,791,10228,1283,1274,2026-06-21 16:00:00
15067,2213,10229,1756,1760,2026-06-21 16:00:00
15068,2229,10229,1482,1478,2026-06-21 16:00:00
15069,442,10231,1488,1480,2026-06-21 16:00:00
15070,666,10231,1593,1602,2026-06-21 16:00:00
15071,663,10232,1405,1389,2026-06-21 16:00:00
15072,67,10232,1308,1324,2026-06-21 16:00:00
15073,53,10233,1598,1589,2026-06-21 16:00:00
15074,1945,10233,1669,1678,2026-06-21 16:00:00
15075,1593,10235,1527,1536,2026-06-21 17:00:00
15076,1763,10235,1438,1429,2026-06-21 17:00:00
15077,1919,10237,1558,1569,2026-06-21 17:00:00
15078,2467,10237,1533,1522,2026-06-21 17:00:00
15079,499,10238,1266,1258,2026-06-21 17:00:00
15080,1262,10238,1365,1373,2026-06-21 17:00:00
15081,1566,10239,1945,1954,2026-06-21 17:00:00
15082,676,10239,1841,1833,2026-06-21 17:00:00
15083,1178,10240,1300,1308,2026-06-21 17:00:00
15084,621,10240,1176,1168,2026-06-21 17:00:00
15085,1415,10241,1396,1387,2026-06-21 17:00:00
15086,348,10241,1510,1518,2026-06-21 17:00:00
15087,1459,10242,1319,1330,2026-06-21 17:00:00
15088,886,10242,1292,1281,2026-06-21 17:00:00
15089,1303,10243,1439,1428,2026-06-21 17:00:00
15090,1162,10243,1456,1467,2026-06-21 17:00:00
15091,1994,10244,1416,1404,2026-06-21 17:00:00
15092,1289,10244,1430,1442,2026-06-21 17:00:00
15093,81,10245,1156,1170,2026-06-21 17:00:00
15094,175,10245,1222,1208,2026-06-21 17:00:00
15095,730,10246,1193,1189,2026-06-21 17:00:00
15096,141,10246,1470,1474,2026-06-21 17:00:00
15097,81,10247,1170,1163,2026-06-21 17:00:00
15098,1633,10247,1302,1310,2026-06-21 17:00:00
15099,1271,10248,1389,1381,2026-06-21 17:00:00
15100,1900,10248,1509,1517,2026-06-21 17:00:00
15101,1257,10249,1534,1521,2026-06-21 17:00:00
15102,1545,10249,1498,1511,2026-06-21 17:00:00
15103,2102,10250,1152,1136,2026-06-21 17:00:00
15104,1298,10250,1030,1047,2026-06-21 17:00:00
15105,952,10253,1294,1307,2026-06-21 18:00:00
15106,993,10253,1312,1300,2026-06-21 18:00:00
15107,2207,10254,1801,1809,2026-06-21 18:00:00
15108,1663,10254,1701,1693,2026-06-21 18:00:00
15109,2003,10255,1557,1546,2026-06-21 18:00:00
15110,2366,10255,1595,1605,2026-06-21 18:00:00
15111,1029,10256,1815,1825,2026-06-21 18:00:00
15112,1528,10256,1733,1724,2026-06-21 18:00:00
15113,2018,10257,1407,1404,2026-06-21 18:00:00
15114,1813,10257,1719,1722,2026-06-21 18:00:00
15115,2369,10259,1494,1504,2026-06-21 18:00:00
15116,1495,10259,1434,1424,2026-06-21 18:00:00
15117,2175,10262,1449,1438,2026-06-21 18:00:00
15118,2452,10262,1481,1492,2026-06-21 18:00:00
15119,2091,10263,1818,1806,2026-06-21 18:00:00
15120,191,10263,1817,1829,2026-06-21 18:00:00
15121,366,10264,1256,1249,2026-06-21 18:00:00
15122,2278,10264,1388,1396,2026-06-21 18:00:00
15123,1041,10265,1486,1474,2026-06-21 18:00:00
15124,2320,10265,1486,1498,2026-06-21 18:00:00
15125,2121,10266,1159,1154,2026-06-21 18:00:00
15126,663,10266,1389,1394,2026-06-21 18:00:00
15127,304,10267,1522,1514,2026-06-21 19:00:00
15128,1408,10267,1649,1656,2026-06-21 19:00:00
15129,63,10269,1577,1589,2026-06-21 19:00:00
15130,1456,10269,1595,1582,2026-06-21 19:00:00
15131,2108,10270,1626,1611,2026-06-21 19:00:00
15132,1852,10270,1543,1558,2026-06-21 19:00:00
15133,234,10271,1703,1714,2026-06-21 19:00:00
15134,2087,10271,1652,1642,2026-06-21 19:00:00
15135,348,10272,1518,1528,2026-06-21 19:00:00
15136,837,10272,1446,1436,2026-06-21 19:00:00
15137,2391,10275,1570,1562,2026-06-21 19:00:00
15138,1512,10275,1677,1686,2026-06-21 19:00:00
15139,55,10276,1544,1552,2026-06-21 19:00:00
15140,1003,10276,1425,1417,2026-06-21 19:00:00
15141,1224,10277,1503,1496,2026-06-21 19:00:00
15142,1985,10277,1651,1658,2026-06-21 19:00:00
15143,601,10279,1383,1373,2026-06-21 19:00:00
15144,1386,10279,1431,1441,2026-06-21 19:00:00
15145,1128,10280,1548,1558,2026-06-21 19:00:00
15146,978,10280,1489,1479,2026-06-21 19:00:00
15147,823,10281,1010,1019,2026-06-21 19:00:00
15148,2280,10281,931,922,2026-06-21 19:00:00
15149,324,10282,1684,1689,2026-06-21 19:00:00
15150,1916,10282,1479,1473,2026-06-21 19:00:00
15151,1292,10285,1251,1258,2026-06-21 20:00:00
15152,1168,10285,1104,1097,2026-06-21 20:00:00
15153,2207,10286,1809,1817,2026-06-21 20:00:00
15154,2471,10286,1685,1677,2026-06-21 20:00:00
15155,424,10287,1552,1541,2026-06-21 20:00:00
15156,63,10287,1589,1600,2026-06-21 20:00:00
15157,1168,10289,1097,1095,2026-06-21 20:00:00
15158,1977,10289,1523,1525,2026-06-21 20:00:00
15159,2369,10290,1504,1507,2026-06-21 20:00:00
15160,1534,10290,1182,1179,2026-06-21 20:00:00
15161,957,10291,1649,1641,2026-06-21 20:00:00
15162,1155,10291,1753,1761,2026-06-21 20:00:00
15163,1490,10300,1301,1293,2026-06-21 21:00:00
15164,1762,10300,1408,1417,2026-06-21 21:00:00
15165,1358,10301,1130,1121,2026-06-21 21:00:00
15166,694,10301,1229,1238,2026-06-21 21:00:00
15167,109,10302,1924,1930,2026-06-21 21:00:00
15168,1220,10302,1721,1715,2026-06-21 21:00:00
15169,2376,10305,1899,1911,2026-06-21 21:00:00
15170,518,10305,1882,1871,2026-06-21 21:00:00
15171,2224,10307,1491,1495,2026-06-21 21:00:00
15172,1488,10307,1166,1163,2026-06-21 21:00:00
15173,1401,10308,1328,1320,2026-06-21 21:00:00
15174,7,10308,1456,1464,2026-06-21 21:00:00
15175,971,10309,1544,1555,2026-06-21 21:00:00
15176,2340,10309,1528,1517,2026-06-21 21:00:00
15177,420,10310,1661,1668,2026-06-21 21:00:00
15178,2340,10310,1517,1509,2026-06-21 21:00:00
15179,255,10311,1382,1396,2026-06-21 21:00:00
15180,958,10311,1441,1427,2026-06-21 21:00:00
15181,549,10312,1569,1560,2026-06-21 21:00:00
15182,696,10312,1671,1680,2026-06-21 21:00:00
15183,1323,10314,1764,1771,2026-06-21 21:00:00
15184,1918,10314,1622,1615,2026-06-21 21:00:00
15185,1053,10315,1651,1658,2026-06-21 21:00:00
15186,376,10315,1502,1495,2026-06-21 21:00:00
15187,1683,10316,1460,1450,2026-06-21 21:00:00
15188,1900,10316,1517,1527,2026-06-21 21:00:00
15189,1901,10318,1526,1513,2026-06-21 21:00:00
15190,1020,10318,1499,1512,2026-06-21 21:00:00
15191,1306,10319,1324,1313,2026-06-21 21:00:00
15192,16,10319,1342,1354,2026-06-21 21:00:00
15193,663,10320,1394,1385,2026-06-21 21:00:00
15194,978,10320,1479,1488,2026-06-21 21:00:00
15195,296,10321,1411,1399,2026-06-21 21:00:00
15196,395,10321,1404,1416,2026-06-21 21:00:00
15197,1591,10322,1176,1185,2026-06-21 22:00:00
15198,1168,10322,1095,1085,2026-06-21 22:00:00
15199,952,10323,1307,1292,2026-06-21 22:00:00
15200,694,10323,1238,1252,2026-06-21 22:00:00
15201,1663,10324,1693,1702,2026-06-21 22:00:00
15202,229,10324,1604,1595,2026-06-21 22:00:00
15203,2120,10325,1750,1738,2026-06-21 22:00:00
15204,196,10325,1740,1753,2026-06-21 22:00:00
15205,2153,10327,1504,1496,2026-06-21 22:00:00
15206,615,10327,1630,1638,2026-06-21 22:00:00
15207,1981,10328,1713,1726,2026-06-21 22:00:00
15208,554,10328,1740,1727,2026-06-21 22:00:00
15209,921,10331,1222,1215,2026-06-21 22:00:00
15210,2468,10331,1370,1377,2026-06-21 22:00:00
15211,1384,10332,1381,1373,2026-06-21 22:00:00
15212,2452,10332,1492,1501,2026-06-21 22:00:00
15213,1109,10333,1493,1505,2026-06-21 22:00:00
15214,376,10333,1495,1483,2026-06-21 22:00:00
15215,820,10334,1398,1404,2026-06-21 22:00:00
15216,1597,10334,1231,1224,2026-06-21 22:00:00
15217,1974,10335,1724,1712,2026-06-21 22:00:00
15218,1596,10335,1736,1748,2026-06-21 22:00:00
15219,2076,10336,1763,1771,2026-06-21 22:00:00
15220,1441,10336,1651,1643,2026-06-21 22:00:00
15221,1146,10337,1393,1403,2026-06-21 22:00:00
15222,179,10337,1339,1328,2026-06-21 22:00:00
15223,2442,10338,1765,1752,2026-06-21 22:00:00
15224,487,10338,1757,1769,2026-06-21 22:00:00
15225,816,10340,1795,1805,2026-06-21 23:00:00
15226,2141,10340,1758,1748,2026-06-21 23:00:00
15227,2225,10341,2303,2307,2026-06-21 23:00:00
15228,1471,10341,2018,2014,2026-06-21 23:00:00
15229,819,10342,1669,1677,2026-06-21 23:00:00
15230,1417,10342,1557,1549,2026-06-21 23:00:00
15231,1219,10343,1460,1451,2026-06-22 00:00:00
15232,397,10343,1550,1559,2026-06-22 00:00:00
15233,1292,10344,1258,1250,2026-06-22 00:00:00
15234,517,10344,1364,1373,2026-06-22 00:00:00
15235,98,10345,1651,1638,2026-06-22 00:00:00
15236,1327,10345,1604,1617,2026-06-22 00:00:00
15237,119,10346,1501,1492,2026-06-22 09:00:00
15238,1844,10346,1587,1596,2026-06-22 09:00:00
15239,1758,10347,1307,1321,2026-06-22 10:00:00
15240,2164,10347,1365,1351,2026-06-22 10:00:00
15241,639,10348,1460,1453,2026-06-22 11:00:00
15242,700,10348,1601,1608,2026-06-22 11:00:00
15243,227,10350,1667,1669,2026-06-22 12:00:00
15244,1490,10350,1293,1291,2026-06-22 12:00:00
15245,1008,10351,1563,1554,2026-06-22 12:00:00
15246,90,10351,1668,1676,2026-06-22 12:00:00
15247,138,10352,1720,1712,2026-06-22 12:00:00
15248,2331,10352,1841,1849,2026-06-22 12:00:00
15249,596,10354,1360,1352,2026-06-22 12:00:00
15250,1804,10354,1504,1511,2026-06-22 12:00:00
15251,321,10355,1474,1460,2026-06-22 12:00:00
15252,1362,10355,1414,1428,2026-06-22 12:00:00
15253,2227,10356,1858,1864,2026-06-22 13:00:00
15254,434,10356,1666,1660,2026-06-22 13:00:00
15255,1548,10358,1393,1385,2026-06-22 13:00:00
15256,2340,10358,1509,1518,2026-06-22 13:00:00
15257,2153,10359,1496,1481,2026-06-22 13:00:00
15258,1044,10359,1402,1417,2026-06-22 13:00:00
15259,424,10361,1541,1544,2026-06-22 14:00:00
15260,2427,10361,1206,1203,2026-06-22 14:00:00
15261,959,10363,1809,1819,2026-06-22 14:00:00
15262,196,10363,1753,1743,2026-06-22 14:00:00
15263,172,10364,1572,1587,2026-06-22 14:00:00
15264,247,10364,1669,1654,2026-06-22 14:00:00
15265,1044,10366,1417,1408,2026-06-22 15:00:00
15266,2239,10366,1491,1501,2026-06-22 15:00:00
15267,2435,10367,1273,1288,2026-06-22 15:00:00
15268,328,10367,1362,1347,2026-06-22 15:00:00
15269,49,10370,1570,1561,2026-06-22 16:00:00
15270,521,10370,1631,1641,2026-06-22 16:00:00
15271,304,10373,1514,1506,2026-06-22 17:00:00
15272,384,10373,1643,1650,2026-06-22 17:00:00
15273,1095,10374,1258,1244,2026-06-22 17:00:00
15274,1591,10374,1185,1200,2026-06-22 17:00:00
15275,805,10377,1747,1756,2026-06-22 17:00:00
15276,1204,10377,1650,1641,2026-06-22 17:00:00
15277,2091,10378,1806,1811,2026-06-22 17:00:00
15278,1621,10378,1546,1542,2026-06-22 17:00:00
15279,839,10379,1883,1886,2026-06-22 17:00:00
15280,1901,10379,1513,1511,2026-06-22 17:00:00
15281,807,10380,1262,1251,2026-06-22 18:00:00
15282,1490,10380,1291,1302,2026-06-22 18:00:00
15283,237,10381,1767,1770,2026-06-22 18:00:00
15284,2004,10381,1430,1427,2026-06-22 18:00:00
15285,1948,10382,1196,1210,2026-06-22 18:00:00
15286,811,10382,1248,1234,2026-06-22 18:00:00
15287,948,10383,1428,1422,2026-06-22 18:00:00
15288,382,10383,1610,1616,2026-06-22 18:00:00
15289,2137,10384,1428,1415,2026-06-22 18:00:00
15290,1455,10384,1396,1409,2026-06-22 18:00:00
15291,905,10385,1577,1583,2026-06-22 19:00:00
15292,1045,10385,1376,1370,2026-06-22 19:00:00
15293,2024,10387,1679,1665,2026-06-22 19:00:00
15294,1986,10387,1622,1636,2026-06-22 19:00:00
15295,2224,10388,1495,1504,2026-06-22 19:00:00
15296,2018,10388,1404,1395,2026-06-22 19:00:00
15297,428,10390,1608,1593,2026-06-22 19:00:00
15298,1338,10390,1539,1553,2026-06-22 19:00:00
15299,1424,10391,1410,1417,2026-06-22 19:00:00
15300,1636,10391,1270,1263,2026-06-22 19:00:00
15301,2106,10393,1328,1343,2026-06-22 19:00:00
15302,125,10393,1410,1395,2026-06-22 19:00:00
15303,2476,10394,1605,1596,2026-06-22 19:00:00
15304,1439,10394,1690,1699,2026-06-22 19:00:00
15305,2486,10396,1407,1396,2026-06-22 19:00:00
15306,2190,10396,1447,1457,2026-06-22 19:00:00
15307,245,10397,1052,1043,2026-06-22 19:00:00
15308,2110,10397,1124,1134,2026-06-22 19:00:00
15309,1122,10401,1528,1536,2026-06-22 19:00:00
15310,1493,10401,1418,1409,2026-06-22 19:00:00
15311,867,10402,1778,1786,2026-06-22 19:00:00
15312,2193,10402,1643,1636,2026-06-22 19:00:00
15313,1653,10403,1560,1572,2026-06-22 19:00:00
15314,1324,10403,1580,1567,2026-06-22 19:00:00
15315,2184,10404,1448,1458,2026-06-22 19:00:00
15316,2196,10404,1401,1391,2026-06-22 19:00:00
15317,2380,10405,1378,1363,2026-06-22 19:00:00
15318,1600,10405,1289,1304,2026-06-22 19:00:00
15319,579,10406,1448,1435,2026-06-22 19:00:00
15320,2484,10406,1433,1445,2026-06-22 19:00:00
15321,2406,10407,1694,1705,2026-06-22 20:00:00
15322,1408,10407,1656,1646,2026-06-22 20:00:00
15323,443,10409,1514,1506,2026-06-22 20:00:00
15324,619,10409,1633,1641,2026-06-22 20:00:00
15325,1669,10410,1480,1469,2026-06-22 20:00:00
15326,1929,10410,1525,1535,2026-06-22 20:00:00
15327,794,10411,1627,1634,2026-06-22 20:00:00
15328,2357,10411,1494,1486,2026-06-22 20:00:00
15329,650,10412,1619,1599,2026-06-22 20:00:00
15330,2106,10412,1343,1363,2026-06-22 20:00:00
15331,2138,10414,1228,1238,2026-06-22 20:00:00
15332,916,10414,1187,1176,2026-06-22 20:00:00
15333,558,10416,1121,1104,2026-06-22 20:00:00
15334,581,10416,997,1013,2026-06-22 20:00:00
15335,2483,10417,1306,1294,2026-06-22 20:00:00
15336,1807,10417,1305,1317,2026-06-22 20:00:00
15337,186,10418,1603,1594,2026-06-22 20:00:00
15338,956,10418,1705,1714,2026-06-22 20:00:00
15339,1525,10419,1435,1443,2026-06-22 20:00:00
15340,2131,10419,1340,1331,2026-06-22 20:00:00
15341,113,10420,1308,1300,2026-06-22 20:00:00
15342,872,10420,1422,1430,2026-06-22 20:00:00
15343,1431,10421,1541,1532,2026-06-22 20:00:00
15344,2417,10421,1647,1656,2026-06-22 20:00:00
15345,471,10422,1446,1462,2026-06-22 21:00:00
15346,722,10422,1541,1526,2026-06-22 21:00:00
15347,184,10423,1391,1378,2026-06-22 21:00:00
15348,751,10423,1356,1369,2026-06-22 21:00:00
15349,91,10424,1333,1321,2026-06-22 21:00:00
15350,182,10424,1338,1350,2026-06-22 21:00:00
15351,2497,10425,1610,1600,2026-06-22 21:00:00
15352,1754,10425,1655,1666,2026-06-22 21:00:00
15353,2115,10426,1588,1598,2026-06-22 21:00:00
15354,79,10426,1528,1518,2026-06-22 21:00:00
15355,1973,10427,1948,1957,2026-06-22 21:00:00
15356,2367,10427,1842,1833,2026-06-22 21:00:00
15357,2110,10428,1134,1128,2026-06-22 21:00:00
15358,1349,10428,1357,1362,2026-06-22 21:00:00
15359,590,10430,1553,1543,2026-06-22 21:00:00
15360,54,10430,1610,1620,2026-06-22 21:00:00
15361,2037,10432,1575,1567,2026-06-22 21:00:00
15362,691,10432,1688,1696,2026-06-22 21:00:00
15363,780,10433,1399,1408,2026-06-22 21:00:00
15364,173,10433,1315,1306,2026-06-22 21:00:00
15365,2271,10434,1529,1541,2026-06-22 21:00:00
15366,235,10434,1539,1527,2026-06-22 21:00:00
15367,1833,10435,1509,1500,2026-06-22 21:00:00
15368,13,10435,1617,1625,2026-06-22 21:00:00
15369,787,10436,1847,1833,2026-06-22 22:00:00
15370,816,10436,1805,1819,2026-06-22 22:00:00
15371,1138,10437,1400,1392,2026-06-22 22:00:00
15372,1419,10437,1534,1541,2026-06-22 22:00:00
15373,1098,10438,1311,1303,2026-06-22 22:00:00
15374,2317,10438,1435,1443,2026-06-22 22:00:00
15375,1968,10439,1687,1674,2026-06-22 22:00:00
15376,1581,10439,1670,1683,2026-06-22 22:00:00
15377,1821,10440,1687,1671,2026-06-22 22:00:00
15378,887,10440,1575,1591,2026-06-22 22:00:00
15379,2357,10441,1486,1495,2026-06-22 22:00:00
15380,1415,10441,1387,1379,2026-06-22 22:00:00
15381,1826,10443,1234,1226,2026-06-22 23:00:00
15382,815,10443,1359,1367,2026-06-22 23:00:00
15383,174,10444,1805,1813,2026-06-22 23:00:00
15384,1581,10444,1683,1675,2026-06-22 23:00:00
15385,873,10446,1746,1732,2026-06-22 23:00:00
15386,1512,10446,1686,1700,2026-06-22 23:00:00
15387,16,10447,1354,1371,2026-06-22 23:00:00
15388,1804,10447,1511,1494,2026-06-22 23:00:00
15389,396,10449,1361,1354,2026-06-23 00:00:00
15390,575,10449,1510,1518,2026-06-23 00:00:00
15391,396,10451,1354,1363,2026-06-23 01:00:00
15392,1836,10451,1251,1242,2026-06-23 01:00:00
15393,261,10452,1421,1432,2026-06-23 01:00:00
15394,480,10452,1378,1367,2026-06-23 01:00:00
15395,749,10454,1545,1536,2026-06-23 01:00:00
15396,1530,10454,1626,1635,2026-06-23 01:00:00
15397,1635,10455,1593,1579,2026-06-23 11:00:00
15398,424,10455,1544,1558,2026-06-23 11:00:00
15399,1688,10456,1514,1525,2026-06-23 11:00:00
15400,257,10456,1478,1468,2026-06-23 11:00:00
15401,160,10457,1944,1952,2026-06-23 11:00:00
15402,936,10457,1826,1818,2026-06-23 11:00:00
15403,1338,10460,1553,1569,2026-06-23 12:00:00
15404,1968,10460,1674,1658,2026-06-23 12:00:00
15405,321,10462,1460,1471,2026-06-23 12:00:00
15406,1838,10462,1434,1423,2026-06-23 12:00:00
15407,2367,10463,1833,1836,2026-06-23 13:00:00
15408,2498,10463,1514,1511,2026-06-23 13:00:00
15409,1813,10464,1722,1710,2026-06-23 14:00:00
15410,1646,10464,1723,1735,2026-06-23 14:00:00
15411,2087,10465,1642,1650,2026-06-23 14:00:00
15412,1688,10465,1525,1517,2026-06-23 14:00:00
15413,1033,10466,1252,1269,2026-06-23 14:00:00
15414,20,10466,1402,1385,2026-06-23 14:00:00
15415,1098,10467,1303,1311,2026-06-23 15:00:00
15416,1368,10467,1201,1192,2026-06-23 15:00:00
15417,550,10468,1859,1865,2026-06-23 15:00:00
15418,819,10468,1677,1671,2026-06-23 15:00:00
15419,2024,10469,1665,1672,2026-06-23 16:00:00
15420,862,10469,1519,1512,2026-06-23 16:00:00
15421,2261,10470,1327,1318,2026-06-23 16:00:00
15422,958,10470,1427,1436,2026-06-23 16:00:00
15423,2126,10473,1447,1437,2026-06-23 17:00:00
15424,119,10473,1492,1502,2026-06-23 17:00:00
15425,1721,10474,1648,1643,2026-06-23 17:00:00
15426,829,10474,1858,1864,2026-06-23 17:00:00
15427,255,10475,1396,1387,2026-06-23 17:00:00
15428,94,10475,1502,1510,2026-06-23 17:00:00
15429,2138,10477,1238,1254,2026-06-23 17:00:00
15430,56,10477,1363,1347,2026-06-23 17:00:00
15431,554,10478,1727,1733,2026-06-23 17:00:00
15432,1402,10478,1545,1538,2026-06-23 17:00:00
15433,1349,10480,1362,1375,2026-06-23 17:00:00
15434,2455,10480,1371,1358,2026-06-23 17:00:00
15435,1927,10481,1519,1535,2026-06-23 17:00:00
15436,1053,10481,1658,1642,2026-06-23 17:00:00
15437,873,10482,1732,1739,2026-06-23 17:00:00
15438,2270,10482,1599,1592,2026-06-23 17:00:00
15439,1614,10485,1410,1401,2026-06-23 17:00:00
15440,1825,10485,1514,1523,2026-06-23 17:00:00
15441,1613,10486,1546,1537,2026-06-23 17:00:00
15442,468,10486,1619,1628,2026-06-23 17:00:00
15443,2123,10487,1714,1719,2026-06-23 17:00:00
15444,978,10487,1488,1483,2026-06-23 17:00:00
15445,269,10488,1343,1356,2026-06-23 17:00:00
15446,1850,10488,1392,1378,2026-06-23 17:00:00
15447,227,10489,1669,1677,2026-06-23 18:00:00
15448,1592,10489,1535,1527,2026-06-23 18:00:00
15449,619,10490,1641,1650,2026-06-23 18:00:00
15450,2055,10490,1529,1521,2026-06-23 18:00:00
15451,1953,10491,1344,1333,2026-06-23 18:00:00
15452,1046,10491,1379,1390,2026-06-23 18:00:00
15453,1635,10492,1579,1562,2026-06-23 18:00:00
15454,2316,10492,1431,1448,2026-06-23 18:00:00
15455,2386,10493,936,924,2026-06-23 18:00:00
15456,1304,10493,960,971,2026-06-23 18:00:00
15457,2224,10495,1504,1493,2026-06-23 18:00:00
15458,2003,10495,1546,1557,2026-06-23 18:00:00
15459,399,10496,1591,1602,2026-06-23 18:00:00
15460,490,10496,1538,1528,2026-06-23 18:00:00
15461,2176,10497,1346,1331,2026-06-23 18:00:00
15462,1444,10497,1261,1276,2026-06-23 18:00:00
15463,2042,10498,1686,1694,2026-06-23 18:00:00
15464,1898,10498,1556,1548,2026-06-23 18:00:00
15465,235,10499,1527,1519,2026-06-23 18:00:00
15466,1119,10499,1674,1681,2026-06-23 18:00:00
15467,177,10500,1505,1512,2026-06-23 18:00:00
15468,1256,10500,1367,1359,2026-06-23 18:00:00
15469,2427,10501,1203,1196,2026-06-23 19:00:00
15470,2092,10501,1333,1340,2026-06-23 19:00:00
15471,1254,10502,1775,1784,2026-06-23 19:00:00
15472,819,10502,1671,1663,2026-06-23 19:00:00
15473,301,10503,1083,1074,2026-06-23 19:00:00
15474,1791,10503,1150,1160,2026-06-23 19:00:00
15475,131,10504,1085,1077,2026-06-23 19:00:00
15476,685,10504,1222,1230,2026-06-23 19:00:00
15477,737,10505,1401,1408,2026-06-23 19:00:00
15478,499,10505,1258,1250,2026-06-23 19:00:00
15479,1244,10506,1928,1936,2026-06-23 19:00:00
15480,297,10506,1805,1797,2026-06-23 19:00:00
15481,1335,10507,1659,1669,2026-06-23 19:00:00
15482,2098,10507,1610,1600,2026-06-23 19:00:00
15483,1384,10508,1373,1386,2026-06-23 19:00:00
15484,820,10508,1404,1391,2026-06-23 19:00:00
15485,1224,10509,1496,1486,2026-06-23 19:00:00
15486,55,10509,1552,1562,2026-06-23 19:00:00
15487,1933,10510,1634,1642,2026-06-23 19:00:00
15488,1912,10510,1506,1498,2026-06-23 19:00:00
15489,303,10511,1612,1623,2026-06-23 19:00:00
15490,2044,10511,1570,1560,2026-06-23 19:00:00
15491,340,10514,1387,1397,2026-06-23 19:00:00
15492,143,10514,1306,1297,2026-06-23 19:00:00
15493,1137,10515,1274,1267,2026-06-23 19:00:00
15494,1533,10515,1414,1421,2026-06-23 19:00:00
15495,1803,10519,1399,1391,2026-06-23 20:00:00
15496,2119,10519,1535,1542,2026-06-23 20:00:00
15497,2093,10520,1410,1419,2026-06-23 20:00:00
15498,1411,10520,1314,1305,2026-06-23 20:00:00
15499,1126,10521,1927,1931,2026-06-23 20:00:00
15500,2033,10521,1626,1623,2026-06-23 20:00:00
15501,2309,10522,1701,1707,2026-06-23 20:00:00
15502,1598,10522,1477,1472,2026-06-23 20:00:00
15503,41,10523,1278,1294,2026-06-23 20:00:00
15504,755,10523,1418,1401,2026-06-23 20:00:00
15505,1968,10524,1658,1667,2026-06-23 20:00:00
15506,1008,10524,1554,1546,2026-06-23 20:00:00
15507,999,10525,1484,1492,2026-06-23 20:00:00
15508,533,10525,1370,1362,2026-06-23 20:00:00
15509,1876,10526,1281,1276,2026-06-23 20:00:00
15510,999,10526,1492,1498,2026-06-23 20:00:00
15511,1769,10527,1280,1271,2026-06-23 20:00:00
15512,1689,10527,1384,1392,2026-06-23 20:00:00
15513,1374,10528,1189,1181,2026-06-23 21:00:00
15514,536,10528,1325,1333,2026-06-23 21:00:00
15515,1631,10530,1899,1909,2026-06-23 21:00:00
15516,1462,10530,1844,1834,2026-06-23 21:00:00
15517,2335,10532,1745,1753,2026-06-23 21:00:00
15518,794,10532,1634,1626,2026-06-23 21:00:00
15519,1132,10534,1886,1897,2026-06-23 21:00:00
15520,28,10534,1850,1839,2026-06-23 21:00:00
15521,510,10535,970,966,2026-06-23 21:00:00
15522,1611,10535,1271,1275,2026-06-23 21:00:00
15523,1372,10536,1567,1551,2026-06-23 21:00:00
15524,435,10536,1442,1458,2026-06-23 21:00:00
15525,2126,10537,1437,1446,2026-06-23 22:00:00
15526,480,10537,1367,1358,2026-06-23 22:00:00
15527,2065,10538,1219,1214,2026-06-23 22:00:00
15528,257,10538,1468,1472,2026-06-23 22:00:00
15529,1721,10540,1643,1651,2026-06-23 22:00:00
15530,718,10540,1513,1505,2026-06-23 22:00:00
15531,83,10541,1443,1433,2026-06-23 22:00:00
15532,2239,10541,1501,1511,2026-06-23 22:00:00
15533,909,10542,1346,1356,2026-06-23 22:00:00
15534,2435,10542,1288,1278,2026-06-23 22:00:00
15535,681,10543,1572,1557,2026-06-23 22:00:00
15536,1499,10543,1481,1496,2026-06-23 22:00:00
15537,1580,10544,2018,2030,2026-06-23 22:00:00
15538,1849,10544,2019,2007,2026-06-23 22:00:00
15539,1192,10546,1370,1356,2026-06-23 22:00:00
15540,1807,10546,1317,1331,2026-06-23 22:00:00
15541,1693,10547,1432,1444,2026-06-23 22:00:00
15542,2487,10547,1430,1418,2026-06-23 22:00:00
15543,997,10548,1427,1418,2026-06-23 22:00:00
15544,355,10548,1501,1511,2026-06-23 22:00:00
15545,1753,10549,1703,1713,2026-06-23 23:00:00
15546,555,10549,1634,1624,2026-06-23 23:00:00
15547,1808,10550,1607,1595,2026-06-23 23:00:00
15548,2447,10550,1592,1605,2026-06-23 23:00:00
15549,2225,10551,2307,2308,2026-06-23 23:00:00
15550,2308,10551,1720,1720,2026-06-23 23:00:00
15551,538,10553,1645,1630,2026-06-23 23:00:00
15552,432,10553,1541,1556,2026-06-23 23:00:00
15553,756,10554,1714,1716,2026-06-23 23:00:00
15554,2453,10554,1323,1321,2026-06-23 23:00:00
15555,1505,10555,1405,1393,2026-06-23 23:00:00
15556,68,10555,1391,1403,2026-06-23 23:00:00
15557,438,10557,1559,1554,2026-06-24 00:00:00
15558,1744,10557,1776,1781,2026-06-24 00:00:00
15559,1063,10558,1480,1488,2026-06-24 00:00:00
15560,1073,10558,1357,1349,2026-06-24 00:00:00
15561,2126,10559,1446,1454,2026-06-24 01:00:00
15562,646,10559,1328,1320,2026-06-24 01:00:00
15563,396,10561,1363,1377,2026-06-24 01:00:00
15564,276,10561,1436,1422,2026-06-24 01:00:00
15565,1358,10562,1121,1129,2026-06-24 01:00:00
15566,1036,10562,1000,992,2026-06-24 01:00:00
15567,1653,10563,1572,1584,2026-06-24 01:00:00
15568,2054,10563,1558,1546,2026-06-24 01:00:00
15569,1605,10564,1442,1451,2026-06-24 10:00:00
15570,1159,10564,1351,1342,2026-06-24 10:00:00
15571,1112,10565,1349,1362,2026-06-24 10:00:00
15572,1505,10565,1393,1379,2026-06-24 10:00:00
15573,2326,10566,1223,1232,2026-06-24 10:00:00
15574,429,10566,1119,1111,2026-06-24 10:00:00
15575,1310,10567,987,980,2026-06-24 10:00:00
15576,2121,10567,1154,1161,2026-06-24 10:00:00
15577,2358,10568,1153,1141,2026-06-24 11:00:00
15578,2348,10568,1151,1163,2026-06-24 11:00:00
15579,360,10571,1540,1528,2026-06-24 11:00:00
15580,1929,10571,1535,1547,2026-06-24 11:00:00
15581,229,10572,1595,1603,2026-06-24 12:00:00
15582,537,10572,1465,1457,2026-06-24 12:00:00
15583,2369,10573,1507,1516,2026-06-24 12:00:00
15584,2233,10573,1410,1402,2026-06-24 12:00:00
15585,156,10574,1163,1150,2026-06-24 12:00:00
15586,123,10574,1123,1137,2026-06-24 12:00:00
15587,722,10576,1526,1537,2026-06-24 13:00:00
15588,279,10576,1494,1483,2026-06-24 13:00:00
15589,1028,10577,1580,1591,2026-06-24 13:00:00
15590,1419,10577,1541,1531,2026-06-24 13:00:00
15591,901,10579,1611,1601,2026-06-24 13:00:00
15592,420,10579,1668,1678,2026-06-24 13:00:00
15593,499,10580,1250,1245,2026-06-24 13:00:00
15594,7,10580,1464,1469,2026-06-24 13:00:00
15595,260,10581,1593,1601,2026-06-24 13:00:00
15596,1669,10581,1469,1461,2026-06-24 13:00:00
15597,1057,10582,1517,1528,2026-06-24 13:00:00
15598,152,10582,1481,1470,2026-06-24 13:00:00
15599,590,10583,1543,1548,2026-06-24 13:00:00
15600,441,10583,1296,1292,2026-06-24 13:00:00
15601,1428,10585,1891,1897,2026-06-24 13:00:00
15602,2355,10585,1716,1710,2026-06-24 13:00:00
15603,2496,10588,2101,2108,2026-06-24 14:00:00
15604,2250,10588,1958,1950,2026-06-24 14:00:00
15605,1087,10590,1403,1399,2026-06-24 14:00:00
15606,379,10590,1647,1652,2026-06-24 14:00:00
15607,708,10591,1521,1535,2026-06-24 14:00:00
15608,85,10591,1573,1560,2026-06-24 14:00:00
15609,1949,10593,1137,1133,2026-06-24 15:00:00
15610,553,10593,1395,1400,2026-06-24 15:00:00
15611,1068,10595,2071,2076,2026-06-24 16:00:00
15612,2245,10595,1821,1816,2026-06-24 16:00:00
15613,2325,10596,1111,1103,2026-06-24 17:00:00
15614,772,10596,1231,1239,2026-06-24 17:00:00
15615,1292,10597,1250,1260,2026-06-24 17:00:00
15616,1591,10597,1200,1190,2026-06-24 17:00:00
15617,56,10598,1347,1362,2026-06-24 17:00:00
15618,1735,10598,1452,1436,2026-06-24 17:00:00
15619,1813,10599,1710,1723,2026-06-24 17:00:00
15620,2252,10599,1721,1709,2026-06-24 17:00:00
15621,454,10600,1461,1446,2026-06-24 17:00:00
15622,602,10600,1380,1395,2026-06-24 17:00:00
15623,2116,10601,1569,1552,2026-06-24 17:00:00
15624,2004,10601,1427,1444,2026-06-24 17:00:00
15625,145,10603,1385,1378,2026-06-24 17:00:00
15626,2369,10603,1516,1524,2026-06-24 17:00:00
15627,1717,10604,1446,1437,2026-06-24 17:00:00
15628,1402,10604,1538,1547,2026-06-24 17:00:00
15629,2091,10605,1811,1819,2026-06-24 17:00:00
15630,2183,10605,1697,1688,2026-06-24 17:00:00
15631,366,10608,1249,1258,2026-06-24 17:00:00
15632,1133,10608,1162,1153,2026-06-24 17:00:00
15633,492,10609,1652,1662,2026-06-24 17:00:00
15634,964,10609,1587,1577,2026-06-24 17:00:00
15635,1748,10610,1546,1557,2026-06-24 17:00:00
15636,1660,10610,1524,1513,2026-06-24 17:00:00
15637,619,10611,1650,1639,2026-06-24 18:00:00
15638,1921,10611,1685,1696,2026-06-24 18:00:00
15639,1269,10612,1472,1482,2026-06-24 18:00:00
15640,760,10612,1422,1412,2026-06-24 18:00:00
15641,1007,10613,1221,1228,2026-06-24 18:00:00
15642,301,10613,1074,1066,2026-06-24 18:00:00
15643,1821,10614,1671,1662,2026-06-24 18:00:00
15644,196,10614,1743,1752,2026-06-24 18:00:00
15645,520,10615,2065,2073,2026-06-24 18:00:00
15646,2211,10615,1948,1940,2026-06-24 18:00:00
15647,2482,10616,1650,1657,2026-06-24 19:00:00
15648,443,10616,1506,1498,2026-06-24 19:00:00
15649,1588,10617,1727,1711,2026-06-24 19:00:00
15650,198,10617,1596,1613,2026-06-24 19:00:00
15651,981,10619,1284,1292,2026-06-24 19:00:00
15652,1868,10619,1171,1163,2026-06-24 19:00:00
15653,957,10620,1641,1625,2026-06-24 19:00:00
15654,1015,10620,1545,1560,2026-06-24 19:00:00
15655,676,10621,1833,1843,2026-06-24 19:00:00
15656,682,10621,1775,1765,2026-06-24 19:00:00
15657,1394,10622,1729,1732,2026-06-24 19:00:00
15658,737,10622,1408,1405,2026-06-24 19:00:00
15659,28,10624,1839,1825,2026-06-24 19:00:00
15660,1290,10624,1781,1795,2026-06-24 19:00:00
15661,860,10625,1438,1431,2026-06-24 19:00:00
15662,1221,10625,1583,1590,2026-06-24 19:00:00
15663,867,10626,1786,1793,2026-06-24 19:00:00
15664,902,10626,1640,1633,2026-06-24 19:00:00
15665,1724,10627,1724,1733,2026-06-24 19:00:00
15666,137,10627,1626,1617,2026-06-24 19:00:00
15667,2315,10628,1663,1674,2026-06-24 20:00:00
15668,1986,10628,1636,1625,2026-06-24 20:00:00
15669,1370,10629,1679,1689,2026-06-24 20:00:00
15670,102,10629,1606,1596,2026-06-24 20:00:00
15671,1998,10630,1510,1519,2026-06-24 20:00:00
15672,451,10630,1425,1416,2026-06-24 20:00:00
15673,1113,10631,1273,1264,2026-06-24 20:00:00
15674,239,10631,1340,1350,2026-06-24 20:00:00
15675,1218,10632,1177,1172,2026-06-24 20:00:00
15676,992,10632,1389,1394,2026-06-24 20:00:00
15677,894,10633,1411,1403,2026-06-24 20:00:00
15678,2116,10633,1552,1560,2026-06-24 20:00:00
15679,1115,10634,1591,1600,2026-06-24 20:00:00
15680,1109,10634,1505,1496,2026-06-24 20:00:00
15681,820,10635,1391,1385,2026-06-24 20:00:00
15682,977,10635,1566,1573,2026-06-24 20:00:00
15683,860,10638,1431,1418,2026-06-24 20:00:00
15684,1614,10638,1401,1414,2026-06-24 20:00:00
15685,1030,10639,1706,1718,2026-06-24 20:00:00
15686,1274,10639,1701,1689,2026-06-24 20:00:00
15687,214,10640,1194,1189,2026-06-24 20:00:00
15688,762,10640,1437,1442,2026-06-24 20:00:00
15689,91,10642,1321,1307,2026-06-24 21:00:00
15690,1292,10642,1260,1274,2026-06-24 21:00:00
15691,446,10644,1509,1513,2026-06-24 21:00:00
15692,694,10644,1252,1248,2026-06-24 21:00:00
15693,833,10645,1622,1631,2026-06-24 21:00:00
15694,1747,10645,1552,1542,2026-06-24 21:00:00
15695,1795,10647,1498,1492,2026-06-24 21:00:00
15696,420,10647,1678,1684,2026-06-24 21:00:00
15697,1113,10648,1264,1251,2026-06-24 21:00:00
15698,811,10648,1234,1247,2026-06-24 21:00:00
15699,2005,10650,1872,1879,2026-06-24 21:00:00
15700,752,10650,1725,1718,2026-06-24 21:00:00
15701,1547,10652,1328,1321,2026-06-24 21:00:00
15702,2190,10652,1457,1465,2026-06-24 21:00:00
15703,2270,10653,1592,1605,2026-06-24 21:00:00
15704,1602,10653,1640,1626,2026-06-24 21:00:00
15705,376,10654,1483,1475,2026-06-24 21:00:00
15706,2258,10654,1610,1618,2026-06-24 21:00:00
15707,1633,10655,1310,1317,2026-06-24 21:00:00
15708,200,10655,1145,1138,2026-06-24 21:00:00
15709,1994,10656,1404,1414,2026-06-24 21:00:00
15710,2179,10656,1324,1315,2026-06-24 21:00:00
15711,792,10658,1482,1469,2026-06-24 21:00:00
15712,1484,10658,1440,1453,2026-06-24 21:00:00
15713,2431,10659,1254,1243,2026-06-24 21:00:00
15714,1305,10659,1298,1308,2026-06-24 21:00:00
15715,367,10660,1394,1385,2026-06-24 21:00:00
15716,672,10660,1476,1486,2026-06-24 21:00:00
15717,1249,10661,1390,1377,2026-06-24 21:00:00
15718,1256,10661,1359,1372,2026-06-24 21:00:00
15719,1635,10662,1562,1572,2026-06-24 22:00:00
15720,2436,10662,1485,1475,2026-06-24 22:00:00
15721,1369,10663,1318,1309,2026-06-24 22:00:00
15722,1179,10663,1402,1411,2026-06-24 22:00:00
15723,428,10664,1593,1606,2026-06-24 22:00:00
15724,650,10664,1599,1587,2026-06-24 22:00:00
15725,92,10668,1480,1489,2026-06-24 22:00:00
15726,1689,10668,1392,1383,2026-06-24 22:00:00
15727,2147,10670,1459,1466,2026-06-24 23:00:00
15728,646,10670,1320,1312,2026-06-24 23:00:00
15729,689,10672,1117,1128,2026-06-24 23:00:00
15730,39,10672,1089,1078,2026-06-24 23:00:00
15731,2267,10674,1542,1526,2026-06-24 23:00:00
15732,1386,10674,1441,1457,2026-06-24 23:00:00
15733,2471,10675,1677,1687,2026-06-25 00:00:00
15734,1619,10675,1625,1615,2026-06-25 00:00:00
15735,2485,10676,1535,1543,2026-06-25 00:00:00
15736,332,10676,1436,1427,2026-06-25 00:00:00
15737,529,10679,1603,1613,2026-06-25 01:00:00
15738,397,10679,1559,1549,2026-06-25 01:00:00
15739,1254,10680,1784,1797,2026-06-25 10:00:00
15740,1354,10680,1807,1794,2026-06-25 10:00:00
15741,2390,10682,1519,1534,2026-06-25 10:00:00
15742,821,10682,1602,1587,2026-06-25 10:00:00
15743,2189,10683,1787,1776,2026-06-25 10:00:00
15744,1886,10683,1800,1811,2026-06-25 10:00:00
15745,977,10684,1573,1581,2026-06-25 11:00:00
15746,639,10684,1453,1445,2026-06-25 11:00:00
15747,492,10685,1662,1671,2026-06-25 11:00:00
15748,2287,10685,1576,1567,2026-06-25 11:00:00
15749,1113,10686,1251,1249,2026-06-25 12:00:00
15750,1522,10686,1677,1679,2026-06-25 12:00:00
15751,412,10687,1486,1494,2026-06-25 13:00:00
15752,1045,10687,1370,1362,2026-06-25 13:00:00
15753,861,10688,1257,1269,2026-06-25 13:00:00
15754,1636,10688,1263,1250,2026-06-25 13:00:00
15755,1872,10690,1770,1760,2026-06-25 13:00:00
15756,2215,10690,1830,1840,2026-06-25 13:00:00
15757,762,10691,1442,1428,2026-06-25 13:00:00
15758,2328,10691,1395,1409,2026-06-25 13:00:00
15759,643,10692,1465,1473,2026-06-25 14:00:00
15760,144,10692,1358,1350,2026-06-25 14:00:00
15761,2138,10693,1254,1266,2026-06-25 14:00:00
15762,1864,10693,1232,1220,2026-06-25 14:00:00
15763,1739,10694,1572,1587,2026-06-25 15:00:00
15764,1540,10694,1660,1645,2026-06-25 15:00:00
15765,2362,10695,1604,1593,2026-06-25 15:00:00
15766,1053,10695,1642,1652,2026-06-25 15:00:00
15767,285,10697,1616,1623,2026-06-25 16:00:00
15768,2292,10697,1475,1468,2026-06-25 16:00:00
15769,1673,10698,1493,1487,2026-06-25 16:00:00
15770,1522,10698,1679,1685,2026-06-25 16:00:00
15771,2003,10699,1557,1549,2026-06-25 16:00:00
15772,1370,10699,1689,1696,2026-06-25 16:00:00
15773,1593,10702,1536,1543,2026-06-25 17:00:00
15774,1046,10702,1390,1383,2026-06-25 17:00:00
15775,1635,10703,1572,1582,2026-06-25 17:00:00
15776,1977,10703,1525,1514,2026-06-25 17:00:00
15777,760,10704,1412,1419,2026-06-25 17:00:00
15778,1292,10704,1274,1267,2026-06-25 17:00:00
15779,1673,10705,1487,1476,2026-06-25 17:00:00
15780,170,10705,1519,1530,2026-06-25 17:00:00
15781,2018,10707,1395,1382,2026-06-25 17:00:00
15782,1262,10707,1373,1386,2026-06-25 17:00:00
15783,1739,10708,1587,1601,2026-06-25 17:00:00
15784,1414,10708,1639,1625,2026-06-25 17:00:00
15785,1053,10710,1652,1636,2026-06-25 17:00:00
15786,1057,10710,1528,1544,2026-06-25 17:00:00
15787,1996,10711,1206,1197,2026-06-25 17:00:00
15788,1782,10711,1304,1313,2026-06-25 17:00:00
15789,2388,10712,1839,1824,2026-06-25 17:00:00
15790,2277,10712,1745,1760,2026-06-25 17:00:00
15791,2092,10713,1340,1333,2026-06-25 18:00:00
15792,1269,10713,1482,1490,2026-06-25 18:00:00
15793,75,10714,1754,1759,2026-06-25 18:00:00
15794,1775,10714,1544,1538,2026-06-25 18:00:00
15795,1044,10715,1408,1395,2026-06-25 18:00:00
15796,2473,10715,1403,1415,2026-06-25 18:00:00
15797,1130,10717,1435,1424,2026-06-25 18:00:00
15798,457,10717,1477,1488,2026-06-25 18:00:00
15799,2242,10718,1330,1341,2026-06-25 18:00:00
15800,1615,10718,1301,1290,2026-06-25 18:00:00
15801,2227,10719,1864,1867,2026-06-25 19:00:00
15802,446,10719,1513,1510,2026-06-25 19:00:00
15803,1506,10720,1804,1812,2026-06-25 19:00:00
15804,2406,10720,1705,1696,2026-06-25 19:00:00
15805,2342,10721,1501,1493,2026-06-25 19:00:00
15806,538,10721,1630,1638,2026-06-25 19:00:00
15807,610,10722,2092,2099,2026-06-25 19:00:00
15808,2250,10722,1950,1943,2026-06-25 19:00:00
15809,301,10723,1066,1057,2026-06-25 19:00:00
15810,123,10723,1137,1146,2026-06-25 19:00:00
15811,278,10726,1487,1478,2026-06-25 19:00:00
15812,1338,10726,1569,1578,2026-06-25 19:00:00
15813,1581,10727,1675,1665,2026-06-25 19:00:00
15814,493,10727,1742,1752,2026-06-25 19:00:00
15815,725,10728,1183,1174,2026-06-25 19:00:00
15816,732,10728,1271,1280,2026-06-25 19:00:00
15817,142,10730,1646,1655,2026-06-25 19:00:00
15818,974,10730,1540,1531,2026-06-25 19:00:00
15819,2176,10731,1331,1324,2026-06-25 19:00:00
15820,376,10731,1475,1483,2026-06-25 19:00:00
15821,1030,10733,1718,1725,2026-06-25 19:00:00
15822,1336,10733,1577,1569,2026-06-25 19:00:00
15823,84,10734,1425,1414,2026-06-25 19:00:00
15824,1418,10734,1434,1446,2026-06-25 19:00:00
15825,269,10735,1356,1346,2026-06-25 19:00:00
15826,2359,10735,1412,1422,2026-06-25 19:00:00
15827,2227,10736,1867,1872,2026-06-25 20:00:00
15828,1986,10736,1625,1620,2026-06-25 20:00:00
15829,424,10737,1558,1546,2026-06-25 20:00:00
15830,1417,10737,1549,1561,2026-06-25 20:00:00
15831,1291,10739,1444,1431,2026-06-25 20:00:00
15832,2337,10739,1408,1421,2026-06-25 20:00:00
15833,2067,10740,1401,1390,2026-06-25 20:00:00
15834,2384,10740,1438,1448,2026-06-25 20:00:00
15835,340,10742,1397,1407,2026-06-25 20:00:00
15836,1252,10742,1333,1323,2026-06-25 20:00:00
15837,1979,10743,1009,1000,2026-06-25 20:00:00
15838,1751,10743,1112,1121,2026-06-25 20:00:00
15839,2102,10744,1136,1129,2026-06-25 20:00:00
15840,147,10744,1283,1290,2026-06-25 20:00:00
15841,981,10745,1292,1309,2026-06-25 21:00:00
15842,1928,10745,1442,1425,2026-06-25 21:00:00
15843,102,10746,1596,1589,2026-06-25 21:00:00
15844,1681,10746,1725,1733,2026-06-25 21:00:00
15845,1961,10747,1637,1648,2026-06-25 21:00:00
15846,957,10747,1625,1614,2026-06-25 21:00:00
15847,981,10748,1309,1319,2026-06-25 21:00:00
15848,1287,10748,1251,1241,2026-06-25 21:00:00
15849,41,10749,1294,1286,2026-06-25 21:00:00
15850,1237,10749,1404,1413,2026-06-25 21:00:00
15851,1528,10750,1724,1714,2026-06-25 21:00:00
15852,237,10750,1770,1780,2026-06-25 21:00:00
15853,824,10751,1431,1450,2026-06-25 21:00:00
15854,19,10751,1690,1670,2026-06-25 21:00:00
15855,1313,10752,1095,1085,2026-06-25 21:00:00
15856,1210,10752,1136,1146,2026-06-25 21:00:00
15857,1313,10753,1085,1077,2026-06-25 21:00:00
15858,1845,10753,1209,1217,2026-06-25 21:00:00
15859,2208,10754,1557,1553,2026-06-25 21:00:00
15860,28,10754,1825,1829,2026-06-25 21:00:00
15861,28,10755,1829,1840,2026-06-25 21:00:00
15862,1005,10755,1776,1766,2026-06-25 21:00:00
15863,1133,10756,1153,1145,2026-06-25 21:00:00
15864,34,10756,1265,1274,2026-06-25 21:00:00
15865,242,10757,1328,1321,2026-06-25 21:00:00
15866,2027,10757,1476,1483,2026-06-25 21:00:00
15867,883,10758,1350,1337,2026-06-25 22:00:00
15868,779,10758,1338,1351,2026-06-25 22:00:00
15869,276,10759,1422,1414,2026-06-25 22:00:00
15870,1593,10759,1543,1551,2026-06-25 22:00:00
15871,1046,10760,1383,1373,2026-06-25 22:00:00
15872,1219,10760,1451,1460,2026-06-25 22:00:00
15873,816,10762,1819,1822,2026-06-25 22:00:00
15874,2292,10762,1468,1465,2026-06-25 22:00:00
15875,2261,10763,1318,1306,2026-06-25 22:00:00
15876,1178,10763,1308,1320,2026-06-25 22:00:00
15877,587,10764,1845,1854,2026-06-25 22:00:00
15878,1646,10764,1735,1727,2026-06-25 22:00:00
15879,2311,10765,1571,1578,2026-06-25 22:00:00
15880,1928,10765,1425,1418,2026-06-25 22:00:00
15881,1010,10768,1619,1628,2026-06-25 22:00:00
15882,65,10768,1545,1536,2026-06-25 22:00:00
15883,1324,10769,1567,1581,2026-06-25 22:00:00
15884,1327,10769,1617,1604,2026-06-25 22:00:00
15885,753,10771,1330,1342,2026-06-25 23:00:00
15886,2195,10771,1327,1315,2026-06-25 23:00:00
15887,12,10772,1500,1489,2026-06-25 23:00:00
15888,903,10772,1533,1544,2026-06-25 23:00:00
15889,391,10773,1613,1621,2026-06-25 23:00:00
15890,978,10773,1483,1475,2026-06-25 23:00:00
15891,2320,10774,1498,1490,2026-06-25 23:00:00
15892,1812,10774,1604,1612,2026-06-25 23:00:00
15893,1022,10775,1517,1528,2026-06-26 00:00:00
15894,2147,10775,1466,1456,2026-06-26 00:00:00
15895,2228,10776,1254,1240,2026-06-26 01:00:00
15896,1368,10776,1192,1207,2026-06-26 01:00:00
15897,2024,10777,1672,1683,2026-06-26 01:00:00
15898,619,10777,1639,1628,2026-06-26 01:00:00
15899,2088,10778,1399,1406,2026-06-26 01:00:00
15900,1105,10778,1259,1252,2026-06-26 01:00:00
15901,1264,10779,1245,1241,2026-06-26 01:00:00
15902,1067,10779,1544,1547,2026-06-26 01:00:00
15903,627,10780,1716,1707,2026-06-26 01:00:00
15904,923,10780,1815,1824,2026-06-26 01:00:00
15905,480,10781,1358,1368,2026-06-26 09:00:00
15906,1946,10781,1317,1307,2026-06-26 09:00:00
15907,1965,10782,1851,1841,2026-06-26 09:00:00
15908,1870,10782,1899,1909,2026-06-26 09:00:00
15909,1411,10783,1305,1318,2026-06-26 10:00:00
15910,2195,10783,1315,1302,2026-06-26 10:00:00
15911,1370,10784,1696,1708,2026-06-26 10:00:00
15912,1485,10784,1683,1671,2026-06-26 10:00:00
15913,1829,10785,1428,1418,2026-06-26 11:00:00
15914,1145,10785,1493,1503,2026-06-26 11:00:00
15915,716,10786,1751,1758,2026-06-26 11:00:00
15916,864,10786,1603,1596,2026-06-26 11:00:00
15917,2370,10787,1505,1492,2026-06-26 11:00:00
15918,378,10787,1462,1475,2026-06-26 11:00:00
15919,1775,10789,1538,1536,2026-06-26 12:00:00
15920,1502,10789,1902,1905,2026-06-26 12:00:00
15921,894,10790,1403,1412,2026-06-26 12:00:00
15922,2430,10790,1310,1302,2026-06-26 12:00:00
15923,1444,10791,1276,1265,2026-06-26 12:00:00
15924,1547,10791,1321,1331,2026-06-26 12:00:00
15925,1167,10792,1377,1369,2026-06-26 12:00:00
15926,457,10792,1488,1496,2026-06-26 12:00:00
15927,1964,10793,1320,1329,2026-06-26 12:00:00
15928,2216,10793,1239,1230,2026-06-26 12:00:00
15929,1257,10795,1521,1529,2026-06-26 12:00:00
15930,1460,10795,1396,1388,2026-06-26 12:00:00
15931,1362,10796,1428,1438,2026-06-26 12:00:00
15932,1329,10796,1377,1367,2026-06-26 12:00:00
15933,753,10797,1342,1335,2026-06-26 13:00:00
15934,2397,10797,1484,1491,2026-06-26 13:00:00
15935,2299,10798,1319,1317,2026-06-26 13:00:00
15936,2024,10798,1683,1686,2026-06-26 13:00:00
15937,2462,10799,1504,1517,2026-06-26 13:00:00
15938,360,10799,1528,1515,2026-06-26 13:00:00
15939,1192,10800,1356,1370,2026-06-26 13:00:00
15940,181,10800,1409,1396,2026-06-26 13:00:00
15941,246,10801,1667,1678,2026-06-26 13:00:00
15942,1181,10801,1659,1647,2026-06-26 13:00:00
15943,1867,10802,966,958,2026-06-26 14:00:00
15944,209,10802,1100,1107,2026-06-26 14:00:00
15945,517,10803,1373,1365,2026-06-26 14:00:00
15946,450,10803,1517,1524,2026-06-26 14:00:00
15947,619,10804,1628,1616,2026-06-26 14:00:00
15948,1171,10804,1626,1638,2026-06-26 14:00:00
15949,1415,10806,1379,1371,2026-06-26 14:00:00
15950,1388,10806,1505,1513,2026-06-26 14:00:00
15951,102,10807,1589,1581,2026-06-26 14:00:00
15952,2432,10807,1714,1722,2026-06-26 14:00:00
15953,957,10808,1614,1604,2026-06-26 14:00:00
15954,1522,10808,1685,1694,2026-06-26 14:00:00
15955,183,10809,1731,1740,2026-06-26 14:00:00
15956,1540,10809,1645,1636,2026-06-26 14:00:00
15957,1147,10811,1612,1600,2026-06-26 14:00:00
15958,53,10811,1589,1602,2026-06-26 14:00:00
15959,119,10812,1502,1489,2026-06-26 15:00:00
15960,1219,10812,1460,1474,2026-06-26 15:00:00
15961,450,10813,1524,1516,2026-06-26 15:00:00
15962,33,10813,1642,1650,2026-06-26 15:00:00
15963,1388,10816,1513,1502,2026-06-26 15:00:00
15964,348,10816,1528,1539,2026-06-26 15:00:00
15965,1853,10817,1394,1383,2026-06-26 15:00:00
15966,1491,10817,1416,1427,2026-06-26 15:00:00
15967,87,10818,1199,1191,2026-06-26 15:00:00
15968,2453,10818,1321,1329,2026-06-26 15:00:00
15969,698,10819,1562,1568,2026-06-26 15:00:00
15970,2285,10819,1356,1350,2026-06-26 15:00:00
15971,980,10821,1358,1372,2026-06-26 16:00:00
15972,1682,10821,1414,1400,2026-06-26 16:00:00
15973,119,10822,1489,1477,2026-06-26 16:00:00
15974,2397,10822,1491,1503,2026-06-26 16:00:00
15975,639,10824,1445,1456,2026-06-26 16:00:00
15976,577,10824,1429,1418,2026-06-26 16:00:00
15977,1933,10825,1642,1652,2026-06-26 16:00:00
15978,1761,10825,1578,1568,2026-06-26 16:00:00
15979,2148,10826,1178,1193,2026-06-26 16:00:00
15980,478,10826,1263,1248,2026-06-26 16:00:00
15981,67,10827,1324,1311,2026-06-26 16:00:00
15982,1305,10827,1308,1321,2026-06-26 16:00:00
15983,424,10830,1546,1557,2026-06-26 17:00:00
15984,1620,10830,1512,1501,2026-06-26 17:00:00
15985,227,10831,1677,1687,2026-06-26 17:00:00
15986,1535,10831,1616,1606,2026-06-26 17:00:00
15987,2005,10836,1879,1887,2026-06-26 17:00:00
15988,194,10836,1747,1739,2026-06-26 17:00:00
15989,1982,10838,1514,1519,2026-06-26 17:00:00
15990,154,10838,1266,1262,2026-06-26 17:00:00
15991,1911,10842,1722,1708,2026-06-26 17:00:00
15992,662,10842,1655,1669,2026-06-26 17:00:00
15993,1329,10843,1367,1358,2026-06-26 17:00:00
15994,1556,10843,1470,1478,2026-06-26 17:00:00
15995,2027,10844,1483,1499,2026-06-26 17:00:00
15996,2478,10844,1597,1581,2026-06-26 17:00:00
15997,1145,10845,1503,1519,2026-06-26 18:00:00
15998,529,10845,1613,1597,2026-06-26 18:00:00
15999,1946,10846,1307,1299,2026-06-26 18:00:00
16000,2316,10846,1448,1455,2026-06-26 18:00:00
16001,819,10847,1663,1654,2026-06-26 18:00:00
16002,1789,10847,1781,1789,2026-06-26 18:00:00
16003,1082,10849,1829,1818,2026-06-26 18:00:00
16004,518,10849,1871,1881,2026-06-26 18:00:00
16005,1903,10851,1224,1231,2026-06-26 18:00:00
16006,2305,10851,1079,1072,2026-06-26 18:00:00
16007,1919,10852,1569,1581,2026-06-26 18:00:00
16008,2003,10852,1549,1538,2026-06-26 18:00:00
16009,1807,10854,1331,1337,2026-06-26 18:00:00
16010,81,10854,1163,1156,2026-06-26 18:00:00
16011,206,10855,1438,1448,2026-06-26 18:00:00
16012,728,10855,1370,1360,2026-06-26 18:00:00
16013,1372,10856,1551,1536,2026-06-26 18:00:00
16014,435,10856,1458,1473,2026-06-26 18:00:00
16015,648,10857,1378,1387,2026-06-26 19:00:00
16016,1946,10857,1299,1290,2026-06-26 19:00:00
16017,2342,10858,1493,1485,2026-06-26 19:00:00
16018,529,10858,1597,1606,2026-06-26 19:00:00
16019,2299,10859,1317,1308,2026-06-26 19:00:00
16020,768,10859,1412,1421,2026-06-26 19:00:00
16021,1808,10860,1595,1584,2026-06-26 19:00:00
16022,285,10860,1623,1634,2026-06-26 19:00:00
16023,91,10861,1307,1293,2026-06-26 19:00:00
16024,1644,10861,1245,1259,2026-06-26 19:00:00
16025,1338,10863,1578,1584,2026-06-26 19:00:00
16026,1108,10863,1366,1361,2026-06-26 19:00:00
16027,170,10864,1530,1517,2026-06-26 19:00:00
16028,1388,10864,1502,1515,2026-06-26 19:00:00
16029,1646,10866,1727,1743,2026-06-26 19:00:00
16030,587,10866,1854,1837,2026-06-26 19:00:00
16031,2106,10867,1363,1377,2026-06-26 19:00:00
16032,451,10867,1416,1402,2026-06-26 19:00:00
16033,428,10868,1606,1594,2026-06-26 19:00:00
16034,1414,10868,1625,1637,2026-06-26 19:00:00
16035,1551,10869,1872,1861,2026-06-26 19:00:00
16036,527,10869,1913,1923,2026-06-26 19:00:00
16037,196,10870,1752,1743,2026-06-26 19:00:00
16038,587,10870,1837,1846,2026-06-26 19:00:00
16039,94,10871,1510,1501,2026-06-26 19:00:00
16040,1213,10871,1584,1593,2026-06-26 19:00:00
16041,1795,10872,1492,1501,2026-06-26 19:00:00
16042,135,10872,1424,1414,2026-06-26 19:00:00
16043,339,10873,1413,1403,2026-06-26 19:00:00
16044,2229,10873,1478,1488,2026-06-26 19:00:00
16045,122,10875,1331,1328,2026-06-26 19:00:00
16046,1918,10875,1615,1619,2026-06-26 19:00:00
16047,1115,10876,1600,1592,2026-06-26 19:00:00
16048,756,10876,1716,1724,2026-06-26 19:00:00
16049,1433,10877,1532,1541,2026-06-26 19:00:00
16050,2384,10877,1448,1439,2026-06-26 19:00:00
16051,1650,10878,1403,1414,2026-06-26 19:00:00
16052,1004,10878,1378,1367,2026-06-26 19:00:00
16053,1613,10879,1537,1545,2026-06-26 19:00:00
16054,380,10879,1415,1407,2026-06-26 19:00:00
16055,1525,10881,1443,1436,2026-06-26 19:00:00
16056,172,10881,1587,1594,2026-06-26 19:00:00
16057,565,10882,1321,1318,2026-06-26 19:00:00
16058,2417,10882,1656,1659,2026-06-26 19:00:00
16059,2086,10883,1389,1403,2026-06-26 19:00:00
16060,1960,10883,1437,1424,2026-06-26 19:00:00
16061,1456,10886,1582,1591,2026-06-26 20:00:00
16062,2397,10886,1503,1493,2026-06-26 20:00:00
16063,234,10887,1714,1722,2026-06-26 20:00:00
16064,887,10887,1591,1583,2026-06-26 20:00:00
16065,837,10890,1436,1447,2026-06-26 20:00:00
16066,1185,10890,1402,1391,2026-06-26 20:00:00
16067,1394,10891,1732,1722,2026-06-26 20:00:00
16068,1958,10891,1778,1789,2026-06-26 20:00:00
16069,339,10892,1403,1394,2026-06-26 20:00:00
16070,999,10892,1498,1507,2026-06-26 20:00:00
16071,1323,10893,1771,1763,2026-06-26 20:00:00
16072,2036,10893,1883,1891,2026-06-26 20:00:00
16073,2232,10894,1605,1614,2026-06-26 20:00:00
16074,1026,10894,1528,1519,2026-06-26 20:00:00
16075,65,10895,1536,1548,2026-06-26 20:00:00
16076,1613,10895,1545,1533,2026-06-26 20:00:00
16077,295,10896,1534,1541,2026-06-26 20:00:00
16078,367,10896,1385,1377,2026-06-26 20:00:00
16079,680,10897,1116,1110,2026-06-26 20:00:00
16080,1823,10897,1308,1314,2026-06-26 20:00:00
16081,2348,10899,1163,1173,2026-06-26 21:00:00
16082,231,10899,1124,1114,2026-06-26 21:00:00
16083,1753,10900,1713,1700,2026-06-26 21:00:00
16084,227,10900,1687,1700,2026-06-26 21:00:00
16085,434,10901,1660,1644,2026-06-26 21:00:00
16086,2119,10901,1542,1558,2026-06-26 21:00:00
16087,1673,10903,1476,1483,2026-06-26 21:00:00
16088,767,10903,1307,1300,2026-06-26 21:00:00
16089,17,10904,1735,1720,2026-06-26 21:00:00
16090,2087,10904,1650,1665,2026-06-26 21:00:00
16091,2272,10908,1727,1739,2026-06-26 21:00:00
16092,752,10908,1718,1706,2026-06-26 21:00:00
16093,778,10909,1446,1440,2026-06-26 21:00:00
16094,1053,10909,1636,1642,2026-06-26 21:00:00
16095,55,10910,1562,1570,2026-06-26 21:00:00
16096,2175,10910,1438,1430,2026-06-26 21:00:00
16097,1125,10911,1737,1726,2026-06-26 21:00:00
16098,1930,10911,1761,1772,2026-06-26 21:00:00
16099,821,10912,1587,1579,2026-06-26 21:00:00
16100,134,10912,1689,1698,2026-06-26 21:00:00
16101,830,10915,1615,1624,2026-06-26 21:00:00
16102,1617,10915,1506,1498,2026-06-26 21:00:00
16103,340,10917,1407,1415,2026-06-26 21:00:00
16104,641,10917,1310,1301,2026-06-26 21:00:00
16105,1137,10918,1267,1253,2026-06-26 21:00:00
16106,1854,10918,1220,1234,2026-06-26 21:00:00
16107,443,10919,1498,1491,2026-06-26 22:00:00
16108,1171,10919,1638,1645,2026-06-26 22:00:00
16109,1361,10920,1462,1454,2026-06-26 22:00:00
16110,409,10920,1576,1584,2026-06-26 22:00:00
16111,1365,10922,1817,1830,2026-06-26 22:00:00
16112,630,10922,1854,1841,2026-06-26 22:00:00
16113,955,10923,1365,1378,2026-06-26 22:00:00
16114,1046,10923,1373,1361,2026-06-26 22:00:00
16115,1424,10924,1417,1428,2026-06-26 22:00:00
16116,1262,10924,1386,1375,2026-06-26 22:00:00
16117,1201,10925,1709,1713,2026-06-26 22:00:00
16118,135,10925,1414,1410,2026-06-26 22:00:00
16119,499,10926,1245,1257,2026-06-26 22:00:00
16120,1113,10926,1249,1237,2026-06-26 22:00:00
16121,901,10927,1601,1612,2026-06-26 22:00:00
16122,49,10927,1561,1550,2026-06-26 22:00:00
16123,2253,10928,1332,1324,2026-06-26 22:00:00
16124,966,10928,1472,1480,2026-06-26 22:00:00
16125,2239,10930,1511,1520,2026-06-26 22:00:00
16126,2337,10930,1421,1412,2026-06-26 22:00:00
16127,334,10931,1493,1502,2026-06-26 22:00:00
16128,1994,10931,1414,1404,2026-06-26 22:00:00
16129,771,10932,1554,1565,2026-06-26 22:00:00
16130,1898,10932,1548,1536,2026-06-26 22:00:00
16131,2242,10933,1341,1337,2026-06-26 22:00:00
16132,6,10933,1616,1620,2026-06-26 22:00:00
16133,2267,10934,1526,1522,2026-06-26 22:00:00
16134,2288,10934,1799,1803,2026-06-26 22:00:00
16135,2255,10935,1565,1576,2026-06-26 22:00:00
16136,1090,10935,1551,1539,2026-06-26 22:00:00
16137,1946,10937,1290,1281,2026-06-26 23:00:00
16138,955,10937,1378,1387,2026-06-26 23:00:00
16139,2142,10938,1734,1724,2026-06-26 23:00:00
16140,2389,10938,1776,1786,2026-06-26 23:00:00
16141,772,10941,1239,1235,2026-06-26 23:00:00
16142,862,10941,1512,1516,2026-06-26 23:00:00
16143,676,10942,1843,1828,2026-06-26 23:00:00
16144,493,10942,1752,1767,2026-06-26 23:00:00
16145,1631,10943,1909,1895,2026-06-26 23:00:00
16146,587,10943,1846,1861,2026-06-26 23:00:00
16147,1961,10944,1648,1656,2026-06-26 23:00:00
16148,360,10944,1515,1507,2026-06-26 23:00:00
16149,2327,10945,1553,1544,2026-06-26 23:00:00
16150,2281,10945,1661,1669,2026-06-26 23:00:00
16151,2462,10946,1517,1527,2026-06-26 23:00:00
16152,1598,10946,1472,1462,2026-06-26 23:00:00
16153,1609,10947,1289,1280,2026-06-26 23:00:00
16154,1505,10947,1379,1388,2026-06-26 23:00:00
16155,1109,10949,1496,1486,2026-06-26 23:00:00
16156,849,10949,1546,1556,2026-06-26 23:00:00
16157,1788,10952,1722,1734,2026-06-26 23:00:00
16158,1030,10952,1725,1713,2026-06-26 23:00:00
16159,2121,10955,1161,1151,2026-06-27 00:00:00
16160,1264,10955,1241,1251,2026-06-27 00:00:00
16161,915,10956,1321,1313,2026-06-27 00:00:00
16162,870,10956,1439,1447,2026-06-27 00:00:00
16163,2316,10957,1455,1464,2026-06-27 01:00:00
16164,517,10957,1365,1356,2026-06-27 01:00:00
16165,2299,10958,1308,1316,2026-06-27 01:00:00
16166,1374,10958,1181,1174,2026-06-27 01:00:00
16167,2056,10959,1056,1046,2026-06-27 01:00:00
16168,209,10959,1107,1117,2026-06-27 01:00:00
16169,1154,10960,1438,1446,2026-06-27 01:00:00
16170,536,10960,1333,1324,2026-06-27 01:00:00
16171,595,10963,1461,1451,2026-06-27 01:00:00
16172,585,10963,1526,1536,2026-06-27 01:00:00
16173,332,10964,1427,1437,2026-06-27 01:00:00
16174,476,10964,1367,1357,2026-06-27 01:00:00
16175,1524,10966,1327,1311,2026-06-27 09:00:00
16176,1826,10966,1226,1241,2026-06-27 09:00:00
16177,907,10967,1559,1567,2026-06-27 09:00:00
16178,1683,10967,1450,1442,2026-06-27 09:00:00
16179,1759,10970,1431,1443,2026-06-27 10:00:00
16180,268,10970,1429,1417,2026-06-27 10:00:00
16181,955,10972,1387,1382,2026-06-27 11:00:00
16182,1308,10972,1618,1623,2026-06-27 11:00:00
16183,1938,10973,1524,1534,2026-06-27 11:00:00
16184,2332,10973,1489,1478,2026-06-27 11:00:00
16185,87,10974,1191,1205,2026-06-27 11:00:00
16186,1444,10974,1265,1251,2026-06-27 11:00:00
16187,258,10975,1461,1469,2026-06-27 11:00:00
16188,1962,10975,1333,1325,2026-06-27 11:00:00
16189,404,10976,1784,1792,2026-06-27 11:00:00
16190,354,10976,1656,1648,2026-06-27 11:00:00
16191,1732,10977,1576,1591,2026-06-27 11:00:00
16192,2154,10977,1657,1642,2026-06-27 11:00:00
16193,551,10978,1639,1650,2026-06-27 11:00:00
16194,2193,10978,1636,1624,2026-06-27 11:00:00
16195,1488,10979,1163,1174,2026-06-27 12:00:00
16196,1353,10979,1117,1107,2026-06-27 12:00:00
16197,2379,10980,1887,1872,2026-06-27 12:00:00
16198,1238,10980,1819,1833,2026-06-27 12:00:00
16199,2391,10981,1562,1575,2026-06-27 12:00:00
16200,1364,10981,1585,1572,2026-06-27 12:00:00
16201,1788,10982,1734,1744,2026-06-27 12:00:00
16202,858,10982,1676,1666,2026-06-27 12:00:00
16203,1047,10983,1586,1571,2026-06-27 13:00:00
16204,2463,10983,1498,1513,2026-06-27 13:00:00
16205,1171,10984,1645,1638,2026-06-27 13:00:00
16206,116,10984,1799,1806,2026-06-27 13:00:00
16207,239,10985,1350,1342,2026-06-27 13:00:00
16208,465,10985,1476,1484,2026-06-27 13:00:00
16209,15,10987,1117,1132,2026-06-27 13:00:00
16210,1531,10987,1225,1209,2026-06-27 13:00:00
16211,1714,10988,1812,1802,2026-06-27 13:00:00
16212,1273,10988,1878,1888,2026-06-27 13:00:00
16213,2055,10989,1521,1529,2026-06-27 14:00:00
16214,768,10989,1421,1412,2026-06-27 14:00:00
16215,2358,10990,1141,1132,2026-06-27 14:00:00
16216,1095,10990,1244,1252,2026-06-27 14:00:00
16217,633,10991,1540,1530,2026-06-27 14:00:00
16218,63,10991,1600,1610,2026-06-27 14:00:00
16219,861,10993,1269,1264,2026-06-27 14:00:00
16220,2062,10993,1476,1482,2026-06-27 14:00:00
16221,548,10995,1657,1647,2026-06-27 14:00:00
16222,2309,10995,1707,1717,2026-06-27 14:00:00
16223,938,10996,1389,1397,2026-06-27 14:00:00
16224,2435,10996,1278,1270,2026-06-27 14:00:00
16225,71,10998,1404,1395,2026-06-27 14:00:00
16226,1311,10998,1493,1502,2026-06-27 14:00:00
16227,1825,10999,1523,1506,2026-06-27 14:00:00
16228,253,10999,1397,1413,2026-06-27 14:00:00
16229,1282,11000,1635,1644,2026-06-27 14:00:00
16230,114,11000,1524,1516,2026-06-27 14:00:00
16231,369,11001,1927,1935,2026-06-27 14:00:00
16232,1714,11001,1802,1794,2026-06-27 14:00:00
16233,1856,11002,1533,1549,2026-06-27 14:00:00
16234,574,11002,1635,1619,2026-06-27 14:00:00
16235,304,11003,1506,1498,2026-06-27 15:00:00
16236,619,11003,1616,1624,2026-06-27 15:00:00
16237,744,11005,1831,1819,2026-06-27 15:00:00
16238,2367,11005,1836,1848,2026-06-27 15:00:00
16239,1884,11006,1428,1422,2026-06-27 15:00:00
16240,1918,11006,1619,1625,2026-06-27 15:00:00
16241,1071,11007,1568,1560,2026-06-27 15:00:00
16242,236,11007,1683,1692,2026-06-27 15:00:00
16243,778,11008,1440,1433,2026-06-27 15:00:00
16244,2258,11008,1618,1625,2026-06-27 15:00:00
16245,784,11010,1362,1378,2026-06-27 15:00:00
16246,1552,11010,1485,1469,2026-06-27 15:00:00
16247,2370,11011,1492,1500,2026-06-27 15:00:00
16248,1862,11011,1389,1380,2026-06-27 15:00:00
16249,157,11012,1446,1456,2026-06-27 15:00:00
16250,707,11012,1401,1390,2026-06-27 15:00:00
16251,765,11013,1969,1955,2026-06-27 16:00:00
16252,1163,11013,1891,1906,2026-06-27 16:00:00
16253,1622,11015,1396,1380,2026-06-27 16:00:00
16254,499,11015,1257,1274,2026-06-27 16:00:00
16255,469,11016,1612,1596,2026-06-27 16:00:00
16256,2229,11016,1488,1504,2026-06-27 16:00:00
16257,1476,11017,1564,1574,2026-06-27 16:00:00
16258,2318,11017,1524,1513,2026-06-27 16:00:00
16259,1384,11019,1386,1372,2026-06-27 16:00:00
16260,1758,11019,1321,1335,2026-06-27 16:00:00
16261,756,11020,1724,1727,2026-06-27 16:00:00
16262,2455,11020,1358,1356,2026-06-27 16:00:00
16263,1935,11021,1193,1183,2026-06-27 16:00:00
16264,366,11021,1258,1268,2026-06-27 16:00:00
16265,2266,11022,1414,1428,2026-06-27 16:00:00
16266,1041,11022,1474,1460,2026-06-27 16:00:00
16267,2410,11023,1406,1396,2026-06-27 16:00:00
16268,321,11023,1471,1481,2026-06-27 16:00:00
16269,1373,11024,1200,1209,2026-06-27 16:00:00
16270,680,11024,1110,1101,2026-06-27 16:00:00
16271,1219,11025,1474,1464,2026-06-27 17:00:00
16272,1419,11025,1531,1541,2026-06-27 17:00:00
16273,2348,11027,1173,1166,2026-06-27 17:00:00
16274,1490,11027,1302,1309,2026-06-27 17:00:00
16275,1581,11030,1665,1675,2026-06-27 17:00:00
16276,176,11030,1597,1587,2026-06-27 17:00:00
16277,2369,11031,1524,1534,2026-06-27 17:00:00
16278,2062,11031,1482,1471,2026-06-27 17:00:00
16279,1171,11037,1638,1625,2026-06-27 18:00:00
16280,1844,11037,1596,1610,2026-06-27 18:00:00
16281,2406,11038,1696,1705,2026-06-27 18:00:00
16282,2497,11038,1600,1591,2026-06-27 18:00:00
16283,229,11039,1603,1619,2026-06-27 18:00:00
16284,189,11039,1718,1702,2026-06-27 18:00:00
16285,2433,11040,1100,1090,2026-06-27 18:00:00
16286,1488,11040,1174,1183,2026-06-27 18:00:00
16287,1424,11041,1428,1441,2026-06-27 18:00:00
16288,837,11041,1447,1434,2026-06-27 18:00:00
16289,1623,11042,1257,1250,2026-06-27 18:00:00
16290,1179,11042,1411,1418,2026-06-27 18:00:00
16291,1828,11044,1197,1195,2026-06-27 18:00:00
16292,2258,11044,1625,1626,2026-06-27 18:00:00
16293,1557,11045,1666,1669,2026-06-27 18:00:00
16294,1226,11045,1344,1341,2026-06-27 18:00:00
16295,1131,11046,1681,1665,2026-06-27 18:00:00
16296,74,11046,1570,1586,2026-06-27 18:00:00
16297,1702,11047,1453,1466,2026-06-27 18:00:00
16298,442,11047,1480,1467,2026-06-27 18:00:00
16299,1061,11049,1207,1220,2026-06-27 18:00:00
16300,100,11049,1232,1219,2026-06-27 18:00:00
16301,2427,11050,1196,1209,2026-06-27 19:00:00
16302,772,11050,1235,1222,2026-06-27 19:00:00
16303,1965,11052,1841,1848,2026-06-27 19:00:00
16304,1753,11052,1700,1693,2026-06-27 19:00:00
16305,537,11053,1457,1465,2026-06-27 19:00:00
16306,1524,11053,1311,1304,2026-06-27 19:00:00
16307,952,11054,1292,1283,2026-06-27 19:00:00
16308,955,11054,1382,1391,2026-06-27 19:00:00
16309,1822,11055,1258,1268,2026-06-27 19:00:00
16310,1368,11055,1207,1196,2026-06-27 19:00:00
16311,2397,11056,1493,1481,2026-06-27 19:00:00
16312,2292,11056,1465,1478,2026-06-27 19:00:00
16313,1572,11058,1369,1380,2026-06-27 19:00:00
16314,896,11058,1349,1337,2026-06-27 19:00:00
16315,650,11059,1587,1593,2026-06-27 19:00:00
16316,135,11059,1410,1404,2026-06-27 19:00:00
16317,2329,11060,1461,1471,2026-06-27 19:00:00
16318,992,11060,1394,1385,2026-06-27 19:00:00
16319,393,11062,1690,1703,2026-06-27 19:00:00
16320,1394,11062,1722,1709,2026-06-27 19:00:00
16321,1528,11063,1714,1707,2026-06-27 19:00:00
16322,518,11063,1881,1888,2026-06-27 19:00:00
16323,1159,11066,1342,1355,2026-06-27 19:00:00
16324,1853,11066,1383,1370,2026-06-27 19:00:00
16325,122,11068,1328,1319,2026-06-27 19:00:00
16326,405,11068,1421,1430,2026-06-27 19:00:00
16327,921,11069,1215,1208,2026-06-27 19:00:00
16328,2164,11069,1351,1358,2026-06-27 19:00:00
16329,2129,11070,964,956,2026-06-27 19:00:00
16330,498,11070,1090,1098,2026-06-27 19:00:00
16331,1962,11071,1325,1314,2026-06-27 19:00:00
16332,1226,11071,1341,1353,2026-06-27 19:00:00
16333,2009,11073,1507,1500,2026-06-27 19:00:00
16334,379,11073,1652,1659,2026-06-27 19:00:00
16335,1552,11074,1469,1484,2026-06-27 19:00:00
16336,65,11074,1548,1533,2026-06-27 19:00:00
16337,12,11075,1489,1501,2026-06-27 19:00:00
16338,2205,11075,1498,1486,2026-06-27 19:00:00
16339,919,11077,1170,1183,2026-06-27 19:00:00
16340,214,11077,1189,1176,2026-06-27 19:00:00
16341,1856,11078,1549,1540,2026-06-27 19:00:00
16342,2080,11078,1632,1641,2026-06-27 19:00:00
16343,2477,11080,1083,1081,2026-06-27 20:00:00
16344,1977,11080,1514,1516,2026-06-27 20:00:00
16345,575,11081,1518,1528,2026-06-27 20:00:00
16346,2436,11081,1475,1465,2026-06-27 20:00:00
16347,1735,11082,1436,1424,2026-06-27 20:00:00
16348,2004,11082,1444,1456,2026-06-27 20:00:00
16349,255,11083,1387,1403,2026-06-27 20:00:00
16350,2224,11083,1493,1478,2026-06-27 20:00:00
16351,360,11084,1507,1496,2026-06-27 20:00:00
16352,2467,11084,1522,1533,2026-06-27 20:00:00
16353,300,11086,1691,1683,2026-06-27 20:00:00
16354,802,11086,1810,1818,2026-06-27 20:00:00
16355,1589,11087,1503,1507,2026-06-27 20:00:00
16356,2065,11087,1214,1210,2026-06-27 20:00:00
16357,2233,11088,1402,1392,2026-06-27 20:00:00
16358,257,11088,1472,1482,2026-06-27 20:00:00
16359,2318,11089,1513,1502,2026-06-27 20:00:00
16360,431,11089,1534,1546,2026-06-27 20:00:00
16361,1400,11090,1571,1579,2026-06-27 20:00:00
16362,544,11090,1467,1459,2026-06-27 20:00:00
16363,1433,11093,1541,1548,2026-06-27 20:00:00
16364,2486,11093,1396,1389,2026-06-27 20:00:00
16365,1329,11094,1358,1366,2026-06-27 20:00:00
16366,1575,11094,1249,1241,2026-06-27 20:00:00
16367,2284,11095,1528,1541,2026-06-27 20:00:00
16368,282,11095,1576,1563,2026-06-27 20:00:00
16369,296,11096,1399,1409,2026-06-27 20:00:00
16370,202,11096,1343,1333,2026-06-27 20:00:00
16371,1588,11097,1711,1723,2026-06-27 21:00:00
16372,2345,11097,1718,1705,2026-06-27 21:00:00
16373,119,11098,1477,1484,2026-06-27 21:00:00
16374,182,11098,1350,1342,2026-06-27 21:00:00
16375,401,11099,1632,1637,2026-06-27 21:00:00
16376,1803,11099,1391,1387,2026-06-27 21:00:00
16377,2126,11100,1454,1450,2026-06-27 21:00:00
16378,2470,11100,1696,1701,2026-06-27 21:00:00
16379,1961,11101,1656,1663,2026-06-27 21:00:00
16380,2340,11101,1518,1510,2026-06-27 21:00:00
16381,300,11103,1683,1671,2026-06-27 21:00:00
16382,2281,11103,1669,1681,2026-06-27 21:00:00
16383,1262,11104,1375,1383,2026-06-27 21:00:00
16384,1636,11104,1250,1243,2026-06-27 21:00:00
16385,796,11105,1220,1210,2026-06-27 21:00:00
16386,2262,11105,1290,1300,2026-06-27 21:00:00
16387,160,11106,1952,1961,2026-06-27 21:00:00
16388,2310,11106,1870,1861,2026-06-27 21:00:00
16389,1289,11107,1442,1434,2026-06-27 21:00:00
16390,1664,11107,1567,1575,2026-06-27 21:00:00
16391,334,11108,1502,1487,2026-06-27 21:00:00
16392,1196,11108,1387,1403,2026-06-27 21:00:00
16393,1657,11109,1301,1286,2026-06-27 21:00:00
16394,1208,11109,1203,1218,2026-06-27 21:00:00
16395,1715,11111,1853,1858,2026-06-27 21:00:00
16396,103,11111,1603,1598,2026-06-27 21:00:00
16397,1434,11112,1607,1614,2026-06-27 21:00:00
16398,165,11112,1473,1465,2026-06-27 21:00:00
16399,858,11113,1666,1676,2026-06-27 21:00:00
16400,1656,11113,1596,1586,2026-06-27 21:00:00
16401,76,11114,1763,1771,2026-06-27 21:00:00
16402,1282,11114,1644,1635,2026-06-27 21:00:00
16403,1249,11115,1377,1389,2026-06-27 21:00:00
16404,1814,11115,1367,1355,2026-06-27 21:00:00
16405,1089,11116,1738,1746,2026-06-27 21:00:00
16406,574,11116,1619,1611,2026-06-27 21:00:00
16407,455,11117,1219,1229,2026-06-27 21:00:00
16408,214,11117,1176,1166,2026-06-27 21:00:00
16409,2147,11118,1456,1470,2026-06-27 22:00:00
16410,450,11118,1516,1502,2026-06-27 22:00:00
16411,1890,11119,1518,1506,2026-06-27 22:00:00
16412,500,11119,1521,1533,2026-06-27 22:00:00
16413,184,11120,1378,1370,2026-06-27 22:00:00
16414,450,11120,1502,1510,2026-06-27 22:00:00
16415,1397,11121,1514,1522,2026-06-27 22:00:00
16416,1803,11121,1387,1379,2026-06-27 22:00:00
16417,184,11122,1370,1359,2026-06-27 22:00:00
16418,1829,11122,1418,1428,2026-06-27 22:00:00
16419,2090,11124,1807,1815,2026-06-27 22:00:00
16420,1921,11124,1696,1687,2026-06-27 22:00:00
16421,779,11125,1351,1359,2026-06-27 22:00:00
16422,1826,11125,1241,1233,2026-06-27 22:00:00
16423,1462,11126,1834,1842,2026-06-27 22:00:00
16424,2169,11126,1709,1701,2026-06-27 22:00:00
16425,1495,11127,1424,1415,2026-06-27 22:00:00
16426,1589,11127,1507,1516,2026-06-27 22:00:00
16427,2387,11129,1429,1419,2026-06-27 22:00:00
16428,2357,11129,1495,1505,2026-06-27 22:00:00
16429,131,11130,1077,1070,2026-06-27 22:00:00
16430,193,11130,1225,1232,2026-06-27 22:00:00
16431,1664,11131,1575,1583,2026-06-27 22:00:00
16432,1541,11131,1456,1448,2026-06-27 22:00:00
16433,1202,11133,1645,1655,2026-06-27 22:00:00
16434,1757,11133,1573,1564,2026-06-27 22:00:00
16435,335,11134,1642,1650,2026-06-27 22:00:00
16436,65,11134,1533,1525,2026-06-27 22:00:00
16437,16,11135,1371,1377,2026-06-27 22:00:00
16438,1834,11135,1184,1178,2026-06-27 22:00:00
16439,1983,11136,1332,1321,2026-06-27 22:00:00
16440,476,11136,1357,1369,2026-06-27 22:00:00
16441,369,11137,1935,1941,2026-06-27 22:00:00
16442,1286,11137,1743,1737,2026-06-27 22:00:00
16443,1062,11138,1494,1484,2026-06-27 23:00:00
16444,414,11138,1568,1577,2026-06-27 23:00:00
16445,2292,11140,1478,1490,2026-06-27 23:00:00
16446,537,11140,1465,1453,2026-06-27 23:00:00
16447,1756,11141,1751,1766,2026-06-27 23:00:00
16448,2090,11141,1815,1801,2026-06-27 23:00:00
16449,311,11142,1154,1146,2026-06-27 23:00:00
16450,560,11142,1277,1285,2026-06-27 23:00:00
16451,1987,11143,1137,1129,2026-06-27 23:00:00
16452,1164,11143,1244,1252,2026-06-27 23:00:00
16453,720,11144,1494,1507,2026-06-27 23:00:00
16454,1775,11144,1536,1522,2026-06-27 23:00:00
16455,1502,11145,1905,1912,2026-06-27 23:00:00
16456,682,11145,1765,1758,2026-06-27 23:00:00
16457,368,11147,1841,1831,2026-06-27 23:00:00
16458,1132,11147,1897,1907,2026-06-27 23:00:00
16459,1057,11148,1544,1561,2026-06-27 23:00:00
16460,2058,11148,1683,1666,2026-06-27 23:00:00
16461,1557,11149,1669,1674,2026-06-27 23:00:00
16462,2487,11149,1418,1413,2026-06-27 23:00:00
16463,1091,11150,1262,1250,2026-06-27 23:00:00
16464,154,11150,1262,1274,2026-06-27 23:00:00
16465,1184,11151,1213,1209,2026-06-27 23:00:00
16466,534,11151,1477,1482,2026-06-27 23:00:00
16467,867,11152,1793,1804,2026-06-27 23:00:00
16468,1917,11152,1758,1747,2026-06-27 23:00:00
16469,1720,11153,1632,1640,2026-06-27 23:00:00
16470,576,11153,1508,1500,2026-06-27 23:00:00
16471,1254,11155,1797,1791,2026-06-28 00:00:00
16472,1471,11155,2014,2019,2026-06-28 00:00:00
16473,517,11156,1356,1368,2026-06-28 00:00:00
16474,182,11156,1342,1330,2026-06-28 00:00:00
16475,1047,11158,1571,1559,2026-06-28 01:00:00
16476,1786,11158,1572,1584,2026-06-28 01:00:00
16477,387,11160,1415,1407,2026-06-28 01:00:00
16478,1026,11160,1519,1527,2026-06-28 01:00:00
16479,2245,11162,1816,1823,2026-06-28 01:00:00
16480,492,11162,1671,1664,2026-06-28 01:00:00
16481,1310,11163,980,971,2026-06-28 01:00:00
16482,1494,11163,1066,1075,2026-06-28 01:00:00
16483,1770,11164,1439,1448,2026-06-28 01:00:00
16484,1073,11164,1349,1340,2026-06-28 01:00:00
16485,1394,11165,1709,1719,2026-06-28 09:00:00
16486,1961,11165,1663,1653,2026-06-28 09:00:00
16487,1836,11166,1242,1234,2026-06-28 10:00:00
16488,517,11166,1368,1376,2026-06-28 10:00:00
16489,2222,11167,1174,1164,2026-06-28 10:00:00
16490,1287,11167,1241,1251,2026-06-28 10:00:00
16491,2142,11170,1724,1731,2026-06-28 11:00:00
16492,409,11170,1584,1577,2026-06-28 11:00:00
16493,2377,11171,1611,1624,2026-06-28 11:00:00
16494,1815,11171,1641,1628,2026-06-28 11:00:00
16495,740,11172,1200,1192,2026-06-28 11:00:00
16496,566,11172,1320,1328,2026-06-28 11:00:00
16497,340,11176,1415,1431,2026-06-28 11:00:00
16498,588,11176,1519,1503,2026-06-28 11:00:00
16499,1022,11177,1528,1541,2026-06-28 12:00:00
16500,414,11177,1577,1564,2026-06-28 12:00:00
16501,229,11178,1619,1615,2026-06-28 12:00:00
16502,109,11178,1930,1933,2026-06-28 12:00:00
16503,1303,11180,1428,1438,2026-06-28 12:00:00
16504,879,11180,1367,1357,2026-06-28 12:00:00
16505,1129,11181,1494,1508,2026-06-28 13:00:00
16506,1419,11181,1541,1527,2026-06-28 13:00:00
16507,1773,11182,1648,1660,2026-06-28 13:00:00
16508,664,11182,1658,1645,2026-06-28 13:00:00
16509,2126,11183,1450,1440,2026-06-28 13:00:00
16510,500,11183,1533,1542,2026-06-28 13:00:00
16511,1762,11185,1417,1427,2026-06-28 13:00:00
16512,1046,11185,1361,1351,2026-06-28 13:00:00
16513,610,11186,2099,2106,2026-06-28 13:00:00
16514,1566,11186,1954,1947,2026-06-28 13:00:00
16515,2070,11187,1687,1676,2026-06-28 13:00:00
16516,1394,11187,1719,1730,2026-06-28 13:00:00
16517,676,11188,1828,1830,2026-06-28 13:00:00
16518,632,11188,1446,1444,2026-06-28 13:00:00
16519,1640,11192,1478,1467,2026-06-28 13:00:00
16520,355,11192,1511,1522,2026-06-28 13:00:00
16521,608,11193,1363,1371,2026-06-28 14:00:00
16522,1164,11193,1252,1244,2026-06-28 14:00:00
16523,1548,11194,1385,1397,2026-06-28 14:00:00
16524,1185,11194,1391,1379,2026-06-28 14:00:00
16525,41,11195,1286,1278,2026-06-28 14:00:00
16526,2233,11195,1392,1401,2026-06-28 14:00:00
16527,327,11196,1070,1058,2026-06-28 14:00:00
16528,928,11196,1087,1098,2026-06-28 14:00:00
16529,1313,11197,1077,1069,2026-06-28 14:00:00
16530,511,11197,1193,1201,2026-06-28 14:00:00
16531,2067,11198,1390,1406,2026-06-28 14:00:00
16532,1448,11198,1517,1501,2026-06-28 14:00:00
16533,1727,11199,1654,1662,2026-06-28 14:00:00
16534,127,11199,1551,1542,2026-06-28 14:00:00
16535,54,11201,1620,1629,2026-06-28 14:00:00
16536,2157,11201,1526,1517,2026-06-28 14:00:00
16537,1423,11202,1364,1360,2026-06-28 14:00:00
16538,467,11202,1642,1646,2026-06-28 14:00:00
16539,147,11203,1290,1283,2026-06-28 14:00:00
16540,762,11203,1428,1436,2026-06-28 14:00:00
16541,1379,11204,1648,1661,2026-06-28 15:00:00
16542,2024,11204,1686,1673,2026-06-28 15:00:00
16543,2315,11205,1674,1687,2026-06-28 15:00:00
16544,1663,11205,1702,1689,2026-06-28 15:00:00
16545,2180,11206,1802,1809,2026-06-28 15:00:00
16546,1754,11206,1666,1658,2026-06-28 15:00:00
16547,651,11207,1857,1862,2026-06-28 15:00:00
16548,794,11207,1626,1621,2026-06-28 15:00:00
16549,1981,11209,1726,1741,2026-06-28 15:00:00
16550,211,11209,1827,1812,2026-06-28 15:00:00
16551,175,11210,1208,1200,2026-06-28 15:00:00
16552,1480,11210,1347,1355,2026-06-28 15:00:00
16553,1306,11211,1313,1299,2026-06-28 15:00:00
16554,2256,11211,1277,1290,2026-06-28 15:00:00
16555,1252,11212,1323,1332,2026-06-28 15:00:00
16556,2426,11212,1231,1222,2026-06-28 15:00:00
16557,396,11213,1377,1370,2026-06-28 16:00:00
16558,1022,11213,1541,1548,2026-06-28 16:00:00
16559,1836,11214,1234,1229,2026-06-28 16:00:00
16560,471,11214,1462,1467,2026-06-28 16:00:00
16561,2147,11215,1470,1456,2026-06-28 16:00:00
16562,760,11215,1419,1433,2026-06-28 16:00:00
16563,1836,11216,1229,1222,2026-06-28 16:00:00
16564,184,11216,1359,1367,2026-06-28 16:00:00
16565,829,11217,1864,1872,2026-06-28 16:00:00
16566,869,11217,1769,1760,2026-06-28 16:00:00
16567,981,11218,1319,1309,2026-06-28 16:00:00
16568,1572,11218,1380,1390,2026-06-28 16:00:00
16569,1589,11219,1516,1508,2026-06-28 16:00:00
16570,464,11219,1634,1642,2026-06-28 16:00:00
16571,798,11221,1540,1533,2026-06-28 16:00:00
16572,240,11221,1691,1698,2026-06-28 16:00:00
16573,1952,11222,1415,1413,2026-06-28 16:00:00
16574,1708,11222,1804,1806,2026-06-28 16:00:00
16575,1323,11224,1763,1765,2026-06-28 16:00:00
16576,1505,11224,1388,1386,2026-06-28 16:00:00
16577,2171,11226,1557,1548,2026-06-28 16:00:00
16578,662,11226,1669,1677,2026-06-28 16:00:00
16579,1431,11227,1532,1542,2026-06-28 16:00:00
16580,2050,11227,1445,1436,2026-06-28 16:00:00
16581,1619,11229,1615,1604,2026-06-28 17:00:00
16582,819,11229,1654,1665,2026-06-28 17:00:00
16583,396,11230,1370,1369,2026-06-28 17:00:00
16584,1506,11230,1812,1814,2026-06-28 17:00:00
16585,1394,11231,1730,1739,2026-06-28 17:00:00
16586,2234,11231,1654,1645,2026-06-28 17:00:00
16587,992,11233,1385,1369,2026-06-28 17:00:00
16588,861,11233,1264,1280,2026-06-28 17:00:00
16589,1636,11234,1243,1252,2026-06-28 17:00:00
16590,1791,11234,1160,1151,2026-06-28 17:00:00
16591,1777,11237,1129,1121,2026-06-28 17:00:00
16592,495,11237,1256,1264,2026-06-28 17:00:00
16593,1538,11239,1431,1439,2026-06-28 17:00:00
16594,1573,11239,1321,1312,2026-06-28 17:00:00
16595,1053,11240,1642,1653,2026-06-28 17:00:00
16596,700,11240,1608,1597,2026-06-28 17:00:00
16597,1130,11241,1424,1414,2026-06-28 17:00:00
16598,1553,11241,1463,1474,2026-06-28 17:00:00
16599,1255,11242,1713,1696,2026-06-28 17:00:00
16600,1148,11242,1559,1576,2026-06-28 17:00:00
16601,1137,11243,1253,1245,2026-06-28 17:00:00
16602,1463,11243,1360,1368,2026-06-28 17:00:00
16603,2207,11245,1817,1824,2026-06-28 18:00:00
16604,1408,11245,1646,1639,2026-06-28 18:00:00
16605,1269,11247,1490,1506,2026-06-28 18:00:00
16606,285,11247,1634,1618,2026-06-28 18:00:00
16607,227,11248,1700,1707,2026-06-28 18:00:00
16608,828,11248,1561,1554,2026-06-28 18:00:00
16609,1731,11249,1548,1542,2026-06-28 18:00:00
16610,17,11249,1720,1726,2026-06-28 18:00:00
16611,1502,11251,1912,1916,2026-06-28 18:00:00
16612,215,11251,1636,1632,2026-06-28 18:00:00
16613,1262,11252,1383,1371,2026-06-28 18:00:00
16614,608,11252,1371,1383,2026-06-28 18:00:00
16615,1244,11253,1936,1943,2026-06-28 18:00:00
16616,297,11253,1797,1790,2026-06-28 18:00:00
16617,1115,11254,1592,1603,2026-06-28 18:00:00
16618,1364,11254,1572,1561,2026-06-28 18:00:00
16619,2266,11255,1428,1439,2026-06-28 18:00:00
16620,1806,11255,1408,1396,2026-06-28 18:00:00
16621,2050,11256,1436,1427,2026-06-28 18:00:00
16622,1372,11256,1536,1544,2026-06-28 18:00:00
16623,1419,11257,1527,1534,2026-06-28 19:00:00
16624,1803,11257,1379,1372,2026-06-28 19:00:00
16625,1488,11258,1183,1173,2026-06-28 19:00:00
16626,1270,11258,1247,1257,2026-06-28 19:00:00
16627,767,11259,1300,1291,2026-06-28 19:00:00
16628,1548,11259,1397,1406,2026-06-28 19:00:00
16629,1367,11260,1793,1775,2026-06-28 19:00:00
16630,1213,11260,1593,1611,2026-06-28 19:00:00
16631,1760,11261,1580,1587,2026-06-28 19:00:00
16632,1424,11261,1441,1433,2026-06-28 19:00:00
16633,676,11262,1830,1838,2026-06-28 19:00:00
16634,2252,11262,1709,1701,2026-06-28 19:00:00
16635,2186,11263,1705,1695,2026-06-28 19:00:00
16636,80,11263,1776,1786,2026-06-28 19:00:00
16637,1313,11264,1069,1060,2026-06-28 19:00:00
16638,725,11264,1174,1182,2026-06-28 19:00:00
16639,789,11267,1749,1761,2026-06-28 19:00:00
16640,221,11267,1763,1750,2026-06-28 19:00:00
16641,952,11269,1283,1275,2026-06-28 20:00:00
16642,648,11269,1387,1396,2026-06-28 20:00:00
16643,1760,11271,1587,1595,2026-06-28 20:00:00
16644,1669,11271,1461,1453,2026-06-28 20:00:00
16645,2116,11273,1560,1570,2026-06-28 20:00:00
16646,170,11273,1517,1507,2026-06-28 20:00:00
16647,1155,11274,1761,1750,2026-06-28 20:00:00
16648,237,11274,1780,1792,2026-06-28 20:00:00
16649,319,11277,1231,1224,2026-06-28 20:00:00
16650,1262,11277,1371,1378,2026-06-28 20:00:00
16651,454,11278,1446,1458,2026-06-28 20:00:00
16652,1735,11278,1424,1413,2026-06-28 20:00:00
16653,1522,11279,1694,1704,2026-06-28 20:00:00
16654,794,11279,1621,1612,2026-06-28 20:00:00
16655,2432,11280,1722,1736,2026-06-28 20:00:00
16656,1102,11280,1777,1763,2026-06-28 20:00:00
16657,1769,11281,1271,1265,2026-06-28 20:00:00
16658,2492,11281,1467,1473,2026-06-28 20:00:00
16659,2223,11282,1459,1473,2026-06-28 20:00:00
16660,1901,11282,1511,1497,2026-06-28 20:00:00
16661,2308,11285,1720,1711,2026-06-28 21:00:00
16662,1549,11285,1831,1839,2026-06-28 21:00:00
16663,816,11286,1822,1827,2026-06-28 21:00:00
16664,1535,11286,1606,1600,2026-06-28 21:00:00
16665,1174,11287,1959,1968,2026-06-28 21:00:00
16666,518,11287,1888,1878,2026-06-28 21:00:00
16667,837,11288,1434,1444,2026-06-28 21:00:00
16668,992,11288,1369,1359,2026-06-28 21:00:00
16669,2498,11289,1511,1502,2026-06-28 21:00:00
16670,1509,11289,1600,1609,2026-06-28 21:00:00
16671,1884,11291,1422,1419,2026-06-28 21:00:00
16672,2481,11291,1751,1755,2026-06-28 21:00:00
16673,638,11292,1146,1158,2026-06-28 21:00:00
16674,617,11292,1150,1137,2026-06-28 21:00:00
16675,1909,11293,1512,1520,2026-06-28 21:00:00
16676,267,11293,1376,1368,2026-06-28 21:00:00
16677,2157,11296,1517,1528,2026-06-28 21:00:00
16678,895,11296,1478,1467,2026-06-28 21:00:00
16679,1525,11297,1436,1427,2026-06-28 21:00:00
16680,114,11297,1516,1525,2026-06-28 21:00:00
16681,2347,11298,1571,1564,2026-06-28 21:00:00
16682,2123,11298,1719,1726,2026-06-28 21:00:00
16683,1294,11299,1128,1140,2026-06-28 21:00:00
16684,1048,11299,1122,1110,2026-06-28 21:00:00
16685,630,11300,1841,1856,2026-06-28 22:00:00
16686,109,11300,1933,1918,2026-06-28 22:00:00
16687,2482,11301,1657,1671,2026-06-28 22:00:00
16688,227,11301,1707,1694,2026-06-28 22:00:00
16689,1178,11302,1320,1311,2026-06-28 22:00:00
16690,737,11302,1405,1414,2026-06-28 22:00:00
16691,560,11303,1285,1293,2026-06-28 22:00:00
16692,1218,11303,1172,1164,2026-06-28 22:00:00
16693,616,11304,1721,1729,2026-06-28 22:00:00
16694,1338,11304,1584,1576,2026-06-28 22:00:00
16695,1721,11305,1651,1661,2026-06-28 22:00:00
16696,957,11305,1604,1594,2026-06-28 22:00:00
16697,999,11306,1507,1523,2026-06-28 22:00:00
16698,2297,11306,1648,1631,2026-06-28 22:00:00
16699,194,11307,1739,1748,2026-06-28 22:00:00
16700,615,11307,1638,1629,2026-06-28 22:00:00
16701,1708,11308,1806,1816,2026-06-28 22:00:00
16702,2013,11308,1760,1749,2026-06-28 22:00:00
16703,2289,11309,1957,1961,2026-06-28 22:00:00
16704,403,11309,1659,1656,2026-06-28 22:00:00
16705,1664,11310,1583,1588,2026-06-28 22:00:00
16706,244,11310,1336,1331,2026-06-28 22:00:00
16707,87,11311,1205,1198,2026-06-28 22:00:00
16708,724,11311,1344,1351,2026-06-28 22:00:00
16709,1125,11312,1726,1735,2026-06-28 22:00:00
16710,1913,11312,1635,1626,2026-06-28 22:00:00
16711,1069,11313,1560,1572,2026-06-28 22:00:00
16712,1883,11313,1568,1556,2026-06-28 22:00:00
16713,574,11314,1611,1623,2026-06-28 22:00:00
16714,1147,11314,1600,1588,2026-06-28 22:00:00
16715,1365,11315,1830,1841,2026-06-28 23:00:00
16716,2090,11315,1801,1790,2026-06-28 23:00:00
16717,393,11316,1703,1689,2026-06-28 23:00:00
16718,548,11316,1647,1661,2026-06-28 23:00:00
16719,2482,11317,1671,1681,2026-06-29 01:00:00
16720,229,11317,1615,1605,2026-06-29 01:00:00
16721,1838,11318,1423,1410,2026-06-29 01:00:00
16722,2166,11318,1396,1409,2026-06-29 01:00:00
16723,689,11319,1128,1139,2026-06-29 10:00:00
16724,928,11319,1098,1087,2026-06-29 10:00:00
16725,1179,11320,1418,1413,2026-06-29 11:00:00
16726,300,11320,1671,1675,2026-06-29 11:00:00
16727,773,11321,1475,1483,2026-06-29 11:00:00
16728,750,11321,1332,1325,2026-06-29 11:00:00
16729,2283,11323,1066,1058,2026-06-29 11:00:00
16730,1250,11323,1193,1201,2026-06-29 11:00:00
16731,81,11324,1156,1144,2026-06-29 11:00:00
16732,1662,11324,1152,1164,2026-06-29 11:00:00
16733,288,11325,1067,1079,2026-06-29 12:00:00
16734,2477,11325,1081,1068,2026-06-29 12:00:00
16735,1950,11326,1361,1351,2026-06-29 12:00:00
16736,1495,11326,1415,1425,2026-06-29 12:00:00
16737,794,11327,1612,1620,2026-06-29 12:00:00
16738,2268,11327,1502,1494,2026-06-29 12:00:00
16739,1082,11329,1818,1821,2026-06-29 13:00:00
16740,2260,11329,1462,1459,2026-06-29 13:00:00
16741,1250,11330,1201,1193,2026-06-29 13:00:00
16742,2179,11330,1315,1323,2026-06-29 13:00:00
16743,2142,11331,1731,1737,2026-06-29 14:00:00
16744,1397,11331,1522,1516,2026-06-29 14:00:00
16745,1029,11332,1825,1835,2026-06-29 14:00:00
16746,1102,11332,1763,1753,2026-06-29 14:00:00
16747,2175,11333,1430,1423,2026-06-29 14:00:00
16748,2391,11333,1575,1582,2026-06-29 14:00:00
16749,52,11336,1881,1869,2026-06-29 14:00:00
16750,2396,11336,1884,1896,2026-06-29 14:00:00
16751,1219,11337,1464,1454,2026-06-29 15:00:00
16752,2273,11337,1520,1530,2026-06-29 15:00:00
16753,1919,11338,1581,1591,2026-06-29 15:00:00
16754,2327,11338,1544,1534,2026-06-29 15:00:00
16755,1415,11342,1371,1364,2026-06-29 16:00:00
16756,348,11342,1539,1546,2026-06-29 16:00:00
16757,747,11343,1369,1362,2026-06-29 16:00:00
16758,1499,11343,1496,1504,2026-06-29 16:00:00
16759,2177,11344,1816,1831,2026-06-29 16:00:00
16760,2151,11344,1885,1871,2026-06-29 16:00:00
16761,466,11346,1625,1610,2026-06-29 17:00:00
16762,2231,11346,1517,1533,2026-06-29 17:00:00
16763,2260,11347,1459,1449,2026-06-29 17:00:00
16764,2357,11347,1505,1515,2026-06-29 17:00:00
16765,994,11350,1833,1824,2026-06-29 17:00:00
16766,1536,11350,1921,1930,2026-06-29 17:00:00
16767,1080,11352,1603,1610,2026-06-29 17:00:00
16768,782,11352,1463,1456,2026-06-29 17:00:00
16769,1640,11353,1467,1459,2026-06-29 17:00:00
16770,653,11353,1579,1587,2026-06-29 17:00:00
16771,1341,11354,1360,1348,2026-06-29 18:00:00
16772,396,11354,1369,1380,2026-06-29 18:00:00
16773,1808,11355,1584,1593,2026-06-29 18:00:00
16774,2463,11355,1513,1503,2026-06-29 18:00:00
16775,304,11356,1498,1508,2026-06-29 18:00:00
16776,1762,11356,1427,1417,2026-06-29 18:00:00
16777,279,11357,1483,1491,2026-06-29 18:00:00
16778,883,11357,1337,1330,2026-06-29 18:00:00
16779,2335,11358,1753,1756,2026-06-29 18:00:00
16780,929,11358,1394,1391,2026-06-29 18:00:00
16781,483,11359,1638,1646,2026-06-29 18:00:00
16782,999,11359,1523,1515,2026-06-29 18:00:00
16783,2098,11361,1600,1590,2026-06-29 18:00:00
16784,1452,11361,1663,1673,2026-06-29 18:00:00
16785,1935,11364,1183,1179,2026-06-29 18:00:00
16786,1670,11364,1459,1463,2026-06-29 18:00:00
16787,2221,11365,1537,1526,2026-06-29 18:00:00
16788,1322,11365,1552,1564,2026-06-29 18:00:00
16789,2142,11367,1737,1742,2026-06-29 19:00:00
16790,304,11367,1508,1503,2026-06-29 19:00:00
16791,651,11368,1862,1872,2026-06-29 19:00:00
16792,174,11368,1813,1803,2026-06-29 19:00:00
16793,1421,11369,1904,1913,2026-06-29 19:00:00
16794,174,11369,1803,1794,2026-06-29 19:00:00
16795,685,11370,1230,1215,2026-06-29 19:00:00
16796,1218,11370,1164,1178,2026-06-29 19:00:00
16797,2281,11372,1681,1692,2026-06-29 19:00:00
16798,1172,11372,1631,1621,2026-06-29 19:00:00
16799,2116,11373,1570,1579,2026-06-29 19:00:00
16800,7,11373,1469,1461,2026-06-29 19:00:00
16801,929,11374,1391,1385,2026-06-29 19:00:00
16802,801,11374,1560,1567,2026-06-29 19:00:00
16803,1821,11375,1662,1650,2026-06-29 19:00:00
16804,2087,11375,1665,1677,2026-06-29 19:00:00
16805,1922,11376,1800,1784,2026-06-29 19:00:00
16806,2096,11376,1696,1711,2026-06-29 19:00:00
16807,2344,11377,1424,1413,2026-06-29 19:00:00
16808,203,11377,1476,1487,2026-06-29 19:00:00
16809,1345,11378,1491,1498,2026-06-29 19:00:00
16810,69,11378,1346,1339,2026-06-29 19:00:00
16811,1578,11379,1399,1412,2026-06-29 19:00:00
16812,1491,11379,1427,1414,2026-06-29 19:00:00
16813,1828,11380,1195,1188,2026-06-29 19:00:00
16814,244,11380,1331,1339,2026-06-29 19:00:00
16815,914,11381,1365,1381,2026-06-29 19:00:00
16816,152,11381,1470,1455,2026-06-29 19:00:00
16817,331,11382,1625,1628,2026-06-29 19:00:00
16818,2453,11382,1329,1325,2026-06-29 19:00:00
16819,2269,11383,1695,1699,2026-06-29 19:00:00
16820,603,11383,1417,1413,2026-06-29 19:00:00
16821,1375,11384,1405,1421,2026-06-29 19:00:00
16822,1020,11384,1512,1497,2026-06-29 19:00:00
16823,512,11385,1570,1555,2026-06-29 19:00:00
16824,378,11385,1475,1490,2026-06-29 19:00:00
16825,1556,11386,1478,1463,2026-06-29 19:00:00
16826,2380,11386,1363,1379,2026-06-29 19:00:00
16827,2440,11388,1391,1403,2026-06-29 19:00:00
16828,777,11388,1382,1370,2026-06-29 19:00:00
16829,1254,11389,1791,1798,2026-06-29 20:00:00
16830,664,11389,1645,1638,2026-06-29 20:00:00
16831,1263,11390,1573,1588,2026-06-29 20:00:00
16832,1961,11390,1653,1638,2026-06-29 20:00:00
16833,1534,11391,1179,1170,2026-06-29 20:00:00
16834,2138,11391,1266,1275,2026-06-29 20:00:00
16835,2462,11393,1527,1517,2026-06-29 20:00:00
16836,887,11393,1583,1593,2026-06-29 20:00:00
16837,1548,11394,1406,1423,2026-06-29 20:00:00
16838,971,11394,1555,1538,2026-06-29 20:00:00
16839,2222,11395,1164,1154,2026-06-29 20:00:00
16840,1007,11395,1228,1238,2026-06-29 20:00:00
16841,774,11397,2011,2019,2026-06-29 20:00:00
16842,2053,11397,1869,1862,2026-06-29 20:00:00
16843,2390,11398,1534,1549,2026-06-29 20:00:00
16844,764,11398,1622,1607,2026-06-29 20:00:00
16845,2388,11402,1824,1831,2026-06-29 20:00:00
16846,647,11402,1693,1685,2026-06-29 20:00:00
16847,1219,11403,1454,1465,2026-06-29 21:00:00
16848,2093,11403,1419,1408,2026-06-29 21:00:00
16849,1965,11404,1848,1856,2026-06-29 21:00:00
16850,1220,11404,1715,1708,2026-06-29 21:00:00
16851,646,11405,1312,1307,2026-06-29 21:00:00
16852,722,11405,1537,1542,2026-06-29 21:00:00
16853,787,11407,1833,1842,2026-06-29 21:00:00
16854,1696,11407,1732,1724,2026-06-29 21:00:00
16855,722,11408,1542,1549,2026-06-29 21:00:00
16856,396,11408,1380,1374,2026-06-29 21:00:00
16857,1723,11411,1553,1561,2026-06-29 21:00:00
16858,135,11411,1404,1397,2026-06-29 21:00:00
16859,1229,11412,1519,1511,2026-06-29 21:00:00
16860,1347,11412,1618,1627,2026-06-29 21:00:00
16861,1538,11413,1439,1449,2026-06-29 21:00:00
16862,533,11413,1362,1353,2026-06-29 21:00:00
16863,1922,11414,1784,1795,2026-06-29 21:00:00
16864,2097,11414,1740,1730,2026-06-29 21:00:00
16865,823,11416,1019,1008,2026-06-29 21:00:00
16866,1296,11416,1046,1057,2026-06-29 21:00:00
16867,1458,11417,1733,1721,2026-06-29 22:00:00
16868,1813,11417,1723,1735,2026-06-29 22:00:00
16869,420,11418,1684,1677,2026-06-29 22:00:00
16870,959,11418,1819,1826,2026-06-29 22:00:00
16871,1172,11419,1621,1634,2026-06-29 22:00:00
16872,1821,11419,1650,1637,2026-06-29 22:00:00
16873,2185,11421,1530,1543,2026-06-29 22:00:00
16874,970,11421,1571,1557,2026-06-29 22:00:00
16875,1391,11422,1683,1696,2026-06-29 22:00:00
16876,752,11422,1706,1693,2026-06-29 22:00:00
16877,1700,11424,2006,2016,2026-06-29 22:00:00
16878,2289,11424,1961,1950,2026-06-29 22:00:00
16879,107,11425,1753,1761,2026-06-29 22:00:00
16880,924,11425,1632,1624,2026-06-29 22:00:00
16881,410,11426,1788,1797,2026-06-29 22:00:00
16882,691,11426,1696,1687,2026-06-29 22:00:00
16883,435,11427,1473,1483,2026-06-29 22:00:00
16884,906,11427,1421,1411,2026-06-29 22:00:00
16885,550,11428,1865,1873,2026-06-29 23:00:00
16886,241,11428,1739,1731,2026-06-29 23:00:00
16887,1428,11429,1897,1908,2026-06-29 23:00:00
16888,1314,11429,1859,1848,2026-06-29 23:00:00
16889,2227,11430,1872,1873,2026-06-30 00:00:00
16890,1763,11430,1429,1427,2026-06-30 00:00:00
16891,289,11431,1563,1573,2026-06-30 00:00:00
16892,114,11431,1525,1514,2026-06-30 00:00:00
16893,1310,11432,971,962,2026-06-30 00:00:00
16894,1494,11432,1075,1084,2026-06-30 00:00:00
16895,157,11433,1456,1464,2026-06-30 01:00:00
16896,481,11433,1323,1315,2026-06-30 01:00:00
16897,122,11435,1319,1309,2026-06-30 11:00:00
16898,2486,11435,1389,1399,2026-06-30 11:00:00
16899,896,11436,1337,1348,2026-06-30 12:00:00
16900,560,11436,1293,1283,2026-06-30 12:00:00
16901,1975,11437,1378,1373,2026-06-30 12:00:00
16902,2391,11437,1582,1587,2026-06-30 12:00:00
16903,954,11438,1382,1395,2026-06-30 12:00:00
16904,2351,11438,1405,1392,2026-06-30 12:00:00
16905,450,11439,1510,1501,2026-06-30 13:00:00
16906,1808,11439,1593,1603,2026-06-30 13:00:00
16907,1735,11440,1413,1405,2026-06-30 13:00:00
16908,1688,11440,1517,1526,2026-06-30 13:00:00
16909,269,11441,1346,1341,2026-06-30 13:00:00
16910,2158,11441,1568,1574,2026-06-30 13:00:00
16911,255,11443,1403,1398,2026-06-30 14:00:00
16912,1655,11443,1648,1653,2026-06-30 14:00:00
16913,2129,11444,956,971,2026-06-30 14:00:00
16914,2283,11444,1058,1043,2026-06-30 14:00:00
16915,1779,11446,1965,1972,2026-06-30 16:00:00
16916,1082,11446,1821,1814,2026-06-30 16:00:00
16917,2354,11447,1562,1548,2026-06-30 16:00:00
16918,745,11447,1521,1534,2026-06-30 16:00:00
16919,689,11448,1139,1136,2026-06-30 16:00:00
16920,1717,11448,1437,1441,2026-06-30 16:00:00
16921,1374,11450,1174,1181,2026-06-30 17:00:00
16922,2056,11450,1046,1038,2026-06-30 17:00:00
16923,980,11451,1372,1385,2026-06-30 17:00:00
16924,648,11451,1396,1383,2026-06-30 17:00:00
16925,993,11452,1300,1292,2026-06-30 17:00:00
16926,760,11452,1433,1440,2026-06-30 17:00:00
16927,2033,11454,1623,1637,2026-06-30 17:00:00
16928,1915,11454,1674,1660,2026-06-30 17:00:00
16929,1172,11455,1634,1642,2026-06-30 17:00:00
16930,1795,11455,1501,1494,2026-06-30 17:00:00
16931,861,11456,1280,1288,2026-06-30 17:00:00
16932,1868,11456,1163,1155,2026-06-30 17:00:00
16933,2311,11457,1578,1565,2026-06-30 17:00:00
16934,1015,11457,1560,1573,2026-06-30 17:00:00
16935,1444,11459,1251,1265,2026-06-30 17:00:00
16936,122,11459,1309,1295,2026-06-30 17:00:00
16937,1602,11460,1626,1617,2026-06-30 17:00:00
16938,2458,11460,1705,1714,2026-06-30 17:00:00
16939,860,11461,1418,1431,2026-06-30 17:00:00
16940,1670,11461,1463,1450,2026-06-30 17:00:00
16941,153,11462,1006,999,2026-06-30 17:00:00
16942,2165,11462,1145,1153,2026-06-30 17:00:00
16943,2325,11463,1103,1099,2026-06-30 18:00:00
16944,1881,11463,1363,1368,2026-06-30 18:00:00
16945,2471,11464,1687,1697,2026-06-30 18:00:00
16946,1171,11464,1625,1615,2026-06-30 18:00:00
16947,2327,11465,1534,1537,2026-06-30 18:00:00
16948,811,11465,1247,1243,2026-06-30 18:00:00
16949,2003,11466,1538,1550,2026-06-30 18:00:00
16950,49,11466,1550,1538,2026-06-30 18:00:00
16951,2222,11467,1154,1167,2026-06-30 18:00:00
16952,621,11467,1168,1156,2026-06-30 18:00:00
16953,1071,11468,1560,1566,2026-06-30 18:00:00
16954,1192,11468,1370,1364,2026-06-30 18:00:00
16955,2270,11469,1605,1616,2026-06-30 18:00:00
16956,1071,11469,1566,1555,2026-06-30 18:00:00
16957,160,11470,1961,1970,2026-06-30 18:00:00
16958,2404,11470,1859,1851,2026-06-30 18:00:00
16959,2310,11471,1861,1870,2026-06-30 18:00:00
16960,1323,11471,1765,1757,2026-06-30 18:00:00
16961,914,11472,1381,1368,2026-06-30 18:00:00
16962,2455,11472,1356,1369,2026-06-30 18:00:00
16963,338,11473,1528,1518,2026-06-30 18:00:00
16964,1272,11473,1579,1589,2026-06-30 18:00:00
16965,1124,11474,1403,1411,2026-06-30 18:00:00
16966,366,11474,1268,1260,2026-06-30 18:00:00
16967,942,11475,1313,1328,2026-06-30 18:00:00
16968,906,11475,1411,1395,2026-06-30 18:00:00
16969,434,11476,1644,1651,2026-06-30 19:00:00
16970,1062,11476,1484,1477,2026-06-30 19:00:00
16971,1839,11482,1439,1429,2026-06-30 19:00:00
16972,1345,11482,1498,1508,2026-06-30 19:00:00
16973,860,11486,1431,1416,2026-06-30 19:00:00
16974,1873,11486,1346,1361,2026-06-30 19:00:00
16975,143,11487,1297,1307,2026-06-30 19:00:00
16976,1575,11487,1241,1231,2026-06-30 19:00:00
16977,1789,11489,1789,1802,2026-06-30 20:00:00
16978,2180,11489,1809,1797,2026-06-30 20:00:00
16979,1036,11490,992,988,2026-06-30 20:00:00
16980,1524,11490,1304,1308,2026-06-30 20:00:00
16981,971,11491,1538,1527,2026-06-30 20:00:00
16982,1723,11491,1561,1572,2026-06-30 20:00:00
16983,1949,11495,1133,1142,2026-06-30 20:00:00
16984,1313,11495,1060,1051,2026-06-30 20:00:00
16985,1335,11496,1669,1685,2026-06-30 20:00:00
16986,80,11496,1786,1770,2026-06-30 20:00:00
16987,399,11497,1602,1593,2026-06-30 20:00:00
16988,236,11497,1692,1701,2026-06-30 20:00:00
16989,1360,11498,1719,1721,2026-06-30 20:00:00
16990,2164,11498,1358,1356,2026-06-30 20:00:00
16991,191,11499,1829,1820,2026-06-30 20:00:00
16992,1132,11499,1907,1916,2026-06-30 20:00:00
16993,1519,11500,1582,1572,2026-06-30 20:00:00
16994,1749,11500,1663,1672,2026-06-30 20:00:00
16995,1013,11501,1451,1461,2026-06-30 20:00:00
16996,2486,11501,1399,1388,2026-06-30 20:00:00
16997,2122,11502,1405,1418,2026-06-30 20:00:00
16998,474,11502,1423,1410,2026-06-30 20:00:00
16999,1896,11504,1467,1480,2026-06-30 20:00:00
17000,1871,11504,1494,1481,2026-06-30 20:00:00
17001,1965,11506,1856,1865,2026-06-30 21:00:00
17002,1354,11506,1794,1784,2026-06-30 21:00:00
17003,1591,11507,1190,1208,2026-06-30 21:00:00
17004,1712,11507,1417,1398,2026-06-30 21:00:00
17005,2315,11508,1687,1696,2026-06-30 21:00:00
17006,2447,11508,1605,1596,2026-06-30 21:00:00
17007,1292,11509,1267,1263,2026-06-30 21:00:00
17008,500,11509,1542,1546,2026-06-30 21:00:00
17009,342,11512,1598,1610,2026-06-30 21:00:00
17010,260,11512,1601,1589,2026-06-30 21:00:00
17011,1388,11513,1515,1523,2026-06-30 21:00:00
17012,2387,11513,1419,1410,2026-06-30 21:00:00
17013,1973,11514,1957,1960,2026-06-30 21:00:00
17014,199,11514,1658,1654,2026-06-30 21:00:00
17015,29,11515,1192,1209,2026-06-30 21:00:00
17016,318,11515,1336,1319,2026-06-30 21:00:00
17017,977,11516,1581,1588,2026-06-30 21:00:00
17018,827,11516,1442,1434,2026-06-30 21:00:00
17019,1976,11517,1558,1552,2026-06-30 21:00:00
17020,1596,11517,1748,1754,2026-06-30 21:00:00
17021,1410,11518,1412,1403,2026-06-30 21:00:00
17022,57,11518,1489,1499,2026-06-30 21:00:00
17023,1090,11519,1539,1552,2026-06-30 21:00:00
17024,512,11519,1555,1543,2026-06-30 21:00:00
17025,2046,11520,1344,1335,2026-06-30 21:00:00
17026,1525,11520,1427,1436,2026-06-30 21:00:00
17027,1852,11522,1558,1567,2026-06-30 22:00:00
17028,612,11522,1475,1466,2026-06-30 22:00:00
17029,1836,11523,1222,1210,2026-06-30 22:00:00
17030,2228,11523,1240,1251,2026-06-30 22:00:00
17031,2357,11525,1515,1499,2026-06-30 22:00:00
17032,602,11525,1395,1411,2026-06-30 22:00:00
17033,2462,11526,1517,1503,2026-06-30 22:00:00
17034,1603,11526,1451,1466,2026-06-30 22:00:00
17035,909,11527,1356,1343,2026-06-30 22:00:00
17036,973,11527,1344,1356,2026-06-30 22:00:00
17037,1386,11529,1457,1470,2026-06-30 22:00:00
17038,665,11529,1498,1484,2026-06-30 22:00:00
17039,1763,11531,1427,1416,2026-07-01 00:00:00
17040,612,11531,1466,1477,2026-07-01 00:00:00
17041,396,11532,1374,1390,2026-07-01 00:00:00
17042,1123,11532,1506,1490,2026-07-01 00:00:00
17043,1341,11533,1348,1340,2026-07-01 00:00:00
17044,2147,11533,1456,1465,2026-07-01 00:00:00
17045,1397,11535,1516,1522,2026-07-01 01:00:00
17046,646,11535,1307,1301,2026-07-01 01:00:00
17047,1823,11536,1314,1302,2026-07-01 01:00:00
17048,1073,11536,1340,1351,2026-07-01 01:00:00
17049,1115,11537,1603,1613,2026-07-01 10:00:00
17050,1938,11537,1534,1525,2026-07-01 10:00:00
17051,2325,11538,1099,1097,2026-07-01 11:00:00
17052,1890,11538,1506,1508,2026-07-01 11:00:00
17053,1172,11541,1642,1622,2026-07-01 12:00:00
17054,2106,11541,1377,1396,2026-07-01 12:00:00
17055,1760,11542,1595,1580,2026-07-01 12:00:00
17056,1795,11542,1494,1509,2026-07-01 12:00:00
17057,1581,11543,1675,1684,2026-07-01 13:00:00
17058,1015,11543,1573,1564,2026-07-01 13:00:00
17059,1482,11544,1670,1659,2026-07-01 13:00:00
17060,2096,11544,1711,1722,2026-07-01 13:00:00
17061,1693,11545,1444,1434,2026-07-01 13:00:00
17062,2452,11545,1501,1511,2026-07-01 13:00:00
17063,2452,11546,1511,1502,2026-07-01 13:00:00
17064,407,11546,1609,1618,2026-07-01 13:00:00
17065,520,11547,2073,2081,2026-07-01 13:00:00
17066,531,11547,1940,1932,2026-07-01 13:00:00
17067,1113,11549,1237,1229,2026-07-01 14:00:00
17068,1543,11549,1384,1391,2026-07-01 14:00:00
17069,1159,11550,1355,1367,2026-07-01 14:00:00
17070,747,11550,1362,1349,2026-07-01 14:00:00
17071,1650,11551,1414,1425,2026-07-01 14:00:00
17072,914,11551,1368,1357,2026-07-01 14:00:00
17073,440,11552,1411,1404,2026-07-01 14:00:00
17074,592,11552,1567,1574,2026-07-01 14:00:00
17075,807,11554,1251,1244,2026-07-01 15:00:00
17076,396,11554,1390,1397,2026-07-01 15:00:00
17077,2317,11555,1443,1441,2026-07-01 16:00:00
17078,1965,11555,1865,1867,2026-07-01 16:00:00
17079,643,11556,1473,1481,2026-07-01 16:00:00
17080,1046,11556,1351,1343,2026-07-01 16:00:00
17081,1783,11557,1544,1553,2026-07-01 16:00:00
17082,82,11557,1462,1453,2026-07-01 16:00:00
17083,872,11559,1430,1438,2026-07-01 16:00:00
17084,1383,11559,1311,1303,2026-07-01 16:00:00
17085,2207,11560,1824,1815,2026-07-01 17:00:00
17086,1163,11560,1906,1915,2026-07-01 17:00:00
17087,231,11561,1114,1129,2026-07-01 17:00:00
17088,1591,11561,1208,1193,2026-07-01 17:00:00
17089,648,11562,1383,1376,2026-07-01 17:00:00
17090,2465,11562,1520,1527,2026-07-01 17:00:00
17091,1586,11564,1342,1351,2026-07-01 17:00:00
17092,1636,11564,1252,1243,2026-07-01 17:00:00
17093,1620,11565,1501,1503,2026-07-01 18:00:00
17094,1874,11565,1084,1082,2026-07-01 18:00:00
17095,1836,11566,1210,1201,2026-07-01 18:00:00
17096,1946,11566,1281,1290,2026-07-01 18:00:00
17097,1179,11568,1413,1425,2026-07-01 18:00:00
17098,1735,11568,1405,1393,2026-07-01 18:00:00
17099,2070,11569,1676,1689,2026-07-01 18:00:00
17100,1370,11569,1708,1695,2026-07-01 18:00:00
17101,373,11570,1760,1770,2026-07-01 18:00:00
17102,1370,11570,1695,1685,2026-07-01 18:00:00
17103,2310,11571,1870,1853,2026-07-01 18:00:00
17104,873,11571,1739,1756,2026-07-01 18:00:00
17105,915,11572,1313,1331,2026-07-01 18:00:00
17106,1695,11572,1487,1470,2026-07-01 18:00:00
17107,537,11574,1453,1460,2026-07-01 19:00:00
17108,1098,11574,1311,1304,2026-07-01 19:00:00
17109,1534,11575,1170,1176,2026-07-01 19:00:00
17110,433,11575,1006,999,2026-07-01 19:00:00
17111,307,11577,1407,1397,2026-07-01 19:00:00
17112,2329,11577,1471,1480,2026-07-01 19:00:00
17113,236,11579,1701,1711,2026-07-01 19:00:00
17114,1632,11579,1657,1646,2026-07-01 19:00:00
17115,700,11580,1597,1588,2026-07-01 19:00:00
17116,2323,11580,1685,1694,2026-07-01 19:00:00
17117,388,11581,1442,1426,2026-07-01 19:00:00
17118,1964,11581,1329,1345,2026-07-01 19:00:00
17119,1472,11582,1519,1529,2026-07-01 19:00:00
17120,782,11582,1456,1446,2026-07-01 19:00:00
17121,1869,11583,1721,1704,2026-07-01 19:00:00
17122,1858,11583,1581,1597,2026-07-01 19:00:00
17123,434,11584,1651,1656,2026-07-01 20:00:00
17124,1829,11584,1428,1423,2026-07-01 20:00:00
17125,646,11585,1301,1316,2026-07-01 20:00:00
17126,815,11585,1367,1353,2026-07-01 20:00:00
17127,189,11586,1702,1718,2026-07-01 20:00:00
17128,816,11586,1827,1811,2026-07-01 20:00:00
17129,1047,11587,1559,1571,2026-07-01 20:00:00
17130,1417,11587,1561,1549,2026-07-01 20:00:00
17131,454,11590,1458,1448,2026-07-01 20:00:00
17132,2327,11590,1537,1547,2026-07-01 20:00:00
17133,2097,11591,1730,1738,2026-07-01 20:00:00
17134,845,11591,1635,1626,2026-07-01 20:00:00
17135,2152,11592,1269,1279,2026-07-01 20:00:00
17136,175,11592,1200,1191,2026-07-01 20:00:00
17137,977,11593,1588,1576,2026-07-01 20:00:00
17138,1519,11593,1572,1585,2026-07-01 20:00:00
17139,1602,11594,1617,1622,2026-07-01 20:00:00
17140,2486,11594,1388,1383,2026-07-01 20:00:00
17141,1091,11595,1250,1264,2026-07-01 20:00:00
17142,1599,11595,1312,1298,2026-07-01 20:00:00
17143,1804,11597,1494,1486,2026-07-01 20:00:00
17144,853,11597,1637,1644,2026-07-01 20:00:00
17145,1023,11598,1703,1717,2026-07-01 20:00:00
17146,1788,11598,1744,1731,2026-07-01 20:00:00
17147,2244,11600,1284,1288,2026-07-01 20:00:00
17148,2210,11600,977,974,2026-07-01 20:00:00
17149,1944,11601,1460,1450,2026-07-01 21:00:00
17150,1890,11601,1508,1518,2026-07-01 21:00:00
17151,2018,11602,1382,1374,2026-07-01 21:00:00
17152,2462,11602,1503,1511,2026-07-01 21:00:00
17153,1810,11603,1969,1979,2026-07-01 21:00:00
17154,2041,11603,1935,1924,2026-07-01 21:00:00
17155,453,11605,1181,1170,2026-07-01 21:00:00
17156,1864,11605,1220,1231,2026-07-01 21:00:00
17157,681,11606,1557,1566,2026-07-01 21:00:00
17158,645,11606,1477,1468,2026-07-01 21:00:00
17159,1091,11609,1264,1255,2026-07-01 21:00:00
17160,1807,11609,1337,1347,2026-07-01 21:00:00
17161,1460,11610,1388,1378,2026-07-01 21:00:00
17162,110,11610,1445,1455,2026-07-01 21:00:00
17163,268,11612,1417,1430,2026-07-01 21:00:00
17164,1627,11612,1459,1445,2026-07-01 21:00:00
17165,1372,11613,1544,1537,2026-07-01 21:00:00
17166,1945,11613,1678,1686,2026-07-01 21:00:00
17167,971,11616,1527,1534,2026-07-01 22:00:00
17168,929,11616,1385,1377,2026-07-01 22:00:00
17169,2323,11618,1694,1704,2026-07-01 22:00:00
17170,331,11618,1628,1618,2026-07-01 22:00:00
17171,410,11620,1797,1805,2026-07-01 22:00:00
17172,1426,11620,1703,1694,2026-07-01 22:00:00
17173,2431,11621,1243,1258,2026-07-01 22:00:00
17174,2480,11621,1313,1299,2026-07-01 22:00:00
17175,794,11625,1620,1612,2026-07-01 23:00:00
17176,1155,11625,1750,1758,2026-07-01 23:00:00
17177,1190,11626,1425,1418,2026-07-01 23:00:00
17178,698,11626,1568,1575,2026-07-01 23:00:00
17179,2299,11629,1316,1329,2026-07-02 00:00:00
17180,1630,11629,1352,1339,2026-07-02 00:00:00
17181,1276,11630,1360,1373,2026-07-02 00:00:00
17182,396,11630,1397,1384,2026-07-02 00:00:00
17183,1307,11631,1355,1343,2026-07-02 01:00:00
17184,1463,11631,1368,1380,2026-07-02 01:00:00
17185,249,11633,1904,1910,2026-07-02 10:00:00
17186,155,11633,1684,1679,2026-07-02 10:00:00
17187,131,11634,1070,1068,2026-07-02 11:00:00
17188,2462,11634,1511,1513,2026-07-02 11:00:00
17189,566,11635,1328,1320,2026-07-02 11:00:00
17190,314,11635,1452,1459,2026-07-02 11:00:00
17191,374,11636,1219,1234,2026-07-02 12:00:00
17192,2195,11636,1302,1288,2026-07-02 12:00:00
17193,338,11638,1518,1509,2026-07-02 12:00:00
17194,2232,11638,1614,1623,2026-07-02 12:00:00
17195,91,11639,1293,1299,2026-07-02 13:00:00
17196,1168,11639,1085,1080,2026-07-02 13:00:00
17197,1756,11640,1766,1779,2026-07-02 14:00:00
17198,816,11640,1811,1797,2026-07-02 14:00:00
17199,2227,11641,1873,1881,2026-07-02 14:00:00
17200,1261,11641,1740,1732,2026-07-02 14:00:00
17201,255,11642,1398,1391,2026-07-02 14:00:00
17202,573,11642,1530,1538,2026-07-02 14:00:00
17203,446,11644,1510,1501,2026-07-02 15:00:00
17204,409,11644,1577,1587,2026-07-02 15:00:00
17205,1292,11645,1263,1270,2026-07-02 15:00:00
17206,209,11645,1117,1110,2026-07-02 15:00:00
17207,2169,11646,1701,1695,2026-07-02 15:00:00
17208,2376,11646,1911,1916,2026-07-02 15:00:00
17209,47,11648,1236,1249,2026-07-02 15:00:00
17210,41,11648,1278,1264,2026-07-02 15:00:00
17211,1265,11649,1535,1519,2026-07-02 15:00:00
17212,101,11649,1410,1426,2026-07-02 15:00:00
17213,951,11651,1549,1540,2026-07-02 16:00:00
17214,1181,11651,1647,1656,2026-07-02 16:00:00
17215,550,11653,1873,1884,2026-07-02 17:00:00
17216,787,11653,1842,1831,2026-07-02 17:00:00
17217,619,11654,1624,1614,2026-07-02 17:00:00
17218,167,11654,1670,1680,2026-07-02 17:00:00
17219,929,11656,1377,1394,2026-07-02 17:00:00
17220,2357,11656,1499,1483,2026-07-02 17:00:00
17221,2340,11657,1510,1500,2026-07-02 17:00:00
17222,2116,11657,1579,1588,2026-07-02 17:00:00
17223,1102,11658,1753,1761,2026-07-02 17:00:00
17224,1414,11658,1637,1629,2026-07-02 17:00:00
17225,350,11659,1736,1720,2026-07-02 17:00:00
17226,342,11659,1610,1627,2026-07-02 17:00:00
17227,1898,11660,1536,1533,2026-07-02 17:00:00
17228,1931,11660,1885,1888,2026-07-02 17:00:00
17229,2335,11662,1756,1758,2026-07-02 18:00:00
17230,2018,11662,1374,1372,2026-07-02 18:00:00
17231,1580,11664,2030,2038,2026-07-02 18:00:00
17232,2005,11664,1887,1879,2026-07-02 18:00:00
17233,1884,11665,1419,1430,2026-07-02 18:00:00
17234,820,11665,1385,1374,2026-07-02 18:00:00
17235,210,11667,1349,1336,2026-07-02 18:00:00
17236,1306,11667,1299,1313,2026-07-02 18:00:00
17237,2403,11669,1441,1451,2026-07-02 18:00:00
17238,1806,11669,1396,1386,2026-07-02 18:00:00
17239,2482,11670,1681,1688,2026-07-02 19:00:00
17240,862,11670,1516,1509,2026-07-02 19:00:00
17241,538,11671,1638,1628,2026-07-02 19:00:00
17242,1278,11671,1719,1728,2026-07-02 19:00:00
17243,320,11674,1427,1443,2026-07-02 19:00:00
17244,722,11674,1549,1533,2026-07-02 19:00:00
17245,916,11675,1176,1186,2026-07-02 19:00:00
17246,1353,11675,1107,1097,2026-07-02 19:00:00
17247,802,11676,1818,1827,2026-07-02 19:00:00
17248,1430,11676,1727,1718,2026-07-02 19:00:00
17249,1210,11677,1146,1141,2026-07-02 19:00:00
17250,2236,11677,1389,1394,2026-07-02 19:00:00
17251,1487,11678,1345,1337,2026-07-02 19:00:00
17252,1162,11678,1467,1475,2026-07-02 19:00:00
17253,2393,11679,1843,1832,2026-07-02 19:00:00
17254,2005,11679,1879,1890,2026-07-02 19:00:00
17255,2455,11680,1369,1385,2026-07-02 19:00:00
17256,2452,11680,1502,1486,2026-07-02 19:00:00
17257,2068,11681,1440,1431,2026-07-02 19:00:00
17258,61,11681,1529,1538,2026-07-02 19:00:00
17259,997,11682,1418,1426,2026-07-02 19:00:00
17260,1782,11682,1313,1304,2026-07-02 19:00:00
17261,157,11683,1464,1450,2026-07-02 19:00:00
17262,754,11683,1413,1426,2026-07-02 19:00:00
17263,2324,11687,1794,1809,2026-07-02 20:00:00
17264,1551,11687,1861,1847,2026-07-02 20:00:00
17265,901,11688,1612,1598,2026-07-02 20:00:00
17266,1731,11688,1542,1556,2026-07-02 20:00:00
17267,1590,11689,1658,1647,2026-07-02 20:00:00
17268,1267,11689,1682,1693,2026-07-02 20:00:00
17269,511,11690,1201,1194,2026-07-02 20:00:00
17270,909,11690,1343,1351,2026-07-02 20:00:00
17271,334,11691,1487,1500,2026-07-02 20:00:00
17272,1982,11691,1519,1506,2026-07-02 20:00:00
17273,399,11692,1593,1600,2026-07-02 20:00:00
17274,1541,11692,1448,1441,2026-07-02 20:00:00
17275,1618,11693,1280,1272,2026-07-02 20:00:00
17276,954,11693,1395,1403,2026-07-02 20:00:00
17277,1086,11694,1560,1549,2026-07-02 21:00:00
17278,1792,11694,1601,1611,2026-07-02 21:00:00
17279,1965,11695,1867,1871,2026-07-02 21:00:00
17280,1786,11695,1584,1580,2026-07-02 21:00:00
17281,2142,11696,1742,1749,2026-07-02 21:00:00
17282,1792,11696,1611,1604,2026-07-02 21:00:00
17283,1723,11697,1572,1565,2026-07-02 21:00:00
17284,350,11697,1720,1727,2026-07-02 21:00:00
17285,511,11699,1194,1185,2026-07-02 21:00:00
17286,886,11699,1281,1290,2026-07-02 21:00:00
17287,1519,11700,1585,1596,2026-07-02 21:00:00
17288,2061,11700,1551,1540,2026-07-02 21:00:00
17289,2053,11701,1862,1872,2026-07-02 21:00:00
17290,1708,11701,1816,1806,2026-07-02 21:00:00
17291,534,11702,1482,1471,2026-07-02 21:00:00
17292,1026,11702,1527,1538,2026-07-02 21:00:00
17293,43,11705,1673,1683,2026-07-02 21:00:00
17294,1671,11705,1601,1592,2026-07-02 21:00:00
17295,2184,11706,1458,1449,2026-07-02 21:00:00
17296,2336,11706,1533,1542,2026-07-02 21:00:00
17297,607,11707,1323,1327,2026-07-02 21:00:00
17298,381,11707,1040,1036,2026-07-02 21:00:00
17299,1419,11708,1534,1525,2026-07-02 22:00:00
17300,1535,11708,1600,1610,2026-07-02 22:00:00
17301,288,11710,1079,1087,2026-07-02 22:00:00
17302,1867,11710,958,950,2026-07-02 22:00:00
17303,1044,11714,1395,1393,2026-07-02 22:00:00
17304,297,11714,1790,1792,2026-07-02 22:00:00
17305,1324,11715,1581,1572,2026-07-02 22:00:00
17306,43,11715,1683,1691,2026-07-02 22:00:00
17307,862,11717,1509,1520,2026-07-02 23:00:00
17308,537,11717,1460,1450,2026-07-02 23:00:00
17309,2315,11718,1696,1706,2026-07-02 23:00:00
17310,833,11718,1631,1622,2026-07-02 23:00:00
17311,575,11721,1528,1521,2026-07-03 09:00:00
17312,1663,11721,1689,1696,2026-07-03 09:00:00
17313,17,11723,1726,1735,2026-07-03 10:00:00
17314,794,11723,1612,1604,2026-07-03 10:00:00
17315,1266,11724,1441,1448,2026-07-03 10:00:00
17316,1301,11724,1284,1277,2026-07-03 10:00:00
17317,1125,11725,1735,1737,2026-07-03 10:00:00
17318,1167,11725,1369,1366,2026-07-03 10:00:00
17319,2358,11726,1132,1124,2026-07-03 11:00:00
17320,694,11726,1248,1256,2026-07-03 11:00:00
17321,1756,11727,1779,1783,2026-07-03 11:00:00
17322,2463,11727,1503,1499,2026-07-03 11:00:00
17323,1688,11728,1526,1534,2026-07-03 11:00:00
17324,1179,11728,1425,1416,2026-07-03 11:00:00
17325,1981,11729,1741,1752,2026-07-03 11:00:00
17326,2186,11729,1695,1685,2026-07-03 11:00:00
17327,2426,11730,1222,1213,2026-07-03 11:00:00
17328,2480,11730,1299,1308,2026-07-03 11:00:00
17329,741,11731,1417,1406,2026-07-03 11:00:00
17330,1041,11731,1460,1470,2026-07-03 11:00:00
17331,980,11732,1385,1377,2026-07-03 12:00:00
17332,2219,11732,1506,1514,2026-07-03 12:00:00
17333,1345,11736,1508,1516,2026-07-03 12:00:00
17334,656,11736,1401,1392,2026-07-03 12:00:00
17335,733,11738,1384,1372,2026-07-03 12:00:00
17336,1463,11738,1380,1392,2026-07-03 12:00:00
17337,1789,11739,1802,1809,2026-07-03 13:00:00
17338,33,11739,1650,1643,2026-07-03 13:00:00
17339,1588,11740,1723,1733,2026-07-03 13:00:00
17340,2095,11740,1647,1638,2026-07-03 13:00:00
17341,820,11741,1374,1365,2026-07-03 13:00:00
17342,639,11741,1456,1465,2026-07-03 13:00:00
17343,997,11743,1426,1436,2026-07-03 13:00:00
17344,596,11743,1352,1343,2026-07-03 13:00:00
17345,1219,11744,1465,1448,2026-07-03 14:00:00
17346,536,11744,1324,1341,2026-07-03 14:00:00
17347,1292,11745,1270,1260,2026-07-03 14:00:00
17348,1046,11745,1343,1352,2026-07-03 14:00:00
17349,1102,11746,1761,1767,2026-07-03 14:00:00
17350,2327,11746,1547,1541,2026-07-03 14:00:00
17351,2138,11747,1275,1266,2026-07-03 14:00:00
17352,2010,11747,1375,1384,2026-07-03 14:00:00
17353,1201,11748,1713,1720,2026-07-03 14:00:00
17354,415,11748,1569,1561,2026-07-03 14:00:00
17355,2234,11750,1645,1633,2026-07-03 14:00:00
17356,1025,11750,1648,1660,2026-07-03 14:00:00
17357,632,11751,1444,1455,2026-07-03 14:00:00
17358,1928,11751,1418,1406,2026-07-03 14:00:00
17359,1820,11752,1280,1278,2026-07-03 14:00:00
17360,1727,11752,1662,1665,2026-07-03 14:00:00
17361,362,11753,1655,1663,2026-07-03 14:00:00
17362,1122,11753,1536,1528,2026-07-03 14:00:00
17363,343,11754,1593,1604,2026-07-03 14:00:00
17364,1653,11754,1584,1572,2026-07-03 14:00:00
17365,1134,11755,1522,1512,2026-07-03 14:00:00
17366,967,11755,1590,1599,2026-07-03 14:00:00
17367,91,11756,1299,1311,2026-07-03 15:00:00
17368,1524,11756,1308,1295,2026-07-03 15:00:00
17369,529,11757,1606,1595,2026-07-03 15:00:00
17370,2095,11757,1638,1649,2026-07-03 15:00:00
17371,443,11758,1491,1504,2026-07-03 15:00:00
17372,1977,11758,1516,1503,2026-07-03 15:00:00
17373,1506,11759,1814,1819,2026-07-03 15:00:00
17374,424,11759,1557,1552,2026-07-03 15:00:00
17375,816,11760,1797,1806,2026-07-03 15:00:00
17376,2470,11760,1701,1692,2026-07-03 15:00:00
17377,239,11761,1342,1351,2026-07-03 15:00:00
17378,2138,11761,1266,1257,2026-07-03 15:00:00
17379,249,11764,1910,1899,2026-07-03 15:00:00
17380,2289,11764,1950,1961,2026-07-03 15:00:00
17381,558,11765,1104,1100,2026-07-03 15:00:00
17382,2455,11765,1385,1389,2026-07-03 15:00:00
17383,1935,11766,1179,1194,2026-07-03 15:00:00
17384,2448,11766,1254,1240,2026-07-03 15:00:00
17385,919,11767,1183,1198,2026-07-03 15:00:00
17386,1771,11767,1268,1253,2026-07-03 15:00:00
17387,1591,11768,1193,1192,2026-07-03 16:00:00
17388,664,11768,1638,1640,2026-07-03 16:00:00
17389,1760,11769,1580,1594,2026-07-03 16:00:00
17390,1540,11769,1636,1622,2026-07-03 16:00:00
17391,350,11770,1727,1706,2026-07-03 16:00:00
17392,2106,11770,1396,1417,2026-07-03 16:00:00
17393,1838,11772,1410,1403,2026-07-03 16:00:00
17394,2347,11772,1564,1571,2026-07-03 16:00:00
17395,467,11773,1646,1636,2026-07-03 16:00:00
17396,876,11773,1705,1715,2026-07-03 16:00:00
17397,1591,11774,1192,1184,2026-07-03 17:00:00
17398,1630,11774,1339,1346,2026-07-03 17:00:00
17399,947,11775,1748,1761,2026-07-03 17:00:00
17400,75,11775,1759,1747,2026-07-03 17:00:00
17401,1561,11776,1552,1537,2026-07-03 17:00:00
17402,2329,11776,1480,1495,2026-07-03 17:00:00
17403,2004,11777,1456,1448,2026-07-03 17:00:00
17404,1919,11777,1591,1599,2026-07-03 17:00:00
17405,2453,11778,1325,1334,2026-07-03 17:00:00
17406,1936,11778,1228,1220,2026-07-03 17:00:00
17407,1541,11779,1441,1456,2026-07-03 17:00:00
17408,2061,11779,1540,1525,2026-07-03 17:00:00
17409,1752,11783,1677,1663,2026-07-03 17:00:00
17410,764,11783,1607,1622,2026-07-03 17:00:00
17411,956,11784,1714,1716,2026-07-03 17:00:00
17412,441,11784,1292,1290,2026-07-03 17:00:00
17413,1658,11787,1786,1767,2026-07-03 17:00:00
17414,2271,11787,1541,1561,2026-07-03 17:00:00
17415,1946,11789,1290,1275,2026-07-03 18:00:00
17416,1836,11789,1201,1216,2026-07-03 18:00:00
17417,159,11792,1905,1900,2026-07-03 18:00:00
17418,1144,11792,2118,2124,2026-07-03 18:00:00
17419,1368,11793,1196,1189,2026-07-03 18:00:00
17420,182,11793,1330,1338,2026-07-03 18:00:00
17421,648,11794,1376,1383,2026-07-03 18:00:00
17422,2228,11794,1251,1243,2026-07-03 18:00:00
17423,187,11795,1376,1390,2026-07-03 18:00:00
17424,837,11795,1444,1430,2026-07-03 18:00:00
17425,239,11797,1351,1338,2026-07-03 18:00:00
17426,981,11797,1309,1323,2026-07-03 18:00:00
17427,2234,11799,1633,1622,2026-07-03 18:00:00
17428,1655,11799,1653,1664,2026-07-03 18:00:00
17429,566,11801,1320,1334,2026-07-03 18:00:00
17430,1159,11801,1367,1354,2026-07-03 18:00:00
17431,1158,11802,1543,1547,2026-07-03 18:00:00
17432,1609,11802,1280,1276,2026-07-03 18:00:00
17433,1599,11803,1298,1287,2026-07-03 18:00:00
17434,1633,11803,1317,1328,2026-07-03 18:00:00
17435,2183,11804,1688,1674,2026-07-03 18:00:00
17436,407,11804,1618,1632,2026-07-03 18:00:00
17437,728,11805,1360,1349,2026-07-03 18:00:00
17438,2405,11805,1371,1383,2026-07-03 18:00:00
17439,853,11806,1644,1636,2026-07-03 18:00:00
17440,2020,11806,1768,1776,2026-07-03 18:00:00
17441,1060,11807,1682,1668,2026-07-03 18:00:00
17442,1340,11807,1636,1650,2026-07-03 18:00:00
17443,1696,11808,1724,1727,2026-07-03 19:00:00
17444,517,11808,1376,1373,2026-07-03 19:00:00
17445,1228,11810,1091,1104,2026-07-03 19:00:00
17446,2358,11810,1124,1111,2026-07-03 19:00:00
17447,1361,11811,1454,1450,2026-07-03 19:00:00
17448,910,11811,1738,1742,2026-07-03 19:00:00
17449,1903,11812,1231,1222,2026-07-03 19:00:00
17450,2261,11812,1306,1315,2026-07-03 19:00:00
17451,1461,11813,1499,1507,2026-07-03 19:00:00
17452,1108,11813,1361,1353,2026-07-03 19:00:00
17453,196,11815,1743,1748,2026-07-03 19:00:00
17454,649,11815,1520,1515,2026-07-03 19:00:00
17455,1429,11819,1413,1429,2026-07-03 19:00:00
17456,745,11819,1534,1518,2026-07-03 19:00:00
17457,431,11820,1546,1556,2026-07-03 19:00:00
17458,2011,11820,1487,1477,2026-07-03 19:00:00
17459,1758,11821,1335,1326,2026-07-03 19:00:00
17460,1389,11821,1414,1424,2026-07-03 19:00:00
17461,974,11822,1531,1542,2026-07-03 19:00:00
17462,1467,11822,1481,1470,2026-07-03 19:00:00
17463,1574,11824,1770,1757,2026-07-03 19:00:00
17464,721,11824,1749,1762,2026-07-03 19:00:00
17465,547,11827,1331,1325,2026-07-03 19:00:00
17466,1330,11827,1489,1496,2026-07-03 19:00:00
17467,455,11828,1229,1222,2026-07-03 19:00:00
17468,1423,11828,1360,1367,2026-07-03 19:00:00
17469,942,11829,1328,1320,2026-07-03 19:00:00
17470,872,11829,1438,1447,2026-07-03 19:00:00
17471,397,11831,1549,1539,2026-07-03 20:00:00
17472,139,11831,1621,1630,2026-07-03 20:00:00
17473,1018,11832,1421,1414,2026-07-03 20:00:00
17474,2444,11832,1561,1568,2026-07-03 20:00:00
17475,229,11833,1605,1598,2026-07-03 20:00:00
17476,910,11833,1742,1749,2026-07-03 20:00:00
17477,1688,11834,1534,1517,2026-07-03 20:00:00
17478,2010,11834,1384,1401,2026-07-03 20:00:00
17479,1894,11835,1586,1595,2026-07-03 20:00:00
17480,1461,11835,1507,1497,2026-07-03 20:00:00
17481,676,11836,1838,1826,2026-07-03 20:00:00
17482,1238,11836,1833,1845,2026-07-03 20:00:00
17483,2281,11837,1692,1678,2026-07-03 20:00:00
17484,2033,11837,1637,1650,2026-07-03 20:00:00
17485,1775,11838,1522,1513,2026-07-03 20:00:00
17486,650,11838,1593,1603,2026-07-03 20:00:00
17487,1863,11840,1777,1786,2026-07-03 20:00:00
17488,1335,11840,1685,1676,2026-07-03 20:00:00
17489,1783,11841,1553,1543,2026-07-03 20:00:00
17490,578,11841,1618,1628,2026-07-03 20:00:00
17491,1384,11842,1372,1361,2026-07-03 20:00:00
17492,2487,11842,1413,1424,2026-07-03 20:00:00
17493,2251,11844,1338,1349,2026-07-03 20:00:00
17494,1778,11844,1284,1274,2026-07-03 20:00:00
17495,550,11847,1884,1887,2026-07-03 21:00:00
17496,432,11847,1556,1553,2026-07-03 21:00:00
17497,1803,11848,1372,1363,2026-07-03 21:00:00
17498,471,11848,1467,1475,2026-07-03 21:00:00
17499,2406,11850,1705,1696,2026-07-03 21:00:00
17500,1254,11850,1798,1807,2026-07-03 21:00:00
17501,1365,11852,1841,1844,2026-07-03 21:00:00
17502,2397,11852,1481,1478,2026-07-03 21:00:00
17503,1415,11853,1364,1378,2026-07-03 21:00:00
17504,451,11853,1402,1389,2026-07-03 21:00:00
17505,299,11855,1350,1367,2026-07-03 21:00:00
17506,1643,11855,1507,1490,2026-07-03 21:00:00
17507,1444,11856,1265,1257,2026-07-03 21:00:00
17508,1349,11856,1375,1383,2026-07-03 21:00:00
17509,2333,11857,1724,1736,2026-07-03 21:00:00
17510,236,11857,1711,1699,2026-07-03 21:00:00
17511,2353,11859,1625,1613,2026-07-03 21:00:00
17512,1077,11859,1630,1642,2026-07-03 21:00:00
17513,303,11860,1623,1633,2026-07-03 21:00:00
17514,592,11860,1574,1564,2026-07-03 21:00:00
17515,337,11861,1552,1539,2026-07-03 21:00:00
17516,12,11861,1501,1515,2026-07-03 21:00:00
17517,273,11862,1483,1467,2026-07-03 21:00:00
17518,1297,11862,1376,1392,2026-07-03 21:00:00
17519,1600,11863,1304,1314,2026-07-03 21:00:00
17520,1264,11863,1251,1240,2026-07-03 21:00:00
17521,2090,11866,1790,1803,2026-07-03 22:00:00
17522,787,11866,1831,1818,2026-07-03 22:00:00
17523,1987,11867,1129,1117,2026-07-03 22:00:00
17524,1868,11867,1155,1166,2026-07-03 22:00:00
17525,1394,11868,1739,1728,2026-07-03 22:00:00
17526,183,11868,1740,1752,2026-07-03 22:00:00
17527,901,11869,1598,1590,2026-07-03 22:00:00
17528,75,11869,1747,1754,2026-07-03 22:00:00
17529,566,11871,1334,1345,2026-07-03 22:00:00
17530,1569,11871,1299,1288,2026-07-03 22:00:00
17531,2097,11872,1738,1746,2026-07-03 22:00:00
17532,469,11872,1596,1589,2026-07-03 22:00:00
17533,615,11873,1629,1641,2026-07-03 22:00:00
17534,1101,11873,1604,1593,2026-07-03 22:00:00
17535,1608,11874,1296,1292,2026-07-03 22:00:00
17536,1343,11874,1570,1574,2026-07-03 22:00:00
17537,1020,11875,1497,1508,2026-07-03 22:00:00
17538,442,11875,1467,1456,2026-07-03 22:00:00
17539,425,11876,1655,1646,2026-07-03 22:00:00
17540,1685,11876,1728,1737,2026-07-03 22:00:00
17541,2244,11878,1288,1273,2026-07-03 22:00:00
17542,1648,11878,1220,1234,2026-07-03 22:00:00
17543,917,11879,1646,1633,2026-07-03 22:00:00
17544,137,11879,1617,1630,2026-07-03 22:00:00
17545,2050,11880,1427,1419,2026-07-03 22:00:00
17546,1372,11880,1537,1545,2026-07-03 22:00:00
17547,285,11881,1618,1627,2026-07-03 23:00:00
17548,2465,11881,1527,1519,2026-07-03 23:00:00
17549,802,11882,1827,1842,2026-07-03 23:00:00
17550,527,11882,1923,1908,2026-07-03 23:00:00
17551,2495,11884,1443,1453,2026-07-03 23:00:00
17552,187,11884,1390,1380,2026-07-03 23:00:00
17553,2495,11885,1453,1444,2026-07-03 23:00:00
17554,2327,11885,1541,1550,2026-07-03 23:00:00
17555,317,11886,1169,1177,2026-07-03 23:00:00
17556,245,11886,1043,1035,2026-07-03 23:00:00
17557,1529,11887,1480,1472,2026-07-03 23:00:00
17558,1741,11887,1588,1597,2026-07-03 23:00:00
17559,12,11888,1515,1523,2026-07-03 23:00:00
17560,1032,11888,1391,1383,2026-07-03 23:00:00
17561,1917,11889,1747,1735,2026-07-03 23:00:00
17562,1019,11889,1738,1750,2026-07-03 23:00:00
17563,1037,11891,1269,1260,2026-07-03 23:00:00
17564,670,11891,1346,1356,2026-07-03 23:00:00
17565,1273,11892,1888,1902,2026-07-03 23:00:00
17566,644,11892,1946,1932,2026-07-03 23:00:00
17567,2107,11893,1328,1318,2026-07-03 23:00:00
17568,372,11893,1365,1376,2026-07-03 23:00:00
17569,648,11894,1383,1392,2026-07-04 00:00:00
17570,993,11894,1292,1283,2026-07-04 00:00:00
17571,1456,11896,1591,1602,2026-07-04 00:00:00
17572,1086,11896,1549,1539,2026-07-04 00:00:00
17573,471,11897,1475,1466,2026-07-04 01:00:00
17574,1794,11897,1546,1556,2026-07-04 01:00:00
17575,2346,11898,1537,1547,2026-07-04 01:00:00
17576,1995,11898,1486,1476,2026-07-04 01:00:00
17577,1862,11899,1380,1368,2026-07-04 01:00:00
17578,16,11899,1377,1389,2026-07-04 01:00:00
17579,1196,11901,1403,1411,2026-07-04 09:00:00
17580,122,11901,1295,1287,2026-07-04 09:00:00
17581,1238,11905,1845,1833,2026-07-04 10:00:00
17582,1551,11905,1847,1859,2026-07-04 10:00:00
17583,750,11907,1325,1313,2026-07-04 10:00:00
17584,2253,11907,1324,1336,2026-07-04 10:00:00
17585,1939,11908,1860,1863,2026-07-04 10:00:00
17586,1621,11908,1542,1539,2026-07-04 10:00:00
17587,1364,11909,1561,1551,2026-07-04 10:00:00
17588,2409,11909,1620,1630,2026-07-04 10:00:00
17589,1192,11910,1364,1358,2026-07-04 10:00:00
17590,1364,11910,1551,1557,2026-07-04 10:00:00
17591,1026,11911,1538,1545,2026-07-04 10:00:00
17592,128,11911,1406,1398,2026-07-04 10:00:00
17593,2093,11912,1408,1401,2026-07-04 11:00:00
17594,1747,11912,1542,1550,2026-07-04 11:00:00
17595,1623,11913,1250,1262,2026-07-04 11:00:00
17596,811,11913,1243,1232,2026-07-04 11:00:00
17597,244,11915,1339,1347,2026-07-04 11:00:00
17598,921,11915,1208,1200,2026-07-04 11:00:00
17599,722,11916,1533,1521,2026-07-04 12:00:00
17600,1022,11916,1548,1559,2026-07-04 12:00:00
17601,1228,11917,1104,1092,2026-07-04 12:00:00
17602,2325,11917,1097,1109,2026-07-04 12:00:00
17603,999,11919,1515,1506,2026-07-04 12:00:00
17604,2098,11919,1590,1599,2026-07-04 12:00:00
17605,2310,11920,1853,1841,2026-07-04 12:00:00
17606,2404,11920,1851,1863,2026-07-04 12:00:00
17607,2128,11921,1461,1453,2026-07-04 12:00:00
17608,2191,11921,1583,1591,2026-07-04 12:00:00
17609,1297,11923,1392,1385,2026-07-04 12:00:00
17610,1940,11923,1543,1550,2026-07-04 12:00:00
17611,288,11924,1087,1096,2026-07-04 13:00:00
17612,1036,11924,988,980,2026-07-04 13:00:00
17613,37,11925,1479,1486,2026-07-04 13:00:00
17614,1233,11925,1330,1323,2026-07-04 13:00:00
17615,1102,11926,1767,1778,2026-07-04 13:00:00
17616,183,11926,1752,1741,2026-07-04 13:00:00
17617,2250,11928,1943,1954,2026-07-04 13:00:00
17618,1502,11928,1916,1905,2026-07-04 13:00:00
17619,541,11929,1452,1449,2026-07-04 13:00:00
17620,859,11929,1742,1746,2026-07-04 13:00:00
17621,1524,11931,1295,1287,2026-07-04 14:00:00
17622,1763,11931,1416,1424,2026-07-04 14:00:00
17623,471,11932,1466,1478,2026-07-04 14:00:00
17624,1062,11932,1477,1465,2026-07-04 14:00:00
17625,905,11933,1583,1569,2026-07-04 14:00:00
17626,2273,11933,1530,1544,2026-07-04 14:00:00
17627,176,11934,1587,1578,2026-07-04 14:00:00
17628,420,11934,1677,1686,2026-07-04 14:00:00
17629,127,11935,1542,1528,2026-07-04 14:00:00
17630,2190,11935,1465,1480,2026-07-04 14:00:00
17631,1181,11936,1656,1665,2026-07-04 14:00:00
17632,2158,11936,1574,1564,2026-07-04 14:00:00
17633,916,11937,1186,1194,2026-07-04 15:00:00
17634,1799,11937,1060,1052,2026-07-04 15:00:00
17635,1739,11938,1601,1587,2026-07-04 15:00:00
17636,2231,11938,1533,1547,2026-07-04 15:00:00
17637,632,11939,1455,1445,2026-07-04 15:00:00
17638,1795,11939,1509,1519,2026-07-04 15:00:00
17639,2289,11940,1961,1968,2026-07-04 15:00:00
17640,2091,11940,1819,1812,2026-07-04 15:00:00
17641,2399,11941,1346,1361,2026-07-04 15:00:00
17642,2066,11941,1432,1417,2026-07-04 15:00:00
17643,2044,11942,1560,1552,2026-07-04 15:00:00
17644,2439,11942,1694,1701,2026-07-04 15:00:00
17645,2065,11945,1210,1203,2026-07-04 16:00:00
17646,992,11945,1359,1366,2026-07-04 16:00:00
17647,2331,11946,1849,1855,2026-07-04 16:00:00
17648,1347,11946,1627,1621,2026-07-04 16:00:00
17649,154,11947,1274,1282,2026-07-04 16:00:00
17650,1521,11947,1170,1161,2026-07-04 16:00:00
17651,862,11949,1520,1511,2026-07-04 17:00:00
17652,1308,11949,1623,1631,2026-07-04 17:00:00
17653,1278,11950,1728,1737,2026-07-04 17:00:00
17654,434,11950,1656,1646,2026-07-04 17:00:00
17655,116,11951,1806,1814,2026-07-04 17:00:00
17656,2482,11951,1688,1680,2026-07-04 17:00:00
17657,1102,11952,1778,1788,2026-07-04 17:00:00
17658,1458,11952,1721,1711,2026-07-04 17:00:00
17659,1029,11953,1835,1823,2026-07-04 17:00:00
17660,1551,11953,1859,1870,2026-07-04 17:00:00
17661,1775,11955,1513,1520,2026-07-04 17:00:00
17662,1710,11955,1366,1359,2026-07-04 17:00:00
17663,2097,11956,1746,1757,2026-07-04 17:00:00
17664,2445,11956,1731,1719,2026-07-04 17:00:00
17665,2453,11957,1334,1344,2026-07-04 17:00:00
17666,2483,11957,1294,1284,2026-07-04 17:00:00
17667,1057,11958,1561,1547,2026-07-04 17:00:00
17668,674,11958,1500,1514,2026-07-04 17:00:00
17669,741,11959,1406,1401,2026-07-04 17:00:00
17670,830,11959,1624,1629,2026-07-04 17:00:00
17671,437,11962,1776,1763,2026-07-04 17:00:00
17672,1286,11962,1737,1750,2026-07-04 17:00:00
17673,1714,11963,1794,1803,2026-07-04 17:00:00
17674,1945,11963,1686,1678,2026-07-04 17:00:00
17675,2093,11966,1401,1398,2026-07-04 18:00:00
17676,2141,11966,1748,1750,2026-07-04 18:00:00
17677,1369,11968,1309,1299,2026-07-04 18:00:00
17678,1415,11968,1378,1387,2026-07-04 18:00:00
17679,263,11969,1357,1347,2026-07-04 18:00:00
17680,2387,11969,1410,1421,2026-07-04 18:00:00
17681,553,11972,1400,1389,2026-07-04 18:00:00
17682,1303,11972,1438,1448,2026-07-04 18:00:00
17683,1109,11973,1486,1500,2026-07-04 18:00:00
17684,223,11973,1543,1529,2026-07-04 18:00:00
17685,2487,11974,1424,1431,2026-07-04 18:00:00
17686,504,11974,1287,1279,2026-07-04 18:00:00
17687,238,11975,1592,1588,2026-07-04 18:00:00
17688,1413,11975,1850,1855,2026-07-04 18:00:00
17689,2013,11977,1749,1737,2026-07-04 18:00:00
17690,756,11977,1727,1739,2026-07-04 18:00:00
17691,623,11978,1432,1442,2026-07-04 18:00:00
17692,661,11978,1386,1376,2026-07-04 18:00:00
17693,2068,11979,1431,1445,2026-07-04 18:00:00
17694,486,11979,1502,1488,2026-07-04 18:00:00
17695,751,11981,1369,1362,2026-07-04 19:00:00
17696,443,11981,1504,1511,2026-07-04 19:00:00
17697,63,11982,1610,1616,2026-07-04 19:00:00
17698,768,11982,1412,1406,2026-07-04 19:00:00
17699,1368,11983,1189,1180,2026-07-04 19:00:00
17700,2195,11983,1288,1296,2026-07-04 19:00:00
17701,1304,11984,971,969,2026-07-04 19:00:00
17702,125,11984,1395,1397,2026-07-04 19:00:00
17703,889,11986,1439,1421,2026-07-04 19:00:00
17704,193,11986,1232,1251,2026-07-04 19:00:00
17705,1581,11987,1684,1696,2026-07-04 19:00:00
17706,1267,11987,1693,1681,2026-07-04 19:00:00
17707,239,11989,1338,1329,2026-07-04 19:00:00
17708,1179,11989,1416,1426,2026-07-04 19:00:00
17709,2297,11990,1631,1645,2026-07-04 19:00:00
17710,2186,11990,1685,1671,2026-07-04 19:00:00
17711,1299,11991,1459,1448,2026-07-04 19:00:00
17712,2229,11991,1504,1514,2026-07-04 19:00:00
17713,854,11992,1680,1686,2026-07-04 19:00:00
17714,1643,11992,1490,1484,2026-07-04 19:00:00
17715,873,11993,1756,1747,2026-07-04 19:00:00
17716,2404,11993,1863,1871,2026-07-04 19:00:00
17717,1052,11994,1343,1354,2026-07-04 19:00:00
17718,1306,11994,1313,1302,2026-07-04 19:00:00
17719,43,11995,1691,1698,2026-07-04 19:00:00
17720,2485,11995,1543,1536,2026-07-04 19:00:00
17721,1023,11996,1717,1726,2026-07-04 19:00:00
17722,830,11996,1629,1620,2026-07-04 19:00:00
17723,1530,11997,1635,1647,2026-07-04 19:00:00
17724,226,11997,1635,1623,2026-07-04 19:00:00
17725,33,12001,1643,1634,2026-07-04 20:00:00
17726,2142,12001,1749,1758,2026-07-04 20:00:00
17727,980,12003,1377,1369,2026-07-04 20:00:00
17728,2463,12003,1499,1507,2026-07-04 20:00:00
17729,1528,12005,1707,1721,2026-07-04 20:00:00
17730,196,12005,1748,1735,2026-07-04 20:00:00
17731,196,12006,1735,1750,2026-07-04 20:00:00
17732,1238,12006,1833,1818,2026-07-04 20:00:00
17733,2018,12007,1372,1364,2026-07-04 20:00:00
17734,94,12007,1501,1508,2026-07-04 20:00:00
17735,1528,12008,1721,1729,2026-07-04 20:00:00
17736,1213,12008,1611,1603,2026-07-04 20:00:00
17737,2357,12009,1483,1490,2026-07-04 20:00:00
17738,1401,12009,1320,1313,2026-07-04 20:00:00
17739,2153,12010,1481,1468,2026-07-04 20:00:00
17740,1605,12010,1451,1464,2026-07-04 20:00:00
17741,1349,12011,1383,1370,2026-07-04 20:00:00
17742,419,12011,1348,1361,2026-07-04 20:00:00
17743,1802,12012,1632,1643,2026-07-04 20:00:00
17744,622,12012,1613,1601,2026-07-04 20:00:00
17745,472,12014,1702,1687,2026-07-04 20:00:00
17746,323,12014,1607,1622,2026-07-04 20:00:00
17747,906,12017,1395,1386,2026-07-04 20:00:00
17748,1173,12017,1477,1486,2026-07-04 20:00:00
17749,1808,12020,1603,1615,2026-07-04 21:00:00
17750,538,12020,1628,1615,2026-07-04 21:00:00
17751,929,12023,1394,1385,2026-07-04 21:00:00
17752,257,12023,1482,1491,2026-07-04 21:00:00
17753,255,12027,1391,1396,2026-07-04 21:00:00
17754,621,12027,1156,1151,2026-07-04 21:00:00
17755,2087,12028,1677,1664,2026-07-04 21:00:00
17756,548,12028,1661,1673,2026-07-04 21:00:00
17757,56,12029,1362,1370,2026-07-04 21:00:00
17758,1007,12029,1238,1230,2026-07-04 21:00:00
17759,2065,12030,1203,1195,2026-07-04 21:00:00
17760,2430,12030,1302,1310,2026-07-04 21:00:00
17761,1528,12031,1729,1741,2026-07-04 21:00:00
17762,183,12031,1741,1728,2026-07-04 21:00:00
17763,2018,12032,1364,1354,2026-07-04 21:00:00
17764,958,12032,1436,1445,2026-07-04 21:00:00
17765,1922,12033,1795,1806,2026-07-04 21:00:00
17766,1699,12033,1765,1754,2026-07-04 21:00:00
17767,566,12036,1345,1335,2026-07-04 21:00:00
17768,713,12036,1400,1410,2026-07-04 21:00:00
17769,318,12038,1319,1312,2026-07-04 21:00:00
17770,1266,12038,1448,1456,2026-07-04 21:00:00
17771,1132,12039,1916,1902,2026-07-04 21:00:00
17772,1939,12039,1863,1877,2026-07-04 21:00:00
17773,756,12040,1739,1749,2026-07-04 21:00:00
17774,1053,12040,1653,1644,2026-07-04 21:00:00
17775,902,12044,1633,1642,2026-07-04 21:00:00
17776,61,12044,1538,1530,2026-07-04 21:00:00
17777,1350,12045,1242,1233,2026-07-04 21:00:00
17778,2046,12045,1335,1344,2026-07-04 21:00:00
17779,1877,12047,1429,1436,2026-07-04 21:00:00
17780,147,12047,1283,1276,2026-07-04 21:00:00
17781,2141,12048,1750,1764,2026-07-04 22:00:00
17782,2389,12048,1786,1773,2026-07-04 22:00:00
17783,1095,12049,1252,1245,2026-07-04 22:00:00
17784,648,12049,1392,1400,2026-07-04 22:00:00
17785,304,12050,1503,1491,2026-07-04 22:00:00
17786,2463,12050,1507,1519,2026-07-04 22:00:00
17787,432,12051,1553,1562,2026-07-04 22:00:00
17788,537,12051,1450,1442,2026-07-04 22:00:00
17789,125,12052,1397,1409,2026-07-04 22:00:00
17790,1415,12052,1387,1376,2026-07-04 22:00:00
17791,176,12053,1578,1566,2026-07-04 22:00:00
17792,1739,12053,1587,1598,2026-07-04 22:00:00
17793,1968,12054,1667,1653,2026-07-04 22:00:00
17794,2234,12054,1622,1635,2026-07-04 22:00:00
17795,1210,12055,1141,1134,2026-07-04 22:00:00
17796,886,12055,1290,1297,2026-07-04 22:00:00
17797,977,12058,1576,1584,2026-07-04 22:00:00
17798,1508,12058,1461,1453,2026-07-04 22:00:00
17799,953,12059,1420,1426,2026-07-04 22:00:00
17800,2474,12059,1210,1205,2026-07-04 22:00:00
17801,104,12060,1797,1804,2026-07-04 22:00:00
17802,377,12060,1657,1650,2026-07-04 22:00:00
17803,2121,12062,1151,1143,2026-07-04 22:00:00
17804,1390,12062,1273,1281,2026-07-04 22:00:00
17805,2076,12063,1771,1779,2026-07-04 22:00:00
17806,1422,12063,1644,1636,2026-07-04 22:00:00
17807,1249,12064,1389,1375,2026-07-04 22:00:00
17808,565,12064,1318,1332,2026-07-04 22:00:00
17809,1714,12065,1803,1809,2026-07-04 22:00:00
17810,467,12065,1636,1629,2026-07-04 22:00:00
17811,1278,12067,1737,1740,2026-07-04 23:00:00
17812,1859,12067,1399,1396,2026-07-04 23:00:00
17813,2327,12068,1550,1556,2026-07-04 23:00:00
17814,239,12068,1329,1323,2026-07-04 23:00:00
17815,2467,12069,1533,1522,2026-07-04 23:00:00
17816,2243,12069,1564,1575,2026-07-04 23:00:00
17817,45,12070,1111,1109,2026-07-04 23:00:00
17818,1517,12070,1490,1492,2026-07-04 23:00:00
17819,1089,12072,1746,1732,2026-07-04 23:00:00
17820,1945,12072,1678,1692,2026-07-04 23:00:00
17821,2465,12073,1519,1508,2026-07-05 00:00:00
17822,905,12073,1569,1579,2026-07-05 00:00:00
17823,1698,12075,1273,1268,2026-07-05 00:00:00
17824,2300,12075,1513,1518,2026-07-05 00:00:00
17825,550,12076,1887,1896,2026-07-05 01:00:00
17826,1254,12076,1807,1798,2026-07-05 01:00:00
17827,2471,12077,1697,1685,2026-07-05 01:00:00
17828,600,12077,1690,1702,2026-07-05 01:00:00
17829,1889,12079,1876,1884,2026-07-05 01:00:00
17830,2218,12079,1751,1743,2026-07-05 01:00:00
17831,2235,12080,1138,1153,2026-07-05 01:00:00
17832,2426,12080,1213,1198,2026-07-05 01:00:00
17833,917,12081,1633,1620,2026-07-05 01:00:00
17834,448,12081,1601,1614,2026-07-05 01:00:00
17835,2294,12082,1374,1383,2026-07-05 01:00:00
17836,1823,12082,1302,1293,2026-07-05 01:00:00
17837,465,12083,1484,1476,2026-07-05 09:00:00
17838,2366,12083,1605,1613,2026-07-05 09:00:00
17839,244,12084,1347,1339,2026-07-05 09:00:00
17840,376,12084,1483,1490,2026-07-05 09:00:00
17841,844,12085,1628,1614,2026-07-05 09:00:00
17842,821,12085,1579,1592,2026-07-05 09:00:00
17843,261,12086,1432,1425,2026-07-05 10:00:00
17844,1937,12086,1585,1592,2026-07-05 10:00:00
17845,419,12087,1361,1349,2026-07-05 10:00:00
17846,1349,12087,1370,1381,2026-07-05 10:00:00
17847,970,12089,1557,1560,2026-07-05 12:00:00
17848,841,12089,1225,1222,2026-07-05 12:00:00
17849,1266,12090,1456,1470,2026-07-05 12:00:00
17850,2239,12090,1520,1505,2026-07-05 12:00:00
17851,2176,12091,1324,1316,2026-07-05 12:00:00
17852,1508,12091,1453,1461,2026-07-05 12:00:00
17853,2326,12092,1232,1224,2026-07-05 12:00:00
17854,267,12092,1368,1376,2026-07-05 12:00:00
17855,1852,12093,1567,1578,2026-07-05 13:00:00
17856,287,12093,1535,1524,2026-07-05 13:00:00
17857,2317,12094,1441,1455,2026-07-05 13:00:00
17858,643,12094,1481,1468,2026-07-05 13:00:00
17859,1367,12096,1775,1767,2026-07-05 13:00:00
17860,2361,12096,1890,1898,2026-07-05 13:00:00
17861,1589,12097,1508,1520,2026-07-05 13:00:00
17862,1034,12097,1506,1494,2026-07-05 13:00:00
17863,1291,12098,1431,1420,2026-07-05 13:00:00
17864,314,12098,1459,1470,2026-07-05 13:00:00
17865,566,12099,1335,1320,2026-07-05 13:00:00
17866,2435,12099,1270,1284,2026-07-05 13:00:00
17867,1292,12100,1260,1253,2026-07-05 14:00:00
17868,1138,12100,1392,1400,2026-07-05 14:00:00
17869,2292,12101,1490,1495,2026-07-05 14:00:00
17870,1292,12101,1253,1248,2026-07-05 14:00:00
17871,862,12102,1511,1503,2026-07-05 14:00:00
17872,198,12102,1613,1621,2026-07-05 14:00:00
17873,1795,12103,1519,1512,2026-07-05 14:00:00
17874,1025,12103,1660,1668,2026-07-05 14:00:00
17875,929,12104,1385,1373,2026-07-05 14:00:00
17876,125,12104,1409,1420,2026-07-05 14:00:00
17877,827,12107,1434,1426,2026-07-05 14:00:00
17878,1057,12107,1547,1555,2026-07-05 14:00:00
17879,1819,12109,1397,1389,2026-07-05 14:00:00
17880,1311,12109,1502,1510,2026-07-05 14:00:00
17881,486,12110,1488,1500,2026-07-05 14:00:00
17882,2370,12110,1500,1488,2026-07-05 14:00:00
17883,1399,12111,1456,1452,2026-07-05 15:00:00
17884,1528,12111,1741,1745,2026-07-05 15:00:00
17885,1082,12112,1814,1820,2026-07-05 15:00:00
17886,1414,12112,1629,1622,2026-07-05 15:00:00
17887,799,12113,1270,1256,2026-07-05 15:00:00
17888,243,12113,1199,1214,2026-07-05 15:00:00
17889,144,12115,1350,1335,2026-07-05 16:00:00
17890,1946,12115,1275,1290,2026-07-05 16:00:00
17891,1047,12116,1571,1563,2026-07-05 16:00:00
17892,2406,12116,1696,1704,2026-07-05 16:00:00
17893,1572,12117,1390,1379,2026-07-05 16:00:00
17894,1179,12117,1426,1437,2026-07-05 16:00:00
17895,2335,12118,1758,1751,2026-07-05 16:00:00
17896,527,12118,1908,1915,2026-07-05 16:00:00
17897,244,12119,1339,1330,2026-07-05 16:00:00
17898,1650,12119,1425,1434,2026-07-05 16:00:00
17899,186,12122,1594,1602,2026-07-05 16:00:00
17900,990,12122,1457,1450,2026-07-05 16:00:00
17901,2044,12123,1552,1540,2026-07-05 16:00:00
17902,684,12123,1556,1568,2026-07-05 16:00:00
17903,523,12124,1451,1438,2026-07-05 16:00:00
17904,2028,12124,1400,1414,2026-07-05 16:00:00
17905,1588,12126,1733,1741,2026-07-05 17:00:00
17906,63,12126,1616,1608,2026-07-05 17:00:00
17907,1828,12128,1188,1177,2026-07-05 17:00:00
17908,855,12128,1224,1235,2026-07-05 17:00:00
17909,1492,12130,1783,1792,2026-07-05 17:00:00
17910,944,12130,1679,1670,2026-07-05 17:00:00
17911,1173,12131,1486,1490,2026-07-05 17:00:00
17912,563,12131,1198,1194,2026-07-05 17:00:00
17913,676,12134,1826,1815,2026-07-05 18:00:00
17914,802,12134,1842,1854,2026-07-05 18:00:00
17915,2272,12136,1739,1730,2026-07-05 18:00:00
17916,2393,12136,1832,1841,2026-07-05 18:00:00
17917,1557,12137,1674,1688,2026-07-05 18:00:00
17918,2333,12137,1736,1721,2026-07-05 18:00:00
17919,2053,12138,1872,1874,2026-07-05 18:00:00
17920,2190,12138,1480,1478,2026-07-05 18:00:00
17921,1706,12139,1359,1353,2026-07-05 18:00:00
17922,1942,12139,1562,1568,2026-07-05 18:00:00
17923,1475,12140,1601,1590,2026-07-05 18:00:00
17924,418,12140,1636,1647,2026-07-05 18:00:00
17925,1056,12141,1822,1835,2026-07-05 18:00:00
17926,1842,12141,1842,1829,2026-07-05 18:00:00
17927,2313,12142,1137,1132,2026-07-05 18:00:00
17928,1032,12142,1383,1388,2026-07-05 18:00:00
17929,2069,12143,1722,1730,2026-07-05 18:00:00
17930,1206,12143,1603,1595,2026-07-05 18:00:00
17931,2080,12145,1641,1650,2026-07-05 18:00:00
17932,1748,12145,1557,1548,2026-07-05 18:00:00
17933,1799,12148,1052,1049,2026-07-05 19:00:00
17934,1572,12148,1379,1382,2026-07-05 19:00:00
17935,861,12149,1288,1275,2026-07-05 19:00:00
17936,1623,12149,1262,1275,2026-07-05 19:00:00
17937,1178,12150,1311,1320,2026-07-05 19:00:00
17938,1113,12150,1229,1220,2026-07-05 19:00:00
17939,1347,12151,1621,1612,2026-07-05 19:00:00
17940,390,12151,1691,1701,2026-07-05 19:00:00
17941,1476,12152,1574,1590,2026-07-05 19:00:00
17942,597,12152,1679,1663,2026-07-05 19:00:00
17943,478,12154,1248,1235,2026-07-05 19:00:00
17944,2326,12154,1224,1237,2026-07-05 19:00:00
17945,1983,12155,1321,1310,2026-07-05 19:00:00
17946,2285,12155,1350,1361,2026-07-05 19:00:00
17947,367,12156,1377,1387,2026-07-05 19:00:00
17948,2480,12156,1308,1298,2026-07-05 19:00:00
17949,1163,12157,1915,1921,2026-07-05 20:00:00
17950,1696,12157,1727,1720,2026-07-05 20:00:00
17951,1844,12158,1610,1599,2026-07-05 20:00:00
17952,401,12158,1637,1648,2026-07-05 20:00:00
17953,1669,12160,1453,1440,2026-07-05 20:00:00
17954,602,12160,1411,1424,2026-07-05 20:00:00
17955,1843,12161,1466,1476,2026-07-05 20:00:00
17956,2106,12161,1417,1407,2026-07-05 20:00:00
17957,687,12162,1728,1737,2026-07-05 20:00:00
17958,535,12162,1654,1645,2026-07-05 20:00:00
17959,222,12164,1388,1376,2026-07-05 20:00:00
17960,2172,12164,1383,1395,2026-07-05 20:00:00
17961,384,12166,1650,1657,2026-07-05 21:00:00
17962,2342,12166,1485,1478,2026-07-05 21:00:00
17963,1007,12169,1230,1225,2026-07-05 21:00:00
17964,465,12169,1476,1481,2026-07-05 21:00:00
17965,2462,12170,1513,1527,2026-07-05 21:00:00
17966,1737,12170,1568,1555,2026-07-05 21:00:00
17967,1731,12172,1556,1567,2026-07-05 21:00:00
17968,2467,12172,1522,1511,2026-07-05 21:00:00
17969,257,12173,1491,1480,2026-07-05 21:00:00
17970,573,12173,1538,1548,2026-07-05 21:00:00
17971,1882,12175,1533,1518,2026-07-05 21:00:00
17972,541,12175,1449,1464,2026-07-05 21:00:00
17973,854,12176,1686,1700,2026-07-05 21:00:00
17974,2481,12176,1755,1740,2026-07-05 21:00:00
17975,1994,12177,1404,1392,2026-07-05 21:00:00
17976,2455,12177,1389,1402,2026-07-05 21:00:00
17977,977,12179,1584,1575,2026-07-05 21:00:00
17978,2127,12179,1672,1681,2026-07-05 21:00:00
17979,844,12180,1614,1597,2026-07-05 21:00:00
17980,701,12180,1468,1484,2026-07-05 21:00:00
17981,780,12181,1408,1402,2026-07-05 21:00:00
17982,2450,12181,1612,1618,2026-07-05 21:00:00
17983,1747,12183,1550,1541,2026-07-05 22:00:00
17984,664,12183,1640,1649,2026-07-05 22:00:00
17985,1213,12186,1603,1595,2026-07-05 22:00:00
17986,1458,12186,1711,1719,2026-07-05 22:00:00
17987,2311,12187,1565,1557,2026-07-05 22:00:00
17988,1370,12187,1685,1693,2026-07-05 22:00:00
17989,911,12188,1624,1635,2026-07-05 22:00:00
17990,2115,12188,1598,1587,2026-07-05 22:00:00
17991,2053,12190,1874,1882,2026-07-05 22:00:00
17992,756,12190,1749,1741,2026-07-05 22:00:00
17993,249,12191,1899,1910,2026-07-05 22:00:00
17994,1039,12191,1866,1855,2026-07-05 22:00:00
17995,854,12192,1700,1693,2026-07-05 22:00:00
17996,28,12192,1840,1847,2026-07-05 22:00:00
17997,1492,12195,1792,1776,2026-07-05 22:00:00
17998,2269,12195,1699,1714,2026-07-05 22:00:00
17999,2431,12196,1258,1248,2026-07-05 22:00:00
18000,67,12196,1311,1321,2026-07-05 22:00:00
18001,787,12198,1818,1808,2026-07-05 23:00:00
18002,1965,12198,1871,1881,2026-07-05 23:00:00
18003,722,12199,1521,1525,2026-07-06 00:00:00
18004,807,12199,1244,1240,2026-07-06 00:00:00
18005,1022,12200,1559,1570,2026-07-06 01:00:00
18006,443,12200,1511,1501,2026-07-06 01:00:00
18007,1264,12201,1240,1231,2026-07-06 01:00:00
18008,108,12201,1309,1319,2026-07-06 01:00:00
18009,1819,12202,1389,1383,2026-07-06 11:00:00
18010,2163,12202,1583,1589,2026-07-06 11:00:00
18011,1952,12204,1413,1401,2026-07-06 12:00:00
18012,1693,12204,1434,1445,2026-07-06 12:00:00
18013,205,12205,1470,1460,2026-07-06 12:00:00
18014,1613,12205,1533,1542,2026-07-06 12:00:00
18015,1244,12206,1943,1951,2026-07-06 13:00:00
18016,2177,12206,1831,1822,2026-07-06 13:00:00
18017,1022,12207,1570,1561,2026-07-06 14:00:00
18018,664,12207,1649,1658,2026-07-06 14:00:00
18019,500,12208,1546,1532,2026-07-06 16:00:00
18020,119,12208,1484,1499,2026-07-06 16:00:00
18021,1734,12209,1408,1397,2026-07-06 16:00:00
18022,1299,12209,1448,1459,2026-07-06 16:00:00
18023,17,12212,1735,1742,2026-07-06 17:00:00
18024,957,12212,1594,1586,2026-07-06 17:00:00
18025,802,12213,1854,1863,2026-07-06 17:00:00
18026,1367,12213,1767,1758,2026-07-06 17:00:00
18027,1894,12214,1595,1609,2026-07-06 17:00:00
18028,1721,12214,1661,1647,2026-07-06 17:00:00
18029,1699,12215,1754,1761,2026-07-06 17:00:00
18030,1347,12215,1612,1604,2026-07-06 17:00:00
18031,2183,12218,1674,1682,2026-07-06 17:00:00
18032,1158,12218,1547,1539,2026-07-06 17:00:00
18033,2129,12219,971,988,2026-07-06 17:00:00
18034,274,12219,1114,1097,2026-07-06 17:00:00
18035,1985,12220,1658,1668,2026-07-06 17:00:00
18036,700,12220,1588,1579,2026-07-06 17:00:00
18037,781,12221,1692,1678,2026-07-06 17:00:00
18038,1282,12221,1635,1649,2026-07-06 17:00:00
18039,1954,12222,1459,1455,2026-07-06 17:00:00
18040,1612,12222,1721,1725,2026-07-06 17:00:00
18041,998,12223,1724,1711,2026-07-06 18:00:00
18042,752,12223,1693,1706,2026-07-06 18:00:00
18043,529,12225,1595,1584,2026-07-06 19:00:00
18044,1308,12225,1631,1642,2026-07-06 19:00:00
18045,1254,12226,1798,1807,2026-07-06 19:00:00
18046,2345,12226,1705,1696,2026-07-06 19:00:00
18047,2095,12227,1649,1657,2026-07-06 19:00:00
18048,1794,12227,1556,1547,2026-07-06 19:00:00
18049,1218,12228,1178,1169,2026-07-06 19:00:00
18050,1270,12228,1257,1266,2026-07-06 19:00:00
18051,307,12230,1397,1412,2026-07-06 19:00:00
18052,2062,12230,1471,1457,2026-07-06 19:00:00
18053,1461,12231,1497,1507,2026-07-06 19:00:00
18054,2008,12231,1440,1430,2026-07-06 19:00:00
18055,1799,12233,1049,1045,2026-07-06 19:00:00
18056,1233,12233,1323,1327,2026-07-06 19:00:00
18057,1388,12234,1523,1534,2026-07-06 19:00:00
18058,2329,12234,1495,1484,2026-07-06 19:00:00
18059,1538,12235,1449,1444,2026-07-06 19:00:00
18060,240,12235,1698,1703,2026-07-06 19:00:00
18061,2270,12237,1616,1601,2026-07-06 19:00:00
18062,490,12237,1528,1543,2026-07-06 19:00:00
18063,141,12238,1474,1464,2026-07-06 19:00:00
18064,127,12238,1528,1538,2026-07-06 19:00:00
18065,852,12239,1417,1401,2026-07-06 19:00:00
18066,2480,12239,1298,1314,2026-07-06 19:00:00
18067,978,12240,1475,1460,2026-07-06 19:00:00
18068,2196,12240,1391,1405,2026-07-06 19:00:00
18069,2069,12241,1730,1734,2026-07-06 19:00:00
18070,1041,12241,1470,1466,2026-07-06 19:00:00
18071,1307,12242,1343,1352,2026-07-06 19:00:00
18072,1648,12242,1234,1226,2026-07-06 19:00:00
18073,892,12243,1631,1639,2026-07-06 19:00:00
18074,893,12243,1521,1513,2026-07-06 19:00:00
18075,2185,12246,1543,1538,2026-07-06 20:00:00
18076,805,12246,1756,1761,2026-07-06 20:00:00
18077,1926,12248,889,880,2026-07-06 20:00:00
18078,2129,12248,988,997,2026-07-06 20:00:00
18079,1794,12249,1547,1560,2026-07-06 21:00:00
18080,1028,12249,1591,1577,2026-07-06 21:00:00
18081,443,12251,1501,1489,2026-07-06 21:00:00
18082,2198,12251,1506,1518,2026-07-06 21:00:00
18083,414,12253,1564,1556,2026-07-06 21:00:00
18084,2345,12253,1696,1704,2026-07-06 21:00:00
18085,1458,12254,1719,1728,2026-07-06 21:00:00
18086,466,12254,1610,1601,2026-07-06 21:00:00
18087,1029,12256,1823,1815,2026-07-06 21:00:00
18088,527,12256,1915,1924,2026-07-06 21:00:00
18089,2010,12257,1401,1388,2026-07-06 21:00:00
18090,1622,12257,1380,1392,2026-07-06 21:00:00
18091,2047,12259,1295,1310,2026-07-06 21:00:00
18092,2236,12259,1394,1378,2026-07-06 21:00:00
18093,1633,12260,1328,1318,2026-07-06 21:00:00
18094,1505,12260,1386,1396,2026-07-06 21:00:00
18095,756,12261,1741,1756,2026-07-06 21:00:00
18096,1039,12261,1855,1840,2026-07-06 21:00:00
18097,14,12262,1848,1836,2026-07-06 21:00:00
18098,994,12262,1824,1837,2026-07-06 21:00:00
18099,1068,12264,2076,2083,2026-07-06 21:00:00
18100,1629,12264,1944,1936,2026-07-06 21:00:00
18101,1823,12265,1293,1283,2026-07-06 21:00:00
18102,1307,12265,1352,1362,2026-07-06 21:00:00
18103,214,12266,1166,1179,2026-07-06 21:00:00
18104,463,12266,1196,1183,2026-07-06 21:00:00
18105,828,12267,1554,1544,2026-07-06 22:00:00
18106,619,12267,1614,1624,2026-07-06 22:00:00
18107,2348,12268,1166,1158,2026-07-06 22:00:00
18108,2195,12268,1296,1304,2026-07-06 22:00:00
18109,1238,12269,1818,1826,2026-07-06 22:00:00
18110,1370,12269,1693,1685,2026-07-06 22:00:00
18111,959,12270,1826,1840,2026-07-06 22:00:00
18112,587,12270,1861,1847,2026-07-06 22:00:00
18113,1101,12272,1593,1579,2026-07-06 22:00:00
18114,2185,12272,1538,1552,2026-07-06 22:00:00
18115,926,12273,1539,1549,2026-07-06 22:00:00
18116,773,12273,1483,1473,2026-07-06 22:00:00
18117,1633,12276,1318,1326,2026-07-06 22:00:00
18118,317,12276,1177,1169,2026-07-06 22:00:00
18119,940,12277,1578,1570,2026-07-06 22:00:00
18120,2042,12277,1694,1702,2026-07-06 22:00:00
18121,1585,12278,1200,1197,2026-07-06 22:00:00
18122,590,12278,1548,1551,2026-07-06 22:00:00
18123,1917,12279,1735,1744,2026-07-06 22:00:00
18124,902,12279,1642,1633,2026-07-06 22:00:00
18125,229,12281,1598,1589,2026-07-07 00:00:00
18126,600,12281,1702,1711,2026-07-07 00:00:00
18127,2465,12282,1508,1497,2026-07-07 01:00:00
18128,1086,12282,1539,1550,2026-07-07 01:00:00
18129,1653,12283,1572,1580,2026-07-07 01:00:00
18130,2068,12283,1445,1438,2026-07-07 01:00:00
18131,2233,12284,1401,1390,2026-07-07 09:00:00
18132,2062,12284,1457,1467,2026-07-07 09:00:00
18133,175,12287,1191,1202,2026-07-07 10:00:00
18134,1662,12287,1164,1153,2026-07-07 10:00:00
18135,1811,12291,1385,1399,2026-07-07 12:00:00
18136,1669,12291,1440,1426,2026-07-07 12:00:00
18137,1011,12293,1500,1509,2026-07-07 13:00:00
18138,755,12293,1401,1393,2026-07-07 13:00:00
18139,1985,12296,1668,1658,2026-07-07 13:00:00
18140,2333,12296,1721,1732,2026-07-07 13:00:00
18141,1027,12297,1391,1381,2026-07-07 14:00:00
18142,579,12297,1435,1446,2026-07-07 14:00:00
18143,434,12298,1646,1655,2026-07-07 15:00:00
18144,2119,12298,1558,1549,2026-07-07 15:00:00
18145,1178,12299,1320,1310,2026-07-07 15:00:00
18146,1572,12299,1382,1392,2026-07-07 15:00:00
18147,1795,12302,1512,1521,2026-07-07 16:00:00
18148,837,12302,1430,1421,2026-07-07 16:00:00
18149,730,12303,1189,1178,2026-07-07 16:00:00
18150,1936,12303,1220,1230,2026-07-07 16:00:00
18151,2274,12306,1507,1509,2026-07-07 17:00:00
18152,775,12306,1129,1127,2026-07-07 17:00:00
18153,1028,12307,1577,1582,2026-07-07 17:00:00
18154,2118,12307,1338,1333,2026-07-07 17:00:00
18155,573,12309,1548,1538,2026-07-07 17:00:00
18156,881,12309,1601,1611,2026-07-07 17:00:00
18157,1987,12310,1117,1107,2026-07-07 17:00:00
18158,1488,12310,1173,1183,2026-07-07 17:00:00
18159,174,12311,1794,1783,2026-07-07 17:00:00
18160,676,12311,1815,1826,2026-07-07 17:00:00
18161,1810,12312,1979,1989,2026-07-07 17:00:00
18162,527,12312,1924,1914,2026-07-07 17:00:00
18163,1201,12313,1720,1728,2026-07-07 17:00:00
18164,466,12313,1601,1593,2026-07-07 17:00:00
18165,566,12314,1320,1333,2026-07-07 17:00:00
18166,328,12314,1347,1334,2026-07-07 17:00:00
18167,2367,12315,1848,1857,2026-07-07 17:00:00
18168,2097,12315,1757,1748,2026-07-07 17:00:00
18169,2110,12317,1128,1142,2026-07-07 17:00:00
18170,1521,12317,1161,1148,2026-07-07 17:00:00
18171,492,12319,1664,1651,2026-07-07 17:00:00
18172,945,12319,1648,1660,2026-07-07 17:00:00
18173,414,12321,1556,1541,2026-07-07 18:00:00
18174,1062,12321,1465,1480,2026-07-07 18:00:00
18175,193,12322,1251,1241,2026-07-07 18:00:00
18176,239,12322,1323,1333,2026-07-07 18:00:00
18177,239,12324,1333,1343,2026-07-07 18:00:00
18178,767,12324,1291,1281,2026-07-07 18:00:00
18179,1756,12328,1783,1796,2026-07-07 19:00:00
18180,1789,12328,1809,1796,2026-07-07 19:00:00
18181,320,12330,1443,1457,2026-07-07 19:00:00
18182,1129,12330,1508,1494,2026-07-07 19:00:00
18183,650,12331,1603,1588,2026-07-07 19:00:00
18184,2369,12331,1534,1548,2026-07-07 19:00:00
18185,1155,12333,1758,1767,2026-07-07 19:00:00
18186,185,12333,1674,1665,2026-07-07 19:00:00
18187,1760,12334,1594,1586,2026-07-07 19:00:00
18188,234,12334,1722,1729,2026-07-07 19:00:00
18189,7,12335,1461,1469,2026-07-07 19:00:00
18190,2018,12335,1354,1346,2026-07-07 19:00:00
18191,909,12336,1351,1364,2026-07-07 19:00:00
18192,1044,12336,1393,1380,2026-07-07 19:00:00
18193,820,12337,1365,1380,2026-07-07 19:00:00
18194,1013,12337,1461,1446,2026-07-07 19:00:00
18195,1474,12338,1510,1523,2026-07-07 19:00:00
18196,1888,12338,1526,1513,2026-07-07 19:00:00
18197,1559,12340,1368,1354,2026-07-07 19:00:00
18198,785,12340,1299,1313,2026-07-07 19:00:00
18199,1608,12341,1292,1308,2026-07-07 19:00:00
18200,1188,12341,1420,1403,2026-07-07 19:00:00
18201,646,12343,1316,1329,2026-07-07 20:00:00
18202,1881,12343,1368,1354,2026-07-07 20:00:00
18203,1353,12344,1097,1087,2026-07-07 20:00:00
18204,156,12344,1150,1160,2026-07-07 20:00:00
18205,260,12345,1589,1596,2026-07-07 20:00:00
18206,2495,12345,1444,1437,2026-07-07 20:00:00
18207,2017,12346,1696,1703,2026-07-07 20:00:00
18208,2003,12346,1550,1543,2026-07-07 20:00:00
18209,887,12347,1593,1603,2026-07-07 20:00:00
18210,1737,12347,1555,1544,2026-07-07 20:00:00
18211,297,12348,1792,1781,2026-07-07 20:00:00
18212,1040,12348,1810,1821,2026-07-07 20:00:00
18213,1389,12349,1424,1413,2026-07-07 20:00:00
18214,1437,12349,1473,1483,2026-07-07 20:00:00
18215,246,12350,1678,1686,2026-07-07 20:00:00
18216,708,12350,1535,1527,2026-07-07 20:00:00
18217,2228,12352,1243,1234,2026-07-07 21:00:00
18218,91,12352,1311,1321,2026-07-07 21:00:00
18219,688,12353,1318,1309,2026-07-07 21:00:00
18220,408,12353,1416,1425,2026-07-07 21:00:00
18221,2304,12354,1942,1950,2026-07-07 21:00:00
18222,776,12354,1833,1825,2026-07-07 21:00:00
18223,2207,12355,1815,1819,2026-07-07 21:00:00
18224,302,12355,1535,1531,2026-07-07 21:00:00
18225,560,12356,1283,1277,2026-07-07 21:00:00
18226,7,12356,1469,1475,2026-07-07 21:00:00
18227,1903,12357,1222,1215,2026-07-07 21:00:00
18228,1415,12357,1376,1383,2026-07-07 21:00:00
18229,804,12360,1480,1468,2026-07-07 21:00:00
18230,92,12360,1489,1501,2026-07-07 21:00:00
18231,2196,12362,1405,1417,2026-07-07 21:00:00
18232,852,12362,1401,1389,2026-07-07 21:00:00
18233,978,12363,1460,1454,2026-07-07 21:00:00
18234,391,12363,1621,1628,2026-07-07 21:00:00
18235,1201,12364,1728,1736,2026-07-07 22:00:00
18236,260,12364,1596,1589,2026-07-07 22:00:00
18237,1540,12365,1622,1612,2026-07-07 22:00:00
18238,548,12365,1673,1683,2026-07-07 22:00:00
18239,1113,12366,1220,1215,2026-07-07 22:00:00
18240,1222,12366,1448,1453,2026-07-07 22:00:00
18241,51,12370,1449,1440,2026-07-07 22:00:00
18242,295,12370,1541,1550,2026-07-07 22:00:00
18243,269,12371,1341,1354,2026-07-07 22:00:00
18244,1357,12371,1375,1361,2026-07-07 22:00:00
18245,772,12372,1222,1213,2026-07-07 23:00:00
18246,688,12372,1309,1318,2026-07-07 23:00:00
18247,1219,12373,1448,1463,2026-07-07 23:00:00
18248,2273,12373,1544,1529,2026-07-07 23:00:00
18249,373,12374,1770,1756,2026-07-07 23:00:00
18250,1522,12374,1704,1718,2026-07-07 23:00:00
18251,1675,12375,1878,1885,2026-07-07 23:00:00
18252,2272,12375,1730,1723,2026-07-07 23:00:00
18253,2142,12377,1758,1746,2026-07-08 00:00:00
18254,2006,12377,1773,1785,2026-07-08 00:00:00
18255,225,12378,1761,1753,2026-07-08 00:00:00
18256,1889,12378,1884,1892,2026-07-08 00:00:00
18257,691,12379,1687,1675,2026-07-08 01:00:00
18258,1255,12379,1696,1707,2026-07-08 01:00:00
18259,374,12381,1234,1244,2026-07-08 10:00:00
18260,1642,12381,1161,1151,2026-07-08 10:00:00
18261,807,12384,1240,1226,2026-07-08 11:00:00
18262,1368,12384,1180,1194,2026-07-08 11:00:00
18263,1808,12385,1615,1607,2026-07-08 11:00:00
18264,1606,12385,1738,1746,2026-07-08 11:00:00
18265,2362,12386,1593,1585,2026-07-08 11:00:00
18266,2167,12386,1691,1700,2026-07-08 11:00:00
18267,454,12388,1448,1436,2026-07-08 12:00:00
18268,1495,12388,1425,1438,2026-07-08 12:00:00
18269,1158,12390,1539,1549,2026-07-08 12:00:00
18270,1541,12390,1456,1447,2026-07-08 12:00:00
18271,1822,12391,1268,1278,2026-07-08 13:00:00
18272,807,12391,1226,1215,2026-07-08 13:00:00
18273,1408,12392,1639,1646,2026-07-08 14:00:00
18274,1129,12392,1494,1487,2026-07-08 14:00:00
18275,13,12393,1625,1615,2026-07-08 14:00:00
18276,647,12393,1685,1695,2026-07-08 14:00:00
18277,664,12394,1658,1647,2026-07-08 15:00:00
18278,2470,12394,1692,1703,2026-07-08 15:00:00
18279,1635,12395,1582,1589,2026-07-08 15:00:00
18280,1763,12395,1424,1417,2026-07-08 15:00:00
18281,802,12396,1863,1855,2026-07-08 15:00:00
18282,1779,12396,1972,1981,2026-07-08 15:00:00
18283,722,12398,1525,1514,2026-07-08 16:00:00
18284,1096,12398,1547,1558,2026-07-08 16:00:00
18285,1635,12401,1589,1581,2026-07-08 17:00:00
18286,2345,12401,1704,1712,2026-07-08 17:00:00
18287,1549,12402,1839,1850,2026-07-08 17:00:00
18288,787,12402,1808,1797,2026-07-08 17:00:00
18289,56,12403,1370,1380,2026-07-08 17:00:00
18290,2261,12403,1315,1305,2026-07-08 17:00:00
18291,2305,12404,1072,1065,2026-07-08 17:00:00
18292,1903,12404,1215,1222,2026-07-08 17:00:00
18293,1303,12405,1448,1458,2026-07-08 17:00:00
18294,2236,12405,1378,1369,2026-07-08 17:00:00
18295,2483,12406,1284,1291,2026-07-08 17:00:00
18296,1662,12406,1153,1145,2026-07-08 17:00:00
18297,1708,12407,1806,1811,2026-07-08 17:00:00
18298,849,12407,1556,1551,2026-07-08 17:00:00
18299,2485,12408,1536,1546,2026-07-08 17:00:00
18300,1342,12408,1479,1469,2026-07-08 17:00:00
18301,2027,12409,1499,1509,2026-07-08 17:00:00
18302,51,12409,1440,1430,2026-07-08 17:00:00
18303,952,12410,1275,1260,2026-07-08 18:00:00
18304,1591,12410,1184,1199,2026-07-08 18:00:00
18305,2058,12414,1666,1677,2026-07-08 18:00:00
18306,473,12414,1621,1611,2026-07-08 18:00:00
18307,2190,12415,1478,1470,2026-07-08 18:00:00
18308,2258,12415,1626,1634,2026-07-08 18:00:00
18309,65,12416,1525,1533,2026-07-08 18:00:00
18310,603,12416,1413,1404,2026-07-08 18:00:00
18311,1037,12417,1260,1249,2026-07-08 18:00:00
18312,143,12417,1307,1317,2026-07-08 18:00:00
18313,1620,12419,1503,1492,2026-07-08 19:00:00
18314,2273,12419,1529,1540,2026-07-08 19:00:00
18315,443,12420,1489,1476,2026-07-08 19:00:00
18316,1219,12420,1463,1476,2026-07-08 19:00:00
18317,2427,12421,1209,1200,2026-07-08 19:00:00
18318,1946,12421,1290,1299,2026-07-08 19:00:00
18319,2340,12424,1500,1489,2026-07-08 19:00:00
18320,170,12424,1507,1518,2026-07-08 19:00:00
18321,2467,12425,1511,1523,2026-07-08 19:00:00
18322,360,12425,1496,1484,2026-07-08 19:00:00
18323,2008,12426,1430,1425,2026-07-08 19:00:00
18324,300,12426,1675,1680,2026-07-08 19:00:00
18325,1675,12427,1885,1896,2026-07-08 19:00:00
18326,2331,12427,1855,1844,2026-07-08 19:00:00
18327,1749,12429,1672,1682,2026-07-08 19:00:00
18328,1990,12429,1609,1599,2026-07-08 19:00:00
18329,2091,12430,1812,1795,2026-07-08 19:00:00
18330,561,12430,1680,1696,2026-07-08 19:00:00
18331,206,12431,1448,1439,2026-07-08 19:00:00
18332,1075,12431,1554,1563,2026-07-08 19:00:00
18333,2083,12432,1710,1714,2026-07-08 19:00:00
18334,253,12432,1413,1409,2026-07-08 19:00:00
18335,1563,12433,1635,1641,2026-07-08 19:00:00
18336,2079,12433,1448,1442,2026-07-08 19:00:00
18337,1324,12434,1572,1562,2026-07-08 19:00:00
18338,1080,12434,1610,1621,2026-07-08 19:00:00
18339,1339,12435,1675,1679,2026-07-08 19:00:00
18340,1297,12435,1385,1381,2026-07-08 19:00:00
18341,807,12436,1215,1211,2026-07-08 20:00:00
18342,2072,12436,1507,1511,2026-07-08 20:00:00
18343,502,12437,1412,1426,2026-07-08 20:00:00
18344,443,12437,1476,1462,2026-07-08 20:00:00
18345,619,12439,1624,1616,2026-07-08 20:00:00
18346,1588,12439,1741,1749,2026-07-08 20:00:00
18347,2260,12441,1449,1461,2026-07-08 20:00:00
18348,2298,12441,1452,1440,2026-07-08 20:00:00
18349,1499,12442,1504,1495,2026-07-08 20:00:00
18350,1347,12442,1604,1613,2026-07-08 20:00:00
18351,561,12444,1696,1709,2026-07-08 20:00:00
18352,236,12444,1699,1687,2026-07-08 20:00:00
18353,2384,12445,1439,1443,2026-07-08 20:00:00
18354,638,12445,1158,1154,2026-07-08 20:00:00
18355,953,12446,1426,1417,2026-07-08 20:00:00
18356,1909,12446,1520,1529,2026-07-08 20:00:00
18357,2132,12447,1517,1509,2026-07-08 20:00:00
18358,1720,12447,1640,1648,2026-07-08 20:00:00
18359,1398,12448,1814,1798,2026-07-08 20:00:00
18360,647,12448,1695,1711,2026-07-08 20:00:00
18361,1489,12449,1347,1334,2026-07-08 20:00:00
18362,179,12449,1328,1341,2026-07-08 20:00:00
18363,1619,12450,1604,1612,2026-07-08 21:00:00
18364,2342,12450,1478,1470,2026-07-08 21:00:00
18365,2087,12451,1664,1672,2026-07-08 21:00:00
18366,573,12451,1538,1530,2026-07-08 21:00:00
18367,319,12452,1224,1221,2026-07-08 21:00:00
18368,650,12452,1588,1591,2026-07-08 21:00:00
18369,2378,12454,1232,1248,2026-07-08 21:00:00
18370,1964,12454,1345,1329,2026-07-08 21:00:00
18371,1067,12455,1547,1564,2026-07-08 21:00:00
18372,781,12455,1678,1662,2026-07-08 21:00:00
18373,625,12456,1164,1154,2026-07-08 21:00:00
18374,375,12456,1224,1234,2026-07-08 21:00:00
18375,1023,12457,1726,1729,2026-07-08 21:00:00
18376,222,12457,1376,1373,2026-07-08 21:00:00
18377,1892,12458,1446,1456,2026-07-08 21:00:00
18378,470,12458,1382,1372,2026-07-08 21:00:00
18379,643,12460,1468,1455,2026-07-08 22:00:00
18380,760,12460,1440,1453,2026-07-08 22:00:00
18381,2147,12461,1465,1456,2026-07-08 22:00:00
18382,1337,12461,1569,1578,2026-07-08 22:00:00
18383,1389,12464,1413,1403,2026-07-08 22:00:00
18384,1508,12464,1461,1471,2026-07-08 22:00:00
18385,921,12465,1200,1186,2026-07-08 22:00:00
18386,1511,12465,1157,1170,2026-07-08 22:00:00
18387,1360,12466,1721,1724,2026-07-08 22:00:00
18388,1547,12466,1331,1329,2026-07-08 22:00:00
18389,122,12467,1287,1292,2026-07-08 22:00:00
18390,117,12467,1056,1051,2026-07-08 22:00:00
18391,1744,12468,1781,1789,2026-07-08 22:00:00
18392,2375,12468,1663,1655,2026-07-08 22:00:00
18393,2232,12469,1623,1615,2026-07-08 22:00:00
18394,107,12469,1761,1768,2026-07-08 22:00:00
18395,2022,12470,1548,1559,2026-07-08 22:00:00
18396,162,12470,1546,1534,2026-07-08 22:00:00
18397,626,12471,1688,1679,2026-07-08 22:00:00
18398,73,12471,1757,1767,2026-07-08 22:00:00
18399,979,12473,1373,1389,2026-07-08 22:00:00
18400,1833,12473,1500,1484,2026-07-08 22:00:00
18401,2065,12474,1195,1183,2026-07-08 23:00:00
18402,685,12474,1215,1227,2026-07-08 23:00:00
18403,1795,12475,1521,1530,2026-07-08 23:00:00
18404,2298,12475,1440,1431,2026-07-08 23:00:00
18405,1832,12478,1328,1338,2026-07-08 23:00:00
18406,1698,12478,1268,1258,2026-07-08 23:00:00
18407,1931,12480,1888,1877,2026-07-09 01:00:00
18408,1536,12480,1930,1941,2026-07-09 01:00:00
18409,1272,12481,1589,1596,2026-07-09 09:00:00
18410,1683,12481,1442,1434,2026-07-09 09:00:00
18411,2185,12482,1552,1540,2026-07-09 10:00:00
18412,738,12482,1568,1580,2026-07-09 10:00:00
18413,1926,12483,880,871,2026-07-09 10:00:00
18414,510,12483,966,975,2026-07-09 10:00:00
18415,1745,12484,1426,1413,2026-07-09 10:00:00
18416,637,12484,1384,1397,2026-07-09 10:00:00
18417,2342,12486,1470,1457,2026-07-09 12:00:00
18418,537,12486,1442,1455,2026-07-09 12:00:00
18419,243,12487,1214,1226,2026-07-09 12:00:00
18420,1845,12487,1217,1204,2026-07-09 12:00:00
18421,1028,12488,1582,1587,2026-07-09 13:00:00
18422,779,12488,1359,1354,2026-07-09 13:00:00
18423,887,12491,1603,1589,2026-07-09 14:00:00
18424,1561,12491,1537,1552,2026-07-09 14:00:00
18425,1923,12493,1423,1414,2026-07-09 14:00:00
18426,745,12493,1518,1527,2026-07-09 14:00:00
18427,661,12495,1376,1366,2026-07-09 14:00:00
18428,1670,12495,1450,1459,2026-07-09 14:00:00
18429,919,12496,1198,1190,2026-07-09 14:00:00
18430,179,12496,1341,1348,2026-07-09 14:00:00
18431,1354,12497,1784,1792,2026-07-09 15:00:00
18432,1754,12497,1658,1651,2026-07-09 15:00:00
18433,2017,12499,1703,1715,2026-07-09 15:00:00
18434,1370,12499,1685,1674,2026-07-09 15:00:00
18435,1370,12500,1674,1680,2026-07-09 15:00:00
18436,1034,12500,1494,1488,2026-07-09 15:00:00
18437,1683,12504,1434,1432,2026-07-09 16:00:00
18438,2215,12504,1840,1842,2026-07-09 16:00:00
18439,1620,12505,1492,1502,2026-07-09 17:00:00
18440,1361,12505,1450,1440,2026-07-09 17:00:00
18441,1141,12507,1979,1988,2026-07-09 17:00:00
18442,518,12507,1878,1870,2026-07-09 17:00:00
18443,1349,12509,1381,1387,2026-07-09 17:00:00
18444,1250,12509,1193,1187,2026-07-09 17:00:00
18445,873,12510,1747,1756,2026-07-09 17:00:00
18446,1727,12510,1665,1656,2026-07-09 17:00:00
18447,1053,12511,1644,1658,2026-07-09 17:00:00
18448,1557,12511,1688,1674,2026-07-09 17:00:00
18449,2176,12512,1316,1305,2026-07-09 17:00:00
18450,1807,12512,1347,1358,2026-07-09 17:00:00
18451,404,12513,1792,1795,2026-07-09 17:00:00
18452,1670,12513,1459,1456,2026-07-09 17:00:00
18453,91,12516,1321,1335,2026-07-09 18:00:00
18454,1138,12516,1400,1385,2026-07-09 18:00:00
18455,618,12519,1467,1480,2026-07-09 18:00:00
18456,1982,12519,1506,1493,2026-07-09 18:00:00
18457,2127,12520,1681,1691,2026-07-09 18:00:00
18458,578,12520,1628,1618,2026-07-09 18:00:00
18459,389,12521,1152,1144,2026-07-09 18:00:00
18460,2085,12521,1266,1274,2026-07-09 18:00:00
18461,2421,12522,1524,1516,2026-07-09 18:00:00
18462,1899,12522,1644,1652,2026-07-09 18:00:00
18463,167,12524,1680,1665,2026-07-09 19:00:00
18464,529,12524,1584,1600,2026-07-09 19:00:00
18465,2369,12525,1548,1533,2026-07-09 19:00:00
18466,671,12525,1460,1475,2026-07-09 19:00:00
18467,17,12526,1742,1733,2026-07-09 19:00:00
18468,1462,12526,1842,1851,2026-07-09 19:00:00
18469,1201,12527,1736,1727,2026-07-09 19:00:00
18470,1238,12527,1826,1835,2026-07-09 19:00:00
18471,887,12528,1589,1597,2026-07-09 19:00:00
18472,1603,12528,1466,1458,2026-07-09 19:00:00
18473,1882,12530,1518,1507,2026-07-09 19:00:00
18474,8,12530,1529,1541,2026-07-09 19:00:00
18475,379,12532,1659,1646,2026-07-09 19:00:00
18476,1913,12532,1626,1639,2026-07-09 19:00:00
18477,1579,12533,1425,1418,2026-07-09 19:00:00
18478,2037,12533,1567,1574,2026-07-09 19:00:00
18479,1896,12534,1480,1488,2026-07-09 19:00:00
18480,50,12534,1355,1347,2026-07-09 19:00:00
18481,1018,12535,1414,1429,2026-07-09 20:00:00
18482,2292,12535,1495,1480,2026-07-09 20:00:00
18483,600,12536,1711,1697,2026-07-09 20:00:00
18484,2248,12536,1664,1678,2026-07-09 20:00:00
18485,1762,12537,1417,1433,2026-07-09 20:00:00
18486,1397,12537,1522,1507,2026-07-09 20:00:00
18487,454,12539,1436,1447,2026-07-09 20:00:00
18488,894,12539,1412,1401,2026-07-09 20:00:00
18489,1102,12540,1788,1777,2026-07-09 20:00:00
18490,2324,12540,1809,1820,2026-07-09 20:00:00
18491,125,12541,1420,1411,2026-07-09 20:00:00
18492,2462,12541,1527,1535,2026-07-09 20:00:00
18493,265,12542,1358,1346,2026-07-09 20:00:00
18494,1192,12542,1358,1370,2026-07-09 20:00:00
18495,2036,12543,1891,1903,2026-07-09 20:00:00
18496,2404,12543,1871,1860,2026-07-09 20:00:00
18497,1057,12544,1555,1568,2026-07-09 20:00:00
18498,238,12544,1588,1574,2026-07-09 20:00:00
18499,2149,12545,1301,1308,2026-07-09 20:00:00
18500,2306,12545,1159,1152,2026-07-09 20:00:00
18501,749,12546,1536,1543,2026-07-09 20:00:00
18502,1806,12546,1386,1379,2026-07-09 20:00:00
18503,166,12547,1261,1259,2026-07-09 21:00:00
18504,1220,12547,1708,1709,2026-07-09 21:00:00
18505,1651,12548,1727,1735,2026-07-09 21:00:00
18506,198,12548,1621,1613,2026-07-09 21:00:00
18507,2496,12550,2108,2113,2026-07-09 21:00:00
18508,651,12550,1872,1867,2026-07-09 21:00:00
18509,1263,12551,1588,1574,2026-07-09 21:00:00
18510,1998,12551,1519,1533,2026-07-09 21:00:00
18511,2272,12552,1723,1712,2026-07-09 21:00:00
18512,447,12552,1763,1774,2026-07-09 21:00:00
18513,2344,12553,1413,1406,2026-07-09 21:00:00
18514,1587,12553,1557,1564,2026-07-09 21:00:00
18515,1745,12554,1413,1408,2026-07-09 21:00:00
18516,403,12554,1656,1660,2026-07-09 21:00:00
18517,1437,12555,1483,1500,2026-07-09 21:00:00
18518,331,12555,1618,1602,2026-07-09 21:00:00
18519,1420,12556,1570,1559,2026-07-09 21:00:00
18520,976,12556,1595,1606,2026-07-09 21:00:00
18521,1752,12557,1663,1647,2026-07-09 21:00:00
18522,677,12557,1573,1588,2026-07-09 21:00:00
18523,2149,12558,1308,1318,2026-07-09 21:00:00
18524,44,12558,1258,1248,2026-07-09 21:00:00
18525,815,12559,1353,1368,2026-07-09 22:00:00
18526,1944,12559,1450,1434,2026-07-09 22:00:00
18527,2024,12561,1673,1687,2026-07-09 22:00:00
18528,1651,12561,1735,1721,2026-07-09 22:00:00
18529,1756,12562,1796,1804,2026-07-09 22:00:00
18530,434,12562,1655,1648,2026-07-09 22:00:00
18531,2329,12563,1484,1493,2026-07-09 22:00:00
18532,451,12563,1389,1380,2026-07-09 22:00:00
18533,102,12564,1581,1590,2026-07-09 22:00:00
18534,458,12564,1489,1480,2026-07-09 22:00:00
18535,26,12565,1228,1215,2026-07-09 22:00:00
18536,29,12565,1209,1221,2026-07-09 22:00:00
18537,2289,12566,1968,1972,2026-07-09 22:00:00
18538,854,12566,1693,1689,2026-07-09 22:00:00
18539,1362,12568,1438,1451,2026-07-09 22:00:00
18540,1556,12568,1463,1450,2026-07-09 22:00:00
18541,600,12571,1697,1706,2026-07-09 23:00:00
18542,1535,12571,1610,1601,2026-07-09 23:00:00
18543,2228,12574,1234,1224,2026-07-10 01:00:00
18544,1946,12574,1299,1309,2026-07-10 01:00:00
18545,517,12575,1373,1382,2026-07-10 09:00:00
18546,1822,12575,1278,1270,2026-07-10 09:00:00
18547,360,12576,1484,1475,2026-07-10 10:00:00
18548,1015,12576,1564,1574,2026-07-10 10:00:00
18549,1963,12577,1344,1358,2026-07-10 10:00:00
18550,1031,12577,1398,1384,2026-07-10 10:00:00
18551,287,12578,1524,1539,2026-07-10 11:00:00
18552,198,12578,1613,1598,2026-07-10 11:00:00
18553,2056,12579,1038,1033,2026-07-10 11:00:00
18554,952,12579,1260,1265,2026-07-10 11:00:00
18555,1620,12580,1502,1490,2026-07-10 12:00:00
18556,1129,12580,1487,1499,2026-07-10 12:00:00
18557,2207,12581,1819,1832,2026-07-10 12:00:00
18558,630,12581,1856,1843,2026-07-10 12:00:00
18559,600,12582,1706,1712,2026-07-10 12:00:00
18560,412,12582,1494,1489,2026-07-10 12:00:00
18561,1354,12583,1792,1802,2026-07-10 12:00:00
18562,1278,12583,1740,1730,2026-07-10 12:00:00
18563,687,12586,1737,1726,2026-07-10 12:00:00
18564,1699,12586,1761,1773,2026-07-10 12:00:00
18565,2300,12588,1518,1508,2026-07-10 12:00:00
18566,1722,12588,1568,1578,2026-07-10 12:00:00
18567,1369,12589,1299,1290,2026-07-10 13:00:00
18568,755,12589,1393,1401,2026-07-10 13:00:00
18569,1985,12590,1658,1641,2026-07-10 13:00:00
18570,334,12590,1500,1517,2026-07-10 13:00:00
18571,2113,12591,1662,1647,2026-07-10 13:00:00
18572,1175,12591,1551,1567,2026-07-10 13:00:00
18573,1086,12593,1550,1559,2026-07-10 14:00:00
18574,471,12593,1478,1469,2026-07-10 14:00:00
18575,1937,12594,1592,1603,2026-07-10 14:00:00
18576,2119,12594,1549,1539,2026-07-10 14:00:00
18577,1462,12595,1851,1859,2026-07-10 14:00:00
18578,810,12595,1723,1715,2026-07-10 14:00:00
18579,342,12596,1627,1636,2026-07-10 14:00:00
18580,801,12596,1567,1557,2026-07-10 14:00:00
18581,1226,12598,1353,1368,2026-07-10 14:00:00
18582,258,12598,1469,1453,2026-07-10 14:00:00
18583,2484,12599,1445,1431,2026-07-10 14:00:00
18584,1423,12599,1367,1382,2026-07-10 14:00:00
18585,97,12600,1339,1351,2026-07-10 15:00:00
18586,91,12600,1335,1323,2026-07-10 15:00:00
18587,930,12602,1480,1490,2026-07-10 15:00:00
18588,602,12602,1424,1414,2026-07-10 15:00:00
18589,1102,12604,1777,1784,2026-07-10 15:00:00
18590,215,12604,1632,1624,2026-07-10 15:00:00
18591,1653,12607,1580,1585,2026-07-10 15:00:00
18592,476,12607,1369,1363,2026-07-10 15:00:00
18593,1748,12609,1548,1555,2026-07-10 15:00:00
18594,395,12609,1416,1408,2026-07-10 15:00:00
18595,2227,12610,1881,1865,2026-07-10 16:00:00
18596,2389,12610,1773,1789,2026-07-10 16:00:00
18597,2361,12613,1898,1904,2026-07-10 16:00:00
18598,810,12613,1715,1709,2026-07-10 16:00:00
18599,1664,12615,1588,1580,2026-07-10 16:00:00
18600,561,12615,1709,1717,2026-07-10 16:00:00
18601,2176,12616,1305,1296,2026-07-10 16:00:00
18602,1975,12616,1373,1382,2026-07-10 16:00:00
18603,1468,12617,1422,1411,2026-07-10 16:00:00
18604,1818,12617,1476,1486,2026-07-10 16:00:00
18605,57,12618,1499,1507,2026-07-10 16:00:00
18606,1445,12618,1398,1389,2026-07-10 16:00:00
18607,1055,12619,1285,1275,2026-07-10 16:00:00
18608,1052,12619,1354,1364,2026-07-10 16:00:00
18609,2266,12620,1439,1424,2026-07-10 16:00:00
18610,326,12620,1355,1370,2026-07-10 16:00:00
18611,537,12621,1455,1446,2026-07-10 17:00:00
18612,1022,12621,1561,1569,2026-07-10 17:00:00
18613,2389,12623,1789,1777,2026-07-10 17:00:00
18614,1789,12623,1796,1808,2026-07-10 17:00:00
18615,229,12624,1589,1599,2026-07-10 17:00:00
18616,1153,12624,1522,1512,2026-07-10 17:00:00
18617,1482,12627,1659,1671,2026-07-10 17:00:00
18618,615,12627,1641,1629,2026-07-10 17:00:00
18619,1229,12628,1511,1519,2026-07-10 17:00:00
18620,713,12628,1410,1401,2026-07-10 17:00:00
18621,617,12630,1137,1146,2026-07-10 17:00:00
18622,245,12630,1035,1026,2026-07-10 17:00:00
18623,1115,12632,1613,1620,2026-07-10 17:00:00
18624,1467,12632,1470,1463,2026-07-10 17:00:00
18625,1664,12633,1580,1589,2026-07-10 17:00:00
18626,1448,12633,1501,1491,2026-07-10 17:00:00
18627,1585,12635,1197,1189,2026-07-10 17:00:00
18628,785,12635,1313,1321,2026-07-10 17:00:00
18629,295,12636,1550,1539,2026-07-10 17:00:00
18630,2287,12636,1567,1578,2026-07-10 17:00:00
18631,375,12637,1234,1242,2026-07-10 17:00:00
18632,1751,12637,1121,1113,2026-07-10 17:00:00
18633,2257,12638,2113,2117,2026-07-10 17:00:00
18634,2388,12638,1831,1827,2026-07-10 17:00:00
18635,1890,12639,1518,1505,2026-07-10 18:00:00
18636,1620,12639,1490,1503,2026-07-10 18:00:00
18637,443,12640,1462,1452,2026-07-10 18:00:00
18638,2198,12640,1518,1528,2026-07-10 18:00:00
18639,775,12642,1127,1119,2026-07-10 18:00:00
18640,952,12642,1265,1272,2026-07-10 18:00:00
18641,1723,12644,1565,1556,2026-07-10 18:00:00
18642,1370,12644,1680,1688,2026-07-10 18:00:00
18643,342,12645,1636,1644,2026-07-10 18:00:00
18644,2329,12645,1493,1485,2026-07-10 18:00:00
18645,759,12646,1110,1104,2026-07-10 18:00:00
18646,560,12646,1277,1283,2026-07-10 18:00:00
18647,773,12647,1473,1482,2026-07-10 18:00:00
18648,339,12647,1394,1385,2026-07-10 18:00:00
18649,2027,12648,1509,1493,2026-07-10 18:00:00
18650,2172,12648,1395,1411,2026-07-10 18:00:00
18651,269,12649,1354,1359,2026-07-10 18:00:00
18652,2071,12649,1135,1130,2026-07-10 18:00:00
18653,1411,12653,1318,1331,2026-07-10 19:00:00
18654,779,12653,1354,1341,2026-07-10 19:00:00
18655,2281,12655,1678,1687,2026-07-10 19:00:00
18656,957,12655,1586,1578,2026-07-10 19:00:00
18657,1655,12656,1664,1670,2026-07-10 19:00:00
18658,2260,12656,1461,1455,2026-07-10 19:00:00
18659,1928,12657,1406,1420,2026-07-10 19:00:00
18660,2004,12657,1448,1435,2026-07-10 19:00:00
18661,1370,12659,1688,1674,2026-07-10 19:00:00
18662,215,12659,1624,1639,2026-07-10 19:00:00
18663,1262,12660,1378,1370,2026-07-10 19:00:00
18664,37,12660,1486,1495,2026-07-10 19:00:00
18665,2331,12661,1844,1855,2026-07-10 19:00:00
18666,744,12661,1819,1808,2026-07-10 19:00:00
18667,1040,12662,1821,1830,2026-07-10 19:00:00
18668,2015,12662,1719,1711,2026-07-10 19:00:00
18669,115,12663,1597,1589,2026-07-10 19:00:00
18670,998,12663,1711,1719,2026-07-10 19:00:00
18671,561,12664,1717,1700,2026-07-10 19:00:00
18672,1664,12664,1589,1605,2026-07-10 19:00:00
18673,2323,12665,1704,1711,2026-07-10 19:00:00
18674,55,12665,1570,1562,2026-07-10 19:00:00
18675,2091,12666,1795,1804,2026-07-10 19:00:00
18676,2323,12666,1711,1702,2026-07-10 19:00:00
18677,665,12667,1484,1497,2026-07-10 19:00:00
18678,486,12667,1500,1487,2026-07-10 19:00:00
18679,349,12668,1447,1443,2026-07-10 19:00:00
18680,2069,12668,1734,1738,2026-07-10 19:00:00
18681,1428,12669,1908,1918,2026-07-10 19:00:00
18682,1092,12669,1863,1853,2026-07-10 19:00:00
18683,459,12670,1860,1868,2026-07-10 19:00:00
18684,120,12670,1734,1726,2026-07-10 19:00:00
18685,1073,12671,1351,1347,2026-07-10 19:00:00
18686,917,12671,1620,1624,2026-07-10 19:00:00
18687,302,12673,1531,1542,2026-07-10 20:00:00
18688,1397,12673,1507,1495,2026-07-10 20:00:00
18689,1495,12675,1438,1424,2026-07-10 20:00:00
18690,1262,12675,1370,1384,2026-07-10 20:00:00
18691,2327,12676,1556,1565,2026-07-10 20:00:00
18692,1957,12676,1476,1467,2026-07-10 20:00:00
18693,2138,12679,1257,1248,2026-07-10 20:00:00
18694,896,12679,1348,1357,2026-07-10 20:00:00
18695,454,12680,1447,1458,2026-07-10 20:00:00
18696,837,12680,1421,1410,2026-07-10 20:00:00
18697,971,12681,1534,1537,2026-07-10 20:00:00
18698,1218,12681,1169,1166,2026-07-10 20:00:00
18699,1391,12683,1696,1706,2026-07-10 20:00:00
18700,2377,12683,1624,1614,2026-07-10 20:00:00
18701,998,12684,1719,1724,2026-07-10 20:00:00
18702,2011,12684,1477,1472,2026-07-10 20:00:00
18703,1196,12685,1411,1421,2026-07-10 20:00:00
18704,265,12685,1346,1336,2026-07-10 20:00:00
18705,701,12686,1484,1473,2026-07-10 20:00:00
18706,457,12686,1496,1507,2026-07-10 20:00:00
18707,660,12687,1512,1522,2026-07-10 20:00:00
18708,804,12687,1468,1458,2026-07-10 20:00:00
18709,1217,12688,1463,1455,2026-07-10 20:00:00
18710,516,12688,1581,1589,2026-07-10 20:00:00
18711,2137,12689,1415,1405,2026-07-10 20:00:00
18712,2414,12689,1461,1472,2026-07-10 20:00:00
18713,666,12690,1602,1595,2026-07-10 20:00:00
18714,1596,12690,1754,1761,2026-07-10 20:00:00
18715,2431,12691,1248,1241,2026-07-10 20:00:00
18716,2374,12691,1417,1424,2026-07-10 20:00:00
18717,2080,12692,1650,1640,2026-07-10 20:00:00
18718,1945,12692,1692,1703,2026-07-10 20:00:00
18719,664,12694,1647,1654,2026-07-10 21:00:00
18720,1620,12694,1503,1495,2026-07-10 21:00:00
18721,1397,12695,1495,1505,2026-07-10 21:00:00
18722,276,12695,1414,1405,2026-07-10 21:00:00
18723,1028,12696,1587,1577,2026-07-10 21:00:00
18724,1678,12696,1627,1638,2026-07-10 21:00:00
18725,500,12698,1532,1522,2026-07-10 21:00:00
18726,1022,12698,1569,1580,2026-07-10 21:00:00
18727,428,12699,1594,1604,2026-07-10 21:00:00
18728,1998,12699,1533,1523,2026-07-10 21:00:00
18729,2087,12700,1672,1682,2026-07-10 21:00:00
18730,1540,12700,1612,1602,2026-07-10 21:00:00
18731,1735,12701,1393,1405,2026-07-10 21:00:00
18732,2341,12701,1390,1378,2026-07-10 21:00:00
18733,1811,12702,1399,1411,2026-07-10 21:00:00
18734,894,12702,1401,1389,2026-07-10 21:00:00
18735,889,12703,1421,1436,2026-07-10 21:00:00
18736,1011,12703,1509,1494,2026-07-10 21:00:00
18737,2462,12704,1535,1521,2026-07-10 21:00:00
18738,458,12704,1480,1494,2026-07-10 21:00:00
18739,328,12705,1334,1346,2026-07-10 21:00:00
18740,515,12705,1345,1332,2026-07-10 21:00:00
18741,243,12706,1226,1236,2026-07-10 21:00:00
18742,725,12706,1182,1172,2026-07-10 21:00:00
18743,299,12708,1367,1377,2026-07-10 21:00:00
18744,2483,12708,1291,1282,2026-07-10 21:00:00
18745,873,12709,1756,1741,2026-07-10 21:00:00
18746,1632,12709,1646,1662,2026-07-10 21:00:00
18747,2258,12710,1634,1644,2026-07-10 21:00:00
18748,977,12710,1575,1565,2026-07-10 21:00:00
18749,2012,12711,1521,1513,2026-07-10 21:00:00
18750,692,12711,1628,1636,2026-07-10 21:00:00
18751,819,12714,1665,1653,2026-07-10 22:00:00
18752,1232,12714,1655,1667,2026-07-10 22:00:00
18753,2024,12715,1687,1689,2026-07-10 22:00:00
18754,1644,12715,1259,1257,2026-07-10 22:00:00
18755,2379,12716,1872,1857,2026-07-10 22:00:00
18756,1958,12716,1789,1803,2026-07-10 22:00:00
18757,311,12717,1146,1138,2026-07-10 22:00:00
18758,495,12717,1264,1272,2026-07-10 22:00:00
18759,1950,12718,1351,1359,2026-07-10 22:00:00
18760,1864,12718,1231,1223,2026-07-10 22:00:00
18761,373,12721,1756,1738,2026-07-10 22:00:00
18762,801,12721,1557,1575,2026-07-10 22:00:00
18763,2393,12722,1841,1830,2026-07-10 22:00:00
18764,10,12722,1865,1876,2026-07-10 22:00:00
18765,655,12723,1527,1518,2026-07-10 22:00:00
18766,1476,12723,1590,1600,2026-07-10 22:00:00
18767,510,12725,975,967,2026-07-10 22:00:00
18768,498,12725,1098,1106,2026-07-10 22:00:00
18769,251,12726,1502,1512,2026-07-10 22:00:00
18770,152,12726,1455,1444,2026-07-10 22:00:00
18771,1192,12727,1370,1360,2026-07-10 22:00:00
18772,1196,12727,1421,1431,2026-07-10 22:00:00
18773,81,12728,1144,1152,2026-07-10 22:00:00
18774,581,12728,1013,1006,2026-07-10 22:00:00
18775,421,12729,1549,1556,2026-07-10 22:00:00
18776,1100,12729,1403,1396,2026-07-10 22:00:00
18777,1203,12731,1687,1674,2026-07-10 22:00:00
18778,1223,12731,1653,1666,2026-07-10 22:00:00
18779,588,12732,1503,1511,2026-07-10 22:00:00
18780,2380,12732,1379,1371,2026-07-10 22:00:00
18781,2184,12733,1449,1464,2026-07-10 22:00:00
18782,897,12733,1536,1521,2026-07-10 22:00:00
18783,856,12734,1584,1600,2026-07-10 22:00:00
18784,324,12734,1689,1674,2026-07-10 22:00:00
18785,1063,12735,1488,1479,2026-07-10 22:00:00
18786,967,12735,1599,1607,2026-07-10 22:00:00
18787,574,12736,1623,1634,2026-07-10 22:00:00
18788,1147,12736,1588,1577,2026-07-10 22:00:00
18789,212,12737,1227,1220,2026-07-10 22:00:00
18790,5,12737,1378,1385,2026-07-10 22:00:00
18791,1944,12738,1434,1426,2026-07-10 23:00:00
18792,828,12738,1544,1552,2026-07-10 23:00:00
18793,2406,12739,1704,1710,2026-07-10 23:00:00
18794,1397,12739,1505,1499,2026-07-10 23:00:00
18795,753,12740,1335,1348,2026-07-10 23:00:00
18796,1276,12740,1373,1360,2026-07-10 23:00:00
18797,1419,12741,1525,1514,2026-07-10 23:00:00
18798,2444,12741,1568,1579,2026-07-10 23:00:00
18799,2198,12742,1528,1515,2026-07-10 23:00:00
18800,2274,12742,1509,1522,2026-07-10 23:00:00
18801,257,12743,1480,1475,2026-07-10 23:00:00
18802,350,12743,1706,1711,2026-07-10 23:00:00
18803,2129,12746,997,1008,2026-07-10 23:00:00
18804,510,12746,967,956,2026-07-10 23:00:00
18805,2013,12747,1737,1741,2026-07-10 23:00:00
18806,2434,12747,1478,1473,2026-07-10 23:00:00
18807,2042,12749,1702,1714,2026-07-10 23:00:00
18808,134,12749,1698,1686,2026-07-10 23:00:00
18809,1468,12750,1411,1402,2026-07-10 23:00:00
18810,99,12750,1501,1510,2026-07-10 23:00:00
18811,1055,12751,1275,1263,2026-07-10 23:00:00
18812,1105,12751,1252,1265,2026-07-10 23:00:00
18813,2143,12752,1493,1506,2026-07-10 23:00:00
18814,163,12752,1503,1490,2026-07-10 23:00:00
18815,222,12754,1373,1359,2026-07-10 23:00:00
18816,242,12754,1321,1335,2026-07-10 23:00:00
18817,2426,12755,1198,1206,2026-07-10 23:00:00
18818,1494,12755,1084,1076,2026-07-10 23:00:00
18819,2012,12756,1513,1524,2026-07-11 00:00:00
18820,1517,12756,1492,1481,2026-07-11 00:00:00
18821,2474,12757,1205,1197,2026-07-11 00:00:00
18822,1166,12757,1338,1346,2026-07-11 00:00:00
18823,1931,12758,1877,1882,2026-07-11 00:00:00
18824,1752,12758,1647,1642,2026-07-11 00:00:00
18825,688,12761,1318,1308,2026-07-11 01:00:00
18826,480,12761,1368,1378,2026-07-11 01:00:00
18827,2216,12762,1230,1244,2026-07-11 01:00:00
18828,1300,12762,1285,1271,2026-07-11 01:00:00
18829,110,12763,1455,1464,2026-07-11 01:00:00
18830,1955,12763,1350,1342,2026-07-11 01:00:00
18831,1139,12764,1543,1535,2026-07-11 01:00:00
18832,377,12764,1650,1658,2026-07-11 01:00:00
18833,1759,12765,1443,1439,2026-07-11 01:00:00
18834,2123,12765,1726,1730,2026-07-11 01:00:00
18835,1087,12766,1399,1392,2026-07-11 09:00:00
18836,1026,12766,1545,1552,2026-07-11 09:00:00
18837,496,12767,1549,1560,2026-07-11 10:00:00
18838,2239,12767,1505,1495,2026-07-11 10:00:00
18839,1600,12769,1314,1324,2026-07-11 10:00:00
18840,2431,12769,1241,1232,2026-07-11 10:00:00
18841,1163,12771,1921,1932,2026-07-11 12:00:00
18842,1965,12771,1881,1871,2026-07-11 12:00:00
18843,195,12773,1231,1228,2026-07-11 12:00:00
18844,466,12773,1593,1596,2026-07-11 12:00:00
18845,239,12775,1343,1354,2026-07-11 12:00:00
18846,2035,12775,1300,1290,2026-07-11 12:00:00
18847,454,12777,1458,1451,2026-07-11 12:00:00
18848,1540,12777,1602,1609,2026-07-11 12:00:00
18849,585,12779,1536,1524,2026-07-11 12:00:00
18850,1227,12779,1530,1542,2026-07-11 12:00:00
18851,1021,12780,1576,1560,2026-07-11 12:00:00
18852,165,12780,1465,1481,2026-07-11 12:00:00
18853,2374,12781,1424,1434,2026-07-11 12:00:00
18854,1943,12781,1381,1370,2026-07-11 12:00:00
18855,301,12782,1057,1071,2026-07-11 13:00:00
18856,1483,12782,1109,1095,2026-07-11 13:00:00
18857,1945,12783,1703,1718,2026-07-11 13:00:00
18858,1714,12783,1809,1794,2026-07-11 13:00:00
18859,2358,12784,1111,1100,2026-07-11 14:00:00
18860,1358,12784,1129,1140,2026-07-11 14:00:00
18861,1442,12786,1460,1451,2026-07-11 14:00:00
18862,971,12786,1537,1546,2026-07-11 14:00:00
18863,805,12787,1761,1769,2026-07-11 14:00:00
18864,832,12787,1630,1622,2026-07-11 14:00:00
18865,504,12788,1279,1271,2026-07-11 14:00:00
18866,181,12788,1396,1404,2026-07-11 14:00:00
18867,854,12789,1689,1673,2026-07-11 14:00:00
18868,2362,12789,1585,1600,2026-07-11 14:00:00
18869,1252,12791,1332,1346,2026-07-11 14:00:00
18870,1297,12791,1381,1367,2026-07-11 14:00:00
18871,1859,12792,1396,1386,2026-07-11 15:00:00
18872,1361,12792,1440,1450,2026-07-11 15:00:00
18873,1593,12793,1551,1538,2026-07-11 15:00:00
18874,2119,12793,1539,1551,2026-07-11 15:00:00
18875,136,12794,1092,1106,2026-07-11 15:00:00
18876,1642,12794,1151,1137,2026-07-11 15:00:00
18877,1522,12796,1718,1712,2026-07-11 15:00:00
18878,2041,12796,1924,1930,2026-07-11 15:00:00
18879,2361,12798,1904,1894,2026-07-11 15:00:00
18880,2250,12798,1954,1964,2026-07-11 15:00:00
18881,1828,12799,1177,1192,2026-07-11 15:00:00
18882,1611,12799,1275,1259,2026-07-11 15:00:00
18883,924,12800,1624,1640,2026-07-11 15:00:00
18884,1574,12800,1757,1741,2026-07-11 15:00:00
18885,1559,12801,1354,1342,2026-07-11 15:00:00
18886,2399,12801,1361,1373,2026-07-11 15:00:00
18887,672,12804,1486,1475,2026-07-11 15:00:00
18888,295,12804,1539,1549,2026-07-11 15:00:00
18889,2345,12805,1712,1719,2026-07-11 16:00:00
18890,96,12805,1559,1552,2026-07-11 16:00:00
18891,434,12806,1648,1656,2026-07-11 16:00:00
18892,2219,12806,1514,1506,2026-07-11 16:00:00
18893,651,12808,1867,1872,2026-07-11 16:00:00
18894,1961,12808,1638,1633,2026-07-11 16:00:00
18895,1382,12812,1483,1493,2026-07-11 16:00:00
18896,84,12812,1414,1404,2026-07-11 16:00:00
18897,967,12813,1607,1598,2026-07-11 16:00:00
18898,635,12813,1694,1703,2026-07-11 16:00:00
18899,1844,12814,1599,1607,2026-07-11 17:00:00
18900,450,12814,1501,1492,2026-07-11 17:00:00
18901,2147,12815,1456,1445,2026-07-11 17:00:00
18902,2292,12815,1480,1491,2026-07-11 17:00:00
18903,244,12818,1330,1338,2026-07-11 17:00:00
18904,175,12818,1202,1194,2026-07-11 17:00:00
18905,1091,12819,1255,1246,2026-07-11 17:00:00
18906,1192,12819,1360,1368,2026-07-11 17:00:00
18907,1329,12821,1366,1359,2026-07-11 17:00:00
18908,545,12821,1492,1500,2026-07-11 17:00:00
18909,1788,12822,1731,1740,2026-07-11 17:00:00
18910,1449,12822,1647,1638,2026-07-11 17:00:00
18911,1656,12823,1586,1596,2026-07-11 17:00:00
18912,2428,12823,1528,1518,2026-07-11 17:00:00
18913,1321,12825,1395,1390,2026-07-11 18:00:00
18914,1678,12825,1638,1642,2026-07-11 18:00:00
18915,1397,12826,1499,1511,2026-07-11 18:00:00
18916,2111,12826,1497,1485,2026-07-11 18:00:00
18917,2308,12827,1711,1723,2026-07-11 18:00:00
18918,1220,12827,1709,1697,2026-07-11 18:00:00
18919,1163,12829,1932,1920,2026-07-11 18:00:00
18920,2304,12829,1950,1961,2026-07-11 18:00:00
18921,1353,12830,1087,1098,2026-07-11 18:00:00
18922,2305,12830,1065,1054,2026-07-11 18:00:00
18923,174,12831,1783,1769,2026-07-11 18:00:00
18924,183,12831,1728,1742,2026-07-11 18:00:00
18925,2042,12833,1714,1722,2026-07-11 18:00:00
18926,821,12833,1592,1584,2026-07-11 18:00:00
18927,50,12835,1347,1357,2026-07-11 18:00:00
18928,1352,12835,1273,1263,2026-07-11 18:00:00
18929,872,12836,1447,1458,2026-07-11 18:00:00
18930,762,12836,1436,1424,2026-07-11 18:00:00
18931,835,12837,1146,1144,2026-07-11 19:00:00
18932,575,12837,1521,1524,2026-07-11 19:00:00
18933,2406,12838,1710,1700,2026-07-11 19:00:00
18934,2141,12838,1764,1774,2026-07-11 19:00:00
18935,2348,12839,1158,1172,2026-07-11 19:00:00
18936,807,12839,1211,1197,2026-07-11 19:00:00
18937,632,12842,1445,1454,2026-07-11 19:00:00
18938,451,12842,1380,1370,2026-07-11 19:00:00
18939,1811,12844,1411,1405,2026-07-11 19:00:00
18940,1739,12844,1598,1605,2026-07-11 19:00:00
18941,1229,12845,1519,1506,2026-07-11 19:00:00
18942,1499,12845,1495,1508,2026-07-11 19:00:00
18943,317,12846,1169,1157,2026-07-11 19:00:00
18944,617,12846,1146,1159,2026-07-11 19:00:00
18945,2036,12847,1903,1908,2026-07-11 19:00:00
18946,2183,12847,1682,1677,2026-07-11 19:00:00
18947,274,12848,1097,1090,2026-07-11 19:00:00
18948,855,12848,1235,1243,2026-07-11 19:00:00
18949,2404,12849,1860,1865,2026-07-11 19:00:00
18950,1602,12849,1622,1617,2026-07-11 19:00:00
18951,1279,12850,1402,1411,2026-07-11 19:00:00
18952,1165,12850,1302,1293,2026-07-11 19:00:00
18953,1832,12851,1338,1322,2026-07-11 19:00:00
18954,1648,12851,1226,1242,2026-07-11 19:00:00
18955,1630,12853,1346,1338,2026-07-11 20:00:00
18956,1503,12853,1485,1492,2026-07-11 20:00:00
18957,2070,12855,1689,1696,2026-07-11 20:00:00
18958,348,12855,1546,1538,2026-07-11 20:00:00
18959,896,12856,1357,1346,2026-07-11 20:00:00
18960,2233,12856,1390,1401,2026-07-11 20:00:00
18961,2250,12857,1964,1949,2026-07-11 20:00:00
18962,2379,12857,1857,1873,2026-07-11 20:00:00
18963,896,12858,1346,1361,2026-07-11 20:00:00
18964,1669,12858,1426,1411,2026-07-11 20:00:00
18965,255,12860,1396,1404,2026-07-11 20:00:00
18966,1520,12860,1277,1269,2026-07-11 20:00:00
18967,428,12861,1604,1595,2026-07-11 20:00:00
18968,1581,12861,1696,1705,2026-07-11 20:00:00
18969,2116,12862,1588,1582,2026-07-11 20:00:00
18970,1367,12862,1758,1764,2026-07-11 20:00:00
18971,2153,12863,1468,1476,2026-07-11 20:00:00
18972,879,12863,1357,1349,2026-07-11 20:00:00
18973,1557,12864,1674,1690,2026-07-11 20:00:00
18974,1005,12864,1766,1751,2026-07-11 20:00:00
18975,1745,12865,1408,1419,2026-07-11 20:00:00
18976,2468,12865,1377,1366,2026-07-11 20:00:00
18977,2276,12867,1727,1713,2026-07-11 20:00:00
18978,972,12867,1679,1693,2026-07-11 20:00:00
18979,590,12868,1551,1539,2026-07-11 20:00:00
18980,1784,12868,1561,1573,2026-07-11 20:00:00
18981,1079,12869,1769,1780,2026-07-11 20:00:00
18982,1685,12869,1737,1727,2026-07-11 20:00:00
18983,1156,12870,2053,2058,2026-07-11 20:00:00
18984,1719,12870,1802,1797,2026-07-11 20:00:00
18985,644,12871,1932,1941,2026-07-11 20:00:00
18986,2388,12871,1827,1819,2026-07-11 20:00:00
18987,2463,12875,1519,1529,2026-07-11 21:00:00
18988,2317,12875,1455,1445,2026-07-11 21:00:00
18989,1036,12876,980,972,2026-07-11 21:00:00
18990,2325,12876,1109,1117,2026-07-11 21:00:00
18991,1007,12877,1225,1215,2026-07-11 21:00:00
18992,499,12877,1274,1284,2026-07-11 21:00:00
18993,1218,12880,1166,1154,2026-07-11 21:00:00
18994,2222,12880,1167,1179,2026-07-11 21:00:00
18995,2063,12881,1207,1205,2026-07-11 21:00:00
18996,1815,12881,1628,1630,2026-07-11 21:00:00
18997,2318,12882,1502,1510,2026-07-11 21:00:00
18998,987,12882,1390,1382,2026-07-11 21:00:00
18999,709,12883,1423,1414,2026-07-11 21:00:00
19000,251,12883,1512,1521,2026-07-11 21:00:00
19001,1013,12884,1446,1435,2026-07-11 21:00:00
19002,1607,12884,1482,1493,2026-07-11 21:00:00
19003,2453,12885,1344,1356,2026-07-11 21:00:00
19004,1758,12885,1326,1314,2026-07-11 21:00:00
19005,2110,12886,1142,1134,2026-07-11 21:00:00
19006,2152,12886,1279,1286,2026-07-11 21:00:00
19007,1927,12887,1535,1551,2026-07-11 21:00:00
19008,2064,12887,1636,1620,2026-07-11 21:00:00
19009,585,12888,1524,1538,2026-07-11 21:00:00
19010,1346,12888,1603,1588,2026-07-11 21:00:00
19011,186,12889,1602,1591,2026-07-11 21:00:00
19012,418,12889,1647,1657,2026-07-11 21:00:00
19013,1714,12890,1794,1803,2026-07-11 21:00:00
19014,876,12890,1715,1705,2026-07-11 21:00:00
19015,942,12891,1320,1335,2026-07-11 21:00:00
19016,2440,12891,1403,1388,2026-07-11 21:00:00
19017,1368,12892,1194,1203,2026-07-11 22:00:00
19018,2358,12892,1100,1091,2026-07-11 22:00:00
19019,612,12893,1477,1467,2026-07-11 22:00:00
19020,424,12893,1552,1562,2026-07-11 22:00:00
19021,980,12894,1369,1353,2026-07-11 22:00:00
19022,1095,12894,1245,1261,2026-07-11 22:00:00
19023,517,12895,1382,1371,2026-07-11 22:00:00
19024,1829,12895,1423,1434,2026-07-11 22:00:00
19025,1163,12896,1920,1928,2026-07-11 22:00:00
19026,1254,12896,1807,1799,2026-07-11 22:00:00
19027,97,12897,1351,1362,2026-07-11 22:00:00
19028,1341,12897,1340,1328,2026-07-11 22:00:00
19029,131,12898,1068,1081,2026-07-11 22:00:00
19030,759,12898,1104,1090,2026-07-11 22:00:00
19031,1414,12899,1622,1628,2026-07-11 22:00:00
19032,135,12899,1397,1392,2026-07-11 22:00:00
19033,573,12900,1530,1518,2026-07-11 22:00:00
19034,2467,12900,1523,1535,2026-07-11 22:00:00
19035,889,12902,1436,1446,2026-07-11 22:00:00
19036,755,12902,1401,1391,2026-07-11 22:00:00
19037,1205,12903,1686,1695,2026-07-11 22:00:00
19038,1540,12903,1609,1600,2026-07-11 22:00:00
19039,328,12904,1346,1332,2026-07-11 22:00:00
19040,791,12904,1274,1289,2026-07-11 22:00:00
19041,2031,12905,1364,1379,2026-07-11 22:00:00
19042,1717,12905,1441,1426,2026-07-11 22:00:00
19043,1849,12907,2007,1991,2026-07-11 22:00:00
19044,10,12907,1876,1893,2026-07-11 22:00:00
19045,2239,12908,1495,1488,2026-07-11 22:00:00
19046,1204,12908,1641,1648,2026-07-11 22:00:00
19047,1505,12909,1396,1388,2026-07-11 22:00:00
19048,2061,12909,1525,1533,2026-07-11 22:00:00
19049,1467,12910,1463,1477,2026-07-11 22:00:00
19050,1117,12910,1526,1512,2026-07-11 22:00:00
19051,425,12911,1646,1656,2026-07-11 22:00:00
19052,653,12911,1587,1577,2026-07-11 22:00:00
19053,118,12912,2122,2128,2026-07-11 22:00:00
19054,2117,12912,1925,1919,2026-07-11 22:00:00
19055,1089,12914,1732,1723,2026-07-11 22:00:00
19056,2057,12914,1841,1849,2026-07-11 22:00:00
19057,462,12915,1459,1446,2026-07-11 22:00:00
19058,2484,12915,1431,1444,2026-07-11 22:00:00
19059,2225,12916,2308,2308,2026-07-11 23:00:00
19060,198,12916,1598,1597,2026-07-11 23:00:00
19061,288,12917,1096,1088,2026-07-11 23:00:00
19062,772,12917,1213,1221,2026-07-11 23:00:00
19063,2467,12918,1535,1548,2026-07-11 23:00:00
19064,1561,12918,1552,1539,2026-07-11 23:00:00
19065,1987,12920,1107,1095,2026-07-11 23:00:00
19066,759,12920,1090,1103,2026-07-11 23:00:00
19067,1680,12921,1462,1476,2026-07-11 23:00:00
19068,674,12921,1514,1500,2026-07-11 23:00:00
19069,2058,12923,1677,1685,2026-07-11 23:00:00
19070,1071,12923,1555,1547,2026-07-11 23:00:00
19071,1546,12924,1047,1042,2026-07-11 23:00:00
19072,105,12924,1279,1284,2026-07-11 23:00:00
19073,36,12925,1433,1421,2026-07-11 23:00:00
19074,1924,12925,1431,1443,2026-07-11 23:00:00
19075,853,12926,1636,1645,2026-07-11 23:00:00
19076,512,12926,1543,1534,2026-07-11 23:00:00
19077,878,12927,1473,1484,2026-07-11 23:00:00
19078,1525,12927,1436,1425,2026-07-11 23:00:00
19079,492,12928,1651,1658,2026-07-11 23:00:00
19080,706,12928,1504,1497,2026-07-11 23:00:00
19081,50,12930,1357,1348,2026-07-11 23:00:00
19082,157,12930,1450,1459,2026-07-11 23:00:00
19083,2225,12931,2308,2308,2026-07-12 00:00:00
19084,306,12931,1195,1195,2026-07-12 00:00:00
19085,2227,12934,1865,1873,2026-07-12 01:00:00
19086,2142,12934,1746,1738,2026-07-12 01:00:00
19087,1316,12935,1715,1698,2026-07-12 01:00:00
19088,1235,12935,1543,1560,2026-07-12 01:00:00
19089,1899,12936,1652,1664,2026-07-12 01:00:00
19090,781,12936,1662,1650,2026-07-12 01:00:00
19091,1449,12937,1638,1648,2026-07-12 01:00:00
19092,964,12937,1577,1567,2026-07-12 01:00:00
19093,2455,12938,1402,1386,2026-07-12 09:00:00
19094,2176,12938,1296,1311,2026-07-12 09:00:00
19095,1821,12939,1637,1625,2026-07-12 10:00:00
19096,2234,12939,1635,1647,2026-07-12 10:00:00
19097,1415,12940,1383,1372,2026-07-12 10:00:00
19098,1424,12940,1433,1444,2026-07-12 10:00:00
19099,2047,12941,1310,1327,2026-07-12 10:00:00
19100,2089,12941,1458,1441,2026-07-12 10:00:00
19101,1525,12943,1425,1435,2026-07-12 10:00:00
19102,1297,12943,1367,1357,2026-07-12 10:00:00
19103,504,12944,1271,1270,2026-07-12 11:00:00
19104,2458,12944,1714,1716,2026-07-12 11:00:00
19105,1557,12945,1690,1680,2026-07-12 11:00:00
19106,756,12945,1756,1766,2026-07-12 11:00:00
19107,701,12947,1473,1462,2026-07-12 11:00:00
19108,338,12947,1509,1520,2026-07-12 11:00:00
19109,465,12948,1481,1476,2026-07-12 12:00:00
19110,616,12948,1729,1733,2026-07-12 12:00:00
19111,317,12949,1157,1147,2026-07-12 12:00:00
19112,1936,12949,1230,1240,2026-07-12 12:00:00
19113,2500,12950,1433,1443,2026-07-12 12:00:00
19114,1357,12950,1361,1352,2026-07-12 12:00:00
19115,1946,12953,1309,1301,2026-07-12 13:00:00
19116,1154,12953,1446,1454,2026-07-12 13:00:00
19117,1238,12954,1835,1846,2026-07-12 13:00:00
19118,264,12954,1808,1797,2026-07-12 13:00:00
19119,138,12957,1712,1720,2026-07-12 13:00:00
19120,115,12957,1589,1581,2026-07-12 13:00:00
19121,1095,12958,1261,1255,2026-07-12 14:00:00
19122,2316,12958,1464,1470,2026-07-12 14:00:00
19123,288,12959,1088,1081,2026-07-12 14:00:00
19124,1826,12959,1233,1240,2026-07-12 14:00:00
19125,753,12960,1348,1357,2026-07-12 14:00:00
19126,1584,12960,1249,1240,2026-07-12 14:00:00
19127,1839,12961,1429,1417,2026-07-12 14:00:00
19128,1538,12961,1444,1456,2026-07-12 14:00:00
19129,544,12962,1459,1446,2026-07-12 14:00:00
19130,2089,12962,1441,1454,2026-07-12 14:00:00
19131,569,12963,1174,1191,2026-07-12 14:00:00
19132,66,12963,1323,1306,2026-07-12 14:00:00
19133,1823,12964,1283,1273,2026-07-12 14:00:00
19134,50,12964,1348,1358,2026-07-12 14:00:00
19135,2200,12965,1448,1445,2026-07-12 14:00:00
19136,1658,12965,1767,1770,2026-07-12 14:00:00
19137,1591,12966,1199,1188,2026-07-12 15:00:00
19138,1836,12966,1216,1227,2026-07-12 15:00:00
19139,428,12967,1595,1609,2026-07-12 15:00:00
19140,1961,12967,1633,1620,2026-07-12 15:00:00
19141,970,12970,1560,1569,2026-07-12 15:00:00
19142,541,12970,1464,1455,2026-07-12 15:00:00
19143,24,12971,1429,1441,2026-07-12 15:00:00
19144,161,12971,1423,1411,2026-07-12 15:00:00
19145,1541,12974,1447,1459,2026-07-12 15:00:00
19146,778,12974,1433,1422,2026-07-12 15:00:00
19147,33,12978,1634,1643,2026-07-12 16:00:00
19148,414,12978,1541,1532,2026-07-12 16:00:00
19149,974,12979,1542,1526,2026-07-12 16:00:00
19150,827,12979,1426,1442,2026-07-12 16:00:00
19151,1243,12981,1815,1825,2026-07-12 16:00:00
19152,1197,12981,1747,1737,2026-07-12 16:00:00
19153,949,12982,1586,1596,2026-07-12 16:00:00
19154,65,12982,1533,1523,2026-07-12 16:00:00
19155,1838,12983,1403,1414,2026-07-12 16:00:00
19156,367,12983,1387,1376,2026-07-12 16:00:00
19157,2315,12985,1706,1692,2026-07-12 17:00:00
19158,664,12985,1654,1668,2026-07-12 17:00:00
19159,2281,12986,1687,1682,2026-07-12 17:00:00
19160,1126,12986,1931,1936,2026-07-12 17:00:00
19161,2033,12987,1650,1641,2026-07-12 17:00:00
19162,1201,12987,1727,1736,2026-07-12 17:00:00
19163,10,12990,1893,1899,2026-07-12 17:00:00
19164,2445,12990,1719,1713,2026-07-12 17:00:00
19165,490,12993,1543,1531,2026-07-12 17:00:00
19166,1433,12993,1548,1560,2026-07-12 17:00:00
19167,2474,12994,1197,1193,2026-07-12 17:00:00
19168,2128,12994,1453,1458,2026-07-12 17:00:00
19169,1188,12995,1403,1414,2026-07-12 17:00:00
19170,847,12995,1367,1356,2026-07-12 17:00:00
19171,644,12997,1941,1957,2026-07-12 17:00:00
19172,1427,12997,2089,2072,2026-07-12 17:00:00
19173,1496,12998,1436,1428,2026-07-12 17:00:00
19174,85,12998,1560,1568,2026-07-12 17:00:00
19175,2325,13002,1117,1105,2026-07-12 18:00:00
19176,2105,13002,1130,1142,2026-07-12 18:00:00
19177,1388,13003,1534,1544,2026-07-12 18:00:00
19178,1473,13003,1455,1446,2026-07-12 18:00:00
19179,1961,13004,1620,1611,2026-07-12 18:00:00
19180,350,13004,1711,1720,2026-07-12 18:00:00
19181,520,13006,2081,2088,2026-07-12 18:00:00
19182,2211,13006,1940,1933,2026-07-12 18:00:00
19183,692,13007,1636,1647,2026-07-12 18:00:00
19184,1272,13007,1596,1586,2026-07-12 18:00:00
19185,2325,13008,1105,1097,2026-07-12 19:00:00
19186,772,13008,1221,1229,2026-07-12 19:00:00
19187,184,13013,1367,1357,2026-07-12 19:00:00
19188,1018,13013,1429,1439,2026-07-12 19:00:00
19189,1864,13014,1223,1211,2026-07-12 19:00:00
19190,811,13014,1232,1243,2026-07-12 19:00:00
19191,656,13015,1392,1385,2026-07-12 19:00:00
19192,669,13015,1522,1530,2026-07-12 19:00:00
19193,568,13016,1548,1556,2026-07-12 19:00:00
19194,2363,13016,1431,1423,2026-07-12 19:00:00
19195,805,13018,1769,1776,2026-07-12 19:00:00
19196,615,13018,1629,1622,2026-07-12 19:00:00
19197,2036,13019,1908,1912,2026-07-12 19:00:00
19198,2064,13019,1620,1616,2026-07-12 19:00:00
19199,709,13021,1414,1423,2026-07-12 19:00:00
19200,2176,13021,1311,1303,2026-07-12 19:00:00
19201,2107,13023,1318,1331,2026-07-12 19:00:00
19202,1363,13023,1363,1349,2026-07-12 19:00:00
19203,1564,13024,1513,1504,2026-07-12 20:00:00
19204,538,13024,1615,1624,2026-07-12 20:00:00
19205,1944,13025,1426,1423,2026-07-12 20:00:00
19206,1606,13025,1746,1749,2026-07-12 20:00:00
19207,1953,13027,1333,1343,2026-07-12 20:00:00
19208,952,13027,1272,1263,2026-07-12 20:00:00
19209,1394,13028,1728,1720,2026-07-12 20:00:00
19210,1551,13028,1870,1877,2026-07-12 20:00:00
19211,2231,13029,1547,1537,2026-07-12 20:00:00
19212,887,13029,1597,1607,2026-07-12 20:00:00
19213,911,13031,1635,1651,2026-07-12 20:00:00
19214,129,13031,1761,1745,2026-07-12 20:00:00
19215,38,13032,1664,1674,2026-07-12 20:00:00
19216,1990,13032,1599,1589,2026-07-12 20:00:00
19217,1223,13033,1666,1655,2026-07-12 20:00:00
19218,1274,13033,1689,1700,2026-07-12 20:00:00
19219,1089,13036,1723,1713,2026-07-12 20:00:00
19220,1897,13036,1758,1769,2026-07-12 20:00:00
19221,1591,13040,1188,1181,2026-07-12 21:00:00
19222,2092,13040,1333,1340,2026-07-12 21:00:00
19223,1415,13043,1372,1367,2026-07-12 21:00:00
19224,1919,13043,1599,1604,2026-07-12 21:00:00
19225,2335,13044,1751,1742,2026-07-12 21:00:00
19226,676,13044,1826,1835,2026-07-12 21:00:00
19227,47,13045,1249,1241,2026-07-12 21:00:00
19228,1710,13045,1359,1367,2026-07-12 21:00:00
19229,2008,13046,1425,1414,2026-07-12 21:00:00
19230,632,13046,1454,1465,2026-07-12 21:00:00
19231,885,13047,1880,1886,2026-07-12 21:00:00
19232,393,13047,1689,1683,2026-07-12 21:00:00
19233,2283,13048,1043,1058,2026-07-12 21:00:00
19234,200,13048,1138,1123,2026-07-12 21:00:00
19235,323,13049,1622,1635,2026-07-12 21:00:00
19236,1268,13049,1641,1628,2026-07-12 21:00:00
19237,1129,13050,1499,1494,2026-07-12 22:00:00
19238,600,13050,1712,1717,2026-07-12 22:00:00
19239,1411,13052,1331,1317,2026-07-12 22:00:00
19240,528,13052,1272,1286,2026-07-12 22:00:00
19241,2227,13053,1873,1869,2026-07-12 22:00:00
19242,1144,13053,2124,2128,2026-07-12 22:00:00
19243,1394,13056,1720,1731,2026-07-12 22:00:00
19244,300,13056,1680,1669,2026-07-12 22:00:00
19245,2311,13057,1557,1560,2026-07-12 22:00:00
19246,685,13057,1227,1224,2026-07-12 22:00:00
19247,123,13059,1146,1161,2026-07-12 22:00:00
19248,319,13059,1221,1207,2026-07-12 22:00:00
19249,1011,13060,1494,1502,2026-07-12 22:00:00
19250,675,13060,1364,1356,2026-07-12 22:00:00
19251,26,13061,1215,1205,2026-07-12 22:00:00
19252,1301,13061,1277,1287,2026-07-12 22:00:00
19253,68,13062,1403,1415,2026-07-12 22:00:00
19254,1505,13062,1388,1376,2026-07-12 22:00:00
19255,1607,13063,1493,1479,2026-07-12 22:00:00
19256,2487,13063,1431,1445,2026-07-12 22:00:00
19257,38,13064,1674,1684,2026-07-12 22:00:00
19258,578,13064,1618,1608,2026-07-12 22:00:00
19259,1384,13065,1361,1356,2026-07-12 22:00:00
19260,2270,13065,1601,1606,2026-07-12 22:00:00
19261,1771,13068,1253,1247,2026-07-12 22:00:00
19262,462,13068,1446,1452,2026-07-12 22:00:00
19263,574,13069,1634,1622,2026-07-12 22:00:00
19264,2401,13069,1634,1646,2026-07-12 22:00:00
19265,299,13071,1377,1387,2026-07-12 23:00:00
19266,2179,13071,1323,1313,2026-07-12 23:00:00
19267,1574,13072,1741,1751,2026-07-13 00:00:00
19268,1830,13072,1679,1669,2026-07-13 00:00:00
19269,904,13073,1369,1360,2026-07-13 00:00:00
19270,2199,13073,1475,1483,2026-07-13 00:00:00
19271,1756,13074,1804,1811,2026-07-13 01:00:00
19272,1379,13074,1661,1654,2026-07-13 01:00:00
19273,2024,13075,1689,1698,2026-07-13 01:00:00
19274,285,13075,1627,1617,2026-07-13 01:00:00
19275,1144,13077,2128,2113,2026-07-13 10:00:00
19276,1471,13077,2019,2035,2026-07-13 10:00:00
19277,1053,13078,1658,1642,2026-07-13 10:00:00
19278,1621,13078,1539,1555,2026-07-13 10:00:00
19279,603,13080,1404,1399,2026-07-13 11:00:00
19280,149,13080,1639,1644,2026-07-13 11:00:00
19281,2345,13081,1719,1723,2026-07-13 12:00:00
19282,1361,13081,1450,1446,2026-07-13 12:00:00
19283,2207,13082,1832,1841,2026-07-13 12:00:00
19284,910,13082,1749,1740,2026-07-13 12:00:00
19285,751,13083,1362,1370,2026-07-13 13:00:00
19286,2490,13083,1265,1256,2026-07-13 13:00:00
19287,2327,13084,1565,1574,2026-07-13 13:00:00
19288,2357,13084,1490,1480,2026-07-13 13:00:00
19289,2207,13086,1841,1851,2026-07-13 15:00:00
19290,2382,13086,1766,1757,2026-07-13 15:00:00
19291,676,13087,1835,1825,2026-07-13 15:00:00
19292,2379,13087,1873,1884,2026-07-13 15:00:00
19293,2082,13088,990,983,2026-07-13 15:00:00
19294,248,13088,1139,1146,2026-07-13 15:00:00
19295,115,13089,1581,1589,2026-07-13 15:00:00
19296,1162,13089,1475,1467,2026-07-13 15:00:00
19297,1756,13090,1811,1801,2026-07-13 16:00:00
19298,2227,13090,1869,1879,2026-07-13 16:00:00
19299,1810,13091,1989,1998,2026-07-13 16:00:00
19300,885,13091,1886,1877,2026-07-13 16:00:00
19301,231,13093,1129,1121,2026-07-13 17:00:00
19302,1584,13093,1240,1249,2026-07-13 17:00:00
19303,166,13094,1259,1249,2026-07-13 17:00:00
19304,91,13094,1323,1333,2026-07-13 17:00:00
19305,2471,13095,1685,1677,2026-07-13 17:00:00
19306,787,13095,1797,1805,2026-07-13 17:00:00
19307,2325,13097,1097,1089,2026-07-13 17:00:00
19308,2228,13097,1224,1232,2026-07-13 17:00:00
19309,428,13098,1609,1615,2026-07-13 17:00:00
19310,1548,13098,1423,1417,2026-07-13 17:00:00
19311,1369,13099,1290,1282,2026-07-13 17:00:00
19312,2106,13099,1407,1415,2026-07-13 17:00:00
19313,464,13100,1642,1629,2026-07-13 17:00:00
19314,1540,13100,1600,1613,2026-07-13 17:00:00
19315,1528,13101,1745,1729,2026-07-13 17:00:00
19316,1961,13101,1611,1627,2026-07-13 17:00:00
19317,101,13102,1426,1436,2026-07-13 17:00:00
19318,419,13102,1349,1340,2026-07-13 17:00:00
19319,1437,13103,1500,1509,2026-07-13 17:00:00
19320,1650,13103,1434,1424,2026-07-13 17:00:00
19321,288,13106,1081,1075,2026-07-13 18:00:00
19322,952,13106,1263,1269,2026-07-13 18:00:00
19323,2462,13107,1521,1514,2026-07-13 18:00:00
19324,1655,13107,1670,1677,2026-07-13 18:00:00
19325,239,13108,1354,1344,2026-07-13 18:00:00
19326,1669,13108,1411,1421,2026-07-13 18:00:00
19327,2243,13109,1575,1587,2026-07-13 18:00:00
19328,957,13109,1578,1565,2026-07-13 18:00:00
19329,48,13110,1019,1011,2026-07-13 18:00:00
19330,689,13110,1136,1144,2026-07-13 18:00:00
19331,2110,13111,1134,1125,2026-07-13 18:00:00
19332,1597,13111,1224,1233,2026-07-13 18:00:00
19333,748,13112,1858,1863,2026-07-13 18:00:00
19334,379,13112,1646,1640,2026-07-13 18:00:00
19335,1032,13113,1388,1380,2026-07-13 18:00:00
19336,2418,13113,1529,1537,2026-07-13 18:00:00
19337,246,13116,1686,1693,2026-07-13 18:00:00
19338,1856,13116,1540,1532,2026-07-13 18:00:00
19339,1,13117,1823,1832,2026-07-13 19:00:00
19340,1696,13117,1720,1712,2026-07-13 19:00:00
19341,2248,13118,1678,1661,2026-07-13 19:00:00
19342,828,13118,1552,1568,2026-07-13 19:00:00
19343,1163,13119,1928,1936,2026-07-13 19:00:00
19344,2180,13119,1797,1789,2026-07-13 19:00:00
19345,1358,13120,1140,1153,2026-07-13 19:00:00
19346,2348,13120,1172,1159,2026-07-13 19:00:00
19347,1417,13121,1549,1543,2026-07-13 19:00:00
19348,1278,13121,1730,1736,2026-07-13 19:00:00
19349,231,13122,1121,1131,2026-07-13 19:00:00
19350,288,13122,1075,1064,2026-07-13 19:00:00
19351,676,13123,1825,1832,2026-07-13 19:00:00
19352,2087,13123,1682,1675,2026-07-13 19:00:00
19353,1998,13124,1523,1532,2026-07-13 19:00:00
19354,2495,13124,1437,1428,2026-07-13 19:00:00
19355,1586,13125,1351,1340,2026-07-13 19:00:00
19356,145,13125,1378,1389,2026-07-13 19:00:00
19357,1589,13127,1520,1534,2026-07-13 19:00:00
19358,260,13127,1589,1574,2026-07-13 19:00:00
19359,2106,13128,1415,1407,2026-07-13 19:00:00
19360,1929,13128,1547,1555,2026-07-13 19:00:00
19361,832,13130,1622,1607,2026-07-13 19:00:00
19362,669,13130,1530,1545,2026-07-13 19:00:00
19363,2036,13131,1912,1923,2026-07-13 19:00:00
19364,2230,13131,1888,1877,2026-07-13 19:00:00
19365,253,13133,1409,1400,2026-07-13 19:00:00
19366,526,13133,1473,1483,2026-07-13 19:00:00
19367,52,13134,1869,1857,2026-07-13 19:00:00
19368,611,13134,1857,1869,2026-07-13 19:00:00
19369,807,13135,1197,1188,2026-07-13 20:00:00
19370,1644,13135,1257,1267,2026-07-13 20:00:00
19371,1095,13136,1255,1247,2026-07-13 20:00:00
19372,751,13136,1370,1379,2026-07-13 20:00:00
19373,69,13138,1339,1355,2026-07-13 20:00:00
19374,314,13138,1470,1454,2026-07-13 20:00:00
19375,1229,13139,1506,1491,2026-07-13 20:00:00
19376,2337,13139,1412,1427,2026-07-13 20:00:00
19377,1091,13140,1246,1262,2026-07-13 20:00:00
19378,724,13140,1351,1336,2026-07-13 20:00:00
19379,1886,13141,1811,1820,2026-07-13 20:00:00
19380,2276,13141,1713,1705,2026-07-13 20:00:00
19381,1125,13142,1737,1746,2026-07-13 20:00:00
19382,1933,13142,1652,1642,2026-07-13 20:00:00
19383,1585,13143,1189,1182,2026-07-13 20:00:00
19384,1571,13143,1338,1345,2026-07-13 20:00:00
19385,389,13144,1144,1135,2026-07-13 20:00:00
19386,931,13144,1227,1236,2026-07-13 20:00:00
19387,2039,13147,1334,1323,2026-07-13 21:00:00
19388,1045,13147,1362,1373,2026-07-13 21:00:00
19389,2147,13148,1445,1436,2026-07-13 21:00:00
19390,2274,13148,1522,1531,2026-07-13 21:00:00
19391,2227,13149,1879,1885,2026-07-13 21:00:00
19392,605,13149,1699,1693,2026-07-13 21:00:00
19393,342,13152,1644,1634,2026-07-13 21:00:00
19394,1522,13152,1712,1722,2026-07-13 21:00:00
19395,7,13153,1475,1467,2026-07-13 21:00:00
19396,650,13153,1591,1599,2026-07-13 21:00:00
19397,610,13154,2106,2090,2026-07-13 21:00:00
19398,1141,13154,1988,2004,2026-07-13 21:00:00
19399,558,13157,1100,1090,2026-07-13 21:00:00
19400,1662,13157,1145,1156,2026-07-13 21:00:00
19401,2013,13158,1741,1747,2026-07-13 21:00:00
19402,1057,13158,1568,1561,2026-07-13 21:00:00
19403,1508,13159,1471,1485,2026-07-13 21:00:00
19404,1234,13159,1544,1530,2026-07-13 21:00:00
19405,558,13160,1090,1098,2026-07-13 21:00:00
19406,510,13160,956,949,2026-07-13 21:00:00
19407,1080,13162,1621,1606,2026-07-13 21:00:00
19408,2418,13162,1537,1551,2026-07-13 21:00:00
19409,2095,13163,1657,1667,2026-07-13 22:00:00
19410,529,13163,1600,1590,2026-07-13 22:00:00
19411,1308,13165,1642,1624,2026-07-13 22:00:00
19412,2126,13165,1440,1459,2026-07-13 22:00:00
19413,2358,13166,1091,1102,2026-07-13 22:00:00
19414,1477,13166,1051,1040,2026-07-13 22:00:00
19415,432,13167,1562,1572,2026-07-13 22:00:00
19416,1564,13167,1504,1494,2026-07-13 22:00:00
19417,1813,13169,1735,1745,2026-07-13 22:00:00
19418,300,13169,1669,1660,2026-07-13 22:00:00
19419,2446,13170,1176,1187,2026-07-13 22:00:00
19420,1210,13170,1134,1124,2026-07-13 22:00:00
19421,129,13171,1745,1733,2026-07-13 22:00:00
19422,1981,13171,1752,1763,2026-07-13 22:00:00
19423,330,13172,1214,1205,2026-07-13 22:00:00
19424,886,13172,1297,1306,2026-07-13 22:00:00
19425,82,13173,1453,1461,2026-07-13 22:00:00
19426,1962,13173,1314,1306,2026-07-13 22:00:00
19427,146,13175,1751,1741,2026-07-13 22:00:00
19428,104,13175,1804,1814,2026-07-13 22:00:00
19429,276,13176,1405,1394,2026-07-13 23:00:00
19430,643,13176,1455,1465,2026-07-13 23:00:00
19431,820,13178,1380,1366,2026-07-13 23:00:00
19432,724,13178,1336,1349,2026-07-13 23:00:00
19433,2492,13179,1473,1461,2026-07-14 00:00:00
19434,1995,13179,1476,1488,2026-07-14 00:00:00
19435,295,13180,1549,1557,2026-07-14 00:00:00
19436,340,13180,1431,1423,2026-07-14 00:00:00
19437,47,13182,1241,1250,2026-07-14 10:00:00
19438,1791,13182,1151,1142,2026-07-14 10:00:00
19439,227,13183,1694,1702,2026-07-14 11:00:00
19440,1535,13183,1601,1592,2026-07-14 11:00:00
19441,1213,13184,1595,1587,2026-07-14 12:00:00
19442,17,13184,1733,1741,2026-07-14 12:00:00
19443,1775,13185,1520,1530,2026-07-14 12:00:00
19444,2357,13185,1480,1470,2026-07-14 12:00:00
19445,2500,13187,1443,1428,2026-07-14 12:00:00
19446,742,13187,1356,1371,2026-07-14 12:00:00
19447,914,13191,1357,1347,2026-07-14 14:00:00
19448,1389,13191,1403,1413,2026-07-14 14:00:00
19449,139,13192,1630,1618,2026-07-14 15:00:00
19450,619,13192,1616,1628,2026-07-14 15:00:00
19451,808,13194,1378,1366,2026-07-14 15:00:00
19452,1710,13194,1367,1380,2026-07-14 15:00:00
19453,1238,13195,1846,1836,2026-07-14 15:00:00
19454,527,13195,1914,1924,2026-07-14 15:00:00
19455,327,13196,1058,1053,2026-07-14 15:00:00
19456,1301,13196,1287,1292,2026-07-14 15:00:00
19457,334,13197,1517,1526,2026-07-14 15:00:00
19458,1513,13197,1423,1414,2026-07-14 15:00:00
19459,2465,13199,1497,1486,2026-07-14 16:00:00
19460,2055,13199,1529,1540,2026-07-14 16:00:00
19461,2198,13200,1515,1506,2026-07-14 16:00:00
19462,529,13200,1590,1599,2026-07-14 16:00:00
19463,374,13203,1244,1235,2026-07-14 17:00:00
19464,1953,13203,1343,1352,2026-07-14 17:00:00
19465,41,13205,1264,1279,2026-07-14 17:00:00
19466,1586,13205,1340,1325,2026-07-14 17:00:00
19467,342,13206,1634,1624,2026-07-14 17:00:00
19468,1655,13206,1677,1688,2026-07-14 17:00:00
19469,87,13207,1198,1193,2026-07-14 17:00:00
19470,1650,13207,1424,1429,2026-07-14 17:00:00
19471,1757,13208,1564,1578,2026-07-14 17:00:00
19472,1913,13208,1639,1625,2026-07-14 17:00:00
19473,2184,13210,1464,1474,2026-07-14 17:00:00
19474,268,13210,1430,1420,2026-07-14 17:00:00
19475,2294,13211,1383,1375,2026-07-14 17:00:00
19476,1896,13211,1488,1496,2026-07-14 17:00:00
19477,1361,13212,1446,1430,2026-07-14 18:00:00
19478,1630,13212,1338,1354,2026-07-14 18:00:00
19479,1687,13213,2076,2062,2026-07-14 18:00:00
19480,1471,13213,2035,2048,2026-07-14 18:00:00
19481,1808,13214,1607,1596,2026-07-14 18:00:00
19482,285,13214,1617,1628,2026-07-14 18:00:00
19483,610,13215,2090,2098,2026-07-14 18:00:00
19484,1566,13215,1947,1939,2026-07-14 18:00:00
19485,1949,13216,1142,1154,2026-07-14 18:00:00
19486,248,13216,1146,1134,2026-07-14 18:00:00
19487,1949,13217,1154,1166,2026-07-14 18:00:00
19488,689,13217,1144,1132,2026-07-14 18:00:00
19489,2197,13218,1284,1295,2026-07-14 18:00:00
19490,133,13218,1254,1243,2026-07-14 18:00:00
19491,1030,13219,1713,1699,2026-07-14 18:00:00
19492,1530,13219,1647,1662,2026-07-14 18:00:00
19493,310,13220,1413,1402,2026-07-14 18:00:00
19494,1954,13220,1455,1466,2026-07-14 18:00:00
19495,574,13221,1622,1629,2026-07-14 18:00:00
19496,197,13221,1485,1477,2026-07-14 18:00:00
19497,2003,13223,1543,1533,2026-07-14 19:00:00
19498,881,13223,1611,1621,2026-07-14 19:00:00
19499,1631,13224,1895,1884,2026-07-14 19:00:00
19500,2376,13224,1916,1927,2026-07-14 19:00:00
19501,393,13225,1683,1692,2026-07-14 19:00:00
19502,887,13225,1607,1598,2026-07-14 19:00:00
19503,1338,13226,1576,1581,2026-07-14 19:00:00
19504,2249,13226,1318,1314,2026-07-14 19:00:00
19505,181,13229,1404,1397,2026-07-14 19:00:00
19506,55,13229,1562,1569,2026-07-14 19:00:00
19507,1944,13230,1423,1433,2026-07-14 20:00:00
19508,46,13230,1364,1354,2026-07-14 20:00:00
19509,304,13231,1491,1482,2026-07-14 20:00:00
19510,229,13231,1599,1607,2026-07-14 20:00:00
19511,930,13232,1490,1480,2026-07-14 20:00:00
19512,2311,13232,1560,1570,2026-07-14 20:00:00
19513,1299,13233,1459,1470,2026-07-14 20:00:00
19514,1839,13233,1417,1407,2026-07-14 20:00:00
19515,913,13234,1198,1190,2026-07-14 20:00:00
19516,1099,13234,1318,1326,2026-07-14 20:00:00
19517,2442,13235,1752,1765,2026-07-14 20:00:00
19518,1897,13235,1769,1756,2026-07-14 20:00:00
19519,916,13239,1194,1198,2026-07-14 21:00:00
19520,2386,13239,924,920,2026-07-14 21:00:00
19521,1721,13240,1647,1657,2026-07-14 21:00:00
19522,1798,13240,1605,1594,2026-07-14 21:00:00
19523,634,13242,1766,1755,2026-07-14 21:00:00
19524,1922,13242,1806,1816,2026-07-14 21:00:00
19525,511,13243,1185,1176,2026-07-14 21:00:00
19526,1301,13243,1292,1300,2026-07-14 21:00:00
19527,2452,13244,1486,1493,2026-07-14 21:00:00
19528,1384,13244,1356,1348,2026-07-14 21:00:00
19529,89,13245,1707,1715,2026-07-14 21:00:00
19530,1498,13245,1586,1578,2026-07-14 21:00:00
19531,2155,13246,1661,1671,2026-07-14 21:00:00
19532,103,13246,1598,1588,2026-07-14 21:00:00
19533,1021,13247,1560,1575,2026-07-14 21:00:00
19534,468,13247,1628,1614,2026-07-14 21:00:00
19535,2418,13248,1551,1561,2026-07-14 21:00:00
19536,736,13248,1471,1461,2026-07-14 21:00:00
19537,2421,13249,1516,1525,2026-07-14 21:00:00
19538,1759,13249,1439,1429,2026-07-14 21:00:00
19539,788,13250,1231,1220,2026-07-14 21:00:00
19540,1392,13250,1255,1266,2026-07-14 21:00:00
19541,2470,13251,1703,1712,2026-07-14 22:00:00
19542,63,13251,1608,1599,2026-07-14 22:00:00
19543,2342,13252,1457,1450,2026-07-14 22:00:00
19544,2497,13252,1591,1599,2026-07-14 22:00:00
19545,131,13253,1081,1073,2026-07-14 22:00:00
19546,1534,13253,1176,1185,2026-07-14 22:00:00
19547,234,13254,1729,1720,2026-07-14 22:00:00
19548,2324,13254,1820,1829,2026-07-14 22:00:00
19549,491,13255,1394,1401,2026-07-14 22:00:00
19550,1907,13255,1253,1246,2026-07-14 22:00:00
19551,280,13256,1647,1656,2026-07-14 22:00:00
19552,421,13256,1556,1547,2026-07-14 22:00:00
19553,1888,13257,1513,1523,2026-07-14 22:00:00
19554,2492,13257,1461,1451,2026-07-14 22:00:00
19555,293,13258,1507,1498,2026-07-14 22:00:00
19556,622,13258,1601,1610,2026-07-14 22:00:00
19557,2417,13259,1659,1642,2026-07-14 22:00:00
19558,1140,13259,1521,1538,2026-07-14 22:00:00
19559,1,13261,1832,1821,2026-07-14 23:00:00
19560,2227,13261,1885,1895,2026-07-14 23:00:00
19561,1950,13262,1359,1349,2026-07-14 23:00:00
19562,1548,13262,1417,1427,2026-07-14 23:00:00
19563,592,13264,1564,1553,2026-07-14 23:00:00
19564,1858,13264,1597,1608,2026-07-14 23:00:00
19565,1696,13265,1712,1719,2026-07-15 00:00:00
19566,1337,13265,1578,1570,2026-07-15 00:00:00
19567,1171,13267,1615,1626,2026-07-15 11:00:00
19568,905,13267,1579,1568,2026-07-15 11:00:00
19569,374,13270,1235,1227,2026-07-15 12:00:00
19570,1803,13270,1363,1371,2026-07-15 12:00:00
19571,1024,13271,1257,1251,2026-07-15 12:00:00
19572,889,13271,1446,1452,2026-07-15 12:00:00
19573,2349,13273,1198,1190,2026-07-15 12:00:00
19574,108,13273,1319,1327,2026-07-15 12:00:00
19575,184,13274,1357,1350,2026-07-15 13:00:00
19576,2465,13274,1486,1494,2026-07-15 13:00:00
19577,2087,13275,1675,1684,2026-07-15 13:00:00
19578,1798,13275,1594,1585,2026-07-15 13:00:00
19579,1246,13277,1720,1705,2026-07-15 15:00:00
19580,902,13277,1633,1648,2026-07-15 15:00:00
19581,737,13279,1414,1407,2026-07-15 16:00:00
19582,1283,13279,1553,1560,2026-07-15 16:00:00
19583,1808,13281,1596,1607,2026-07-15 17:00:00
19584,1794,13281,1560,1549,2026-07-15 17:00:00
19585,1238,13282,1836,1844,2026-07-15 17:00:00
19586,1205,13282,1695,1688,2026-07-15 17:00:00
19587,2065,13284,1183,1178,2026-07-15 17:00:00
19588,2206,13284,1386,1392,2026-07-15 17:00:00
19589,1345,13285,1516,1502,2026-07-15 17:00:00
19590,770,13285,1448,1462,2026-07-15 17:00:00
19591,1516,13286,1575,1568,2026-07-15 17:00:00
19592,390,13286,1701,1709,2026-07-15 17:00:00
19593,1226,13287,1368,1375,2026-07-15 17:00:00
19594,921,13287,1186,1180,2026-07-15 17:00:00
19595,1234,13288,1530,1538,2026-07-15 17:00:00
19596,1196,13288,1431,1423,2026-07-15 17:00:00
19597,2455,13289,1386,1373,2026-07-15 17:00:00
19598,1480,13289,1355,1368,2026-07-15 17:00:00
19599,1599,13290,1287,1283,2026-07-15 17:00:00
19600,1433,13290,1560,1564,2026-07-15 17:00:00
19601,1122,13291,1528,1542,2026-07-15 17:00:00
19602,1272,13291,1586,1572,2026-07-15 17:00:00
19603,2209,13292,1455,1442,2026-07-15 17:00:00
19604,2103,13292,1426,1439,2026-07-15 17:00:00
19605,1086,13293,1559,1551,2026-07-15 18:00:00
19606,2482,13293,1680,1688,2026-07-15 18:00:00
19607,1622,13294,1392,1377,2026-07-15 18:00:00
19608,1178,13294,1310,1325,2026-07-15 18:00:00
19609,2258,13297,1644,1652,2026-07-15 18:00:00
19610,1783,13297,1543,1535,2026-07-15 18:00:00
19611,1519,13298,1596,1592,2026-07-15 18:00:00
19612,1939,13298,1877,1881,2026-07-15 18:00:00
19613,1662,13299,1156,1146,2026-07-15 18:00:00
19614,1597,13299,1233,1243,2026-07-15 18:00:00
19615,1397,13300,1511,1507,2026-07-15 19:00:00
19616,2006,13300,1785,1789,2026-07-15 19:00:00
19617,2471,13301,1677,1686,2026-07-15 19:00:00
19618,63,13301,1599,1590,2026-07-15 19:00:00
19619,2142,13303,1738,1730,2026-07-15 19:00:00
19620,2207,13303,1851,1859,2026-07-15 19:00:00
19621,889,13304,1452,1444,2026-07-15 19:00:00
19622,2327,13304,1574,1582,2026-07-15 19:00:00
19623,10,13307,1899,1904,2026-07-15 19:00:00
19624,911,13307,1651,1647,2026-07-15 19:00:00
19625,1435,13308,1369,1379,2026-07-15 19:00:00
19626,318,13308,1312,1302,2026-07-15 19:00:00
19627,1128,13310,1558,1544,2026-07-15 19:00:00
19628,114,13310,1514,1528,2026-07-15 19:00:00
19629,942,13311,1335,1351,2026-07-15 19:00:00
19630,1755,13311,1472,1455,2026-07-15 19:00:00
19631,1278,13313,1736,1742,2026-07-15 20:00:00
19632,2072,13313,1511,1505,2026-07-15 20:00:00
19633,2281,13314,1682,1688,2026-07-15 20:00:00
19634,257,13314,1475,1470,2026-07-15 20:00:00
19635,2106,13315,1407,1398,2026-07-15 20:00:00
19636,2340,13315,1489,1498,2026-07-15 20:00:00
19637,861,13316,1275,1269,2026-07-15 20:00:00
19638,671,13316,1475,1481,2026-07-15 20:00:00
19639,1169,13317,1554,1563,2026-07-15 20:00:00
19640,770,13317,1462,1453,2026-07-15 20:00:00
19641,28,13318,1847,1855,2026-07-15 20:00:00
19642,2481,13318,1740,1732,2026-07-15 20:00:00
19643,87,13319,1193,1185,2026-07-15 20:00:00
19644,1962,13319,1306,1315,2026-07-15 20:00:00
19645,977,13320,1565,1558,2026-07-15 20:00:00
19646,2481,13320,1732,1738,2026-07-15 20:00:00
19647,2429,13323,1424,1416,2026-07-15 20:00:00
19648,2054,13323,1546,1554,2026-07-15 20:00:00
19649,1156,13324,2058,2065,2026-07-15 20:00:00
19650,2117,13324,1919,1912,2026-07-15 20:00:00
19651,13,13325,1615,1626,2026-07-15 20:00:00
19652,1875,13325,1598,1587,2026-07-15 20:00:00
19653,304,13326,1482,1490,2026-07-15 21:00:00
19654,1002,13326,1362,1354,2026-07-15 21:00:00
19655,2497,13327,1599,1590,2026-07-15 21:00:00
19656,2315,13327,1692,1701,2026-07-15 21:00:00
19657,943,13329,1718,1726,2026-07-15 21:00:00
19658,1844,13329,1607,1599,2026-07-15 21:00:00
19659,1789,13330,1808,1793,2026-07-15 21:00:00
19660,189,13330,1718,1733,2026-07-15 21:00:00
19661,896,13331,1361,1369,2026-07-15 21:00:00
19662,2138,13331,1248,1240,2026-07-15 21:00:00
19663,829,13332,1872,1859,2026-07-15 21:00:00
19664,1238,13332,1844,1857,2026-07-15 21:00:00
19665,1534,13333,1185,1198,2026-07-15 21:00:00
19666,916,13333,1198,1185,2026-07-15 21:00:00
19667,1723,13334,1556,1571,2026-07-15 21:00:00
19668,1414,13334,1628,1613,2026-07-15 21:00:00
19669,894,13336,1389,1381,2026-07-15 21:00:00
19670,649,13336,1515,1523,2026-07-15 21:00:00
19671,1594,13337,1772,1760,2026-07-15 21:00:00
19672,1989,13337,1772,1784,2026-07-15 21:00:00
19673,2097,13338,1748,1735,2026-07-15 21:00:00
19674,2060,13338,1708,1721,2026-07-15 21:00:00
19675,1787,13339,1451,1435,2026-07-15 21:00:00
19676,1459,13339,1330,1346,2026-07-15 21:00:00
19677,2058,13340,1685,1692,2026-07-15 21:00:00
19678,977,13340,1558,1550,2026-07-15 21:00:00
19679,962,13341,1343,1354,2026-07-15 21:00:00
19680,607,13341,1327,1315,2026-07-15 21:00:00
19681,1372,13342,1545,1534,2026-07-15 21:00:00
19682,2454,13342,1559,1570,2026-07-15 21:00:00
19683,1095,13343,1247,1259,2026-07-15 22:00:00
19684,374,13343,1227,1216,2026-07-15 22:00:00
19685,1129,13344,1494,1477,2026-07-15 22:00:00
19686,1276,13344,1360,1376,2026-07-15 22:00:00
19687,1785,13345,1375,1386,2026-07-15 22:00:00
19688,91,13345,1333,1323,2026-07-15 22:00:00
19689,2018,13346,1346,1335,2026-07-15 22:00:00
19690,992,13346,1366,1377,2026-07-15 22:00:00
19691,1749,13348,1682,1687,2026-07-15 22:00:00
19692,152,13348,1444,1439,2026-07-15 22:00:00
19693,1504,13349,1564,1580,2026-07-15 22:00:00
19694,1316,13349,1698,1681,2026-07-15 22:00:00
19695,2211,13350,1933,1941,2026-07-15 22:00:00
19696,2451,13350,1815,1807,2026-07-15 22:00:00
19697,1984,13351,1566,1570,2026-07-15 22:00:00
19698,935,13351,1275,1271,2026-07-15 22:00:00
19699,1002,13355,1354,1367,2026-07-16 00:00:00
19700,1859,13355,1386,1372,2026-07-16 00:00:00
19701,1374,13356,1181,1195,2026-07-16 00:00:00
19702,374,13356,1216,1203,2026-07-16 00:00:00
19703,952,13358,1269,1260,2026-07-16 10:00:00
19704,1859,13358,1372,1381,2026-07-16 10:00:00
19705,569,13359,1191,1207,2026-07-16 10:00:00
19706,1983,13359,1310,1294,2026-07-16 10:00:00
19707,1924,13360,1443,1434,2026-07-16 10:00:00
19708,903,13360,1544,1552,2026-07-16 10:00:00
19709,1785,13361,1386,1401,2026-07-16 11:00:00
19710,1977,13361,1503,1488,2026-07-16 11:00:00
19711,767,13364,1281,1270,2026-07-16 11:00:00
19712,1401,13364,1313,1324,2026-07-16 11:00:00
19713,1159,13365,1354,1344,2026-07-16 11:00:00
19714,1429,13365,1429,1438,2026-07-16 11:00:00
19715,1389,13366,1413,1399,2026-07-16 11:00:00
19716,2453,13366,1356,1370,2026-07-16 11:00:00
19717,1775,13367,1530,1519,2026-07-16 12:00:00
19718,217,13367,1536,1548,2026-07-16 12:00:00
19719,2457,13368,1500,1489,2026-07-16 12:00:00
19720,2369,13368,1533,1544,2026-07-16 12:00:00
19721,49,13369,1538,1530,2026-07-16 12:00:00
19722,420,13369,1686,1693,2026-07-16 12:00:00
19723,1172,13370,1622,1634,2026-07-16 12:00:00
19724,1961,13370,1627,1615,2026-07-16 12:00:00
19725,1699,13371,1773,1762,2026-07-16 12:00:00
19726,2393,13371,1830,1840,2026-07-16 12:00:00
19727,1192,13372,1368,1360,2026-07-16 12:00:00
19728,1607,13372,1479,1487,2026-07-16 12:00:00
19729,52,13373,1857,1865,2026-07-16 12:00:00
19730,1724,13373,1733,1725,2026-07-16 12:00:00
19731,632,13376,1465,1473,2026-07-16 13:00:00
19732,1401,13376,1324,1317,2026-07-16 13:00:00
19733,1633,13377,1326,1339,2026-07-16 13:00:00
19734,2486,13377,1383,1369,2026-07-16 13:00:00
19735,402,13378,1079,1077,2026-07-16 13:00:00
19736,2492,13378,1451,1454,2026-07-16 13:00:00
19737,1636,13379,1243,1238,2026-07-16 14:00:00
19738,718,13379,1505,1509,2026-07-16 14:00:00
19739,689,13381,1132,1139,2026-07-16 14:00:00
19740,2082,13381,983,976,2026-07-16 14:00:00
19741,2231,13382,1537,1548,2026-07-16 15:00:00
19742,1775,13382,1519,1507,2026-07-16 15:00:00
19743,1760,13383,1586,1602,2026-07-16 15:00:00
19744,810,13383,1709,1693,2026-07-16 15:00:00
19745,232,13384,1932,1916,2026-07-16 15:00:00
19746,1922,13384,1816,1832,2026-07-16 15:00:00
19747,1855,13385,1022,1014,2026-07-16 15:00:00
19748,1906,13385,1151,1159,2026-07-16 15:00:00
19749,2369,13388,1544,1533,2026-07-16 16:00:00
19750,208,13388,1575,1586,2026-07-16 16:00:00
19751,970,13389,1569,1584,2026-07-16 16:00:00
19752,911,13389,1647,1632,2026-07-16 16:00:00
19753,1735,13392,1405,1414,2026-07-16 17:00:00
19754,1586,13392,1325,1316,2026-07-16 17:00:00
19755,1998,13393,1532,1523,2026-07-16 17:00:00
19756,1961,13393,1615,1624,2026-07-16 17:00:00
19757,2226,13395,1327,1340,2026-07-16 17:00:00
19758,1307,13395,1362,1349,2026-07-16 17:00:00
19759,166,13399,1249,1247,2026-07-16 18:00:00
19760,2095,13399,1667,1669,2026-07-16 18:00:00
19761,527,13400,1924,1926,2026-07-16 18:00:00
19762,1925,13400,1532,1530,2026-07-16 18:00:00
19763,1589,13401,1534,1544,2026-07-16 18:00:00
19764,1598,13401,1462,1452,2026-07-16 18:00:00
19765,94,13402,1508,1498,2026-07-16 18:00:00
19766,2467,13402,1548,1558,2026-07-16 18:00:00
19767,91,13407,1323,1329,2026-07-16 19:00:00
19768,1642,13407,1137,1131,2026-07-16 19:00:00
19769,1034,13410,1488,1475,2026-07-16 19:00:00
19770,360,13410,1475,1488,2026-07-16 19:00:00
19771,2120,13411,1738,1725,2026-07-16 19:00:00
19772,2309,13411,1717,1730,2026-07-16 19:00:00
19773,1847,13413,1727,1714,2026-07-16 19:00:00
19774,1439,13413,1699,1712,2026-07-16 19:00:00
19775,1508,13414,1485,1493,2026-07-16 19:00:00
19776,1807,13414,1358,1350,2026-07-16 19:00:00
19777,1057,13415,1561,1553,2026-07-16 19:00:00
19778,854,13415,1673,1681,2026-07-16 19:00:00
19779,81,13416,1152,1144,2026-07-16 19:00:00
19780,2483,13416,1282,1290,2026-07-16 19:00:00
19781,1248,13418,1411,1419,2026-07-16 19:00:00
19782,2029,13418,1305,1297,2026-07-16 19:00:00
19783,1431,13419,1542,1554,2026-07-16 19:00:00
19784,1984,13419,1570,1557,2026-07-16 19:00:00
19785,833,13420,1622,1637,2026-07-16 20:00:00
19786,1261,13420,1732,1717,2026-07-16 20:00:00
19787,1548,13423,1427,1425,2026-07-16 20:00:00
19788,1082,13423,1820,1822,2026-07-16 20:00:00
19789,896,13424,1369,1358,2026-07-16 20:00:00
19790,836,13424,1406,1417,2026-07-16 20:00:00
19791,265,13425,1336,1331,2026-07-16 20:00:00
19792,1057,13425,1553,1559,2026-07-16 20:00:00
19793,1626,13426,1199,1191,2026-07-16 20:00:00
19794,1608,13426,1308,1316,2026-07-16 20:00:00
19795,2499,13427,1220,1213,2026-07-16 20:00:00
19796,2319,13427,1357,1365,2026-07-16 20:00:00
19797,1392,13428,1266,1259,2026-07-16 20:00:00
19798,1496,13428,1428,1435,2026-07-16 20:00:00
19799,528,13429,1286,1276,2026-07-16 21:00:00
19800,1046,13429,1352,1362,2026-07-16 21:00:00
19801,1043,13432,1359,1370,2026-07-16 21:00:00
19802,981,13432,1323,1312,2026-07-16 21:00:00
19803,2318,13433,1510,1523,2026-07-16 21:00:00
19804,79,13433,1518,1506,2026-07-16 21:00:00
19805,1400,13434,1579,1572,2026-07-16 21:00:00
19806,1847,13434,1714,1722,2026-07-16 21:00:00
19807,2074,13435,1637,1625,2026-07-16 21:00:00
19808,124,13435,1659,1670,2026-07-16 21:00:00
19809,623,13437,1442,1432,2026-07-16 21:00:00
19810,1701,13437,1499,1509,2026-07-16 21:00:00
19811,1855,13438,1014,1007,2026-07-16 21:00:00
19812,213,13438,1157,1164,2026-07-16 21:00:00
19813,2295,13440,1174,1165,2026-07-16 21:00:00
19814,1390,13440,1281,1290,2026-07-16 21:00:00
19815,231,13444,1131,1126,2026-07-16 22:00:00
19816,396,13444,1384,1389,2026-07-16 22:00:00
19817,1526,13445,1370,1367,2026-07-16 22:00:00
19818,227,13445,1702,1706,2026-07-16 22:00:00
19819,2008,13447,1414,1401,2026-07-16 22:00:00
19820,451,13447,1370,1384,2026-07-16 22:00:00
19821,1388,13448,1544,1537,2026-07-16 22:00:00
19822,810,13448,1693,1700,2026-07-16 22:00:00
19823,239,13450,1344,1335,2026-07-16 22:00:00
19824,2004,13450,1435,1444,2026-07-16 22:00:00
19825,1263,13451,1574,1563,2026-07-16 22:00:00
19826,881,13451,1621,1631,2026-07-16 22:00:00
19827,1347,13453,1613,1599,2026-07-16 22:00:00
19828,669,13453,1545,1559,2026-07-16 22:00:00
19829,2332,13454,1478,1488,2026-07-16 22:00:00
19830,709,13454,1423,1412,2026-07-16 22:00:00
19831,2175,13456,1423,1417,2026-07-16 22:00:00
19832,2064,13456,1616,1622,2026-07-16 22:00:00
19833,1939,13457,1881,1896,2026-07-16 22:00:00
19834,160,13457,1970,1955,2026-07-16 22:00:00
19835,951,13459,1540,1531,2026-07-16 23:00:00
19836,1544,13459,1606,1616,2026-07-16 23:00:00
19837,2014,13461,1337,1348,2026-07-17 01:00:00
19838,2493,13461,1321,1310,2026-07-17 01:00:00
19839,1411,13462,1317,1306,2026-07-17 09:00:00
19840,97,13462,1362,1373,2026-07-17 09:00:00
19841,1304,13463,969,985,2026-07-17 09:00:00
19842,1987,13463,1095,1079,2026-07-17 09:00:00
19843,561,13465,1700,1710,2026-07-17 09:00:00
19844,1115,13465,1620,1611,2026-07-17 09:00:00
19845,1943,13467,1370,1377,2026-07-17 10:00:00
19846,59,13467,1222,1215,2026-07-17 10:00:00
19847,482,13468,1243,1232,2026-07-17 11:00:00
19848,993,13468,1283,1294,2026-07-17 11:00:00
19849,1965,13469,1871,1862,2026-07-17 11:00:00
19850,765,13469,1955,1964,2026-07-17 11:00:00
19851,1381,13470,1538,1529,2026-07-17 11:00:00
19852,1172,13470,1634,1643,2026-07-17 11:00:00
19853,1382,13471,1493,1500,2026-07-17 11:00:00
19854,918,13471,1364,1356,2026-07-17 11:00:00
19855,1591,13473,1181,1170,2026-07-17 12:00:00
19856,1836,13473,1227,1237,2026-07-17 12:00:00
19857,974,13474,1526,1517,2026-07-17 12:00:00
19858,473,13474,1611,1620,2026-07-17 12:00:00
19859,854,13475,1681,1689,2026-07-17 12:00:00
19860,2061,13475,1533,1525,2026-07-17 12:00:00
19861,184,13477,1350,1361,2026-07-17 13:00:00
19862,2039,13477,1323,1312,2026-07-17 13:00:00
19863,1367,13478,1764,1779,2026-07-17 13:00:00
19864,587,13478,1847,1833,2026-07-17 13:00:00
19865,2010,13479,1388,1400,2026-07-17 13:00:00
19866,1543,13479,1391,1379,2026-07-17 13:00:00
19867,1707,13480,1373,1363,2026-07-17 13:00:00
19868,341,13480,1408,1419,2026-07-17 13:00:00
19869,2257,13481,2117,2127,2026-07-17 13:00:00
19870,1427,13481,2072,2062,2026-07-17 13:00:00
19871,861,13484,1269,1260,2026-07-17 14:00:00
19872,1108,13484,1353,1362,2026-07-17 14:00:00
19873,608,13485,1383,1378,2026-07-17 14:00:00
19874,650,13485,1599,1605,2026-07-17 14:00:00
19875,2099,13486,1286,1303,2026-07-17 14:00:00
19876,2473,13486,1415,1399,2026-07-17 14:00:00
19877,1853,13487,1370,1355,2026-07-17 14:00:00
19878,886,13487,1306,1320,2026-07-17 14:00:00
19879,970,13488,1584,1589,2026-07-17 14:00:00
19880,339,13488,1385,1379,2026-07-17 14:00:00
19881,81,13490,1144,1139,2026-07-17 14:00:00
19882,1100,13490,1396,1400,2026-07-17 14:00:00
19883,86,13491,1404,1411,2026-07-17 14:00:00
19884,2326,13491,1237,1231,2026-07-17 14:00:00
19885,2477,13494,1068,1063,2026-07-17 15:00:00
19886,2039,13494,1312,1317,2026-07-17 15:00:00
19887,131,13497,1073,1064,2026-07-17 15:00:00
19888,453,13497,1170,1179,2026-07-17 15:00:00
19889,49,13498,1530,1518,2026-07-17 15:00:00
19890,649,13498,1523,1535,2026-07-17 15:00:00
19891,2344,13499,1406,1416,2026-07-17 15:00:00
19892,386,13499,1329,1320,2026-07-17 15:00:00
19893,730,13500,1178,1171,2026-07-17 15:00:00
19894,1539,13500,1333,1340,2026-07-17 15:00:00
19895,1607,13501,1487,1477,2026-07-17 15:00:00
19896,849,13501,1551,1561,2026-07-17 15:00:00
19897,604,13503,1357,1348,2026-07-17 15:00:00
19898,997,13503,1436,1445,2026-07-17 15:00:00
19899,1308,13504,1624,1634,2026-07-17 16:00:00
19900,2144,13504,1576,1566,2026-07-17 16:00:00
19901,2345,13506,1723,1731,2026-07-17 16:00:00
19902,529,13506,1599,1591,2026-07-17 16:00:00
19903,648,13507,1400,1391,2026-07-17 16:00:00
19904,2292,13507,1491,1500,2026-07-17 16:00:00
19905,1932,13508,1322,1326,2026-07-17 16:00:00
19906,1799,13508,1045,1041,2026-07-17 16:00:00
19907,1502,13509,1905,1913,2026-07-17 16:00:00
19908,869,13509,1760,1753,2026-07-17 16:00:00
19909,2305,13510,1054,1066,2026-07-17 16:00:00
19910,131,13510,1064,1051,2026-07-17 16:00:00
19911,1573,13511,1312,1309,2026-07-17 16:00:00
19912,832,13511,1607,1611,2026-07-17 16:00:00
19913,2239,13512,1488,1503,2026-07-17 16:00:00
19914,1101,13512,1579,1564,2026-07-17 16:00:00
19915,162,13514,1534,1545,2026-07-17 16:00:00
19916,1020,13514,1508,1496,2026-07-17 16:00:00
19917,136,13518,1106,1102,2026-07-17 17:00:00
19918,1138,13518,1385,1389,2026-07-17 17:00:00
19919,397,13519,1539,1530,2026-07-17 17:00:00
19920,555,13519,1624,1633,2026-07-17 17:00:00
19921,1036,13520,972,968,2026-07-17 17:00:00
19922,482,13520,1232,1237,2026-07-17 17:00:00
19923,488,13521,1740,1746,2026-07-17 17:00:00
19924,1795,13521,1530,1525,2026-07-17 17:00:00
19925,2249,13522,1314,1303,2026-07-17 17:00:00
19926,1108,13522,1362,1373,2026-07-17 17:00:00
19927,1440,13523,1634,1621,2026-07-17 17:00:00
19928,2377,13523,1614,1627,2026-07-17 17:00:00
19929,1480,13524,1368,1360,2026-07-17 17:00:00
19930,1643,13524,1484,1492,2026-07-17 17:00:00
19931,87,13525,1185,1197,2026-07-17 17:00:00
19932,1531,13525,1209,1196,2026-07-17 17:00:00
19933,1726,13526,1601,1609,2026-07-17 17:00:00
19934,2314,13526,1489,1481,2026-07-17 17:00:00
19935,1223,13527,1655,1669,2026-07-17 17:00:00
19936,1654,13527,1716,1702,2026-07-17 17:00:00
19937,2070,13530,1696,1689,2026-07-17 18:00:00
19938,959,13530,1840,1847,2026-07-17 18:00:00
19939,929,13531,1373,1383,2026-07-17 18:00:00
19940,2035,13531,1290,1281,2026-07-17 18:00:00
19941,2138,13532,1240,1232,2026-07-17 18:00:00
19942,451,13532,1384,1391,2026-07-17 18:00:00
19943,141,13533,1464,1455,2026-07-17 18:00:00
19944,1158,13533,1549,1558,2026-07-17 18:00:00
19945,873,13534,1741,1751,2026-07-17 18:00:00
19946,1749,13534,1687,1677,2026-07-17 18:00:00
19947,883,13536,1330,1341,2026-07-17 19:00:00
19948,1524,13536,1287,1277,2026-07-17 19:00:00
19949,2142,13537,1730,1732,2026-07-17 19:00:00
19950,993,13537,1294,1292,2026-07-17 19:00:00
19951,550,13539,1896,1881,2026-07-17 19:00:00
19952,116,13539,1814,1829,2026-07-17 19:00:00
19953,2299,13540,1329,1322,2026-07-17 19:00:00
19954,1503,13540,1492,1499,2026-07-17 19:00:00
19955,2260,13541,1455,1447,2026-07-17 19:00:00
19956,2301,13541,1583,1591,2026-07-17 19:00:00
19957,1589,13543,1544,1527,2026-07-17 19:00:00
19958,2010,13543,1400,1417,2026-07-17 19:00:00
19959,1522,13544,1722,1733,2026-07-17 19:00:00
19960,393,13544,1692,1681,2026-07-17 19:00:00
19961,2229,13545,1514,1521,2026-07-17 19:00:00
19962,2422,13545,1350,1343,2026-07-17 19:00:00
19963,1014,13547,1199,1197,2026-07-17 19:00:00
19964,615,13547,1622,1624,2026-07-17 19:00:00
19965,2164,13548,1356,1365,2026-07-17 19:00:00
19966,1611,13548,1259,1251,2026-07-17 19:00:00
19967,2339,13549,1606,1620,2026-07-17 19:00:00
19968,2183,13549,1677,1662,2026-07-17 19:00:00
19969,346,13550,1791,1803,2026-07-17 19:00:00
19970,404,13550,1795,1783,2026-07-17 19:00:00
19971,1324,13551,1562,1570,2026-07-17 19:00:00
19972,1403,13551,1459,1450,2026-07-17 19:00:00
19973,892,13552,1639,1651,2026-07-17 19:00:00
19974,1209,13552,1642,1630,2026-07-17 19:00:00
19975,552,13553,1540,1549,2026-07-17 19:00:00
19976,870,13553,1447,1438,2026-07-17 19:00:00
19977,688,13555,1308,1299,2026-07-17 20:00:00
19978,21,13555,1396,1405,2026-07-17 20:00:00
19979,2225,13556,2308,2308,2026-07-17 20:00:00
19980,2228,13556,1232,1232,2026-07-17 20:00:00
19981,538,13558,1624,1631,2026-07-17 20:00:00
19982,1062,13558,1480,1473,2026-07-17 20:00:00
19983,1417,13559,1543,1534,2026-07-17 20:00:00
19984,538,13559,1631,1640,2026-07-17 20:00:00
19985,1946,13560,1301,1312,2026-07-17 20:00:00
19986,1095,13560,1259,1248,2026-07-17 20:00:00
19987,1526,13561,1367,1376,2026-07-17 20:00:00
19988,1644,13561,1267,1258,2026-07-17 20:00:00
19989,1025,13562,1668,1676,2026-07-17 20:00:00
19990,1263,13562,1563,1555,2026-07-17 20:00:00
19991,263,13563,1347,1336,2026-07-17 20:00:00
19992,1415,13563,1367,1379,2026-07-17 20:00:00
19993,1633,13564,1339,1326,2026-07-17 20:00:00
19994,122,13564,1292,1305,2026-07-17 20:00:00
19995,478,13565,1235,1224,2026-07-17 20:00:00
19996,1778,13565,1274,1285,2026-07-17 20:00:00
19997,1752,13567,1642,1646,2026-07-17 20:00:00
19998,1672,13567,1341,1337,2026-07-17 20:00:00
19999,1769,13568,1265,1280,2026-07-17 20:00:00
20000,583,13568,1341,1326,2026-07-17 20:00:00
20001,6,13569,1620,1631,2026-07-17 20:00:00
20002,949,13569,1596,1585,2026-07-17 20:00:00
20003,1617,13570,1498,1507,2026-07-17 20:00:00
20004,2166,13570,1409,1400,2026-07-17 20:00:00
20005,852,13571,1389,1402,2026-07-17 20:00:00
20006,2410,13571,1396,1384,2026-07-17 20:00:00
20007,951,13572,1531,1537,2026-07-17 20:00:00
20008,1814,13572,1355,1349,2026-07-17 20:00:00
20009,1822,13573,1270,1265,2026-07-17 21:00:00
20010,2055,13573,1540,1544,2026-07-17 21:00:00
20011,2317,13574,1445,1430,2026-07-17 21:00:00
20012,753,13574,1357,1372,2026-07-17 21:00:00
20013,619,13575,1628,1641,2026-07-17 21:00:00
20014,1408,13575,1646,1634,2026-07-17 21:00:00
20015,2292,13578,1500,1491,2026-07-17 21:00:00
20016,1456,13578,1602,1611,2026-07-17 21:00:00
20017,41,13579,1279,1275,2026-07-17 21:00:00
20018,1760,13579,1602,1605,2026-07-17 21:00:00
20019,185,13581,1665,1675,2026-07-17 21:00:00
20020,1540,13581,1613,1603,2026-07-17 21:00:00
20021,239,13584,1335,1328,2026-07-17 21:00:00
20022,278,13584,1478,1485,2026-07-17 21:00:00
20023,2462,13585,1514,1522,2026-07-17 21:00:00
20024,837,13585,1410,1401,2026-07-17 21:00:00
20025,738,13587,1580,1568,2026-07-17 21:00:00
20026,864,13587,1596,1608,2026-07-17 21:00:00
20027,2253,13589,1336,1325,2026-07-17 21:00:00
20028,2236,13589,1369,1380,2026-07-17 21:00:00
20029,1313,13590,1051,1041,2026-07-17 21:00:00
20030,1694,13590,1121,1131,2026-07-17 21:00:00
20031,236,13591,1687,1700,2026-07-17 21:00:00
20032,2058,13591,1692,1680,2026-07-17 21:00:00
20033,1884,13593,1430,1416,2026-07-17 21:00:00
20034,2486,13593,1369,1383,2026-07-17 21:00:00
20035,585,13594,1538,1550,2026-07-17 21:00:00
20036,1474,13594,1523,1511,2026-07-17 21:00:00
20037,994,13595,1837,1838,2026-07-17 21:00:00
20038,989,13595,1388,1386,2026-07-17 21:00:00
20039,146,13597,1741,1745,2026-07-17 21:00:00
20040,1342,13597,1469,1465,2026-07-17 21:00:00
20041,1575,13598,1231,1222,2026-07-17 21:00:00
20042,2131,13598,1331,1340,2026-07-17 21:00:00
20043,1219,13599,1476,1464,2026-07-17 22:00:00
20044,2436,13599,1465,1477,2026-07-17 22:00:00
20045,2465,13600,1494,1505,2026-07-17 22:00:00
20046,1154,13600,1454,1443,2026-07-17 22:00:00
20047,816,13601,1806,1810,2026-07-17 22:00:00
20048,633,13601,1530,1526,2026-07-17 22:00:00
20049,1018,13602,1439,1431,2026-07-17 22:00:00
20050,1337,13602,1570,1578,2026-07-17 22:00:00
20051,2268,13604,1494,1499,2026-07-17 22:00:00
20052,1623,13604,1275,1269,2026-07-17 22:00:00
20053,2467,13605,1558,1569,2026-07-17 22:00:00
20054,720,13605,1507,1497,2026-07-17 22:00:00
20055,1799,13606,1041,1051,2026-07-17 22:00:00
20056,433,13606,999,989,2026-07-17 22:00:00
20057,187,13607,1380,1388,2026-07-17 22:00:00
20058,1270,13607,1266,1258,2026-07-17 22:00:00
20059,973,13608,1356,1349,2026-07-17 22:00:00
20060,2498,13608,1502,1509,2026-07-17 22:00:00
20061,117,13609,1051,1048,2026-07-17 22:00:00
20062,1003,13609,1417,1420,2026-07-17 22:00:00
20063,1783,13610,1535,1526,2026-07-17 22:00:00
20064,150,13610,1620,1629,2026-07-17 22:00:00
20065,402,13611,1077,1090,2026-07-17 22:00:00
20066,429,13611,1111,1098,2026-07-17 22:00:00
20067,1558,13612,1587,1598,2026-07-17 22:00:00
20068,162,13612,1545,1534,2026-07-17 22:00:00
20069,2313,13615,1132,1122,2026-07-17 22:00:00
20070,2392,13615,1174,1185,2026-07-17 22:00:00
20071,1085,13616,1444,1454,2026-07-17 22:00:00
20072,812,13616,1371,1361,2026-07-17 22:00:00
20073,1140,13617,1538,1545,2026-07-17 22:00:00
20074,1103,13617,1402,1394,2026-07-17 22:00:00
20075,1018,13619,1431,1424,2026-07-17 23:00:00
20076,1028,13619,1577,1584,2026-07-17 23:00:00
20077,1354,13620,1802,1810,2026-07-17 23:00:00
20078,1921,13620,1687,1679,2026-07-17 23:00:00
20079,1712,13621,1398,1382,2026-07-17 23:00:00
20080,993,13621,1292,1307,2026-07-17 23:00:00
20081,1696,13622,1719,1734,2026-07-17 23:00:00
20082,2090,13622,1803,1789,2026-07-17 23:00:00
20083,2093,13623,1398,1390,2026-07-17 23:00:00
20084,1153,13623,1512,1520,2026-07-17 23:00:00
20085,650,13628,1605,1595,2026-07-17 23:00:00
20086,1485,13628,1671,1681,2026-07-17 23:00:00
20087,1159,13629,1344,1328,2026-07-17 23:00:00
20088,841,13629,1222,1238,2026-07-17 23:00:00
20089,1938,13632,1525,1532,2026-07-17 23:00:00
20090,1975,13632,1382,1375,2026-07-17 23:00:00
20091,2052,13633,1682,1697,2026-07-17 23:00:00
20092,756,13633,1766,1751,2026-07-17 23:00:00
20093,1917,13635,1744,1734,2026-07-17 23:00:00
20094,104,13635,1814,1824,2026-07-17 23:00:00
20095,906,13637,1386,1398,2026-07-17 23:00:00
20096,1027,13637,1381,1369,2026-07-17 23:00:00
20097,2086,13638,1403,1416,2026-07-17 23:00:00
20098,1496,13638,1435,1422,2026-07-17 23:00:00
20099,2478,13642,1581,1592,2026-07-18 00:00:00
20100,295,13642,1557,1546,2026-07-18 00:00:00
20101,1043,13647,1370,1357,2026-07-18 09:00:00
20102,896,13647,1358,1371,2026-07-18 09:00:00
20103,2225,13648,2308,2308,2026-07-18 10:00:00
20104,2105,13648,1142,1142,2026-07-18 10:00:00
20105,1524,13649,1277,1290,2026-07-18 10:00:00
20106,1411,13649,1306,1293,2026-07-18 10:00:00
20107,617,13650,1159,1156,2026-07-18 10:00:00
20108,1448,13650,1491,1495,2026-07-18 10:00:00
20109,1179,13652,1437,1429,2026-07-18 11:00:00
20110,1798,13652,1585,1592,2026-07-18 11:00:00
20111,405,13653,1430,1422,2026-07-18 11:00:00
20112,1621,13653,1555,1563,2026-07-18 11:00:00
20113,1696,13654,1734,1746,2026-07-18 12:00:00
20114,241,13654,1731,1719,2026-07-18 12:00:00
20115,632,13655,1473,1467,2026-07-18 12:00:00
20116,1267,13655,1681,1687,2026-07-18 12:00:00
20117,1539,13656,1340,1331,2026-07-18 12:00:00
20118,68,13656,1415,1424,2026-07-18 12:00:00
20119,133,13657,1243,1257,2026-07-18 12:00:00
20120,325,13657,1313,1299,2026-07-18 12:00:00
20121,140,13659,1696,1682,2026-07-18 12:00:00
20122,416,13659,1642,1656,2026-07-18 12:00:00
20123,1125,13660,1746,1749,2026-07-18 12:00:00
20124,1167,13660,1366,1364,2026-07-18 12:00:00
20125,296,13661,1409,1395,2026-07-18 12:00:00
20126,962,13661,1354,1368,2026-07-18 12:00:00
20127,2477,13662,1063,1075,2026-07-18 13:00:00
20128,288,13662,1064,1052,2026-07-18 13:00:00
20129,1095,13663,1248,1256,2026-07-18 13:00:00
20130,1642,13663,1131,1123,2026-07-18 13:00:00
20131,1270,13664,1258,1270,2026-07-18 13:00:00
20132,193,13664,1241,1230,2026-07-18 13:00:00
20133,1882,13666,1507,1498,2026-07-18 13:00:00
20134,1509,13666,1609,1618,2026-07-18 13:00:00
20135,1094,13667,1516,1508,2026-07-18 13:00:00
20136,1815,13667,1630,1638,2026-07-18 13:00:00
20137,191,13668,1820,1827,2026-07-18 13:00:00
20138,1557,13668,1680,1672,2026-07-18 13:00:00
20139,1161,13670,1317,1331,2026-07-18 13:00:00
20140,543,13670,1386,1372,2026-07-18 13:00:00
20141,420,13672,1693,1698,2026-07-18 14:00:00
20142,1399,13672,1452,1447,2026-07-18 14:00:00
20143,348,13673,1538,1548,2026-07-18 14:00:00
20144,1034,13673,1475,1465,2026-07-18 14:00:00
20145,1961,13674,1624,1634,2026-07-18 14:00:00
20146,1737,13674,1544,1535,2026-07-18 14:00:00
20147,895,13676,1467,1478,2026-07-18 14:00:00
20148,809,13676,1428,1418,2026-07-18 14:00:00
20149,2165,13678,1153,1166,2026-07-18 14:00:00
20150,919,13678,1190,1177,2026-07-18 14:00:00
20151,2274,13679,1531,1540,2026-07-18 15:00:00
20152,494,13679,1433,1424,2026-07-18 15:00:00
20153,2477,13680,1075,1073,2026-07-18 15:00:00
20154,471,13680,1469,1471,2026-07-18 15:00:00
20155,560,13681,1283,1293,2026-07-18 15:00:00
20156,193,13681,1230,1219,2026-07-18 15:00:00
20157,802,13682,1855,1863,2026-07-18 15:00:00
20158,17,13682,1741,1733,2026-07-18 15:00:00
20159,2462,13683,1522,1519,2026-07-18 15:00:00
20160,959,13683,1847,1850,2026-07-18 15:00:00
20161,1024,13684,1251,1243,2026-07-18 15:00:00
20162,1710,13684,1380,1387,2026-07-18 15:00:00
20163,748,13687,1863,1873,2026-07-18 15:00:00
20164,2265,13687,1796,1786,2026-07-18 15:00:00
20165,872,13688,1458,1466,2026-07-18 15:00:00
20166,1489,13688,1334,1326,2026-07-18 15:00:00
20167,1572,13690,1392,1378,2026-07-18 16:00:00
20168,263,13690,1336,1349,2026-07-18 16:00:00
20169,1353,13691,1098,1111,2026-07-18 16:00:00
20170,1777,13691,1121,1108,2026-07-18 16:00:00
20171,1218,13692,1154,1146,2026-07-18 16:00:00
20172,1520,13692,1269,1277,2026-07-18 16:00:00
20173,1506,13695,1819,1827,2026-07-18 17:00:00
20174,1220,13695,1697,1689,2026-07-18 17:00:00
20175,1447,13696,1435,1430,2026-07-18 17:00:00
20176,1379,13696,1654,1659,2026-07-18 17:00:00
20177,1729,13697,1487,1474,2026-07-18 17:00:00
20178,1473,13697,1446,1459,2026-07-18 17:00:00
20179,1572,13699,1378,1395,2026-07-18 17:00:00
20180,1795,13699,1525,1508,2026-07-18 17:00:00
20181,1204,13701,1648,1658,2026-07-18 17:00:00
20182,738,13701,1568,1559,2026-07-18 17:00:00
20183,921,13702,1180,1191,2026-07-18 17:00:00
20184,1521,13702,1148,1137,2026-07-18 17:00:00
20185,1132,13704,1902,1914,2026-07-18 17:00:00
20186,1939,13704,1896,1884,2026-07-18 17:00:00
20187,1243,13705,1825,1817,2026-07-18 17:00:00
20188,1536,13705,1941,1949,2026-07-18 17:00:00
20189,1634,13706,1513,1501,2026-07-18 17:00:00
20190,963,13706,1515,1527,2026-07-18 17:00:00
20191,165,13707,1481,1491,2026-07-18 17:00:00
20192,1438,13707,1429,1419,2026-07-18 17:00:00
20193,702,13708,1282,1273,2026-07-18 17:00:00
20194,1052,13708,1364,1373,2026-07-18 17:00:00
20195,1371,13709,1000,997,2026-07-18 17:00:00
20196,1032,13709,1380,1383,2026-07-18 17:00:00
20197,2050,13710,1419,1409,2026-07-18 17:00:00
20198,197,13710,1477,1487,2026-07-18 17:00:00
20199,2227,13711,1895,1903,2026-07-18 18:00:00
20200,2389,13711,1777,1769,2026-07-18 18:00:00
20201,1794,13712,1549,1539,2026-07-18 18:00:00
20202,1844,13712,1599,1609,2026-07-18 18:00:00
20203,2062,13713,1467,1458,2026-07-18 18:00:00
20204,217,13713,1548,1557,2026-07-18 18:00:00
20205,131,13714,1051,1064,2026-07-18 18:00:00
20206,301,13714,1071,1058,2026-07-18 18:00:00
20207,618,13715,1480,1465,2026-07-18 18:00:00
20208,1004,13715,1367,1383,2026-07-18 18:00:00
20209,101,13716,1436,1451,2026-07-18 18:00:00
20210,1927,13716,1551,1535,2026-07-18 18:00:00
20211,1280,13717,1352,1342,2026-07-18 18:00:00
20212,1493,13717,1409,1419,2026-07-18 18:00:00
20213,1571,13718,1345,1357,2026-07-18 18:00:00
20214,728,13718,1349,1337,2026-07-18 18:00:00
20215,2014,13720,1348,1356,2026-07-18 18:00:00
20216,960,13720,1199,1192,2026-07-18 18:00:00
20217,1792,13724,1604,1594,2026-07-18 19:00:00
20218,1773,13724,1660,1670,2026-07-18 19:00:00
20219,176,13727,1566,1554,2026-07-18 19:00:00
20220,217,13727,1557,1569,2026-07-18 19:00:00
20221,1401,13728,1317,1307,2026-07-18 19:00:00
20222,135,13728,1392,1401,2026-07-18 19:00:00
20223,2311,13729,1570,1579,2026-07-18 19:00:00
20224,1957,13729,1467,1458,2026-07-18 19:00:00
20225,176,13730,1554,1565,2026-07-18 19:00:00
20226,291,13730,1509,1499,2026-07-18 19:00:00
20227,2369,13733,1533,1546,2026-07-18 19:00:00
20228,1008,13733,1546,1533,2026-07-18 19:00:00
20229,1551,13734,1877,1861,2026-07-18 19:00:00
20230,682,13734,1758,1774,2026-07-18 19:00:00
20231,1007,13735,1215,1206,2026-07-18 19:00:00
20232,981,13735,1312,1321,2026-07-18 19:00:00
20233,752,13737,1706,1715,2026-07-18 19:00:00
20234,2098,13737,1599,1591,2026-07-18 19:00:00
20235,1570,13739,1351,1343,2026-07-18 19:00:00
20236,1901,13739,1497,1504,2026-07-18 19:00:00
20237,1715,13740,1858,1867,2026-07-18 19:00:00
20238,404,13740,1783,1774,2026-07-18 19:00:00
20239,726,13742,1657,1661,2026-07-18 19:00:00
20240,2166,13742,1400,1396,2026-07-18 19:00:00
20241,1965,13743,1862,1866,2026-07-18 20:00:00
20242,1635,13743,1581,1577,2026-07-18 20:00:00
20243,2470,13744,1712,1722,2026-07-18 20:00:00
20244,1379,13744,1659,1649,2026-07-18 20:00:00
20245,1059,13745,1590,1604,2026-07-18 20:00:00
20246,2248,13745,1661,1647,2026-07-18 20:00:00
20247,537,13746,1446,1430,2026-07-18 20:00:00
20248,2299,13746,1322,1338,2026-07-18 20:00:00
20249,276,13747,1394,1405,2026-07-18 20:00:00
20250,1046,13747,1362,1351,2026-07-18 20:00:00
20251,1353,13748,1111,1104,2026-07-18 20:00:00
20252,47,13748,1250,1257,2026-07-18 20:00:00
20253,1415,13750,1379,1394,2026-07-18 20:00:00
20254,671,13750,1481,1465,2026-07-18 20:00:00
20255,938,13752,1397,1385,2026-07-18 20:00:00
20256,1523,13752,1386,1398,2026-07-18 20:00:00
20257,2435,13754,1284,1293,2026-07-18 20:00:00
20258,26,13754,1205,1196,2026-07-18 20:00:00
20259,1196,13755,1423,1437,2026-07-18 20:00:00
20260,1437,13755,1509,1494,2026-07-18 20:00:00
20261,1480,13756,1360,1374,2026-07-18 20:00:00
20262,68,13756,1424,1410,2026-07-18 20:00:00
20263,2452,13757,1493,1479,2026-07-18 20:00:00
20264,1289,13757,1434,1448,2026-07-18 20:00:00
20265,2012,13758,1524,1531,2026-07-18 20:00:00
20266,267,13758,1376,1369,2026-07-18 20:00:00
20267,983,13760,2046,2035,2026-07-18 20:00:00
20268,1156,13760,2065,2076,2026-07-18 20:00:00
20269,1765,13761,1584,1588,2026-07-18 20:00:00
20270,2282,13761,1320,1316,2026-07-18 20:00:00
20271,647,13762,1711,1702,2026-07-18 20:00:00
20272,1714,13762,1803,1812,2026-07-18 20:00:00
20273,607,13763,1315,1301,2026-07-18 20:00:00
20274,2048,13763,1250,1264,2026-07-18 20:00:00
20275,980,13764,1353,1360,2026-07-18 21:00:00
20276,1368,13764,1203,1196,2026-07-18 21:00:00
20277,263,13765,1349,1342,2026-07-18 21:00:00
20278,2457,13765,1489,1497,2026-07-18 21:00:00
20279,2307,13766,1381,1394,2026-07-18 21:00:00
20280,602,13766,1414,1401,2026-07-18 21:00:00
20281,47,13767,1257,1246,2026-07-18 21:00:00
20282,767,13767,1270,1281,2026-07-18 21:00:00
20283,264,13768,1797,1807,2026-07-18 21:00:00
20284,2309,13768,1730,1720,2026-07-18 21:00:00
20285,2262,13770,1300,1290,2026-07-18 21:00:00
20286,1044,13770,1380,1389,2026-07-18 21:00:00
20287,1117,13772,1512,1505,2026-07-18 21:00:00
20288,1727,13772,1656,1663,2026-07-18 21:00:00
20289,334,13774,1526,1541,2026-07-18 21:00:00
20290,851,13774,1625,1610,2026-07-18 21:00:00
20291,1757,13775,1578,1588,2026-07-18 21:00:00
20292,293,13775,1498,1489,2026-07-18 21:00:00
20293,1175,13776,1567,1574,2026-07-18 21:00:00
20294,623,13776,1432,1425,2026-07-18 21:00:00
20295,2315,13779,1701,1685,2026-07-18 22:00:00
20296,1786,13779,1580,1596,2026-07-18 22:00:00
20297,722,13780,1514,1509,2026-07-18 22:00:00
20298,189,13780,1733,1738,2026-07-18 22:00:00
20299,1419,13781,1514,1505,2026-07-18 22:00:00
20300,631,13781,1613,1622,2026-07-18 22:00:00
20301,1417,13782,1534,1543,2026-07-18 22:00:00
20302,838,13782,1455,1446,2026-07-18 22:00:00
20303,1789,13783,1793,1777,2026-07-18 22:00:00
20304,1773,13783,1670,1686,2026-07-18 22:00:00
20305,971,13785,1546,1550,2026-07-18 22:00:00
20306,2138,13785,1232,1229,2026-07-18 22:00:00
20307,1442,13786,1451,1439,2026-07-18 22:00:00
20308,632,13786,1467,1479,2026-07-18 22:00:00
20309,1017,13788,1766,1774,2026-07-18 22:00:00
20310,1968,13788,1653,1645,2026-07-18 22:00:00
20311,25,13789,1680,1671,2026-07-18 22:00:00
20312,174,13789,1769,1778,2026-07-18 22:00:00
20313,49,13790,1518,1529,2026-07-18 22:00:00
20314,930,13790,1480,1470,2026-07-18 22:00:00
20315,2036,13791,1923,1911,2026-07-18 22:00:00
20316,1132,13791,1914,1926,2026-07-18 22:00:00
20317,2179,13792,1313,1304,2026-07-18 22:00:00
20318,778,13792,1422,1430,2026-07-18 22:00:00
20319,1433,13793,1564,1572,2026-07-18 22:00:00
20320,1650,13793,1429,1421,2026-07-18 22:00:00
20321,851,13794,1610,1625,2026-07-18 22:00:00
20322,2167,13794,1700,1685,2026-07-18 22:00:00
20323,110,13795,1464,1455,2026-07-18 22:00:00
20324,2037,13795,1574,1582,2026-07-18 22:00:00
20325,1510,13796,1820,1830,2026-07-18 22:00:00
20326,73,13796,1767,1757,2026-07-18 22:00:00
20327,2295,13797,1165,1153,2026-07-18 22:00:00
20328,567,13797,1163,1175,2026-07-18 22:00:00
20329,1297,13798,1357,1369,2026-07-18 22:00:00
20330,283,13798,1345,1333,2026-07-18 22:00:00
20331,2160,13799,1253,1245,2026-07-18 22:00:00
20332,1027,13799,1369,1377,2026-07-18 22:00:00
20333,2055,13800,1544,1537,2026-07-18 23:00:00
20334,2471,13800,1686,1693,2026-07-18 23:00:00
20335,1408,13801,1634,1621,2026-07-18 23:00:00
20336,229,13801,1607,1620,2026-07-18 23:00:00
20337,1870,13802,1909,1917,2026-07-18 23:00:00
20338,2180,13802,1789,1781,2026-07-18 23:00:00
20339,97,13803,1373,1381,2026-07-18 23:00:00
20340,1292,13803,1248,1240,2026-07-18 23:00:00
20341,694,13804,1256,1244,2026-07-18 23:00:00
20342,952,13804,1260,1272,2026-07-18 23:00:00
20343,119,13805,1499,1506,2026-07-18 23:00:00
20344,1956,13805,1360,1353,2026-07-18 23:00:00
20345,958,13806,1445,1433,2026-07-18 23:00:00
20346,889,13806,1444,1457,2026-07-18 23:00:00
20347,1760,13807,1605,1614,2026-07-18 23:00:00
20348,1795,13807,1508,1499,2026-07-18 23:00:00
20349,453,13808,1179,1170,2026-07-18 23:00:00
20350,93,13808,1264,1273,2026-07-18 23:00:00
20351,175,13809,1194,1183,2026-07-18 23:00:00
20352,1936,13809,1240,1250,2026-07-18 23:00:00
20353,1290,13810,1795,1804,2026-07-18 23:00:00
20354,406,13810,1702,1693,2026-07-18 23:00:00
20355,561,13811,1710,1721,2026-07-18 23:00:00
20356,236,13811,1700,1688,2026-07-18 23:00:00
20357,337,13812,1539,1546,2026-07-18 23:00:00
20358,440,13812,1404,1396,2026-07-18 23:00:00
20359,1255,13813,1707,1699,2026-07-18 23:00:00
20360,410,13813,1805,1814,2026-07-18 23:00:00
20361,167,13816,1665,1675,2026-07-19 00:00:00
20362,1937,13816,1603,1593,2026-07-19 00:00:00
20363,1342,13817,1465,1479,2026-07-19 00:00:00
20364,613,13817,1527,1513,2026-07-19 00:00:00
20365,492,13818,1658,1669,2026-07-19 00:00:00
20366,1284,13818,1633,1622,2026-07-19 00:00:00
20367,2092,13819,1340,1330,2026-07-19 01:00:00
20368,1859,13819,1381,1392,2026-07-19 01:00:00
20369,1794,13820,1539,1530,2026-07-19 01:00:00
20370,1844,13820,1609,1619,2026-07-19 01:00:00
20371,126,13821,1831,1838,2026-07-19 01:00:00
20372,2315,13821,1685,1678,2026-07-19 01:00:00
20373,1408,13822,1621,1608,2026-07-19 01:00:00
20374,1808,13822,1607,1619,2026-07-19 01:00:00
20375,2056,13823,1033,1023,2026-07-19 01:00:00
20376,2358,13823,1102,1111,2026-07-19 01:00:00
20377,450,13824,1492,1479,2026-07-19 01:00:00
20378,320,13824,1457,1471,2026-07-19 01:00:00
20379,529,13828,1591,1583,2026-07-19 11:00:00
20380,600,13828,1717,1725,2026-07-19 11:00:00
20381,232,13829,1916,1906,2026-07-19 11:00:00
20382,1973,13829,1960,1971,2026-07-19 11:00:00
20383,729,13830,1881,1873,2026-07-19 11:00:00
20384,1700,13830,2016,2024,2026-07-19 11:00:00
20385,817,13832,1573,1579,2026-07-19 12:00:00
20386,1526,13832,1376,1370,2026-07-19 12:00:00
20387,1408,13833,1608,1598,2026-07-19 12:00:00
20388,1754,13833,1651,1661,2026-07-19 12:00:00
20389,1799,13834,1051,1041,2026-07-19 12:00:00
20390,759,13834,1103,1113,2026-07-19 12:00:00
20391,2361,13835,1894,1880,2026-07-19 12:00:00
20392,2324,13835,1829,1843,2026-07-19 12:00:00
20393,55,13837,1569,1585,2026-07-19 12:00:00
20394,2127,13837,1691,1675,2026-07-19 12:00:00
20395,1006,13838,1210,1201,2026-07-19 12:00:00
20396,2029,13838,1297,1306,2026-07-19 12:00:00
20397,167,13840,1675,1686,2026-07-19 13:00:00
20398,33,13840,1643,1632,2026-07-19 13:00:00
20399,17,13842,1733,1737,2026-07-19 13:00:00
20400,7,13842,1467,1463,2026-07-19 13:00:00
20401,125,13843,1411,1424,2026-07-19 13:00:00
20402,1179,13843,1429,1417,2026-07-19 13:00:00
20403,1399,13844,1447,1436,2026-07-19 13:00:00
20404,1473,13844,1459,1471,2026-07-19 13:00:00
20405,231,13851,1126,1137,2026-07-19 14:00:00
20406,1874,13851,1082,1071,2026-07-19 14:00:00
20407,1687,13853,2062,2071,2026-07-19 14:00:00
20408,2304,13853,1961,1953,2026-07-19 14:00:00
20409,737,13854,1407,1394,2026-07-19 14:00:00
20410,1262,13854,1384,1397,2026-07-19 14:00:00
20411,2307,13856,1394,1385,2026-07-19 14:00:00
20412,271,13856,1464,1474,2026-07-19 14:00:00
20413,217,13857,1569,1578,2026-07-19 14:00:00
20414,1473,13857,1471,1462,2026-07-19 14:00:00
20415,620,13858,1770,1758,2026-07-19 14:00:00
20416,1981,13858,1763,1776,2026-07-19 14:00:00
20417,2411,13859,1348,1336,2026-07-19 14:00:00
20418,724,13859,1349,1361,2026-07-19 14:00:00
20419,1884,13860,1416,1427,2026-07-19 14:00:00
20420,2067,13860,1406,1395,2026-07-19 14:00:00
20421,1975,13861,1375,1391,2026-07-19 14:00:00
20422,1448,13861,1495,1479,2026-07-19 14:00:00
20423,162,13863,1534,1539,2026-07-19 14:00:00
20424,1615,13863,1290,1285,2026-07-19 14:00:00
20425,2403,13864,1451,1442,2026-07-19 14:00:00
20426,254,13864,1524,1534,2026-07-19 14:00:00
20427,369,13865,1941,1948,2026-07-19 14:00:00
20428,1398,13865,1798,1791,2026-07-19 14:00:00
20429,1548,13867,1425,1420,2026-07-19 15:00:00
20430,1485,13867,1681,1686,2026-07-19 15:00:00
20431,1811,13868,1405,1389,2026-07-19 15:00:00
20432,1520,13868,1277,1293,2026-07-19 15:00:00
20433,2019,13869,1303,1311,2026-07-19 15:00:00
20434,2474,13869,1193,1184,2026-07-19 15:00:00
20435,633,13871,1526,1536,2026-07-19 16:00:00
20436,2436,13871,1477,1467,2026-07-19 16:00:00
20437,1588,13872,1749,1759,2026-07-19 16:00:00
20438,1921,13872,1679,1670,2026-07-19 16:00:00
20439,2214,13873,1458,1468,2026-07-19 16:00:00
20440,768,13873,1406,1396,2026-07-19 16:00:00
20441,229,13874,1620,1607,2026-07-19 16:00:00
20442,1937,13874,1593,1606,2026-07-19 16:00:00
20443,619,13875,1641,1649,2026-07-19 16:00:00
20444,633,13875,1536,1528,2026-07-19 16:00:00
20445,245,13879,1026,1019,2026-07-19 16:00:00
20446,1511,13879,1170,1178,2026-07-19 16:00:00
20447,956,13880,1716,1707,2026-07-19 16:00:00
20448,1056,13880,1835,1843,2026-07-19 16:00:00
20449,261,13882,1425,1411,2026-07-19 17:00:00
20450,1526,13882,1370,1384,2026-07-19 17:00:00
20451,2024,13883,1698,1706,2026-07-19 17:00:00
20452,2188,13883,1553,1546,2026-07-19 17:00:00
20453,119,13884,1506,1498,2026-07-19 17:00:00
20454,790,13884,1622,1630,2026-07-19 17:00:00
20455,1155,13886,1767,1759,2026-07-19 17:00:00
20456,2379,13886,1884,1892,2026-07-19 17:00:00
20457,451,13887,1391,1403,2026-07-19 17:00:00
20458,1811,13887,1389,1377,2026-07-19 17:00:00
20459,2138,13889,1229,1225,2026-07-19 17:00:00
20460,2168,13889,1492,1496,2026-07-19 17:00:00
20461,1717,13893,1426,1436,2026-07-19 17:00:00
20462,2031,13893,1379,1368,2026-07-19 17:00:00
20463,2023,13895,1531,1515,2026-07-19 17:00:00
20464,266,13895,1423,1439,2026-07-19 17:00:00
20465,200,13896,1123,1121,2026-07-19 17:00:00
20466,2061,13896,1525,1528,2026-07-19 17:00:00
20467,730,13897,1171,1181,2026-07-19 17:00:00
20468,2110,13897,1125,1115,2026-07-19 17:00:00
20469,1359,13899,1485,1494,2026-07-19 17:00:00
20470,2294,13899,1375,1366,2026-07-19 17:00:00
20471,2257,13900,2127,2130,2026-07-19 17:00:00
20472,2442,13900,1765,1762,2026-07-19 17:00:00
20473,1956,13902,1353,1365,2026-07-19 18:00:00
20474,480,13902,1378,1366,2026-07-19 18:00:00
20475,209,13903,1110,1102,2026-07-19 18:00:00
20476,1826,13903,1240,1248,2026-07-19 18:00:00
20477,1737,13905,1535,1545,2026-07-19 18:00:00
20478,278,13905,1485,1475,2026-07-19 18:00:00
20479,2357,13906,1470,1481,2026-07-19 18:00:00
20480,1399,13906,1436,1425,2026-07-19 18:00:00
20481,488,13907,1746,1754,2026-07-19 18:00:00
20482,881,13907,1631,1623,2026-07-19 18:00:00
20483,1928,13910,1420,1409,2026-07-19 18:00:00
20484,1424,13910,1444,1455,2026-07-19 18:00:00
20485,938,13911,1385,1396,2026-07-19 18:00:00
20486,879,13911,1349,1338,2026-07-19 18:00:00
20487,2452,13913,1479,1471,2026-07-19 18:00:00
20488,55,13913,1585,1593,2026-07-19 18:00:00
20489,1437,13914,1494,1484,2026-07-19 18:00:00
20490,490,13914,1531,1542,2026-07-19 18:00:00
20491,895,13915,1478,1468,2026-07-19 18:00:00
20492,2157,13915,1528,1538,2026-07-19 18:00:00
20493,1979,13919,1000,1013,2026-07-19 18:00:00
20494,920,13919,1019,1006,2026-07-19 18:00:00
20495,529,13920,1583,1587,2026-07-19 19:00:00
20496,1816,13920,1296,1292,2026-07-19 19:00:00
20497,1549,13922,1850,1864,2026-07-19 19:00:00
20498,1870,13922,1917,1903,2026-07-19 19:00:00
20499,2465,13923,1505,1518,2026-07-19 19:00:00
20500,106,13923,1550,1536,2026-07-19 19:00:00
20501,1488,13924,1183,1169,2026-07-19 19:00:00
20502,1777,13924,1108,1123,2026-07-19 19:00:00
20503,1485,13925,1686,1673,2026-07-19 19:00:00
20504,1915,13925,1660,1673,2026-07-19 19:00:00
20505,1739,13927,1605,1614,2026-07-19 19:00:00
20506,2003,13927,1533,1524,2026-07-19 19:00:00
20507,339,13928,1379,1371,2026-07-19 19:00:00
20508,2498,13928,1509,1517,2026-07-19 19:00:00
20509,1169,13929,1563,1578,2026-07-19 19:00:00
20510,1187,13929,1650,1635,2026-07-19 19:00:00
20511,2452,13930,1471,1463,2026-07-19 19:00:00
20512,2362,13930,1600,1608,2026-07-19 19:00:00
20513,1265,13931,1519,1511,2026-07-19 19:00:00
20514,150,13931,1629,1637,2026-07-19 19:00:00
20515,1964,13932,1329,1320,2026-07-19 19:00:00
20516,866,13932,1405,1415,2026-07-19 19:00:00
20517,1558,13933,1598,1612,2026-07-19 19:00:00
20518,418,13933,1657,1643,2026-07-19 19:00:00
20519,1835,13934,1672,1682,2026-07-19 19:00:00
20520,1885,13934,1610,1600,2026-07-19 19:00:00
20521,1252,13935,1346,1354,2026-07-19 19:00:00
20522,1966,13935,1224,1216,2026-07-19 19:00:00
20523,835,13936,1144,1136,2026-07-19 20:00:00
20524,528,13936,1276,1284,2026-07-19 20:00:00
20525,2024,13937,1706,1721,2026-07-19 20:00:00
20526,2090,13937,1789,1774,2026-07-19 20:00:00
20527,643,13938,1465,1457,2026-07-19 20:00:00
20528,2444,13938,1579,1587,2026-07-19 20:00:00
20529,1946,13939,1312,1302,2026-07-19 20:00:00
20530,517,13939,1371,1381,2026-07-19 20:00:00
20531,688,13940,1299,1295,2026-07-19 20:00:00
20532,1772,13940,1593,1597,2026-07-19 20:00:00
20533,1919,13941,1604,1593,2026-07-19 20:00:00
20534,1590,13941,1647,1657,2026-07-19 20:00:00
20535,2361,13943,1880,1894,2026-07-19 20:00:00
20536,1126,13943,1936,1922,2026-07-19 20:00:00
20537,2305,13945,1066,1056,2026-07-19 20:00:00
20538,1777,13945,1123,1133,2026-07-19 20:00:00
20539,1319,13947,1506,1514,2026-07-19 20:00:00
20540,628,13947,1374,1366,2026-07-19 20:00:00
20541,1505,13948,1376,1367,2026-07-19 20:00:00
20542,152,13948,1439,1449,2026-07-19 20:00:00
20543,1281,13949,1374,1367,2026-07-19 20:00:00
20544,65,13949,1523,1530,2026-07-19 20:00:00
20545,2450,13950,1618,1627,2026-07-19 20:00:00
20546,2025,13950,1546,1537,2026-07-19 20:00:00
20547,1584,13951,1249,1246,2026-07-19 21:00:00
20548,819,13951,1653,1655,2026-07-19 21:00:00
20549,753,13952,1372,1380,2026-07-19 21:00:00
20550,1644,13952,1258,1250,2026-07-19 21:00:00
20551,2087,13953,1684,1682,2026-07-19 21:00:00
20552,2496,13953,2113,2115,2026-07-19 21:00:00
20553,970,13956,1589,1597,2026-07-19 21:00:00
20554,1162,13956,1467,1459,2026-07-19 21:00:00
20555,2331,13957,1855,1862,2026-07-19 21:00:00
20556,2445,13957,1713,1705,2026-07-19 21:00:00
20557,778,13958,1430,1439,2026-07-19 21:00:00
20558,1539,13958,1331,1322,2026-07-19 21:00:00
20559,2453,13959,1370,1379,2026-07-19 21:00:00
20560,2176,13959,1303,1293,2026-07-19 21:00:00
20561,2285,13960,1361,1358,2026-07-19 21:00:00
20562,1869,13960,1704,1707,2026-07-19 21:00:00
20563,653,13961,1577,1565,2026-07-19 21:00:00
20564,1653,13961,1585,1597,2026-07-19 21:00:00
20565,2219,13962,1506,1490,2026-07-19 22:00:00
20566,1002,13962,1367,1384,2026-07-19 22:00:00
20567,802,13964,1863,1867,2026-07-19 22:00:00
20568,2311,13964,1579,1575,2026-07-19 22:00:00
20569,690,13967,1341,1329,2026-07-19 22:00:00
20570,2253,13967,1325,1338,2026-07-19 22:00:00
20571,561,13968,1721,1733,2026-07-19 22:00:00
20572,2323,13968,1702,1691,2026-07-19 22:00:00
20573,1664,13969,1605,1614,2026-07-19 22:00:00
20574,251,13969,1521,1512,2026-07-19 22:00:00
20575,1348,13970,1418,1433,2026-07-19 22:00:00
20576,674,13970,1500,1485,2026-07-19 22:00:00
20577,1626,13971,1191,1203,2026-07-19 22:00:00
20578,1935,13971,1194,1182,2026-07-19 22:00:00
20579,1027,13972,1377,1369,2026-07-19 22:00:00
20580,197,13972,1487,1496,2026-07-19 22:00:00
20581,1856,13973,1532,1539,2026-07-19 22:00:00
20582,5,13973,1385,1378,2026-07-19 22:00:00
20583,2070,13974,1689,1675,2026-07-19 23:00:00
20584,1172,13974,1643,1656,2026-07-19 23:00:00
20585,1783,13975,1526,1539,2026-07-19 23:00:00
20586,1621,13975,1563,1549,2026-07-19 23:00:00
20587,1526,13976,1384,1373,2026-07-20 00:00:00
20588,1639,13976,1413,1424,2026-07-20 00:00:00
20589,166,13977,1247,1238,2026-07-20 01:00:00
20590,2118,13977,1333,1342,2026-07-20 01:00:00
20591,1338,13978,1581,1595,2026-07-20 09:00:00
20592,1093,13978,1642,1628,2026-07-20 09:00:00
20593,1693,13979,1445,1435,2026-07-20 09:00:00
20594,1109,13979,1500,1510,2026-07-20 09:00:00
20595,1018,13982,1424,1439,2026-07-20 11:00:00
20596,575,13982,1524,1508,2026-07-20 11:00:00
20597,1776,13984,1530,1516,2026-07-20 12:00:00
20598,1219,13984,1464,1478,2026-07-20 12:00:00
20599,650,13985,1595,1604,2026-07-20 12:00:00
20600,37,13985,1495,1486,2026-07-20 12:00:00
20601,2222,13987,1179,1164,2026-07-20 12:00:00
20602,1987,13987,1079,1094,2026-07-20 12:00:00
20603,492,13988,1669,1659,2026-07-20 12:00:00
20604,1107,13988,1720,1731,2026-07-20 12:00:00
20605,432,13989,1572,1558,2026-07-20 13:00:00
20606,2055,13989,1537,1550,2026-07-20 13:00:00
20607,1172,13990,1656,1664,2026-07-20 13:00:00
20608,2462,13990,1519,1512,2026-07-20 13:00:00
20609,760,13991,1453,1438,2026-07-20 14:00:00
20610,1046,13991,1351,1366,2026-07-20 14:00:00
20611,744,13992,1808,1818,2026-07-20 14:00:00
20612,1253,13992,1745,1735,2026-07-20 14:00:00
20613,929,13995,1383,1375,2026-07-20 15:00:00
20614,2003,13995,1524,1531,2026-07-20 15:00:00
20615,2206,13996,1392,1404,2026-07-20 15:00:00
20616,837,13996,1401,1389,2026-07-20 15:00:00
20617,1367,13997,1779,1764,2026-07-20 15:00:00
20618,2087,13997,1682,1697,2026-07-20 15:00:00
20619,1462,14000,1859,1863,2026-07-20 16:00:00
20620,1616,14000,1582,1578,2026-07-20 16:00:00
20621,1354,14001,1810,1795,2026-07-20 17:00:00
20622,241,14001,1719,1734,2026-07-20 17:00:00
20623,502,14002,1426,1414,2026-07-20 17:00:00
20624,1639,14002,1424,1436,2026-07-20 17:00:00
20625,929,14004,1375,1387,2026-07-20 17:00:00
20626,1038,14004,1370,1358,2026-07-20 17:00:00
20627,930,14005,1470,1479,2026-07-20 17:00:00
20628,1710,14005,1387,1378,2026-07-20 17:00:00
20629,1882,14006,1498,1486,2026-07-20 17:00:00
20630,1152,14006,1496,1508,2026-07-20 17:00:00
20631,1380,14007,1332,1339,2026-07-20 17:00:00
20632,175,14007,1183,1176,2026-07-20 17:00:00
20633,204,14011,1718,1725,2026-07-20 17:00:00
20634,228,14011,1577,1570,2026-07-20 17:00:00
20635,1400,14014,1572,1564,2026-07-20 18:00:00
20636,2272,14014,1712,1719,2026-07-20 18:00:00
20637,1080,14015,1606,1617,2026-07-20 18:00:00
20638,653,14015,1565,1555,2026-07-20 18:00:00
20639,136,14016,1102,1115,2026-07-20 19:00:00
20640,775,14016,1119,1107,2026-07-20 19:00:00
20641,980,14018,1360,1352,2026-07-20 19:00:00
20642,320,14018,1471,1479,2026-07-20 19:00:00
20643,2299,14020,1338,1353,2026-07-20 19:00:00
20644,1944,14020,1433,1417,2026-07-20 19:00:00
20645,234,14021,1720,1712,2026-07-20 19:00:00
20646,2324,14021,1843,1851,2026-07-20 19:00:00
20647,1919,14022,1593,1601,2026-07-20 19:00:00
20648,1603,14022,1458,1450,2026-07-20 19:00:00
20649,342,14023,1624,1635,2026-07-20 19:00:00
20650,794,14023,1604,1593,2026-07-20 19:00:00
20651,770,14024,1453,1463,2026-07-20 19:00:00
20652,938,14024,1396,1386,2026-07-20 19:00:00
20653,824,14026,1450,1443,2026-07-20 19:00:00
20654,1476,14026,1600,1607,2026-07-20 19:00:00
20655,1539,14027,1322,1336,2026-07-20 19:00:00
20656,1226,14027,1375,1361,2026-07-20 19:00:00
20657,1280,14028,1342,1353,2026-07-20 19:00:00
20658,2197,14028,1295,1285,2026-07-20 19:00:00
20659,890,14029,1392,1407,2026-07-20 19:00:00
20660,2360,14029,1462,1448,2026-07-20 19:00:00
20661,471,14030,1471,1460,2026-07-20 20:00:00
20662,1890,14030,1505,1516,2026-07-20 20:00:00
20663,1276,14031,1376,1365,2026-07-20 20:00:00
20664,276,14031,1405,1416,2026-07-20 20:00:00
20665,2292,14033,1491,1481,2026-07-20 20:00:00
20666,2055,14033,1550,1560,2026-07-20 20:00:00
20667,1821,14034,1625,1634,2026-07-20 20:00:00
20668,1929,14034,1555,1545,2026-07-20 20:00:00
20669,2339,14037,1620,1629,2026-07-20 20:00:00
20670,507,14037,1506,1498,2026-07-20 20:00:00
20671,1068,14038,2083,2097,2026-07-20 20:00:00
20672,118,14038,2128,2114,2026-07-20 20:00:00
20673,835,14039,1136,1127,2026-07-20 21:00:00
20674,2228,14039,1232,1240,2026-07-20 21:00:00
20675,432,14040,1558,1548,2026-07-20 21:00:00
20676,2447,14040,1596,1606,2026-07-20 21:00:00
20677,612,14041,1467,1475,2026-07-20 21:00:00
20678,2092,14041,1330,1322,2026-07-20 21:00:00
20679,1965,14042,1866,1876,2026-07-20 21:00:00
20680,116,14042,1829,1818,2026-07-20 21:00:00
20681,260,14043,1574,1560,2026-07-20 21:00:00
20682,1688,14043,1517,1531,2026-07-20 21:00:00
20683,1729,14045,1474,1479,2026-07-20 21:00:00
20684,1183,14045,1267,1261,2026-07-20 21:00:00
20685,1594,14047,1760,1765,2026-07-20 21:00:00
20686,8,14047,1541,1535,2026-07-20 21:00:00
20687,899,14048,1359,1352,2026-07-20 21:00:00
20688,1740,14048,1481,1489,2026-07-20 21:00:00
20689,1048,14052,1110,1106,2026-07-20 21:00:00
20690,2050,14052,1409,1413,2026-07-20 21:00:00
20691,2112,14053,1927,1935,2026-07-20 21:00:00
20692,1714,14053,1812,1804,2026-07-20 21:00:00
20693,2358,14054,1111,1102,2026-07-20 22:00:00
20694,807,14054,1188,1197,2026-07-20 22:00:00
20695,1588,14055,1759,1766,2026-07-20 22:00:00
20696,1619,14055,1612,1605,2026-07-20 22:00:00
20697,957,14058,1565,1573,2026-07-20 22:00:00
20698,1495,14058,1424,1416,2026-07-20 22:00:00
20699,2004,14059,1444,1453,2026-07-20 22:00:00
20700,1038,14059,1358,1349,2026-07-20 22:00:00
20701,2343,14062,1566,1575,2026-07-20 22:00:00
20702,2011,14062,1472,1463,2026-07-20 22:00:00
20703,266,14063,1439,1455,2026-07-20 22:00:00
20704,568,14063,1556,1540,2026-07-20 22:00:00
20705,1460,14065,1378,1371,2026-07-20 22:00:00
20706,355,14065,1522,1529,2026-07-20 22:00:00
20707,1814,14067,1349,1361,2026-07-20 22:00:00
20708,868,14067,1372,1359,2026-07-20 22:00:00
20709,127,14068,1538,1525,2026-07-20 23:00:00
20710,251,14068,1512,1525,2026-07-20 23:00:00
20711,2061,14069,1528,1537,2026-07-20 23:00:00
20712,1196,14069,1437,1429,2026-07-20 23:00:00
20713,1098,14070,1304,1296,2026-07-21 00:00:00
20714,494,14070,1424,1432,2026-07-21 00:00:00
20715,2245,14072,1823,1810,2026-07-21 00:00:00
20716,1719,14072,1797,1810,2026-07-21 00:00:00
20717,2285,14073,1358,1368,2026-07-21 01:00:00
20718,2085,14073,1274,1265,2026-07-21 01:00:00
20719,52,14075,1865,1873,2026-07-21 01:00:00
20720,1054,14075,1752,1744,2026-07-21 01:00:00
20721,2078,14076,1609,1623,2026-07-21 10:00:00
20722,2127,14076,1675,1661,2026-07-21 10:00:00
20723,1762,14077,1433,1431,2026-07-21 11:00:00
20724,126,14077,1838,1840,2026-07-21 11:00:00
20725,1348,14078,1433,1425,2026-07-21 11:00:00
20726,1057,14078,1559,1566,2026-07-21 11:00:00
20727,2317,14079,1430,1425,2026-07-21 12:00:00
20728,2095,14079,1669,1674,2026-07-21 12:00:00
20729,2142,14080,1732,1725,2026-07-21 12:00:00
20730,1965,14080,1876,1884,2026-07-21 12:00:00
20731,929,14081,1387,1380,2026-07-21 12:00:00
20732,1925,14081,1530,1537,2026-07-21 12:00:00
20733,1987,14082,1094,1108,2026-07-21 12:00:00
20734,2222,14082,1164,1149,2026-07-21 12:00:00
20735,2351,14083,1392,1405,2026-07-21 12:00:00
20736,2429,14083,1416,1403,2026-07-21 12:00:00
20737,2383,14085,1059,1048,2026-07-21 13:00:00
20738,1494,14085,1076,1087,2026-07-21 13:00:00
20739,760,14086,1438,1453,2026-07-21 14:00:00
20740,1593,14086,1538,1523,2026-07-21 14:00:00
20741,2142,14088,1725,1734,2026-07-21 15:00:00
20742,2248,14088,1647,1638,2026-07-21 15:00:00
20743,1798,14089,1592,1583,2026-07-21 15:00:00
20744,1172,14089,1664,1674,2026-07-21 15:00:00
20745,318,14090,1302,1310,2026-07-21 15:00:00
20746,330,14090,1205,1196,2026-07-21 15:00:00
20747,899,14091,1352,1342,2026-07-21 15:00:00
20748,1239,14091,1421,1431,2026-07-21 15:00:00
20749,1566,14094,1939,1946,2026-07-21 16:00:00
20750,237,14094,1792,1785,2026-07-21 16:00:00
20751,1593,14095,1523,1515,2026-07-21 17:00:00
20752,538,14095,1640,1648,2026-07-21 17:00:00
20753,229,14096,1607,1621,2026-07-21 17:00:00
20754,401,14096,1648,1635,2026-07-21 17:00:00
20755,1566,14097,1946,1953,2026-07-21 17:00:00
20756,1102,14097,1784,1777,2026-07-21 17:00:00
20757,861,14099,1260,1251,2026-07-21 17:00:00
20758,263,14099,1342,1351,2026-07-21 17:00:00
20759,1989,14101,1784,1800,2026-07-21 17:00:00
20760,10,14101,1904,1888,2026-07-21 17:00:00
20761,709,14102,1412,1423,2026-07-21 17:00:00
20762,1505,14102,1367,1356,2026-07-21 17:00:00
20763,377,14103,1658,1666,2026-07-21 17:00:00
20764,2485,14103,1546,1538,2026-07-21 17:00:00
20765,1646,14105,1743,1727,2026-07-21 18:00:00
20766,464,14105,1629,1645,2026-07-21 18:00:00
20767,2224,14106,1478,1490,2026-07-21 18:00:00
20768,291,14106,1499,1486,2026-07-21 18:00:00
20769,873,14108,1751,1759,2026-07-21 18:00:00
20770,473,14108,1620,1612,2026-07-21 18:00:00
20771,2144,14109,1566,1575,2026-07-21 19:00:00
20772,1219,14109,1478,1469,2026-07-21 19:00:00
20773,735,14110,1745,1755,2026-07-21 19:00:00
20774,1220,14110,1689,1679,2026-07-21 19:00:00
20775,1789,14111,1777,1786,2026-07-21 19:00:00
20776,2482,14111,1688,1679,2026-07-21 19:00:00
20777,612,14112,1475,1463,2026-07-21 19:00:00
20778,2214,14112,1468,1480,2026-07-21 19:00:00
20779,144,14113,1335,1332,2026-07-21 19:00:00
20780,2315,14113,1678,1681,2026-07-21 19:00:00
20781,1232,14114,1667,1676,2026-07-21 19:00:00
20782,1028,14114,1584,1575,2026-07-21 19:00:00
20783,264,14117,1807,1813,2026-07-21 19:00:00
20784,1230,14117,1630,1624,2026-07-21 19:00:00
20785,1688,14118,1531,1536,2026-07-21 19:00:00
20786,41,14118,1275,1271,2026-07-21 19:00:00
20787,608,14119,1378,1370,2026-07-21 19:00:00
20788,37,14119,1486,1494,2026-07-21 19:00:00
20789,1480,14121,1374,1364,2026-07-21 19:00:00
20790,1196,14121,1429,1439,2026-07-21 19:00:00
20791,1177,14122,1386,1376,2026-07-21 19:00:00
20792,1239,14122,1431,1441,2026-07-21 19:00:00
20793,149,14123,1644,1654,2026-07-21 19:00:00
20794,103,14123,1588,1578,2026-07-21 19:00:00
20795,2360,14125,1448,1457,2026-07-21 19:00:00
20796,372,14125,1376,1366,2026-07-21 19:00:00
20797,1785,14126,1401,1391,2026-07-21 20:00:00
20798,4,14126,1442,1453,2026-07-21 20:00:00
20799,1566,14129,1953,1959,2026-07-21 20:00:00
20800,1367,14129,1764,1758,2026-07-21 20:00:00
20801,191,14130,1827,1816,2026-07-21 20:00:00
20802,1413,14130,1855,1866,2026-07-21 20:00:00
20803,785,14131,1321,1335,2026-07-21 20:00:00
20804,1706,14131,1353,1340,2026-07-21 20:00:00
20805,2374,14132,1434,1426,2026-07-21 20:00:00
20806,1067,14132,1564,1571,2026-07-21 20:00:00
20807,2108,14133,1611,1617,2026-07-21 21:00:00
20808,1447,14133,1430,1424,2026-07-21 21:00:00
20809,1588,14134,1766,1777,2026-07-21 21:00:00
20810,189,14134,1738,1727,2026-07-21 21:00:00
20811,2225,14135,2308,2309,2026-07-21 21:00:00
20812,502,14135,1414,1414,2026-07-21 21:00:00
20813,1797,14136,1247,1262,2026-07-21 21:00:00
20814,1233,14136,1327,1312,2026-07-21 21:00:00
20815,2459,14138,1934,1939,2026-07-21 21:00:00
20816,129,14138,1733,1727,2026-07-21 21:00:00
20817,2186,14139,1671,1679,2026-07-21 21:00:00
20818,8,14139,1535,1528,2026-07-21 21:00:00
20819,883,14142,1341,1332,2026-07-21 22:00:00
20820,1018,14142,1439,1448,2026-07-21 22:00:00
20821,1384,14148,1348,1337,2026-07-21 22:00:00
20822,724,14148,1361,1373,2026-07-21 22:00:00
20823,986,14149,1528,1513,2026-07-21 22:00:00
20824,1196,14149,1439,1454,2026-07-21 22:00:00
20825,1057,14150,1566,1553,2026-07-21 22:00:00
20826,127,14150,1525,1539,2026-07-21 22:00:00
20827,2182,14151,1428,1421,2026-07-21 22:00:00
20828,2030,14151,1570,1577,2026-07-21 22:00:00
20829,1494,14153,1087,1077,2026-07-21 22:00:00
20830,2121,14153,1143,1154,2026-07-21 22:00:00
20831,579,14154,1446,1453,2026-07-21 22:00:00
20832,113,14154,1300,1293,2026-07-21 22:00:00
20833,159,14156,1900,1886,2026-07-21 23:00:00
20834,126,14156,1840,1854,2026-07-21 23:00:00
20835,2188,14157,1546,1537,2026-07-22 00:00:00
20836,434,14157,1656,1664,2026-07-22 00:00:00
20837,1836,14158,1237,1248,2026-07-22 00:00:00
20838,306,14158,1195,1184,2026-07-22 00:00:00
20839,2136,14160,1234,1227,2026-07-22 01:00:00
20840,128,14160,1398,1405,2026-07-22 01:00:00
20841,244,14161,1338,1333,2026-07-22 10:00:00
20842,399,14161,1600,1604,2026-07-22 10:00:00
20843,1178,14163,1325,1315,2026-07-22 12:00:00
20844,187,14163,1388,1398,2026-07-22 12:00:00
20845,2452,14164,1463,1472,2026-07-22 12:00:00
20846,2164,14164,1365,1356,2026-07-22 12:00:00
20847,1965,14165,1884,1889,2026-07-22 13:00:00
20848,1773,14165,1686,1680,2026-07-22 13:00:00
20849,2016,14166,1136,1127,2026-07-22 13:00:00
20850,1184,14166,1209,1218,2026-07-22 13:00:00
20851,1608,14167,1316,1307,2026-07-22 13:00:00
20852,1216,14167,1410,1419,2026-07-22 13:00:00
20853,377,14168,1666,1657,2026-07-22 13:00:00
20854,2218,14168,1743,1752,2026-07-22 13:00:00
20855,1592,14171,1527,1520,2026-07-22 14:00:00
20856,2095,14171,1674,1682,2026-07-22 14:00:00
20857,2322,14172,1309,1316,2026-07-22 14:00:00
20858,156,14172,1160,1153,2026-07-22 14:00:00
20859,193,14173,1219,1229,2026-07-22 14:00:00
20860,1218,14173,1146,1136,2026-07-22 14:00:00
20861,1024,14174,1243,1236,2026-07-22 14:00:00
20862,755,14174,1391,1398,2026-07-22 14:00:00
20863,1224,14175,1486,1489,2026-07-22 14:00:00
20864,81,14175,1139,1136,2026-07-22 14:00:00
20865,1645,14176,1534,1521,2026-07-22 14:00:00
20866,2472,14176,1499,1512,2026-07-22 14:00:00
20867,338,14177,1520,1528,2026-07-22 15:00:00
20868,86,14177,1411,1402,2026-07-22 15:00:00
20869,2408,14179,1179,1191,2026-07-22 15:00:00
20870,2349,14179,1190,1178,2026-07-22 15:00:00
20871,278,14181,1475,1459,2026-07-22 16:00:00
20872,1038,14181,1349,1365,2026-07-22 16:00:00
20873,1025,14182,1676,1682,2026-07-22 16:00:00
20874,1795,14182,1499,1493,2026-07-22 16:00:00
20875,174,14183,1778,1788,2026-07-22 16:00:00
20876,373,14183,1738,1727,2026-07-22 16:00:00
20877,1444,14184,1257,1249,2026-07-22 16:00:00
20878,449,14184,1381,1389,2026-07-22 16:00:00
20879,1361,14185,1430,1439,2026-07-22 17:00:00
20880,2039,14185,1317,1308,2026-07-22 17:00:00
20881,643,14187,1457,1467,2026-07-22 17:00:00
20882,648,14187,1391,1381,2026-07-22 17:00:00
20883,2250,14188,1949,1934,2026-07-22 17:00:00
20884,829,14188,1859,1874,2026-07-22 17:00:00
20885,970,14189,1597,1606,2026-07-22 17:00:00
20886,773,14189,1482,1474,2026-07-22 17:00:00
20887,2153,14190,1476,1463,2026-07-22 17:00:00
20888,2089,14190,1454,1467,2026-07-22 17:00:00
20889,2333,14191,1732,1735,2026-07-22 17:00:00
20890,1693,14191,1435,1431,2026-07-22 17:00:00
20891,1966,14192,1216,1209,2026-07-22 17:00:00
20892,1943,14192,1377,1384,2026-07-22 17:00:00
20893,1027,14193,1369,1357,2026-07-22 17:00:00
20894,777,14193,1370,1382,2026-07-22 17:00:00
20895,664,14194,1668,1660,2026-07-22 18:00:00
20896,2389,14194,1769,1778,2026-07-22 18:00:00
20897,1228,14195,1092,1112,2026-07-22 18:00:00
20898,1526,14195,1373,1353,2026-07-22 18:00:00
20899,2357,14196,1481,1490,2026-07-22 18:00:00
20900,1928,14196,1409,1399,2026-07-22 18:00:00
20901,123,14197,1161,1175,2026-07-22 18:00:00
20902,685,14197,1224,1210,2026-07-22 18:00:00
20903,115,14198,1589,1575,2026-07-22 18:00:00
20904,745,14198,1527,1541,2026-07-22 18:00:00
20905,558,14199,1098,1083,2026-07-22 18:00:00
20906,245,14199,1019,1034,2026-07-22 18:00:00
20907,1602,14200,1617,1625,2026-07-22 18:00:00
20908,1224,14200,1489,1481,2026-07-22 18:00:00
20909,944,14202,1670,1682,2026-07-22 18:00:00
20910,418,14202,1643,1632,2026-07-22 18:00:00
20911,2242,14203,1337,1328,2026-07-22 18:00:00
20912,1216,14203,1419,1428,2026-07-22 18:00:00
20913,1838,14205,1414,1425,2026-07-22 18:00:00
20914,2380,14205,1371,1361,2026-07-22 18:00:00
20915,1877,14207,1436,1428,2026-07-22 18:00:00
20916,1431,14207,1554,1563,2026-07-22 18:00:00
20917,1965,14208,1889,1897,2026-07-22 19:00:00
20918,1696,14208,1746,1739,2026-07-22 19:00:00
20919,109,14209,1918,1925,2026-07-22 19:00:00
20920,2141,14209,1774,1767,2026-07-22 19:00:00
20921,2138,14211,1225,1217,2026-07-22 19:00:00
20922,808,14211,1366,1373,2026-07-22 19:00:00
20923,291,14213,1486,1501,2026-07-22 19:00:00
20924,2311,14213,1575,1560,2026-07-22 19:00:00
20925,2433,14214,1090,1080,2026-07-22 19:00:00
20926,1218,14214,1136,1147,2026-07-22 19:00:00
20927,2233,14215,1401,1389,2026-07-22 19:00:00
20928,894,14215,1381,1394,2026-07-22 19:00:00
20929,2455,14216,1373,1359,2026-07-22 19:00:00
20930,1951,14216,1324,1338,2026-07-22 19:00:00
20931,2404,14217,1865,1869,2026-07-22 19:00:00
20932,473,14217,1612,1607,2026-07-22 19:00:00
20933,116,14220,1818,1822,2026-07-22 20:00:00
20934,2111,14220,1485,1482,2026-07-22 20:00:00
20935,828,14222,1568,1560,2026-07-22 20:00:00
20936,664,14222,1660,1669,2026-07-22 20:00:00
20937,174,14223,1788,1794,2026-07-22 20:00:00
20938,466,14223,1596,1590,2026-07-22 20:00:00
20939,1739,14224,1614,1625,2026-07-22 20:00:00
20940,102,14224,1590,1579,2026-07-22 20:00:00
20941,1567,14225,1443,1435,2026-07-22 20:00:00
20942,1731,14225,1567,1575,2026-07-22 20:00:00
20943,515,14226,1332,1347,2026-07-22 20:00:00
20944,2363,14226,1423,1408,2026-07-22 20:00:00
20945,117,14228,1048,1041,2026-07-22 20:00:00
20946,1250,14228,1187,1194,2026-07-22 20:00:00
20947,1243,14229,1817,1807,2026-07-22 20:00:00
20948,1931,14229,1882,1892,2026-07-22 20:00:00
20949,2383,14230,1048,1061,2026-07-22 20:00:00
20950,290,14230,1090,1077,2026-07-22 20:00:00
20951,1892,14231,1456,1465,2026-07-22 20:00:00
20952,470,14231,1372,1363,2026-07-22 20:00:00
20953,927,14232,1708,1722,2026-07-22 20:00:00
20954,1658,14232,1770,1756,2026-07-22 20:00:00
20955,288,14233,1052,1042,2026-07-22 21:00:00
20956,1228,14233,1112,1122,2026-07-22 21:00:00
20957,1292,14234,1240,1231,2026-07-22 21:00:00
20958,609,14234,1320,1329,2026-07-22 21:00:00
20959,1046,14235,1366,1362,2026-07-22 21:00:00
20960,1171,14235,1626,1630,2026-07-22 21:00:00
20961,1521,14237,1137,1125,2026-07-22 21:00:00
20962,200,14237,1121,1133,2026-07-22 21:00:00
20963,1730,14242,1333,1326,2026-07-22 21:00:00
20964,439,14242,1498,1505,2026-07-22 21:00:00
20965,1028,14244,1575,1584,2026-07-22 22:00:00
20966,1977,14244,1488,1478,2026-07-22 22:00:00
20967,2325,14245,1089,1103,2026-07-22 22:00:00
20968,1642,14245,1123,1110,2026-07-22 22:00:00
20969,2482,14246,1679,1668,2026-07-22 22:00:00
20970,600,14246,1725,1735,2026-07-22 22:00:00
20971,1261,14247,1717,1724,2026-07-22 22:00:00
20972,63,14247,1590,1582,2026-07-22 22:00:00
20973,32,14248,1419,1433,2026-07-22 22:00:00
20974,2292,14248,1481,1467,2026-07-22 22:00:00
20975,1287,14249,1251,1243,2026-07-22 22:00:00
20976,1262,14249,1397,1404,2026-07-22 22:00:00
20977,373,14250,1727,1712,2026-07-22 22:00:00
20978,1968,14250,1645,1660,2026-07-22 22:00:00
20979,271,14251,1474,1463,2026-07-22 22:00:00
20980,1775,14251,1507,1518,2026-07-22 22:00:00
20981,439,14254,1505,1495,2026-07-22 22:00:00
20982,1075,14254,1563,1573,2026-07-22 22:00:00
20983,1252,14256,1354,1337,2026-07-22 22:00:00
20984,1537,14256,1219,1235,2026-07-22 22:00:00
20985,434,14257,1664,1654,2026-07-22 23:00:00
20986,2345,14257,1731,1741,2026-07-22 23:00:00
20987,1525,14259,1435,1444,2026-07-22 23:00:00
20988,2131,14259,1340,1331,2026-07-22 23:00:00
20989,1016,14260,1540,1531,2026-07-22 23:00:00
20990,270,14260,1614,1623,2026-07-22 23:00:00
20991,1022,14262,1580,1563,2026-07-23 10:00:00
20992,1762,14262,1431,1448,2026-07-23 10:00:00
20993,140,14264,1682,1674,2026-07-23 11:00:00
20994,1848,14264,1808,1816,2026-07-23 11:00:00
20995,1479,14266,1459,1447,2026-07-23 13:00:00
20996,2492,14266,1454,1466,2026-07-23 13:00:00
20997,820,14267,1366,1353,2026-07-23 14:00:00
20998,1951,14267,1338,1351,2026-07-23 14:00:00
20999,408,14269,1425,1439,2026-07-23 15:00:00
21000,2198,14269,1506,1491,2026-07-23 15:00:00
21001,195,14270,1228,1225,2026-07-23 15:00:00
21002,170,14270,1518,1522,2026-07-23 15:00:00
21003,2275,14271,1625,1632,2026-07-23 15:00:00
21004,1709,14271,1482,1475,2026-07-23 15:00:00
21005,48,14273,1011,1003,2026-07-23 16:00:00
21006,248,14273,1134,1142,2026-07-23 16:00:00
21007,688,14275,1295,1310,2026-07-23 17:00:00
21008,1276,14275,1365,1351,2026-07-23 17:00:00
21009,1524,14276,1290,1281,2026-07-23 17:00:00
21010,2093,14276,1390,1398,2026-07-23 17:00:00
21011,1756,14277,1801,1805,2026-07-23 17:00:00
21012,575,14277,1508,1505,2026-07-23 17:00:00
21013,1370,14278,1674,1662,2026-07-23 17:00:00
21014,2070,14278,1675,1687,2026-07-23 17:00:00
21015,2213,14279,1760,1764,2026-07-23 17:00:00
21016,2153,14279,1463,1459,2026-07-23 17:00:00
21017,2459,14280,1939,1944,2026-07-23 17:00:00
21018,390,14280,1709,1704,2026-07-23 17:00:00
21019,1467,14281,1477,1469,2026-07-23 17:00:00
21020,2270,14281,1606,1614,2026-07-23 17:00:00
21021,1807,14282,1350,1363,2026-07-23 17:00:00
21022,1376,14282,1388,1375,2026-07-23 17:00:00
21023,1943,14283,1384,1380,2026-07-23 17:00:00
21024,1899,14283,1664,1668,2026-07-23 17:00:00
21025,591,14285,1782,1794,2026-07-23 18:00:00
21026,237,14285,1785,1773,2026-07-23 18:00:00
21027,1113,14286,1215,1207,2026-07-23 18:00:00
21028,2018,14286,1335,1343,2026-07-23 18:00:00
21029,1793,14287,1253,1246,2026-07-23 18:00:00
21030,2008,14287,1401,1408,2026-07-23 18:00:00
21031,724,14289,1373,1383,2026-07-23 18:00:00
21032,1547,14289,1329,1318,2026-07-23 18:00:00
21033,105,14291,1284,1276,2026-07-23 18:00:00
21034,1689,14291,1383,1392,2026-07-23 18:00:00
21035,517,14293,1381,1398,2026-07-23 19:00:00
21036,1747,14293,1541,1524,2026-07-23 19:00:00
21037,126,14294,1854,1862,2026-07-23 19:00:00
21038,600,14294,1735,1727,2026-07-23 19:00:00
21039,1424,14295,1455,1445,2026-07-23 19:00:00
21040,170,14295,1522,1532,2026-07-23 19:00:00
21041,1957,14296,1458,1466,2026-07-23 19:00:00
21042,557,14296,1326,1318,2026-07-23 19:00:00
21043,1388,14297,1537,1543,2026-07-23 19:00:00
21044,896,14297,1371,1364,2026-07-23 19:00:00
21045,861,14298,1251,1259,2026-07-23 19:00:00
21046,1218,14298,1147,1138,2026-07-23 19:00:00
21047,1659,14299,1520,1530,2026-07-23 19:00:00
21048,1299,14299,1470,1459,2026-07-23 19:00:00
21049,937,14300,1566,1573,2026-07-23 19:00:00
21050,1746,14300,1406,1399,2026-07-23 19:00:00
21051,1951,14301,1351,1345,2026-07-23 19:00:00
21052,977,14301,1550,1556,2026-07-23 19:00:00
21053,2258,14302,1652,1660,2026-07-23 19:00:00
21054,1938,14302,1532,1524,2026-07-23 19:00:00
21055,1158,14304,1558,1548,2026-07-23 19:00:00
21056,2064,14304,1622,1632,2026-07-23 19:00:00
21057,726,14308,1661,1651,2026-07-23 19:00:00
21058,72,14308,1710,1720,2026-07-23 19:00:00
21059,1871,14309,1481,1490,2026-07-23 19:00:00
21060,733,14309,1372,1364,2026-07-23 19:00:00
21061,2024,14310,1721,1729,2026-07-23 20:00:00
21062,1171,14310,1630,1621,2026-07-23 20:00:00
21063,862,14313,1503,1511,2026-07-23 20:00:00
21064,751,14313,1379,1371,2026-07-23 20:00:00
21065,676,14314,1832,1840,2026-07-23 20:00:00
21066,1646,14314,1727,1719,2026-07-23 20:00:00
21067,1779,14315,1981,1986,2026-07-23 20:00:00
21068,1813,14315,1745,1740,2026-07-23 20:00:00
21069,2231,14316,1548,1538,2026-07-23 20:00:00
21070,1176,14316,1604,1614,2026-07-23 20:00:00
21071,1338,14317,1595,1586,2026-07-23 20:00:00
21072,2169,14317,1695,1704,2026-07-23 20:00:00
21073,696,14318,1680,1673,2026-07-23 20:00:00
21074,2177,14318,1822,1830,2026-07-23 20:00:00
21075,1594,14319,1765,1770,2026-07-23 20:00:00
21076,2318,14319,1523,1518,2026-07-23 20:00:00
21077,933,14321,1485,1470,2026-07-23 20:00:00
21078,2328,14321,1409,1423,2026-07-23 20:00:00
21079,2470,14322,1722,1712,2026-07-23 21:00:00
21080,2389,14322,1778,1788,2026-07-23 21:00:00
21081,456,14323,1794,1780,2026-07-23 21:00:00
21082,2142,14323,1734,1748,2026-07-23 21:00:00
21083,229,14324,1621,1607,2026-07-23 21:00:00
21084,1022,14324,1563,1577,2026-07-23 21:00:00
21085,2039,14325,1308,1301,2026-07-23 21:00:00
21086,1198,14325,1433,1441,2026-07-23 21:00:00
21087,480,14326,1366,1359,2026-07-23 21:00:00
21088,2188,14326,1537,1544,2026-07-23 21:00:00
21089,471,14328,1460,1448,2026-07-23 21:00:00
21090,2436,14328,1467,1479,2026-07-23 21:00:00
21091,2357,14329,1490,1478,2026-07-23 21:00:00
21092,632,14329,1479,1491,2026-07-23 21:00:00
21093,2035,14330,1281,1273,2026-07-23 21:00:00
21094,1495,14330,1416,1424,2026-07-23 21:00:00
21095,2222,14331,1149,1135,2026-07-23 21:00:00
21096,1483,14331,1095,1109,2026-07-23 21:00:00
21097,264,14333,1813,1823,2026-07-23 21:00:00
21098,1813,14333,1740,1731,2026-07-23 21:00:00
21099,738,14335,1559,1553,2026-07-23 21:00:00
21100,582,14335,1748,1754,2026-07-23 21:00:00
21101,2208,14336,1553,1545,2026-07-23 21:00:00
21102,1727,14336,1663,1671,2026-07-23 21:00:00
21103,1647,14337,1486,1499,2026-07-23 21:00:00
21104,1901,14337,1504,1492,2026-07-23 21:00:00
21105,1140,14338,1545,1560,2026-07-23 21:00:00
21106,2080,14338,1640,1625,2026-07-23 21:00:00
21107,467,14339,1629,1617,2026-07-23 21:00:00
21108,13,14339,1626,1639,2026-07-23 21:00:00
21109,1153,14340,1520,1515,2026-07-23 22:00:00
21110,2142,14340,1748,1753,2026-07-23 22:00:00
21111,1591,14341,1170,1161,2026-07-23 22:00:00
21112,1826,14341,1248,1257,2026-07-23 22:00:00
21113,1251,14342,1500,1488,2026-07-23 22:00:00
21114,1152,14342,1508,1520,2026-07-23 22:00:00
21115,1480,14343,1364,1374,2026-07-23 22:00:00
21116,122,14343,1305,1295,2026-07-23 22:00:00
21117,2338,14345,1376,1364,2026-07-23 22:00:00
21118,372,14345,1366,1379,2026-07-23 22:00:00
21119,1524,14346,1281,1296,2026-07-23 23:00:00
21120,1991,14346,1353,1339,2026-07-23 23:00:00
21121,722,14347,1509,1498,2026-07-23 23:00:00
21122,424,14347,1562,1572,2026-07-23 23:00:00
21123,2018,14348,1343,1332,2026-07-23 23:00:00
21124,929,14348,1380,1390,2026-07-23 23:00:00
21125,208,14349,1586,1576,2026-07-23 23:00:00
21126,1821,14349,1634,1645,2026-07-23 23:00:00
21127,246,14350,1693,1698,2026-07-23 23:00:00
21128,2360,14350,1457,1452,2026-07-23 23:00:00
21129,2251,14352,1349,1356,2026-07-24 00:00:00
21130,1006,14352,1201,1193,2026-07-24 00:00:00
21131,325,14353,1299,1312,2026-07-24 00:00:00
21132,1366,14353,1340,1327,2026-07-24 00:00:00
21133,1785,14354,1391,1383,2026-07-24 01:00:00
21134,2463,14354,1529,1536,2026-07-24 01:00:00
21135,353,14355,950,946,2026-07-24 10:00:00
21136,243,14355,1236,1240,2026-07-24 10:00:00
21137,17,14356,1737,1747,2026-07-24 12:00:00
21138,1655,14356,1688,1677,2026-07-24 12:00:00
21139,2023,14358,1515,1507,2026-07-24 12:00:00
21140,281,14358,1614,1623,2026-07-24 12:00:00
21141,821,14359,1584,1571,2026-07-24 12:00:00
21142,1898,14359,1533,1547,2026-07-24 12:00:00
21143,963,14362,1527,1517,2026-07-24 13:00:00
21144,1066,14362,1579,1589,2026-07-24 13:00:00
21145,1763,14363,1417,1431,2026-07-24 14:00:00
21146,2212,14363,1477,1463,2026-07-24 14:00:00
21147,1506,14365,1827,1838,2026-07-24 14:00:00
21148,1,14365,1821,1810,2026-07-24 14:00:00
21149,1669,14369,1421,1426,2026-07-24 14:00:00
21150,156,14369,1153,1149,2026-07-24 14:00:00
21151,1488,14371,1169,1179,2026-07-24 14:00:00
21152,1483,14371,1109,1099,2026-07-24 14:00:00
21153,1404,14374,1628,1618,2026-07-24 14:00:00
21154,763,14374,1697,1707,2026-07-24 14:00:00
21155,1337,14377,1578,1561,2026-07-24 15:00:00
21156,408,14377,1439,1456,2026-07-24 15:00:00
21157,811,14379,1243,1261,2026-07-24 15:00:00
21158,2298,14379,1431,1413,2026-07-24 15:00:00
21159,264,14380,1823,1826,2026-07-24 15:00:00
21160,49,14380,1529,1525,2026-07-24 15:00:00
21161,667,14383,1513,1504,2026-07-24 15:00:00
21162,382,14383,1616,1624,2026-07-24 15:00:00
21163,1160,14384,1702,1712,2026-07-24 15:00:00
21164,6,14384,1631,1622,2026-07-24 15:00:00
21165,2340,14386,1498,1486,2026-07-24 16:00:00
21166,2268,14386,1499,1511,2026-07-24 16:00:00
21167,1421,14387,1913,1907,2026-07-24 16:00:00
21168,2496,14387,2115,2120,2026-07-24 16:00:00
21169,625,14388,1154,1149,2026-07-24 16:00:00
21170,1742,14388,1357,1363,2026-07-24 16:00:00
21171,775,14389,1107,1096,2026-07-24 17:00:00
21172,2348,14389,1159,1169,2026-07-24 17:00:00
21173,1844,14392,1619,1607,2026-07-24 17:00:00
21174,790,14392,1630,1642,2026-07-24 17:00:00
21175,33,14394,1632,1620,2026-07-24 17:00:00
21176,1595,14394,1617,1630,2026-07-24 17:00:00
21177,2003,14395,1531,1543,2026-07-24 17:00:00
21178,1688,14395,1536,1524,2026-07-24 17:00:00
21179,846,14396,1702,1689,2026-07-24 17:00:00
21180,1267,14396,1687,1699,2026-07-24 17:00:00
21181,62,14397,1615,1606,2026-07-24 17:00:00
21182,1581,14397,1705,1714,2026-07-24 17:00:00
21183,1488,14400,1179,1169,2026-07-24 17:00:00
21184,1164,14400,1244,1254,2026-07-24 17:00:00
21185,48,14402,1003,997,2026-07-24 17:00:00
21186,2063,14402,1205,1211,2026-07-24 17:00:00
21187,2127,14404,1661,1669,2026-07-24 17:00:00
21188,1582,14404,1536,1528,2026-07-24 17:00:00
21189,362,14405,1663,1653,2026-07-24 17:00:00
21190,1225,14405,1730,1740,2026-07-24 17:00:00
21191,1033,14406,1269,1282,2026-07-24 17:00:00
21192,1306,14406,1302,1289,2026-07-24 17:00:00
21193,635,14407,1703,1716,2026-07-24 17:00:00
21194,2174,14407,1731,1718,2026-07-24 17:00:00
21195,819,14409,1655,1640,2026-07-24 18:00:00
21196,1028,14409,1584,1598,2026-07-24 18:00:00
21197,1946,14410,1302,1287,2026-07-24 18:00:00
21198,374,14410,1203,1218,2026-07-24 18:00:00
21199,2207,14411,1859,1867,2026-07-24 18:00:00
21200,2345,14411,1741,1733,2026-07-24 18:00:00
21201,393,14412,1681,1671,2026-07-24 18:00:00
21202,2309,14412,1720,1731,2026-07-24 18:00:00
21203,243,14414,1240,1253,2026-07-24 18:00:00
21204,799,14414,1256,1243,2026-07-24 18:00:00
21205,1313,14415,1041,1033,2026-07-24 18:00:00
21206,248,14415,1142,1151,2026-07-24 18:00:00
21207,2183,14416,1662,1647,2026-07-24 18:00:00
21208,1446,14416,1560,1575,2026-07-24 18:00:00
21209,613,14419,1513,1520,2026-07-24 18:00:00
21210,1862,14419,1368,1361,2026-07-24 18:00:00
21211,819,14420,1640,1649,2026-07-24 19:00:00
21212,633,14420,1528,1520,2026-07-24 19:00:00
21213,397,14421,1530,1516,2026-07-24 19:00:00
21214,1641,14421,1484,1498,2026-07-24 19:00:00
21215,1388,14423,1543,1537,2026-07-24 19:00:00
21216,2335,14423,1742,1748,2026-07-24 19:00:00
21217,2467,14424,1569,1554,2026-07-24 19:00:00
21218,2357,14424,1478,1493,2026-07-24 19:00:00
21219,1263,14426,1555,1563,2026-07-24 19:00:00
21220,1424,14426,1445,1437,2026-07-24 19:00:00
21221,7,14428,1463,1455,2026-07-24 19:00:00
21222,887,14428,1598,1606,2026-07-24 19:00:00
21223,7,14429,1455,1471,2026-07-24 19:00:00
21224,132,14429,1567,1551,2026-07-24 19:00:00
21225,1141,14430,2004,2006,2026-07-24 19:00:00
21226,1798,14430,1583,1581,2026-07-24 19:00:00
21227,300,14431,1660,1674,2026-07-24 19:00:00
21228,1522,14431,1733,1719,2026-07-24 19:00:00
21229,328,14432,1332,1321,2026-07-24 19:00:00
21230,987,14432,1382,1392,2026-07-24 19:00:00
21231,1076,14434,1697,1686,2026-07-24 19:00:00
21232,1847,14434,1722,1733,2026-07-24 19:00:00
21233,191,14435,1816,1819,2026-07-24 19:00:00
21234,2452,14435,1472,1469,2026-07-24 19:00:00
21235,666,14436,1595,1579,2026-07-24 19:00:00
21236,1702,14436,1466,1482,2026-07-24 19:00:00
21237,1835,14440,1682,1666,2026-07-24 19:00:00
21238,2287,14440,1578,1594,2026-07-24 19:00:00
21239,2032,14441,1963,1947,2026-07-24 19:00:00
21240,923,14441,1824,1840,2026-07-24 19:00:00
21241,1658,14442,1756,1767,2026-07-24 19:00:00
21242,1860,14442,1720,1709,2026-07-24 19:00:00
21243,270,14443,1623,1633,2026-07-24 19:00:00
21244,951,14443,1537,1528,2026-07-24 19:00:00
21245,1564,14444,1494,1483,2026-07-24 20:00:00
21246,500,14444,1522,1533,2026-07-24 20:00:00
21247,144,14446,1332,1323,2026-07-24 20:00:00
21248,2317,14446,1425,1434,2026-07-24 20:00:00
21249,348,14448,1548,1560,2026-07-24 20:00:00
21250,649,14448,1535,1523,2026-07-24 20:00:00
21251,818,14449,1478,1474,2026-07-24 20:00:00
21252,682,14449,1774,1777,2026-07-24 20:00:00
21253,737,14450,1394,1407,2026-07-24 20:00:00
21254,2495,14450,1428,1415,2026-07-24 20:00:00
21255,90,14451,1676,1669,2026-07-24 20:00:00
21256,1958,14451,1803,1811,2026-07-24 20:00:00
21257,2330,14453,1451,1438,2026-07-24 20:00:00
21258,2363,14453,1408,1421,2026-07-24 20:00:00
21259,2067,14455,1395,1409,2026-07-24 20:00:00
21260,2190,14455,1470,1456,2026-07-24 20:00:00
21261,1547,14456,1318,1307,2026-07-24 20:00:00
21262,2411,14456,1336,1347,2026-07-24 20:00:00
21263,1901,14457,1492,1502,2026-07-24 20:00:00
21264,206,14457,1439,1429,2026-07-24 20:00:00
21265,663,14458,1385,1395,2026-07-24 20:00:00
21266,2282,14458,1316,1306,2026-07-24 20:00:00
21267,688,14460,1310,1303,2026-07-24 21:00:00
21268,450,14460,1479,1486,2026-07-24 21:00:00
21269,2423,14461,1438,1446,2026-07-24 21:00:00
21270,144,14461,1323,1315,2026-07-24 21:00:00
21271,1965,14462,1897,1884,2026-07-24 21:00:00
21272,2207,14462,1867,1880,2026-07-24 21:00:00
21273,1022,14464,1577,1586,2026-07-24 21:00:00
21274,2219,14464,1490,1481,2026-07-24 21:00:00
21275,2406,14465,1700,1708,2026-07-24 21:00:00
21276,1028,14465,1598,1590,2026-07-24 21:00:00
21277,2119,14467,1551,1559,2026-07-24 21:00:00
21278,1763,14467,1431,1423,2026-07-24 21:00:00
21279,25,14468,1671,1683,2026-07-24 21:00:00
21280,1655,14468,1677,1665,2026-07-24 21:00:00
21281,170,14469,1532,1547,2026-07-24 21:00:00
21282,1961,14469,1634,1618,2026-07-24 21:00:00
21283,632,14471,1491,1483,2026-07-24 21:00:00
21284,887,14471,1606,1614,2026-07-24 21:00:00
21285,2017,14472,1715,1722,2026-07-24 21:00:00
21286,957,14472,1573,1565,2026-07-24 21:00:00
21287,1973,14475,1971,1974,2026-07-24 21:00:00
21288,2297,14475,1645,1642,2026-07-24 21:00:00
21289,717,14479,1443,1436,2026-07-24 21:00:00
21290,186,14479,1591,1599,2026-07-24 21:00:00
21291,1654,14481,1702,1691,2026-07-24 21:00:00
21292,2123,14481,1730,1741,2026-07-24 21:00:00
21293,1871,14482,1490,1481,2026-07-24 21:00:00
21294,1959,14482,1600,1609,2026-07-24 21:00:00
21295,1526,14483,1353,1350,2026-07-24 22:00:00
21296,605,14483,1693,1696,2026-07-24 22:00:00
21297,517,14484,1398,1386,2026-07-24 22:00:00
21298,2093,14484,1398,1410,2026-07-24 22:00:00
21299,1561,14485,1539,1529,2026-07-24 22:00:00
21300,2301,14485,1591,1601,2026-07-24 22:00:00
21301,1007,14487,1206,1216,2026-07-24 22:00:00
21302,621,14487,1151,1141,2026-07-24 22:00:00
21303,1266,14488,1470,1468,2026-07-24 22:00:00
21304,1040,14488,1830,1833,2026-07-24 22:00:00
21305,2393,14489,1840,1848,2026-07-24 22:00:00
21306,2060,14489,1721,1713,2026-07-24 22:00:00
21307,1091,14491,1262,1252,2026-07-24 22:00:00
21308,1539,14491,1336,1345,2026-07-24 22:00:00
21309,2492,14492,1466,1457,2026-07-24 22:00:00
21310,771,14492,1565,1574,2026-07-24 22:00:00
21311,1906,14494,1159,1169,2026-07-24 22:00:00
21312,1151,14494,1112,1102,2026-07-24 22:00:00
21313,2293,14495,1379,1364,2026-07-24 22:00:00
21314,147,14495,1276,1291,2026-07-24 22:00:00
21315,2090,14498,1774,1775,2026-07-24 23:00:00
21316,646,14498,1329,1328,2026-07-24 23:00:00
21317,1193,14500,1703,1712,2026-07-24 23:00:00
21318,285,14500,1628,1619,2026-07-24 23:00:00
21319,136,14501,1115,1122,2026-07-24 23:00:00
21320,1036,14501,968,960,2026-07-24 23:00:00
21321,550,14502,1881,1892,2026-07-24 23:00:00
21322,630,14502,1843,1832,2026-07-24 23:00:00
21323,1688,14504,1524,1535,2026-07-24 23:00:00
21324,37,14504,1494,1483,2026-07-24 23:00:00
21325,1723,14505,1571,1559,2026-07-24 23:00:00
21326,957,14505,1565,1578,2026-07-24 23:00:00
21327,1218,14506,1138,1121,2026-07-24 23:00:00
21328,433,14506,989,1006,2026-07-24 23:00:00
21329,257,14507,1470,1484,2026-07-24 23:00:00
21330,1929,14507,1545,1531,2026-07-24 23:00:00
21331,454,14508,1451,1460,2026-07-24 23:00:00
21332,1108,14508,1373,1363,2026-07-24 23:00:00
21333,896,14509,1364,1376,2026-07-24 23:00:00
21334,2341,14509,1378,1366,2026-07-24 23:00:00
21335,25,14510,1683,1693,2026-07-24 23:00:00
21336,881,14510,1623,1613,2026-07-24 23:00:00
21337,1567,14511,1435,1428,2026-07-24 23:00:00
21338,2116,14511,1582,1589,2026-07-24 23:00:00
21339,1668,14513,1698,1689,2026-07-24 23:00:00
21340,2091,14513,1804,1813,2026-07-24 23:00:00
21341,403,14514,1660,1673,2026-07-24 23:00:00
21342,1727,14514,1671,1659,2026-07-24 23:00:00
21343,2232,14515,1615,1605,2026-07-24 23:00:00
21344,2375,14515,1655,1665,2026-07-24 23:00:00
21345,429,14516,1098,1088,2026-07-24 23:00:00
21346,1691,14516,1170,1179,2026-07-24 23:00:00
21347,1396,14517,1179,1169,2026-07-24 23:00:00
21348,9,14517,1254,1264,2026-07-24 23:00:00
21349,304,14519,1490,1477,2026-07-25 00:00:00
21350,443,14519,1452,1465,2026-07-25 00:00:00
21351,517,14520,1386,1379,2026-07-25 00:00:00
21352,2479,14520,1539,1546,2026-07-25 00:00:00
21353,285,14521,1619,1611,2026-07-25 00:00:00
21354,2382,14521,1757,1764,2026-07-25 00:00:00
21355,954,14524,1403,1393,2026-07-25 01:00:00
21356,736,14524,1461,1471,2026-07-25 01:00:00
21357,1223,14525,1669,1661,2026-07-25 01:00:00
21358,2245,14525,1810,1818,2026-07-25 01:00:00
21359,2174,14526,1718,1727,2026-07-25 01:00:00
21360,1824,14526,1632,1623,2026-07-25 01:00:00
21361,424,14527,1572,1583,2026-07-25 09:00:00
21362,432,14527,1548,1537,2026-07-25 09:00:00
21363,2136,14529,1227,1238,2026-07-25 10:00:00
21364,1006,14529,1193,1183,2026-07-25 10:00:00
21365,2396,14530,1896,1883,2026-07-25 10:00:00
21366,52,14530,1873,1886,2026-07-25 10:00:00
21367,517,14531,1379,1372,2026-07-25 11:00:00
21368,2465,14531,1518,1526,2026-07-25 11:00:00
21369,91,14532,1329,1320,2026-07-25 11:00:00
21370,276,14532,1416,1425,2026-07-25 11:00:00
21371,930,14533,1479,1490,2026-07-25 11:00:00
21372,1424,14533,1437,1426,2026-07-25 11:00:00
21373,720,14534,1497,1491,2026-07-25 11:00:00
21374,548,14534,1683,1690,2026-07-25 11:00:00
21375,578,14535,1608,1620,2026-07-25 11:00:00
21376,2064,14535,1632,1619,2026-07-25 11:00:00
21377,1792,14536,1594,1602,2026-07-25 12:00:00
21378,722,14536,1498,1490,2026-07-25 12:00:00
21379,1663,14537,1696,1679,2026-07-25 12:00:00
21380,1086,14537,1551,1568,2026-07-25 12:00:00
21381,1357,14540,1352,1362,2026-07-25 12:00:00
21382,607,14540,1301,1291,2026-07-25 12:00:00
21383,775,14541,1096,1089,2026-07-25 13:00:00
21384,772,14541,1229,1237,2026-07-25 13:00:00
21385,760,14542,1453,1463,2026-07-25 13:00:00
21386,1712,14542,1382,1373,2026-07-25 13:00:00
21387,1944,14543,1417,1411,2026-07-25 13:00:00
21388,1408,14543,1598,1604,2026-07-25 13:00:00
21389,2238,14544,1392,1404,2026-07-25 13:00:00
21390,135,14544,1401,1389,2026-07-25 13:00:00
21391,1799,14545,1041,1033,2026-07-25 13:00:00
21392,1791,14545,1142,1151,2026-07-25 13:00:00
21393,2147,14547,1436,1444,2026-07-25 14:00:00
21394,536,14547,1341,1332,2026-07-25 14:00:00
21395,342,14548,1635,1625,2026-07-25 14:00:00
21396,846,14548,1689,1700,2026-07-25 14:00:00
21397,2432,14549,1736,1744,2026-07-25 14:00:00
21398,62,14549,1606,1598,2026-07-25 14:00:00
21399,222,14552,1359,1370,2026-07-25 14:00:00
21400,1161,14552,1331,1320,2026-07-25 14:00:00
21401,443,14553,1465,1454,2026-07-25 15:00:00
21402,450,14553,1486,1497,2026-07-25 15:00:00
21403,2342,14554,1450,1442,2026-07-25 15:00:00
21404,1786,14554,1596,1603,2026-07-25 15:00:00
21405,1572,14555,1395,1410,2026-07-25 15:00:00
21406,2340,14555,1486,1471,2026-07-25 15:00:00
21407,1669,14556,1426,1438,2026-07-25 15:00:00
21408,1424,14556,1426,1414,2026-07-25 15:00:00
21409,1005,14559,1751,1760,2026-07-25 15:00:00
21410,1727,14559,1659,1650,2026-07-25 15:00:00
21411,1384,14560,1337,1332,2026-07-25 15:00:00
21412,1519,14560,1592,1596,2026-07-25 15:00:00
21413,1519,14561,1596,1604,2026-07-25 15:00:00
21414,1541,14561,1459,1451,2026-07-25 15:00:00
21415,1990,14562,1589,1575,2026-07-25 15:00:00
21416,2264,14562,1518,1532,2026-07-25 15:00:00
21417,2325,14565,1103,1091,2026-07-25 16:00:00
21418,1642,14565,1110,1122,2026-07-25 16:00:00
21419,1144,14566,2113,2123,2026-07-25 16:00:00
21420,614,14566,2061,2051,2026-07-25 16:00:00
21421,2386,14567,920,918,2026-07-25 16:00:00
21422,499,14567,1284,1286,2026-07-25 16:00:00
21423,2114,14570,1155,1143,2026-07-25 16:00:00
21424,427,14570,1160,1172,2026-07-25 16:00:00
21425,2292,14571,1467,1455,2026-07-25 17:00:00
21426,2423,14571,1446,1459,2026-07-25 17:00:00
21427,1219,14572,1469,1459,2026-07-25 17:00:00
21428,1747,14572,1524,1534,2026-07-25 17:00:00
21429,664,14573,1669,1684,2026-07-25 17:00:00
21430,1789,14573,1786,1770,2026-07-25 17:00:00
21431,1929,14574,1531,1538,2026-07-25 17:00:00
21432,837,14574,1389,1381,2026-07-25 17:00:00
21433,1369,14575,1282,1267,2026-07-25 17:00:00
21434,123,14575,1175,1191,2026-07-25 17:00:00
21435,203,14577,1487,1475,2026-07-25 17:00:00
21436,999,14577,1506,1517,2026-07-25 17:00:00
21437,1989,14578,1800,1786,2026-07-25 17:00:00
21438,554,14578,1733,1747,2026-07-25 17:00:00
21439,1938,14580,1524,1517,2026-07-25 17:00:00
21440,1668,14580,1689,1696,2026-07-25 17:00:00
21441,1938,14581,1517,1510,2026-07-25 17:00:00
21442,250,14581,1665,1672,2026-07-25 17:00:00
21443,50,14582,1358,1347,2026-07-25 17:00:00
21444,1463,14582,1392,1403,2026-07-25 17:00:00
21445,1228,14583,1122,1114,2026-07-25 18:00:00
21446,1826,14583,1257,1265,2026-07-25 18:00:00
21447,184,14584,1361,1370,2026-07-25 18:00:00
21448,1816,14584,1292,1282,2026-07-25 18:00:00
21449,1843,14585,1476,1464,2026-07-25 18:00:00
21450,271,14585,1463,1475,2026-07-25 18:00:00
21451,900,14587,1145,1139,2026-07-25 18:00:00
21452,400,14587,1332,1338,2026-07-25 18:00:00
21453,2044,14588,1540,1553,2026-07-25 18:00:00
21454,1148,14588,1576,1563,2026-07-25 18:00:00
21455,2037,14589,1582,1588,2026-07-25 18:00:00
21456,601,14589,1373,1367,2026-07-25 18:00:00
21457,2347,14590,1571,1560,2026-07-25 18:00:00
21458,1812,14590,1612,1623,2026-07-25 18:00:00
21459,1649,14592,1291,1287,2026-07-25 18:00:00
21460,1910,14592,1570,1574,2026-07-25 18:00:00
21461,1947,14595,1296,1311,2026-07-25 19:00:00
21462,803,14595,1388,1373,2026-07-25 19:00:00
21463,1098,14596,1296,1287,2026-07-25 19:00:00
21464,1002,14596,1384,1393,2026-07-25 19:00:00
21465,33,14597,1620,1631,2026-07-25 19:00:00
21466,1786,14597,1603,1592,2026-07-25 19:00:00
21467,537,14598,1430,1443,2026-07-25 19:00:00
21468,2212,14598,1463,1450,2026-07-25 19:00:00
21469,807,14599,1197,1194,2026-07-25 19:00:00
21470,1776,14599,1516,1519,2026-07-25 19:00:00
21471,2260,14601,1447,1460,2026-07-25 19:00:00
21472,7,14601,1471,1458,2026-07-25 19:00:00
21473,2249,14603,1303,1295,2026-07-25 19:00:00
21474,602,14603,1401,1409,2026-07-25 19:00:00
21475,2231,14604,1538,1546,2026-07-25 19:00:00
21476,2206,14604,1404,1396,2026-07-25 19:00:00
21477,1958,14605,1811,1797,2026-07-25 19:00:00
21478,169,14605,1750,1764,2026-07-25 19:00:00
21479,1176,14606,1614,1602,2026-07-25 19:00:00
21480,887,14606,1614,1626,2026-07-25 19:00:00
21481,1928,14608,1399,1402,2026-07-25 19:00:00
21482,2433,14608,1080,1076,2026-07-25 19:00:00
21483,585,14610,1550,1561,2026-07-25 19:00:00
21484,758,14610,1537,1525,2026-07-25 19:00:00
21485,809,14611,1418,1427,2026-07-25 19:00:00
21486,1706,14611,1340,1331,2026-07-25 19:00:00
21487,1829,14614,1434,1446,2026-07-25 20:00:00
21488,4,14614,1453,1440,2026-07-25 20:00:00
21489,2142,14616,1753,1755,2026-07-25 20:00:00
21490,803,14616,1373,1370,2026-07-25 20:00:00
21491,2361,14617,1894,1904,2026-07-25 20:00:00
21492,959,14617,1850,1840,2026-07-25 20:00:00
21493,1547,14622,1307,1295,2026-07-25 20:00:00
21494,122,14622,1295,1308,2026-07-25 20:00:00
21495,154,14623,1282,1296,2026-07-25 20:00:00
21496,419,14623,1340,1326,2026-07-25 20:00:00
21497,1259,14624,1528,1536,2026-07-25 20:00:00
21498,1248,14624,1419,1411,2026-07-25 20:00:00
21499,946,14625,1549,1541,2026-07-25 20:00:00
21500,2375,14625,1665,1673,2026-07-25 20:00:00
21501,1608,14626,1307,1293,2026-07-25 20:00:00
21502,1697,14626,1251,1265,2026-07-25 20:00:00
21503,410,14628,1814,1800,2026-07-25 20:00:00
21504,225,14628,1753,1767,2026-07-25 20:00:00
21505,283,14629,1333,1320,2026-07-25 20:00:00
21506,1390,14629,1290,1303,2026-07-25 20:00:00
21507,2217,14630,1589,1591,2026-07-25 20:00:00
21508,2499,14630,1213,1210,2026-07-25 20:00:00
21509,111,14631,1806,1792,2026-07-25 20:00:00
21510,221,14631,1750,1764,2026-07-25 20:00:00
21511,296,14632,1395,1383,2026-07-25 20:00:00
21512,372,14632,1379,1391,2026-07-25 20:00:00
21513,356,14633,1641,1630,2026-07-25 20:00:00
21514,394,14633,1657,1668,2026-07-25 20:00:00
21515,1660,14634,1513,1523,2026-07-25 20:00:00
21516,180,14634,1459,1449,2026-07-25 20:00:00
21517,304,14635,1477,1475,2026-07-25 21:00:00
21518,550,14635,1892,1894,2026-07-25 21:00:00
21519,719,14636,1715,1729,2026-07-25 21:00:00
21520,2180,14636,1781,1767,2026-07-25 21:00:00
21521,1421,14641,1907,1917,2026-07-25 21:00:00
21522,959,14641,1840,1830,2026-07-25 21:00:00
21523,1534,14642,1198,1192,2026-07-25 21:00:00
21524,737,14642,1407,1413,2026-07-25 21:00:00
21525,836,14643,1417,1407,2026-07-25 21:00:00
21526,2168,14643,1496,1505,2026-07-25 21:00:00
21527,2116,14644,1589,1602,2026-07-25 21:00:00
21528,881,14644,1613,1600,2026-07-25 21:00:00
21529,2074,14645,1625,1632,2026-07-25 21:00:00
21530,1680,14645,1476,1469,2026-07-25 21:00:00
21531,376,14646,1490,1484,2026-07-25 21:00:00
21532,250,14646,1672,1678,2026-07-25 21:00:00
21533,2052,14647,1697,1683,2026-07-25 21:00:00
21534,2385,14647,1652,1665,2026-07-25 21:00:00
21535,1690,14649,1550,1536,2026-07-25 21:00:00
21536,1647,14649,1499,1512,2026-07-25 21:00:00
21537,76,14650,1771,1764,2026-07-25 21:00:00
21538,1428,14650,1918,1926,2026-07-25 21:00:00
21539,492,14651,1659,1643,2026-07-25 21:00:00
21540,2336,14651,1542,1558,2026-07-25 21:00:00
21541,437,14652,1763,1750,2026-07-25 21:00:00
21542,364,14652,1734,1747,2026-07-25 21:00:00
21543,1753,14653,1693,1682,2026-07-25 22:00:00
21544,241,14653,1734,1745,2026-07-25 22:00:00
21545,619,14655,1649,1641,2026-07-25 22:00:00
21546,2382,14655,1764,1772,2026-07-25 22:00:00
21547,889,14659,1457,1447,2026-07-25 22:00:00
21548,2003,14659,1543,1552,2026-07-25 22:00:00
21549,1335,14660,1676,1683,2026-07-25 22:00:00
21550,1094,14660,1508,1502,2026-07-25 22:00:00
21551,1605,14661,1464,1480,2026-07-25 22:00:00
21552,496,14661,1560,1544,2026-07-25 22:00:00
21553,1511,14662,1178,1168,2026-07-25 22:00:00
21554,961,14662,1246,1256,2026-07-25 22:00:00
21555,87,14663,1197,1187,2026-07-25 22:00:00
21556,1611,14663,1251,1261,2026-07-25 22:00:00
21557,2078,14664,1623,1629,2026-07-25 22:00:00
21558,68,14664,1410,1405,2026-07-25 22:00:00
21559,1068,14666,2097,2107,2026-07-25 22:00:00
21560,983,14666,2035,2025,2026-07-25 22:00:00
21561,373,14668,1712,1718,2026-07-25 23:00:00
21562,94,14668,1498,1492,2026-07-25 23:00:00
21563,1628,14670,1793,1788,2026-07-25 23:00:00
21564,774,14670,2019,2024,2026-07-25 23:00:00
21565,2362,14671,1608,1613,2026-07-25 23:00:00
21566,1376,14671,1375,1370,2026-07-25 23:00:00
21567,1378,14672,1662,1677,2026-07-25 23:00:00
21568,225,14672,1767,1751,2026-07-25 23:00:00
21569,2171,14673,1548,1540,2026-07-25 23:00:00
21570,1899,14673,1668,1676,2026-07-25 23:00:00
21571,463,14674,1183,1177,2026-07-25 23:00:00
21572,372,14674,1391,1397,2026-07-25 23:00:00
